G21 (Programming in millimeters)
G90 (Absolute programming)
G92 X0 Y0 Z10 (Tell the machine it is at 0, 0, 10)
G00 X0 Y-0.5 Z10 (Starting position)

G01 X0.602041 Y-0.5 Z9.960784 F1000
G01 X99.581633 Y-0.5 Z9.960784 F1000
G01 X99.581633 Y-0.602041 Z9.960784 F1000
G01 X99.581633 Y-0.704082 Z9.960784 F1000
G01 X99.581633 Y-0.806122 Z9.960784 F1000
G01 X99.581633 Y-0.908163 Z9.960784 F1000
G01 X99.581633 Y-1.010204 Z9.960784 F1000
G01 X0.5 Y-1.010204 Z9.960784 F1000
G01 X0.5 Y-1.112245 Z9.960784 F1000
G01 X0.5 Y-1.214286 Z9.960784 F1000
G01 X0.5 Y-1.316327 Z9.960784 F1000
G01 X0.5 Y-1.418367 Z9.960784 F1000
G01 X0.5 Y-1.520408 Z9.960784 F1000
G01 X99.581633 Y-1.520408 Z9.960784 F1000
G01 X99.581633 Y-1.622449 Z9.960784 F1000
G01 X99.581633 Y-1.72449 Z9.960784 F1000
G01 X99.581633 Y-1.826531 Z9.960784 F1000
G01 X99.581633 Y-1.928571 Z9.960784 F1000
G01 X99.581633 Y-2.030612 Z9.960784 F1000
G01 X0.5 Y-2.030612 Z9.960784 F1000
G01 X0.5 Y-2.132653 Z9.960784 F1000
G01 X0.5 Y-2.234694 Z9.960784 F1000
G01 X0.5 Y-2.336735 Z9.960784 F1000
G01 X0.5 Y-2.438776 Z9.960784 F1000
G01 X0.5 Y-2.540816 Z9.960784 F1000
G01 X99.581633 Y-2.540816 Z9.960784 F1000
G01 X99.581633 Y-2.642857 Z9.960784 F1000
G01 X99.581633 Y-2.744898 Z9.960784 F1000
G01 X99.581633 Y-2.846939 Z9.960784 F1000
G01 X99.581633 Y-2.94898 Z9.960784 F1000
G01 X99.581633 Y-3.05102 Z9.960784 F1000
G01 X0.5 Y-3.05102 Z9.960784 F1000
G01 X0.5 Y-3.153061 Z9.960784 F1000
G01 X0.5 Y-3.255102 Z9.960784 F1000
G01 X0.5 Y-3.357143 Z9.960784 F1000
G01 X0.5 Y-3.459184 Z9.960784 F1000
G01 X0.5 Y-3.561224 Z9.960784 F1000
G01 X99.581633 Y-3.561224 Z9.960784 F1000
G01 X99.581633 Y-3.663265 Z9.960784 F1000
G01 X99.581633 Y-3.765306 Z9.960784 F1000
G01 X99.581633 Y-3.867347 Z9.960784 F1000
G01 X99.581633 Y-3.969388 Z9.960784 F1000
G01 X99.581633 Y-4.071429 Z9.960784 F1000
G01 X0.5 Y-4.071429 Z9.960784 F1000
G01 X0.5 Y-4.173469 Z9.960784 F1000
G01 X0.5 Y-4.27551 Z9.960784 F1000
G01 X0.5 Y-4.377551 Z9.960784 F1000
G01 X0.5 Y-4.479592 Z9.960784 F1000
G01 X0.5 Y-4.581633 Z9.960784 F1000
G01 X99.581633 Y-4.581633 Z9.960784 F1000
G01 X99.581633 Y-4.683673 Z9.960784 F1000
G01 X99.581633 Y-4.785714 Z9.960784 F1000
G01 X99.581633 Y-4.887755 Z9.960784 F1000
G01 X99.581633 Y-4.989796 Z9.960784 F1000
G01 X99.581633 Y-5.091837 Z9.960784 F1000
G01 X0.5 Y-5.091837 Z9.960784 F1000
G01 X0.5 Y-5.193878 Z9.960784 F1000
G01 X0.5 Y-5.295918 Z9.960784 F1000
G01 X0.5 Y-5.397959 Z9.960784 F1000
G01 X0.5 Y-5.5 Z9.960784 F1000
G01 X0.5 Y-5.602041 Z9.960784 F1000
G01 X99.581633 Y-5.602041 Z9.960784 F1000
G01 X99.581633 Y-5.704082 Z9.960784 F1000
G01 X99.581633 Y-5.806122 Z9.960784 F1000
G01 X99.581633 Y-5.908163 Z9.960784 F1000
G01 X99.581633 Y-6.010204 Z9.960784 F1000
G01 X99.581633 Y-6.112245 Z9.960784 F1000
G01 X0.5 Y-6.112245 Z9.960784 F1000
G01 X0.5 Y-6.214286 Z9.960784 F1000
G01 X0.5 Y-6.316327 Z9.960784 F1000
G01 X0.5 Y-6.418367 Z9.960784 F1000
G01 X0.5 Y-6.520408 Z9.960784 F1000
G01 X0.5 Y-6.622449 Z9.960784 F1000
G01 X99.581633 Y-6.622449 Z9.960784 F1000
G01 X99.581633 Y-6.72449 Z9.960784 F1000
G01 X99.581633 Y-6.826531 Z9.960784 F1000
G01 X99.581633 Y-6.928571 Z9.960784 F1000
G01 X99.581633 Y-7.030612 Z9.960784 F1000
G01 X99.581633 Y-7.132653 Z9.960784 F1000
G01 X0.5 Y-7.132653 Z9.960784 F1000
G01 X0.5 Y-7.234694 Z9.960784 F1000
G01 X0.5 Y-7.336735 Z9.960784 F1000
G01 X0.5 Y-7.438776 Z9.960784 F1000
G01 X0.5 Y-7.540816 Z9.960784 F1000
G01 X0.5 Y-7.642857 Z9.960784 F1000
G01 X99.581633 Y-7.642857 Z9.960784 F1000
G01 X99.581633 Y-7.744898 Z9.960784 F1000
G01 X99.581633 Y-7.846939 Z9.960784 F1000
G01 X99.581633 Y-7.94898 Z9.960784 F1000
G01 X99.581633 Y-8.05102 Z9.960784 F1000
G01 X99.581633 Y-8.153061 Z9.960784 F1000
G01 X0.5 Y-8.153061 Z9.960784 F1000
G01 X0.5 Y-8.255102 Z9.960784 F1000
G01 X0.5 Y-8.357143 Z9.960784 F1000
G01 X0.5 Y-8.459184 Z9.960784 F1000
G01 X0.5 Y-8.561224 Z9.960784 F1000
G01 X0.5 Y-8.663265 Z9.960784 F1000
G01 X99.581633 Y-8.663265 Z9.960784 F1000
G01 X99.581633 Y-8.765306 Z9.960784 F1000
G01 X99.581633 Y-8.867347 Z9.960784 F1000
G01 X99.581633 Y-8.969388 Z9.960784 F1000
G01 X99.581633 Y-9.071429 Z9.960784 F1000
G01 X99.581633 Y-9.173469 Z9.960784 F1000
G01 X0.5 Y-9.173469 Z9.960784 F1000
G01 X0.5 Y-9.27551 Z9.960784 F1000
G01 X0.5 Y-9.377551 Z9.960784 F1000
G01 X0.5 Y-9.479592 Z9.960784 F1000
G01 X0.5 Y-9.581633 Z9.960784 F1000
G01 X0.5 Y-9.683673 Z9.960784 F1000
G01 X44.683673 Y-9.683673 Z9.960784 F1000
G01 X44.785714 Y-9.683673 Z10 F1000
G01 X54.581633 Y-9.683673 Z10 F1000
G01 X54.683673 Y-9.683673 Z9.960784 F1000
G01 X99.581633 Y-9.683673 Z9.960784 F1000
G01 X99.581633 Y-9.785714 Z9.960784 F1000
G01 X99.581633 Y-9.887755 Z9.960784 F1000
G01 X99.581633 Y-9.989796 Z9.960784 F1000
G01 X99.581633 Y-10.091837 Z9.960784 F1000
G01 X99.581633 Y-10.193878 Z9.960784 F1000
G01 X56.622449 Y-10.193878 Z9.960784 F1000
G01 X56.520408 Y-10.193878 Z10 F1000
G01 X43.969388 Y-10.193878 Z10 F1000
G01 X43.867347 Y-10.193878 Z9.960784 F1000
G01 X0.5 Y-10.193878 Z9.960784 F1000
G01 X0.5 Y-10.295918 Z9.960784 F1000
G01 X0.5 Y-10.397959 Z9.960784 F1000
G01 X0.5 Y-10.5 Z9.960784 F1000
G01 X0.5 Y-10.602041 Z9.960784 F1000
G01 X0.5 Y-10.704082 Z9.960784 F1000
G01 X43.561224 Y-10.704082 Z9.960784 F1000
G01 X43.663265 Y-10.704082 Z10 F1000
G01 X47.234694 Y-10.704082 Z10 F1000
G01 X47.336735 Y-10.704082 Z9.843137 F1000
G01 X47.438776 Y-10.704082 Z9.764706 F1000
G01 X47.540816 Y-10.704082 Z9.686275 F1000
G01 X47.642857 Y-10.704082 Z9.607843 F1000
G01 X47.744898 Y-10.704082 Z9.529412 F1000
G01 X47.846939 Y-10.704082 Z8.705882 F1000
G01 X47.94898 Y-10.704082 Z8.078431 F1000
G01 X48.05102 Y-10.704082 Z7.137255 F1000
G01 X48.153061 Y-10.704082 Z6.117647 F1000
G01 X48.255102 Y-10.704082 Z5.137255 F1000
G01 X48.357143 Y-10.704082 Z4.078431 F1000
G01 X48.459184 Y-10.704082 Z3.098039 F1000
G01 X48.561224 Y-10.704082 Z2.470588 F1000
G01 X48.663265 Y-10.704082 Z2 F1000
G01 X48.765306 Y-10.704082 Z1.843137 F1000
G01 X48.867347 Y-10.704082 Z1.607843 F1000
G01 X48.969388 Y-10.704082 Z1.529412 F1000
G01 X49.581633 Y-10.704082 Z1.529412 F1000
G01 X49.683673 Y-10.704082 Z1.490196 F1000
G01 X50.091837 Y-10.704082 Z1.490196 F1000
G01 X50.193878 Y-10.704082 Z1.568627 F1000
G01 X51.010204 Y-10.704082 Z1.568627 F1000
G01 X51.112245 Y-10.704082 Z1.647059 F1000
G01 X51.214286 Y-10.704082 Z1.960784 F1000
G01 X51.316327 Y-10.704082 Z2.27451 F1000
G01 X51.418367 Y-10.704082 Z2.745098 F1000
G01 X51.520408 Y-10.704082 Z3.490196 F1000
G01 X51.622449 Y-10.704082 Z4.392157 F1000
G01 X51.72449 Y-10.704082 Z5.058824 F1000
G01 X51.826531 Y-10.704082 Z6.039216 F1000
G01 X51.928571 Y-10.704082 Z6.901961 F1000
G01 X52.030612 Y-10.704082 Z8.156863 F1000
G01 X52.132653 Y-10.704082 Z9.215686 F1000
G01 X52.234694 Y-10.704082 Z9.803922 F1000
G01 X52.336735 Y-10.704082 Z10 F1000
G01 X56.72449 Y-10.704082 Z10 F1000
G01 X56.826531 Y-10.704082 Z9.960784 F1000
G01 X99.581633 Y-10.704082 Z9.960784 F1000
G01 X99.581633 Y-10.806122 Z9.960784 F1000
G01 X99.581633 Y-10.908163 Z9.960784 F1000
G01 X99.581633 Y-11.010204 Z9.960784 F1000
G01 X99.581633 Y-11.112245 Z9.960784 F1000
G01 X99.581633 Y-11.214286 Z9.960784 F1000
G01 X58.459184 Y-11.214286 Z9.960784 F1000
G01 X58.357143 Y-11.214286 Z10 F1000
G01 X54.27551 Y-11.214286 Z10 F1000
G01 X54.173469 Y-11.214286 Z9.72549 F1000
G01 X54.071429 Y-11.214286 Z9.176471 F1000
G01 X53.969388 Y-11.214286 Z7.764706 F1000
G01 X53.867347 Y-11.214286 Z5.607843 F1000
G01 X53.765306 Y-11.214286 Z3.333333 F1000
G01 X53.663265 Y-11.214286 Z1.843137 F1000
G01 X53.561224 Y-11.214286 Z1.647059 F1000
G01 X53.357143 Y-11.214286 Z1.647059 F1000
G01 X53.255102 Y-11.214286 Z1.490196 F1000
G01 X52.642857 Y-11.214286 Z1.490196 F1000
G01 X52.540816 Y-11.214286 Z1.333333 F1000
G01 X47.030612 Y-11.214286 Z1.333333 F1000
G01 X46.928571 Y-11.214286 Z1.568627 F1000
G01 X46.520408 Y-11.214286 Z1.568627 F1000
G01 X46.418367 Y-11.214286 Z1.607843 F1000
G01 X46.316327 Y-11.214286 Z2.27451 F1000
G01 X46.214286 Y-11.214286 Z2.823529 F1000
G01 X46.112245 Y-11.214286 Z5.058824 F1000
G01 X46.010204 Y-11.214286 Z6.901961 F1000
G01 X45.908163 Y-11.214286 Z9.098039 F1000
G01 X45.806122 Y-11.214286 Z10 F1000
G01 X42.030612 Y-11.214286 Z10 F1000
G01 X41.928571 Y-11.214286 Z9.960784 F1000
G01 X0.5 Y-11.214286 Z9.960784 F1000
G01 X0.5 Y-11.316327 Z9.960784 F1000
G01 X0.5 Y-11.418367 Z9.960784 F1000
G01 X0.5 Y-11.520408 Z9.960784 F1000
G01 X0.5 Y-11.622449 Z9.960784 F1000
G01 X0.5 Y-11.72449 Z9.960784 F1000
G01 X41.928571 Y-11.72449 Z9.960784 F1000
G01 X42.030612 Y-11.72449 Z10 F1000
G01 X44.581633 Y-11.72449 Z10 F1000
G01 X44.683673 Y-11.72449 Z9.098039 F1000
G01 X44.785714 Y-11.72449 Z7.137255 F1000
G01 X44.887755 Y-11.72449 Z4.901961 F1000
G01 X44.989796 Y-11.72449 Z2.784314 F1000
G01 X45.091837 Y-11.72449 Z1.607843 F1000
G01 X46.112245 Y-11.72449 Z1.607843 F1000
G01 X46.214286 Y-11.72449 Z1.529412 F1000
G01 X46.316327 Y-11.72449 Z1.411765 F1000
G01 X46.72449 Y-11.72449 Z1.411765 F1000
G01 X46.826531 Y-11.72449 Z1.372549 F1000
G01 X46.928571 Y-11.72449 Z1.333333 F1000
G01 X52.540816 Y-11.72449 Z1.333333 F1000
G01 X52.642857 Y-11.72449 Z1.490196 F1000
G01 X53.561224 Y-11.72449 Z1.490196 F1000
G01 X53.663265 Y-11.72449 Z1.411765 F1000
G01 X53.765306 Y-11.72449 Z1.411765 F1000
G01 X53.867347 Y-11.72449 Z1.45098 F1000
G01 X53.969388 Y-11.72449 Z1.490196 F1000
G01 X54.479592 Y-11.72449 Z1.490196 F1000
G01 X54.581633 Y-11.72449 Z1.529412 F1000
G01 X54.785714 Y-11.72449 Z1.529412 F1000
G01 X54.887755 Y-11.72449 Z1.568627 F1000
G01 X54.989796 Y-11.72449 Z1.960784 F1000
G01 X55.091837 Y-11.72449 Z5.72549 F1000
G01 X55.193878 Y-11.72449 Z7.372549 F1000
G01 X55.295918 Y-11.72449 Z9.254902 F1000
G01 X55.397959 Y-11.72449 Z10 F1000
G01 X58.357143 Y-11.72449 Z10 F1000
G01 X58.459184 Y-11.72449 Z9.960784 F1000
G01 X99.581633 Y-11.72449 Z9.960784 F1000
G01 X99.581633 Y-11.826531 Z9.960784 F1000
G01 X99.581633 Y-11.928571 Z9.960784 F1000
G01 X99.581633 Y-12.030612 Z9.960784 F1000
G01 X99.581633 Y-12.132653 Z9.960784 F1000
G01 X99.581633 Y-12.234694 Z9.960784 F1000
G01 X59.27551 Y-12.234694 Z9.960784 F1000
G01 X59.173469 Y-12.234694 Z10 F1000
G01 X56.520408 Y-12.234694 Z10 F1000
G01 X56.418367 Y-12.234694 Z9.921569 F1000
G01 X56.316327 Y-12.234694 Z9.843137 F1000
G01 X56.214286 Y-12.234694 Z9.843137 F1000
G01 X56.112245 Y-12.234694 Z8.705882 F1000
G01 X56.010204 Y-12.234694 Z5.333333 F1000
G01 X55.908163 Y-12.234694 Z2.039216 F1000
G01 X55.806122 Y-12.234694 Z1.843137 F1000
G01 X55.091837 Y-12.234694 Z1.843137 F1000
G01 X54.989796 Y-12.234694 Z1.333333 F1000
G01 X53.561224 Y-12.234694 Z1.333333 F1000
G01 X53.459184 Y-12.234694 Z1.45098 F1000
G01 X53.153061 Y-12.234694 Z1.45098 F1000
G01 X53.05102 Y-12.234694 Z1.490196 F1000
G01 X52.94898 Y-12.234694 Z1.568627 F1000
G01 X52.846939 Y-12.234694 Z1.607843 F1000
G01 X52.744898 Y-12.234694 Z1.647059 F1000
G01 X52.642857 Y-12.234694 Z1.72549 F1000
G01 X51.72449 Y-12.234694 Z1.72549 F1000
G01 X51.622449 Y-12.234694 Z1.647059 F1000
G01 X51.010204 Y-12.234694 Z1.647059 F1000
G01 X50.908163 Y-12.234694 Z1.529412 F1000
G01 X50.091837 Y-12.234694 Z1.529412 F1000
G01 X49.989796 Y-12.234694 Z1.490196 F1000
G01 X49.479592 Y-12.234694 Z1.490196 F1000
G01 X49.377551 Y-12.234694 Z1.568627 F1000
G01 X48.663265 Y-12.234694 Z1.568627 F1000
G01 X48.561224 Y-12.234694 Z1.647059 F1000
G01 X47.642857 Y-12.234694 Z1.647059 F1000
G01 X47.540816 Y-12.234694 Z1.568627 F1000
G01 X47.438776 Y-12.234694 Z1.490196 F1000
G01 X47.336735 Y-12.234694 Z1.490196 F1000
G01 X47.234694 Y-12.234694 Z1.45098 F1000
G01 X47.132653 Y-12.234694 Z1.411765 F1000
G01 X46.928571 Y-12.234694 Z1.411765 F1000
G01 X46.826531 Y-12.234694 Z1.333333 F1000
G01 X44.785714 Y-12.234694 Z1.333333 F1000
G01 X44.683673 Y-12.234694 Z1.372549 F1000
G01 X44.581633 Y-12.234694 Z1.411765 F1000
G01 X44.479592 Y-12.234694 Z1.490196 F1000
G01 X44.377551 Y-12.234694 Z1.72549 F1000
G01 X44.27551 Y-12.234694 Z1.921569 F1000
G01 X44.173469 Y-12.234694 Z1.921569 F1000
G01 X44.071429 Y-12.234694 Z1.960784 F1000
G01 X43.969388 Y-12.234694 Z4.705882 F1000
G01 X43.867347 Y-12.234694 Z7.960784 F1000
G01 X43.765306 Y-12.234694 Z10 F1000
G01 X41.214286 Y-12.234694 Z10 F1000
G01 X41.112245 Y-12.234694 Z9.960784 F1000
G01 X0.5 Y-12.234694 Z9.960784 F1000
G01 X0.5 Y-12.336735 Z9.960784 F1000
G01 X0.5 Y-12.438776 Z9.960784 F1000
G01 X0.5 Y-12.540816 Z9.960784 F1000
G01 X0.5 Y-12.642857 Z9.960784 F1000
G01 X0.5 Y-12.744898 Z9.960784 F1000
G01 X40.295918 Y-12.744898 Z9.960784 F1000
G01 X40.397959 Y-12.744898 Z10 F1000
G01 X42.846939 Y-12.744898 Z10 F1000
G01 X42.94898 Y-12.744898 Z9.882353 F1000
G01 X43.05102 Y-12.744898 Z9.686275 F1000
G01 X43.153061 Y-12.744898 Z7.490196 F1000
G01 X43.255102 Y-12.744898 Z3.764706 F1000
G01 X43.357143 Y-12.744898 Z1.647059 F1000
G01 X43.459184 Y-12.744898 Z1.647059 F1000
G01 X43.561224 Y-12.744898 Z1.529412 F1000
G01 X43.663265 Y-12.744898 Z1.490196 F1000
G01 X43.765306 Y-12.744898 Z1.333333 F1000
G01 X44.377551 Y-12.744898 Z1.333333 F1000
G01 X44.479592 Y-12.744898 Z1.686275 F1000
G01 X46.112245 Y-12.744898 Z1.686275 F1000
G01 X46.214286 Y-12.744898 Z2.313725 F1000
G01 X46.316327 Y-12.744898 Z4.27451 F1000
G01 X46.418367 Y-12.744898 Z6.235294 F1000
G01 X46.520408 Y-12.744898 Z7.843137 F1000
G01 X46.622449 Y-12.744898 Z9.019608 F1000
G01 X46.72449 Y-12.744898 Z9.882353 F1000
G01 X46.826531 Y-12.744898 Z10 F1000
G01 X52.030612 Y-12.744898 Z10 F1000
G01 X52.132653 Y-12.744898 Z9.921569 F1000
G01 X52.744898 Y-12.744898 Z9.921569 F1000
G01 X52.846939 Y-12.744898 Z9.843137 F1000
G01 X53.05102 Y-12.744898 Z9.843137 F1000
G01 X53.153061 Y-12.744898 Z9.764706 F1000
G01 X53.255102 Y-12.744898 Z9.333333 F1000
G01 X53.357143 Y-12.744898 Z8.627451 F1000
G01 X53.459184 Y-12.744898 Z8.078431 F1000
G01 X53.561224 Y-12.744898 Z5.960784 F1000
G01 X53.663265 Y-12.744898 Z4.039216 F1000
G01 X53.765306 Y-12.744898 Z2.117647 F1000
G01 X53.867347 Y-12.744898 Z1.882353 F1000
G01 X54.27551 Y-12.744898 Z1.882353 F1000
G01 X54.377551 Y-12.744898 Z1.647059 F1000
G01 X54.581633 Y-12.744898 Z1.647059 F1000
G01 X54.683673 Y-12.744898 Z1.568627 F1000
G01 X54.887755 Y-12.744898 Z1.568627 F1000
G01 X54.989796 Y-12.744898 Z1.529412 F1000
G01 X55.091837 Y-12.744898 Z1.411765 F1000
G01 X55.193878 Y-12.744898 Z1.411765 F1000
G01 X55.295918 Y-12.744898 Z1.372549 F1000
G01 X55.397959 Y-12.744898 Z1.333333 F1000
G01 X56.622449 Y-12.744898 Z1.333333 F1000
G01 X56.72449 Y-12.744898 Z4.117647 F1000
G01 X56.826531 Y-12.744898 Z7.921569 F1000
G01 X56.928571 Y-12.744898 Z10 F1000
G01 X59.989796 Y-12.744898 Z10 F1000
G01 X60.091837 Y-12.744898 Z9.960784 F1000
G01 X99.581633 Y-12.744898 Z9.960784 F1000
G01 X99.581633 Y-12.846939 Z9.960784 F1000
G01 X99.581633 Y-12.94898 Z9.960784 F1000
G01 X99.581633 Y-13.05102 Z9.960784 F1000
G01 X99.581633 Y-13.153061 Z9.960784 F1000
G01 X99.581633 Y-13.255102 Z9.960784 F1000
G01 X60.091837 Y-13.255102 Z9.960784 F1000
G01 X59.989796 Y-13.255102 Z10 F1000
G01 X57.540816 Y-13.255102 Z10 F1000
G01 X57.438776 Y-13.255102 Z7.960784 F1000
G01 X57.336735 Y-13.255102 Z4.196078 F1000
G01 X57.234694 Y-13.255102 Z1.960784 F1000
G01 X57.132653 Y-13.255102 Z1.960784 F1000
G01 X57.030612 Y-13.255102 Z1.72549 F1000
G01 X56.928571 Y-13.255102 Z1.568627 F1000
G01 X56.826531 Y-13.255102 Z1.568627 F1000
G01 X56.72449 Y-13.255102 Z1.411765 F1000
G01 X56.622449 Y-13.255102 Z1.333333 F1000
G01 X55.806122 Y-13.255102 Z1.333333 F1000
G01 X55.704082 Y-13.255102 Z1.372549 F1000
G01 X55.397959 Y-13.255102 Z1.372549 F1000
G01 X55.295918 Y-13.255102 Z1.490196 F1000
G01 X55.193878 Y-13.255102 Z1.568627 F1000
G01 X55.091837 Y-13.255102 Z1.647059 F1000
G01 X54.989796 Y-13.255102 Z2.823529 F1000
G01 X54.887755 Y-13.255102 Z5.215686 F1000
G01 X54.785714 Y-13.255102 Z7.529412 F1000
G01 X54.683673 Y-13.255102 Z9.372549 F1000
G01 X54.581633 Y-13.255102 Z10 F1000
G01 X45.602041 Y-13.255102 Z10 F1000
G01 X45.5 Y-13.255102 Z9.921569 F1000
G01 X45.397959 Y-13.255102 Z9.882353 F1000
G01 X45.295918 Y-13.255102 Z9.686275 F1000
G01 X45.193878 Y-13.255102 Z7.921569 F1000
G01 X45.091837 Y-13.255102 Z5.921569 F1000
G01 X44.989796 Y-13.255102 Z3.333333 F1000
G01 X44.887755 Y-13.255102 Z1.686275 F1000
G01 X44.479592 Y-13.255102 Z1.686275 F1000
G01 X44.377551 Y-13.255102 Z1.333333 F1000
G01 X43.765306 Y-13.255102 Z1.333333 F1000
G01 X43.663265 Y-13.255102 Z1.490196 F1000
G01 X43.255102 Y-13.255102 Z1.490196 F1000
G01 X43.153061 Y-13.255102 Z1.529412 F1000
G01 X43.05102 Y-13.255102 Z1.529412 F1000
G01 X42.94898 Y-13.255102 Z1.686275 F1000
G01 X42.744898 Y-13.255102 Z1.686275 F1000
G01 X42.642857 Y-13.255102 Z3.607843 F1000
G01 X42.540816 Y-13.255102 Z7.490196 F1000
G01 X42.438776 Y-13.255102 Z9.803922 F1000
G01 X42.336735 Y-13.255102 Z10 F1000
G01 X40.397959 Y-13.255102 Z10 F1000
G01 X40.295918 Y-13.255102 Z9.960784 F1000
G01 X0.5 Y-13.255102 Z9.960784 F1000
G01 X0.5 Y-13.357143 Z9.960784 F1000
G01 X0.5 Y-13.459184 Z9.960784 F1000
G01 X0.5 Y-13.561224 Z9.960784 F1000
G01 X0.5 Y-13.663265 Z9.960784 F1000
G01 X0.5 Y-13.765306 Z9.960784 F1000
G01 X39.479592 Y-13.765306 Z9.960784 F1000
G01 X39.581633 Y-13.765306 Z10 F1000
G01 X41.826531 Y-13.765306 Z10 F1000
G01 X41.928571 Y-13.765306 Z9.764706 F1000
G01 X42.030612 Y-13.765306 Z6.823529 F1000
G01 X42.132653 Y-13.765306 Z2.470588 F1000
G01 X42.234694 Y-13.765306 Z1.607843 F1000
G01 X42.846939 Y-13.765306 Z1.607843 F1000
G01 X42.94898 Y-13.765306 Z1.333333 F1000
G01 X43.561224 Y-13.765306 Z1.333333 F1000
G01 X43.663265 Y-13.765306 Z1.568627 F1000
G01 X43.765306 Y-13.765306 Z1.607843 F1000
G01 X43.867347 Y-13.765306 Z1.647059 F1000
G01 X43.969388 Y-13.765306 Z1.882353 F1000
G01 X44.071429 Y-13.765306 Z1.882353 F1000
G01 X44.173469 Y-13.765306 Z3.921569 F1000
G01 X44.27551 Y-13.765306 Z7.411765 F1000
G01 X44.377551 Y-13.765306 Z9.843137 F1000
G01 X44.479592 Y-13.765306 Z10 F1000
G01 X48.561224 Y-13.765306 Z10 F1000
G01 X48.663265 Y-13.765306 Z9.960784 F1000
G01 X50.908163 Y-13.765306 Z9.960784 F1000
G01 X51.010204 Y-13.765306 Z10 F1000
G01 X55.5 Y-13.765306 Z10 F1000
G01 X55.602041 Y-13.765306 Z9.45098 F1000
G01 X55.704082 Y-13.765306 Z7.137255 F1000
G01 X55.806122 Y-13.765306 Z3.490196 F1000
G01 X55.908163 Y-13.765306 Z1.921569 F1000
G01 X56.010204 Y-13.765306 Z1.72549 F1000
G01 X56.112245 Y-13.765306 Z1.686275 F1000
G01 X56.214286 Y-13.765306 Z1.686275 F1000
G01 X56.316327 Y-13.765306 Z1.607843 F1000
G01 X56.72449 Y-13.765306 Z1.607843 F1000
G01 X56.826531 Y-13.765306 Z1.333333 F1000
G01 X57.438776 Y-13.765306 Z1.333333 F1000
G01 X57.540816 Y-13.765306 Z1.647059 F1000
G01 X57.642857 Y-13.765306 Z1.882353 F1000
G01 X57.744898 Y-13.765306 Z1.882353 F1000
G01 X57.846939 Y-13.765306 Z3.45098 F1000
G01 X57.94898 Y-13.765306 Z7.647059 F1000
G01 X58.05102 Y-13.765306 Z9.960784 F1000
G01 X58.153061 Y-13.765306 Z10 F1000
G01 X59.989796 Y-13.765306 Z10 F1000
G01 X60.091837 Y-13.765306 Z9.960784 F1000
G01 X99.581633 Y-13.765306 Z9.960784 F1000
G01 X99.581633 Y-13.867347 Z9.960784 F1000
G01 X99.581633 Y-13.969388 Z9.960784 F1000
G01 X99.581633 Y-14.071429 Z9.960784 F1000
G01 X99.581633 Y-14.173469 Z9.960784 F1000
G01 X99.581633 Y-14.27551 Z9.960784 F1000
G01 X60.704082 Y-14.27551 Z9.960784 F1000
G01 X60.602041 Y-14.27551 Z10 F1000
G01 X58.561224 Y-14.27551 Z10 F1000
G01 X58.459184 Y-14.27551 Z8.980392 F1000
G01 X58.357143 Y-14.27551 Z5.960784 F1000
G01 X58.255102 Y-14.27551 Z1.72549 F1000
G01 X57.846939 Y-14.27551 Z1.72549 F1000
G01 X57.744898 Y-14.27551 Z1.372549 F1000
G01 X57.642857 Y-14.27551 Z1.333333 F1000
G01 X57.540816 Y-14.27551 Z1.411765 F1000
G01 X57.336735 Y-14.27551 Z1.411765 F1000
G01 X57.234694 Y-14.27551 Z1.686275 F1000
G01 X56.826531 Y-14.27551 Z1.686275 F1000
G01 X56.72449 Y-14.27551 Z1.72549 F1000
G01 X56.622449 Y-14.27551 Z1.72549 F1000
G01 X56.520408 Y-14.27551 Z1.764706 F1000
G01 X56.418367 Y-14.27551 Z5.019608 F1000
G01 X56.316327 Y-14.27551 Z8.431373 F1000
G01 X56.214286 Y-14.27551 Z9.960784 F1000
G01 X56.112245 Y-14.27551 Z10 F1000
G01 X51.010204 Y-14.27551 Z10 F1000
G01 X50.908163 Y-14.27551 Z9.960784 F1000
G01 X48.255102 Y-14.27551 Z9.960784 F1000
G01 X48.153061 Y-14.27551 Z10 F1000
G01 X46.928571 Y-14.27551 Z10 F1000
G01 X46.826531 Y-14.27551 Z9.960784 F1000
G01 X46.520408 Y-14.27551 Z9.960784 F1000
G01 X46.418367 Y-14.27551 Z10 F1000
G01 X43.867347 Y-14.27551 Z10 F1000
G01 X43.765306 Y-14.27551 Z9.607843 F1000
G01 X43.663265 Y-14.27551 Z9.568627 F1000
G01 X43.561224 Y-14.27551 Z5.607843 F1000
G01 X43.459184 Y-14.27551 Z1.843137 F1000
G01 X43.255102 Y-14.27551 Z1.843137 F1000
G01 X43.153061 Y-14.27551 Z1.803922 F1000
G01 X42.94898 Y-14.27551 Z1.803922 F1000
G01 X42.846939 Y-14.27551 Z1.607843 F1000
G01 X42.030612 Y-14.27551 Z1.607843 F1000
G01 X41.928571 Y-14.27551 Z1.686275 F1000
G01 X41.826531 Y-14.27551 Z1.72549 F1000
G01 X41.72449 Y-14.27551 Z1.72549 F1000
G01 X41.622449 Y-14.27551 Z4.941176 F1000
G01 X41.520408 Y-14.27551 Z8.941176 F1000
G01 X41.418367 Y-14.27551 Z10 F1000
G01 X38.969388 Y-14.27551 Z10 F1000
G01 X38.867347 Y-14.27551 Z9.960784 F1000
G01 X0.5 Y-14.27551 Z9.960784 F1000
G01 X0.5 Y-14.377551 Z9.960784 F1000
G01 X0.5 Y-14.479592 Z9.960784 F1000
G01 X0.5 Y-14.581633 Z9.960784 F1000
G01 X0.5 Y-14.683673 Z9.960784 F1000
G01 X0.5 Y-14.785714 Z9.960784 F1000
G01 X38.663265 Y-14.785714 Z9.960784 F1000
G01 X38.765306 Y-14.785714 Z10 F1000
G01 X41.010204 Y-14.785714 Z10 F1000
G01 X41.112245 Y-14.785714 Z8.54902 F1000
G01 X41.214286 Y-14.785714 Z5.176471 F1000
G01 X41.316327 Y-14.785714 Z1.647059 F1000
G01 X41.418367 Y-14.785714 Z1.647059 F1000
G01 X41.520408 Y-14.785714 Z1.607843 F1000
G01 X41.622449 Y-14.785714 Z1.568627 F1000
G01 X41.72449 Y-14.785714 Z1.568627 F1000
G01 X41.826531 Y-14.785714 Z1.490196 F1000
G01 X41.928571 Y-14.785714 Z1.490196 F1000
G01 X42.030612 Y-14.785714 Z1.411765 F1000
G01 X42.132653 Y-14.785714 Z1.333333 F1000
G01 X42.744898 Y-14.785714 Z1.333333 F1000
G01 X42.846939 Y-14.785714 Z1.843137 F1000
G01 X42.94898 Y-14.785714 Z2.078431 F1000
G01 X43.05102 Y-14.785714 Z5.843137 F1000
G01 X43.153061 Y-14.785714 Z9.686275 F1000
G01 X43.255102 Y-14.785714 Z10 F1000
G01 X46.112245 Y-14.785714 Z10 F1000
G01 X46.214286 Y-14.785714 Z9.960784 F1000
G01 X53.357143 Y-14.785714 Z9.960784 F1000
G01 X53.459184 Y-14.785714 Z10 F1000
G01 X56.520408 Y-14.785714 Z10 F1000
G01 X56.622449 Y-14.785714 Z9.921569 F1000
G01 X56.72449 Y-14.785714 Z9.921569 F1000
G01 X56.826531 Y-14.785714 Z9.333333 F1000
G01 X56.928571 Y-14.785714 Z5.215686 F1000
G01 X57.030612 Y-14.785714 Z1.72549 F1000
G01 X57.132653 Y-14.785714 Z1.686275 F1000
G01 X57.234694 Y-14.785714 Z1.686275 F1000
G01 X57.336735 Y-14.785714 Z1.607843 F1000
G01 X57.438776 Y-14.785714 Z1.607843 F1000
G01 X57.540816 Y-14.785714 Z1.45098 F1000
G01 X57.642857 Y-14.785714 Z1.333333 F1000
G01 X58.255102 Y-14.785714 Z1.333333 F1000
G01 X58.357143 Y-14.785714 Z1.647059 F1000
G01 X58.459184 Y-14.785714 Z1.72549 F1000
G01 X58.663265 Y-14.785714 Z1.72549 F1000
G01 X58.765306 Y-14.785714 Z5.607843 F1000
G01 X58.867347 Y-14.785714 Z9.72549 F1000
G01 X58.969388 Y-14.785714 Z10 F1000
G01 X60.806122 Y-14.785714 Z10 F1000
G01 X60.908163 Y-14.785714 Z9.960784 F1000
G01 X99.581633 Y-14.785714 Z9.960784 F1000
G01 X99.581633 Y-14.887755 Z9.960784 F1000
G01 X99.581633 Y-14.989796 Z9.960784 F1000
G01 X99.581633 Y-15.091837 Z9.960784 F1000
G01 X99.581633 Y-15.193878 Z9.960784 F1000
G01 X99.581633 Y-15.295918 Z9.960784 F1000
G01 X61.72449 Y-15.295918 Z9.960784 F1000
G01 X61.622449 Y-15.295918 Z10 F1000
G01 X59.27551 Y-15.295918 Z10 F1000
G01 X59.173469 Y-15.295918 Z8.196078 F1000
G01 X59.071429 Y-15.295918 Z3.411765 F1000
G01 X58.969388 Y-15.295918 Z1.764706 F1000
G01 X58.867347 Y-15.295918 Z1.764706 F1000
G01 X58.765306 Y-15.295918 Z1.72549 F1000
G01 X58.663265 Y-15.295918 Z1.72549 F1000
G01 X58.561224 Y-15.295918 Z1.647059 F1000
G01 X58.357143 Y-15.295918 Z1.647059 F1000
G01 X58.255102 Y-15.295918 Z1.372549 F1000
G01 X58.153061 Y-15.295918 Z1.411765 F1000
G01 X58.05102 Y-15.295918 Z1.607843 F1000
G01 X57.642857 Y-15.295918 Z1.607843 F1000
G01 X57.540816 Y-15.295918 Z1.686275 F1000
G01 X57.438776 Y-15.295918 Z2.117647 F1000
G01 X57.336735 Y-15.295918 Z7.176471 F1000
G01 X57.234694 Y-15.295918 Z10 F1000
G01 X55.091837 Y-15.295918 Z10 F1000
G01 X54.989796 Y-15.295918 Z9.960784 F1000
G01 X45.397959 Y-15.295918 Z9.960784 F1000
G01 X45.295918 Y-15.295918 Z10 F1000
G01 X42.744898 Y-15.295918 Z10 F1000
G01 X42.642857 Y-15.295918 Z7.72549 F1000
G01 X42.540816 Y-15.295918 Z2.941176 F1000
G01 X42.438776 Y-15.295918 Z1.607843 F1000
G01 X42.132653 Y-15.295918 Z1.607843 F1000
G01 X42.030612 Y-15.295918 Z1.333333 F1000
G01 X41.316327 Y-15.295918 Z1.333333 F1000
G01 X41.214286 Y-15.295918 Z1.411765 F1000
G01 X41.112245 Y-15.295918 Z1.568627 F1000
G01 X41.010204 Y-15.295918 Z1.803922 F1000
G01 X40.908163 Y-15.295918 Z2.666667 F1000
G01 X40.806122 Y-15.295918 Z7.372549 F1000
G01 X40.704082 Y-15.295918 Z10 F1000
G01 X38.765306 Y-15.295918 Z10 F1000
G01 X38.663265 Y-15.295918 Z9.960784 F1000
G01 X0.5 Y-15.295918 Z9.960784 F1000
G01 X0.5 Y-15.397959 Z9.960784 F1000
G01 X0.5 Y-15.5 Z9.960784 F1000
G01 X0.5 Y-15.602041 Z9.960784 F1000
G01 X0.5 Y-15.704082 Z9.960784 F1000
G01 X0.5 Y-15.806122 Z9.960784 F1000
G01 X38.663265 Y-15.806122 Z9.960784 F1000
G01 X38.765306 Y-15.806122 Z10 F1000
G01 X40.295918 Y-15.806122 Z10 F1000
G01 X40.397959 Y-15.806122 Z9.72549 F1000
G01 X40.5 Y-15.806122 Z7.098039 F1000
G01 X40.602041 Y-15.806122 Z2.156863 F1000
G01 X40.704082 Y-15.806122 Z1.607843 F1000
G01 X40.806122 Y-15.806122 Z1.607843 F1000
G01 X40.908163 Y-15.806122 Z1.568627 F1000
G01 X41.112245 Y-15.806122 Z1.568627 F1000
G01 X41.214286 Y-15.806122 Z1.333333 F1000
G01 X41.928571 Y-15.806122 Z1.333333 F1000
G01 X42.030612 Y-15.806122 Z1.529412 F1000
G01 X42.132653 Y-15.806122 Z1.607843 F1000
G01 X42.234694 Y-15.806122 Z6 F1000
G01 X42.336735 Y-15.806122 Z9.882353 F1000
G01 X42.438776 Y-15.806122 Z10 F1000
G01 X44.785714 Y-15.806122 Z10 F1000
G01 X44.887755 Y-15.806122 Z9.960784 F1000
G01 X54.989796 Y-15.806122 Z9.960784 F1000
G01 X55.091837 Y-15.806122 Z10 F1000
G01 X57.438776 Y-15.806122 Z10 F1000
G01 X57.540816 Y-15.806122 Z9.882353 F1000
G01 X57.642857 Y-15.806122 Z9.568627 F1000
G01 X57.744898 Y-15.806122 Z4.54902 F1000
G01 X57.846939 Y-15.806122 Z1.647059 F1000
G01 X57.94898 Y-15.806122 Z1.647059 F1000
G01 X58.05102 Y-15.806122 Z1.607843 F1000
G01 X58.153061 Y-15.806122 Z1.529412 F1000
G01 X58.255102 Y-15.806122 Z1.529412 F1000
G01 X58.357143 Y-15.806122 Z1.411765 F1000
G01 X58.459184 Y-15.806122 Z1.568627 F1000
G01 X59.173469 Y-15.806122 Z1.568627 F1000
G01 X59.27551 Y-15.806122 Z1.607843 F1000
G01 X59.377551 Y-15.806122 Z3.058824 F1000
G01 X59.479592 Y-15.806122 Z7.607843 F1000
G01 X59.581633 Y-15.806122 Z9.960784 F1000
G01 X59.683673 Y-15.806122 Z9.960784 F1000
G01 X59.785714 Y-15.806122 Z10 F1000
G01 X61.622449 Y-15.806122 Z10 F1000
G01 X61.72449 Y-15.806122 Z9.960784 F1000
G01 X99.581633 Y-15.806122 Z9.960784 F1000
G01 X99.581633 Y-15.908163 Z9.960784 F1000
G01 X99.581633 Y-16.010204 Z9.960784 F1000
G01 X99.581633 Y-16.112245 Z9.960784 F1000
G01 X99.581633 Y-16.214286 Z9.960784 F1000
G01 X99.581633 Y-16.316327 Z9.960784 F1000
G01 X61.72449 Y-16.316327 Z9.960784 F1000
G01 X61.622449 Y-16.316327 Z10 F1000
G01 X59.989796 Y-16.316327 Z10 F1000
G01 X59.887755 Y-16.316327 Z9.921569 F1000
G01 X59.785714 Y-16.316327 Z9.372549 F1000
G01 X59.683673 Y-16.316327 Z3.647059 F1000
G01 X59.581633 Y-16.316327 Z2.078431 F1000
G01 X59.479592 Y-16.316327 Z1.647059 F1000
G01 X59.377551 Y-16.316327 Z1.647059 F1000
G01 X59.27551 Y-16.316327 Z1.529412 F1000
G01 X59.173469 Y-16.316327 Z1.529412 F1000
G01 X59.071429 Y-16.316327 Z1.333333 F1000
G01 X58.459184 Y-16.316327 Z1.333333 F1000
G01 X58.357143 Y-16.316327 Z1.411765 F1000
G01 X58.255102 Y-16.316327 Z1.607843 F1000
G01 X58.153061 Y-16.316327 Z1.647059 F1000
G01 X58.05102 Y-16.316327 Z4.862745 F1000
G01 X57.94898 Y-16.316327 Z10 F1000
G01 X55.908163 Y-16.316327 Z10 F1000
G01 X55.806122 Y-16.316327 Z9.960784 F1000
G01 X44.581633 Y-16.316327 Z9.960784 F1000
G01 X44.479592 Y-16.316327 Z10 F1000
G01 X42.030612 Y-16.316327 Z10 F1000
G01 X41.928571 Y-16.316327 Z6.235294 F1000
G01 X41.826531 Y-16.316327 Z1.843137 F1000
G01 X41.72449 Y-16.316327 Z1.764706 F1000
G01 X41.418367 Y-16.316327 Z1.764706 F1000
G01 X41.316327 Y-16.316327 Z1.686275 F1000
G01 X41.214286 Y-16.316327 Z1.686275 F1000
G01 X41.112245 Y-16.316327 Z1.333333 F1000
G01 X40.5 Y-16.316327 Z1.333333 F1000
G01 X40.397959 Y-16.316327 Z1.686275 F1000
G01 X40.295918 Y-16.316327 Z2.941176 F1000
G01 X40.193878 Y-16.316327 Z8.54902 F1000
G01 X40.091837 Y-16.316327 Z9.960784 F1000
G01 X39.989796 Y-16.316327 Z10 F1000
G01 X38.765306 Y-16.316327 Z10 F1000
G01 X38.663265 Y-16.316327 Z9.960784 F1000
G01 X0.5 Y-16.316327 Z9.960784 F1000
G01 X0.5 Y-16.418367 Z9.960784 F1000
G01 X0.5 Y-16.520408 Z9.960784 F1000
G01 X0.5 Y-16.622449 Z9.960784 F1000
G01 X0.5 Y-16.72449 Z9.960784 F1000
G01 X0.5 Y-16.826531 Z9.960784 F1000
G01 X38.05102 Y-16.826531 Z9.960784 F1000
G01 X38.153061 Y-16.826531 Z10 F1000
G01 X39.887755 Y-16.826531 Z10 F1000
G01 X39.989796 Y-16.826531 Z5.686275 F1000
G01 X40.091837 Y-16.826531 Z1.72549 F1000
G01 X40.295918 Y-16.826531 Z1.72549 F1000
G01 X40.397959 Y-16.826531 Z1.686275 F1000
G01 X40.5 Y-16.826531 Z1.333333 F1000
G01 X41.112245 Y-16.826531 Z1.333333 F1000
G01 X41.214286 Y-16.826531 Z1.686275 F1000
G01 X41.316327 Y-16.826531 Z1.686275 F1000
G01 X41.418367 Y-16.826531 Z1.803922 F1000
G01 X41.520408 Y-16.826531 Z1.803922 F1000
G01 X41.622449 Y-16.826531 Z4.784314 F1000
G01 X41.72449 Y-16.826531 Z9.098039 F1000
G01 X41.826531 Y-16.826531 Z9.882353 F1000
G01 X41.928571 Y-16.826531 Z10 F1000
G01 X43.663265 Y-16.826531 Z10 F1000
G01 X43.765306 Y-16.826531 Z9.960784 F1000
G01 X56.622449 Y-16.826531 Z9.960784 F1000
G01 X56.72449 Y-16.826531 Z10 F1000
G01 X58.05102 Y-16.826531 Z10 F1000
G01 X58.153061 Y-16.826531 Z9.960784 F1000
G01 X58.255102 Y-16.826531 Z8.156863 F1000
G01 X58.357143 Y-16.826531 Z3.921569 F1000
G01 X58.459184 Y-16.826531 Z1.843137 F1000
G01 X59.071429 Y-16.826531 Z1.843137 F1000
G01 X59.173469 Y-16.826531 Z1.333333 F1000
G01 X59.887755 Y-16.826531 Z1.333333 F1000
G01 X59.989796 Y-16.826531 Z6.784314 F1000
G01 X60.091837 Y-16.826531 Z10 F1000
G01 X61.622449 Y-16.826531 Z10 F1000
G01 X61.72449 Y-16.826531 Z9.960784 F1000
G01 X99.581633 Y-16.826531 Z9.960784 F1000
G01 X99.581633 Y-16.928571 Z9.960784 F1000
G01 X99.581633 Y-17.030612 Z9.960784 F1000
G01 X99.581633 Y-17.132653 Z9.960784 F1000
G01 X99.581633 Y-17.234694 Z9.960784 F1000
G01 X99.581633 Y-17.336735 Z9.960784 F1000
G01 X61.72449 Y-17.336735 Z9.960784 F1000
G01 X61.622449 Y-17.336735 Z10 F1000
G01 X60.397959 Y-17.336735 Z10 F1000
G01 X60.295918 Y-17.336735 Z9.764706 F1000
G01 X60.193878 Y-17.336735 Z5.647059 F1000
G01 X60.091837 Y-17.336735 Z1.490196 F1000
G01 X59.989796 Y-17.336735 Z1.490196 F1000
G01 X59.887755 Y-17.336735 Z1.333333 F1000
G01 X59.27551 Y-17.336735 Z1.333333 F1000
G01 X59.173469 Y-17.336735 Z1.686275 F1000
G01 X59.071429 Y-17.336735 Z1.843137 F1000
G01 X58.663265 Y-17.336735 Z1.843137 F1000
G01 X58.561224 Y-17.336735 Z5.764706 F1000
G01 X58.459184 Y-17.336735 Z9.843137 F1000
G01 X58.357143 Y-17.336735 Z9.960784 F1000
G01 X58.255102 Y-17.336735 Z10 F1000
G01 X56.72449 Y-17.336735 Z10 F1000
G01 X56.622449 Y-17.336735 Z9.960784 F1000
G01 X43.765306 Y-17.336735 Z9.960784 F1000
G01 X43.663265 Y-17.336735 Z10 F1000
G01 X41.72449 Y-17.336735 Z10 F1000
G01 X41.622449 Y-17.336735 Z9.960784 F1000
G01 X41.520408 Y-17.336735 Z9.568627 F1000
G01 X41.418367 Y-17.336735 Z6.431373 F1000
G01 X41.316327 Y-17.336735 Z2.078431 F1000
G01 X41.214286 Y-17.336735 Z1.647059 F1000
G01 X41.112245 Y-17.336735 Z1.333333 F1000
G01 X40.5 Y-17.336735 Z1.333333 F1000
G01 X40.397959 Y-17.336735 Z1.607843 F1000
G01 X40.193878 Y-17.336735 Z1.607843 F1000
G01 X40.091837 Y-17.336735 Z1.647059 F1000
G01 X39.887755 Y-17.336735 Z1.647059 F1000
G01 X39.785714 Y-17.336735 Z4.745098 F1000
G01 X39.683673 Y-17.336735 Z9.215686 F1000
G01 X39.581633 Y-17.336735 Z9.960784 F1000
G01 X39.479592 Y-17.336735 Z10 F1000
G01 X37.94898 Y-17.336735 Z10 F1000
G01 X37.846939 Y-17.336735 Z9.960784 F1000
G01 X0.5 Y-17.336735 Z9.960784 F1000
G01 X0.5 Y-17.438776 Z9.960784 F1000
G01 X0.5 Y-17.540816 Z9.960784 F1000
G01 X0.5 Y-17.642857 Z9.960784 F1000
G01 X0.5 Y-17.744898 Z9.960784 F1000
G01 X0.5 Y-17.846939 Z9.960784 F1000
G01 X37.846939 Y-17.846939 Z9.960784 F1000
G01 X37.94898 Y-17.846939 Z10 F1000
G01 X39.377551 Y-17.846939 Z10 F1000
G01 X39.479592 Y-17.846939 Z9.803922 F1000
G01 X39.581633 Y-17.846939 Z4.54902 F1000
G01 X39.683673 Y-17.846939 Z1.607843 F1000
G01 X40.397959 Y-17.846939 Z1.607843 F1000
G01 X40.5 Y-17.846939 Z1.411765 F1000
G01 X40.602041 Y-17.846939 Z1.411765 F1000
G01 X40.704082 Y-17.846939 Z1.45098 F1000
G01 X40.806122 Y-17.846939 Z1.529412 F1000
G01 X41.010204 Y-17.846939 Z1.529412 F1000
G01 X41.112245 Y-17.846939 Z1.764706 F1000
G01 X41.214286 Y-17.846939 Z6.784314 F1000
G01 X41.316327 Y-17.846939 Z9.647059 F1000
G01 X41.418367 Y-17.846939 Z10 F1000
G01 X42.846939 Y-17.846939 Z10 F1000
G01 X42.94898 Y-17.846939 Z9.960784 F1000
G01 X56.622449 Y-17.846939 Z9.960784 F1000
G01 X56.72449 Y-17.846939 Z10 F1000
G01 X58.561224 Y-17.846939 Z10 F1000
G01 X58.663265 Y-17.846939 Z9.803922 F1000
G01 X58.765306 Y-17.846939 Z5.568627 F1000
G01 X58.867347 Y-17.846939 Z1.764706 F1000
G01 X59.173469 Y-17.846939 Z1.764706 F1000
G01 X59.27551 Y-17.846939 Z1.333333 F1000
G01 X59.887755 Y-17.846939 Z1.333333 F1000
G01 X59.989796 Y-17.846939 Z1.490196 F1000
G01 X60.091837 Y-17.846939 Z1.529412 F1000
G01 X60.193878 Y-17.846939 Z1.568627 F1000
G01 X60.295918 Y-17.846939 Z1.803922 F1000
G01 X60.397959 Y-17.846939 Z5.372549 F1000
G01 X60.5 Y-17.846939 Z9.686275 F1000
G01 X60.602041 Y-17.846939 Z10 F1000
G01 X62.336735 Y-17.846939 Z10 F1000
G01 X62.438776 Y-17.846939 Z9.960784 F1000
G01 X99.581633 Y-17.846939 Z9.960784 F1000
G01 X99.581633 Y-17.94898 Z9.960784 F1000
G01 X99.581633 Y-18.05102 Z9.960784 F1000
G01 X99.581633 Y-18.153061 Z9.960784 F1000
G01 X99.581633 Y-18.255102 Z9.960784 F1000
G01 X99.581633 Y-18.357143 Z9.960784 F1000
G01 X62.438776 Y-18.357143 Z9.960784 F1000
G01 X62.336735 Y-18.357143 Z10 F1000
G01 X60.806122 Y-18.357143 Z10 F1000
G01 X60.704082 Y-18.357143 Z9.882353 F1000
G01 X60.602041 Y-18.357143 Z7.529412 F1000
G01 X60.5 Y-18.357143 Z1.764706 F1000
G01 X60.397959 Y-18.357143 Z1.647059 F1000
G01 X60.193878 Y-18.357143 Z1.647059 F1000
G01 X60.091837 Y-18.357143 Z1.607843 F1000
G01 X59.989796 Y-18.357143 Z1.607843 F1000
G01 X59.887755 Y-18.357143 Z1.333333 F1000
G01 X59.27551 Y-18.357143 Z1.333333 F1000
G01 X59.173469 Y-18.357143 Z1.764706 F1000
G01 X59.071429 Y-18.357143 Z1.843137 F1000
G01 X58.969388 Y-18.357143 Z4.352941 F1000
G01 X58.867347 Y-18.357143 Z9.607843 F1000
G01 X58.765306 Y-18.357143 Z10 F1000
G01 X56.826531 Y-18.357143 Z10 F1000
G01 X56.72449 Y-18.357143 Z9.960784 F1000
G01 X42.94898 Y-18.357143 Z9.960784 F1000
G01 X42.846939 Y-18.357143 Z10 F1000
G01 X41.214286 Y-18.357143 Z10 F1000
G01 X41.112245 Y-18.357143 Z9.764706 F1000
G01 X41.010204 Y-18.357143 Z4.980392 F1000
G01 X40.908163 Y-18.357143 Z1.686275 F1000
G01 X40.602041 Y-18.357143 Z1.686275 F1000
G01 X40.5 Y-18.357143 Z1.45098 F1000
G01 X40.397959 Y-18.357143 Z1.45098 F1000
G01 X40.295918 Y-18.357143 Z1.333333 F1000
G01 X40.091837 Y-18.357143 Z1.333333 F1000
G01 X39.989796 Y-18.357143 Z1.372549 F1000
G01 X39.887755 Y-18.357143 Z1.45098 F1000
G01 X39.683673 Y-18.357143 Z1.45098 F1000
G01 X39.581633 Y-18.357143 Z1.568627 F1000
G01 X39.479592 Y-18.357143 Z1.686275 F1000
G01 X39.377551 Y-18.357143 Z6.27451 F1000
G01 X39.27551 Y-18.357143 Z10 F1000
G01 X37.94898 Y-18.357143 Z10 F1000
G01 X37.846939 Y-18.357143 Z9.960784 F1000
G01 X0.5 Y-18.357143 Z9.960784 F1000
G01 X0.5 Y-18.459184 Z9.960784 F1000
G01 X0.5 Y-18.561224 Z9.960784 F1000
G01 X0.5 Y-18.663265 Z9.960784 F1000
G01 X0.5 Y-18.765306 Z9.960784 F1000
G01 X0.5 Y-18.867347 Z9.960784 F1000
G01 X37.94898 Y-18.867347 Z9.960784 F1000
G01 X38.05102 Y-18.867347 Z10 F1000
G01 X38.969388 Y-18.867347 Z10 F1000
G01 X39.071429 Y-18.867347 Z9.803922 F1000
G01 X39.173469 Y-18.867347 Z9.137255 F1000
G01 X39.27551 Y-18.867347 Z2.745098 F1000
G01 X39.377551 Y-18.867347 Z1.568627 F1000
G01 X39.479592 Y-18.867347 Z1.529412 F1000
G01 X39.581633 Y-18.867347 Z1.45098 F1000
G01 X39.683673 Y-18.867347 Z1.333333 F1000
G01 X40.295918 Y-18.867347 Z1.333333 F1000
G01 X40.397959 Y-18.867347 Z1.490196 F1000
G01 X40.5 Y-18.867347 Z1.607843 F1000
G01 X40.602041 Y-18.867347 Z1.686275 F1000
G01 X40.704082 Y-18.867347 Z1.686275 F1000
G01 X40.806122 Y-18.867347 Z2.078431 F1000
G01 X40.908163 Y-18.867347 Z8.470588 F1000
G01 X41.010204 Y-18.867347 Z10 F1000
G01 X42.846939 Y-18.867347 Z10 F1000
G01 X42.94898 Y-18.867347 Z9.960784 F1000
G01 X57.438776 Y-18.867347 Z9.960784 F1000
G01 X57.540816 Y-18.867347 Z10 F1000
G01 X58.765306 Y-18.867347 Z10 F1000
G01 X58.867347 Y-18.867347 Z9.960784 F1000
G01 X58.969388 Y-18.867347 Z9.960784 F1000
G01 X59.071429 Y-18.867347 Z6.862745 F1000
G01 X59.173469 Y-18.867347 Z1.764706 F1000
G01 X59.27551 Y-18.867347 Z1.333333 F1000
G01 X59.887755 Y-18.867347 Z1.333333 F1000
G01 X59.989796 Y-18.867347 Z1.607843 F1000
G01 X60.091837 Y-18.867347 Z1.607843 F1000
G01 X60.193878 Y-18.867347 Z1.647059 F1000
G01 X60.5 Y-18.867347 Z1.647059 F1000
G01 X60.602041 Y-18.867347 Z1.843137 F1000
G01 X60.704082 Y-18.867347 Z4 F1000
G01 X60.806122 Y-18.867347 Z9.568627 F1000
G01 X60.908163 Y-18.867347 Z10 F1000
G01 X62.438776 Y-18.867347 Z10 F1000
G01 X62.540816 Y-18.867347 Z9.960784 F1000
G01 X99.581633 Y-18.867347 Z9.960784 F1000
G01 X99.581633 Y-18.969388 Z9.960784 F1000
G01 X99.581633 Y-19.071429 Z9.960784 F1000
G01 X99.581633 Y-19.173469 Z9.960784 F1000
G01 X99.581633 Y-19.27551 Z9.960784 F1000
G01 X99.581633 Y-19.377551 Z9.960784 F1000
G01 X62.540816 Y-19.377551 Z9.960784 F1000
G01 X62.438776 Y-19.377551 Z10 F1000
G01 X61.112245 Y-19.377551 Z10 F1000
G01 X61.010204 Y-19.377551 Z9.960784 F1000
G01 X60.908163 Y-19.377551 Z7.960784 F1000
G01 X60.806122 Y-19.377551 Z2.27451 F1000
G01 X60.704082 Y-19.377551 Z1.333333 F1000
G01 X59.989796 Y-19.377551 Z1.333333 F1000
G01 X59.887755 Y-19.377551 Z1.686275 F1000
G01 X59.377551 Y-19.377551 Z1.686275 F1000
G01 X59.27551 Y-19.377551 Z2.862745 F1000
G01 X59.173469 Y-19.377551 Z8.784314 F1000
G01 X59.071429 Y-19.377551 Z10 F1000
G01 X57.540816 Y-19.377551 Z10 F1000
G01 X57.438776 Y-19.377551 Z9.960784 F1000
G01 X42.030612 Y-19.377551 Z9.960784 F1000
G01 X41.928571 Y-19.377551 Z10 F1000
G01 X40.908163 Y-19.377551 Z10 F1000
G01 X40.806122 Y-19.377551 Z9.176471 F1000
G01 X40.704082 Y-19.377551 Z3.843137 F1000
G01 X40.602041 Y-19.377551 Z1.686275 F1000
G01 X40.397959 Y-19.377551 Z1.686275 F1000
G01 X40.295918 Y-19.377551 Z1.333333 F1000
G01 X39.683673 Y-19.377551 Z1.333333 F1000
G01 X39.581633 Y-19.377551 Z1.529412 F1000
G01 X39.27551 Y-19.377551 Z1.529412 F1000
G01 X39.173469 Y-19.377551 Z1.686275 F1000
G01 X39.071429 Y-19.377551 Z6.784314 F1000
G01 X38.969388 Y-19.377551 Z10 F1000
G01 X37.132653 Y-19.377551 Z10 F1000
G01 X37.030612 Y-19.377551 Z9.960784 F1000
G01 X0.5 Y-19.377551 Z9.960784 F1000
G01 X0.5 Y-19.479592 Z9.960784 F1000
G01 X0.5 Y-19.581633 Z9.960784 F1000
G01 X0.5 Y-19.683673 Z9.960784 F1000
G01 X0.5 Y-19.785714 Z9.960784 F1000
G01 X0.5 Y-19.887755 Z9.960784 F1000
G01 X37.030612 Y-19.887755 Z9.960784 F1000
G01 X37.132653 Y-19.887755 Z10 F1000
G01 X38.765306 Y-19.887755 Z10 F1000
G01 X38.867347 Y-19.887755 Z9.686275 F1000
G01 X38.969388 Y-19.887755 Z5.098039 F1000
G01 X39.071429 Y-19.887755 Z1.607843 F1000
G01 X39.173469 Y-19.887755 Z1.529412 F1000
G01 X39.581633 Y-19.887755 Z1.529412 F1000
G01 X39.683673 Y-19.887755 Z1.333333 F1000
G01 X40.295918 Y-19.887755 Z1.333333 F1000
G01 X40.397959 Y-19.887755 Z1.686275 F1000
G01 X40.5 Y-19.887755 Z1.686275 F1000
G01 X40.602041 Y-19.887755 Z3.960784 F1000
G01 X40.704082 Y-19.887755 Z10 F1000
G01 X41.928571 Y-19.887755 Z10 F1000
G01 X42.030612 Y-19.887755 Z9.960784 F1000
G01 X57.438776 Y-19.887755 Z9.960784 F1000
G01 X57.540816 Y-19.887755 Z10 F1000
G01 X59.173469 Y-19.887755 Z10 F1000
G01 X59.27551 Y-19.887755 Z9.372549 F1000
G01 X59.377551 Y-19.887755 Z2.862745 F1000
G01 X59.479592 Y-19.887755 Z1.686275 F1000
G01 X59.887755 Y-19.887755 Z1.686275 F1000
G01 X59.989796 Y-19.887755 Z1.372549 F1000
G01 X60.091837 Y-19.887755 Z1.333333 F1000
G01 X60.704082 Y-19.887755 Z1.333333 F1000
G01 X60.806122 Y-19.887755 Z1.568627 F1000
G01 X60.908163 Y-19.887755 Z1.568627 F1000
G01 X61.010204 Y-19.887755 Z6.196078 F1000
G01 X61.112245 Y-19.887755 Z10 F1000
G01 X62.438776 Y-19.887755 Z10 F1000
G01 X62.540816 Y-19.887755 Z9.960784 F1000
G01 X99.581633 Y-19.887755 Z9.960784 F1000
G01 X99.581633 Y-19.989796 Z9.960784 F1000
G01 X99.581633 Y-20.091837 Z9.960784 F1000
G01 X99.581633 Y-20.193878 Z9.960784 F1000
G01 X99.581633 Y-20.295918 Z9.960784 F1000
G01 X99.581633 Y-20.397959 Z9.960784 F1000
G01 X62.540816 Y-20.397959 Z9.960784 F1000
G01 X62.438776 Y-20.397959 Z10 F1000
G01 X61.214286 Y-20.397959 Z10 F1000
G01 X61.112245 Y-20.397959 Z6.156863 F1000
G01 X61.010204 Y-20.397959 Z1.803922 F1000
G01 X60.908163 Y-20.397959 Z1.568627 F1000
G01 X60.806122 Y-20.397959 Z1.568627 F1000
G01 X60.704082 Y-20.397959 Z1.333333 F1000
G01 X60.091837 Y-20.397959 Z1.333333 F1000
G01 X59.989796 Y-20.397959 Z1.45098 F1000
G01 X59.887755 Y-20.397959 Z1.529412 F1000
G01 X59.581633 Y-20.397959 Z1.529412 F1000
G01 X59.479592 Y-20.397959 Z2.470588 F1000
G01 X59.377551 Y-20.397959 Z9.254902 F1000
G01 X59.27551 Y-20.397959 Z10 F1000
G01 X57.540816 Y-20.397959 Z10 F1000
G01 X57.438776 Y-20.397959 Z9.960784 F1000
G01 X42.132653 Y-20.397959 Z9.960784 F1000
G01 X42.030612 Y-20.397959 Z10 F1000
G01 X40.704082 Y-20.397959 Z10 F1000
G01 X40.602041 Y-20.397959 Z9.647059 F1000
G01 X40.5 Y-20.397959 Z3.607843 F1000
G01 X40.397959 Y-20.397959 Z1.45098 F1000
G01 X40.295918 Y-20.397959 Z1.333333 F1000
G01 X39.581633 Y-20.397959 Z1.333333 F1000
G01 X39.479592 Y-20.397959 Z1.45098 F1000
G01 X39.377551 Y-20.397959 Z1.45098 F1000
G01 X39.27551 Y-20.397959 Z1.490196 F1000
G01 X38.969388 Y-20.397959 Z1.490196 F1000
G01 X38.867347 Y-20.397959 Z4.941176 F1000
G01 X38.765306 Y-20.397959 Z9.921569 F1000
G01 X38.663265 Y-20.397959 Z10 F1000
G01 X37.132653 Y-20.397959 Z10 F1000
G01 X37.030612 Y-20.397959 Z9.960784 F1000
G01 X0.5 Y-20.397959 Z9.960784 F1000
G01 X0.5 Y-20.5 Z9.960784 F1000
G01 X0.5 Y-20.602041 Z9.960784 F1000
G01 X0.5 Y-20.704082 Z9.960784 F1000
G01 X0.5 Y-20.806122 Z9.960784 F1000
G01 X0.5 Y-20.908163 Z9.960784 F1000
G01 X37.030612 Y-20.908163 Z9.960784 F1000
G01 X37.132653 Y-20.908163 Z10 F1000
G01 X38.663265 Y-20.908163 Z10 F1000
G01 X38.765306 Y-20.908163 Z5.803922 F1000
G01 X38.867347 Y-20.908163 Z1.333333 F1000
G01 X40.295918 Y-20.908163 Z1.333333 F1000
G01 X40.397959 Y-20.908163 Z2.470588 F1000
G01 X40.5 Y-20.908163 Z8.588235 F1000
G01 X40.602041 Y-20.908163 Z10 F1000
G01 X42.030612 Y-20.908163 Z10 F1000
G01 X42.132653 Y-20.908163 Z9.960784 F1000
G01 X58.255102 Y-20.908163 Z9.960784 F1000
G01 X58.357143 Y-20.908163 Z10 F1000
G01 X59.27551 Y-20.908163 Z10 F1000
G01 X59.377551 Y-20.908163 Z9.921569 F1000
G01 X59.479592 Y-20.908163 Z7.607843 F1000
G01 X59.581633 Y-20.908163 Z1.647059 F1000
G01 X59.683673 Y-20.908163 Z1.529412 F1000
G01 X59.989796 Y-20.908163 Z1.529412 F1000
G01 X60.091837 Y-20.908163 Z1.333333 F1000
G01 X60.704082 Y-20.908163 Z1.333333 F1000
G01 X60.806122 Y-20.908163 Z1.529412 F1000
G01 X60.908163 Y-20.908163 Z1.568627 F1000
G01 X61.010204 Y-20.908163 Z1.568627 F1000
G01 X61.112245 Y-20.908163 Z1.647059 F1000
G01 X61.214286 Y-20.908163 Z6.941176 F1000
G01 X61.316327 Y-20.908163 Z10 F1000
G01 X62.438776 Y-20.908163 Z10 F1000
G01 X62.540816 Y-20.908163 Z9.960784 F1000
G01 X99.581633 Y-20.908163 Z9.960784 F1000
G01 X99.581633 Y-21.010204 Z9.960784 F1000
G01 X99.581633 Y-21.112245 Z9.960784 F1000
G01 X99.581633 Y-21.214286 Z9.960784 F1000
G01 X99.581633 Y-21.316327 Z9.960784 F1000
G01 X99.581633 Y-21.418367 Z9.960784 F1000
G01 X62.540816 Y-21.418367 Z9.960784 F1000
G01 X62.438776 Y-21.418367 Z10 F1000
G01 X61.418367 Y-21.418367 Z10 F1000
G01 X61.316327 Y-21.418367 Z8.431373 F1000
G01 X61.214286 Y-21.418367 Z2.352941 F1000
G01 X61.112245 Y-21.418367 Z1.568627 F1000
G01 X61.010204 Y-21.418367 Z1.568627 F1000
G01 X60.908163 Y-21.418367 Z1.529412 F1000
G01 X60.806122 Y-21.418367 Z1.529412 F1000
G01 X60.704082 Y-21.418367 Z1.333333 F1000
G01 X60.091837 Y-21.418367 Z1.333333 F1000
G01 X59.989796 Y-21.418367 Z1.529412 F1000
G01 X59.683673 Y-21.418367 Z1.529412 F1000
G01 X59.581633 Y-21.418367 Z5.294118 F1000
G01 X59.479592 Y-21.418367 Z9.568627 F1000
G01 X59.377551 Y-21.418367 Z10 F1000
G01 X58.357143 Y-21.418367 Z10 F1000
G01 X58.255102 Y-21.418367 Z9.960784 F1000
G01 X42.132653 Y-21.418367 Z9.960784 F1000
G01 X42.030612 Y-21.418367 Z10 F1000
G01 X40.5 Y-21.418367 Z10 F1000
G01 X40.397959 Y-21.418367 Z6.235294 F1000
G01 X40.295918 Y-21.418367 Z1.333333 F1000
G01 X38.867347 Y-21.418367 Z1.333333 F1000
G01 X38.765306 Y-21.418367 Z1.921569 F1000
G01 X38.663265 Y-21.418367 Z7.137255 F1000
G01 X38.561224 Y-21.418367 Z10 F1000
G01 X37.132653 Y-21.418367 Z10 F1000
G01 X37.030612 Y-21.418367 Z9.960784 F1000
G01 X0.5 Y-21.418367 Z9.960784 F1000
G01 X0.5 Y-21.520408 Z9.960784 F1000
G01 X0.5 Y-21.622449 Z9.960784 F1000
G01 X0.5 Y-21.72449 Z9.960784 F1000
G01 X0.5 Y-21.826531 Z9.960784 F1000
G01 X0.5 Y-21.928571 Z9.960784 F1000
G01 X21.622449 Y-21.928571 Z9.960784 F1000
G01 X21.72449 Y-21.928571 Z10 F1000
G01 X26.622449 Y-21.928571 Z10 F1000
G01 X26.72449 Y-21.928571 Z9.960784 F1000
G01 X37.030612 Y-21.928571 Z9.960784 F1000
G01 X37.132653 Y-21.928571 Z10 F1000
G01 X38.459184 Y-21.928571 Z10 F1000
G01 X38.561224 Y-21.928571 Z9.176471 F1000
G01 X38.663265 Y-21.928571 Z3.490196 F1000
G01 X38.765306 Y-21.928571 Z1.490196 F1000
G01 X38.867347 Y-21.928571 Z1.333333 F1000
G01 X39.479592 Y-21.928571 Z1.333333 F1000
G01 X39.581633 Y-21.928571 Z1.372549 F1000
G01 X39.785714 Y-21.928571 Z1.372549 F1000
G01 X39.887755 Y-21.928571 Z1.490196 F1000
G01 X39.989796 Y-21.928571 Z1.490196 F1000
G01 X40.091837 Y-21.928571 Z1.647059 F1000
G01 X40.193878 Y-21.928571 Z1.647059 F1000
G01 X40.295918 Y-21.928571 Z2.980392 F1000
G01 X40.397959 Y-21.928571 Z8.941176 F1000
G01 X40.5 Y-21.928571 Z10 F1000
G01 X42.030612 Y-21.928571 Z10 F1000
G01 X42.132653 Y-21.928571 Z9.960784 F1000
G01 X58.255102 Y-21.928571 Z9.960784 F1000
G01 X58.357143 Y-21.928571 Z10 F1000
G01 X59.479592 Y-21.928571 Z10 F1000
G01 X59.581633 Y-21.928571 Z8.235294 F1000
G01 X59.683673 Y-21.928571 Z2.313725 F1000
G01 X59.785714 Y-21.928571 Z1.490196 F1000
G01 X59.989796 Y-21.928571 Z1.490196 F1000
G01 X60.091837 Y-21.928571 Z1.333333 F1000
G01 X60.704082 Y-21.928571 Z1.333333 F1000
G01 X60.806122 Y-21.928571 Z1.411765 F1000
G01 X60.908163 Y-21.928571 Z1.45098 F1000
G01 X61.010204 Y-21.928571 Z1.490196 F1000
G01 X61.112245 Y-21.928571 Z1.490196 F1000
G01 X61.214286 Y-21.928571 Z1.607843 F1000
G01 X61.316327 Y-21.928571 Z4.588235 F1000
G01 X61.418367 Y-21.928571 Z9.411765 F1000
G01 X61.520408 Y-21.928571 Z10 F1000
G01 X62.438776 Y-21.928571 Z10 F1000
G01 X62.540816 Y-21.928571 Z9.960784 F1000
G01 X72.94898 Y-21.928571 Z9.960784 F1000
G01 X73.05102 Y-21.928571 Z10 F1000
G01 X77.846939 Y-21.928571 Z10 F1000
G01 X77.94898 Y-21.928571 Z9.960784 F1000
G01 X99.581633 Y-21.928571 Z9.960784 F1000
G01 X99.581633 Y-22.030612 Z9.960784 F1000
G01 X99.581633 Y-22.132653 Z9.960784 F1000
G01 X99.581633 Y-22.234694 Z9.960784 F1000
G01 X99.581633 Y-22.336735 Z9.960784 F1000
G01 X99.581633 Y-22.438776 Z9.960784 F1000
G01 X80.5 Y-22.438776 Z9.960784 F1000
G01 X80.397959 Y-22.438776 Z10 F1000
G01 X70.397959 Y-22.438776 Z10 F1000
G01 X70.295918 Y-22.438776 Z9.960784 F1000
G01 X62.540816 Y-22.438776 Z9.960784 F1000
G01 X62.438776 Y-22.438776 Z10 F1000
G01 X61.520408 Y-22.438776 Z10 F1000
G01 X61.418367 Y-22.438776 Z7.882353 F1000
G01 X61.316327 Y-22.438776 Z1.843137 F1000
G01 X61.214286 Y-22.438776 Z1.607843 F1000
G01 X61.112245 Y-22.438776 Z1.490196 F1000
G01 X61.010204 Y-22.438776 Z1.45098 F1000
G01 X60.908163 Y-22.438776 Z1.45098 F1000
G01 X60.806122 Y-22.438776 Z1.411765 F1000
G01 X60.704082 Y-22.438776 Z1.333333 F1000
G01 X60.091837 Y-22.438776 Z1.333333 F1000
G01 X59.989796 Y-22.438776 Z1.45098 F1000
G01 X59.785714 Y-22.438776 Z1.45098 F1000
G01 X59.683673 Y-22.438776 Z4.392157 F1000
G01 X59.581633 Y-22.438776 Z9.568627 F1000
G01 X59.479592 Y-22.438776 Z10 F1000
G01 X58.357143 Y-22.438776 Z10 F1000
G01 X58.255102 Y-22.438776 Z9.960784 F1000
G01 X42.132653 Y-22.438776 Z9.960784 F1000
G01 X42.030612 Y-22.438776 Z10 F1000
G01 X40.5 Y-22.438776 Z10 F1000
G01 X40.397959 Y-22.438776 Z9.960784 F1000
G01 X40.295918 Y-22.438776 Z5.294118 F1000
G01 X40.193878 Y-22.438776 Z1.647059 F1000
G01 X40.091837 Y-22.438776 Z1.647059 F1000
G01 X39.989796 Y-22.438776 Z1.607843 F1000
G01 X39.683673 Y-22.438776 Z1.607843 F1000
G01 X39.581633 Y-22.438776 Z1.372549 F1000
G01 X39.479592 Y-22.438776 Z1.333333 F1000
G01 X38.867347 Y-22.438776 Z1.333333 F1000
G01 X38.765306 Y-22.438776 Z1.490196 F1000
G01 X38.663265 Y-22.438776 Z1.490196 F1000
G01 X38.561224 Y-22.438776 Z6.980392 F1000
G01 X38.459184 Y-22.438776 Z9.843137 F1000
G01 X38.357143 Y-22.438776 Z9.960784 F1000
G01 X38.255102 Y-22.438776 Z10 F1000
G01 X37.132653 Y-22.438776 Z10 F1000
G01 X37.030612 Y-22.438776 Z9.960784 F1000
G01 X29.173469 Y-22.438776 Z9.960784 F1000
G01 X29.071429 Y-22.438776 Z10 F1000
G01 X19.377551 Y-22.438776 Z10 F1000
G01 X19.27551 Y-22.438776 Z9.960784 F1000
G01 X0.5 Y-22.438776 Z9.960784 F1000
G01 X0.5 Y-22.540816 Z9.960784 F1000
G01 X0.5 Y-22.642857 Z9.960784 F1000
G01 X0.5 Y-22.744898 Z9.960784 F1000
G01 X0.5 Y-22.846939 Z9.960784 F1000
G01 X0.5 Y-22.94898 Z9.960784 F1000
G01 X19.173469 Y-22.94898 Z9.960784 F1000
G01 X19.27551 Y-22.94898 Z10 F1000
G01 X29.785714 Y-22.94898 Z10 F1000
G01 X29.887755 Y-22.94898 Z9.960784 F1000
G01 X37.030612 Y-22.94898 Z9.960784 F1000
G01 X37.132653 Y-22.94898 Z10 F1000
G01 X38.255102 Y-22.94898 Z10 F1000
G01 X38.357143 Y-22.94898 Z9.960784 F1000
G01 X38.459184 Y-22.94898 Z9.294118 F1000
G01 X38.561224 Y-22.94898 Z4.156863 F1000
G01 X38.663265 Y-22.94898 Z1.333333 F1000
G01 X39.581633 Y-22.94898 Z1.333333 F1000
G01 X39.683673 Y-22.94898 Z1.607843 F1000
G01 X40.193878 Y-22.94898 Z1.607843 F1000
G01 X40.295918 Y-22.94898 Z6.509804 F1000
G01 X40.397959 Y-22.94898 Z9.960784 F1000
G01 X40.5 Y-22.94898 Z10 F1000
G01 X42.030612 Y-22.94898 Z10 F1000
G01 X42.132653 Y-22.94898 Z9.960784 F1000
G01 X58.357143 Y-22.94898 Z9.960784 F1000
G01 X58.459184 Y-22.94898 Z10 F1000
G01 X59.581633 Y-22.94898 Z10 F1000
G01 X59.683673 Y-22.94898 Z5.098039 F1000
G01 X59.785714 Y-22.94898 Z1.45098 F1000
G01 X59.989796 Y-22.94898 Z1.45098 F1000
G01 X60.091837 Y-22.94898 Z1.333333 F1000
G01 X60.806122 Y-22.94898 Z1.333333 F1000
G01 X60.908163 Y-22.94898 Z1.411765 F1000
G01 X61.010204 Y-22.94898 Z1.411765 F1000
G01 X61.112245 Y-22.94898 Z1.490196 F1000
G01 X61.214286 Y-22.94898 Z1.490196 F1000
G01 X61.316327 Y-22.94898 Z1.529412 F1000
G01 X61.418367 Y-22.94898 Z5.294118 F1000
G01 X61.520408 Y-22.94898 Z9.764706 F1000
G01 X61.622449 Y-22.94898 Z9.960784 F1000
G01 X69.683673 Y-22.94898 Z9.960784 F1000
G01 X69.785714 Y-22.94898 Z10 F1000
G01 X80.397959 Y-22.94898 Z10 F1000
G01 X80.5 Y-22.94898 Z9.960784 F1000
G01 X99.581633 Y-22.94898 Z9.960784 F1000
G01 X99.581633 Y-23.05102 Z9.960784 F1000
G01 X99.581633 Y-23.153061 Z9.960784 F1000
G01 X99.581633 Y-23.255102 Z9.960784 F1000
G01 X99.581633 Y-23.357143 Z9.960784 F1000
G01 X99.581633 Y-23.459184 Z9.960784 F1000
G01 X82.132653 Y-23.459184 Z9.960784 F1000
G01 X82.030612 Y-23.459184 Z10 F1000
G01 X77.846939 Y-23.459184 Z10 F1000
G01 X77.744898 Y-23.459184 Z9.921569 F1000
G01 X77.642857 Y-23.459184 Z9.568627 F1000
G01 X77.540816 Y-23.459184 Z9.098039 F1000
G01 X77.438776 Y-23.459184 Z8.313725 F1000
G01 X77.336735 Y-23.459184 Z7.058824 F1000
G01 X77.234694 Y-23.459184 Z5.607843 F1000
G01 X77.132653 Y-23.459184 Z4.588235 F1000
G01 X77.030612 Y-23.459184 Z2.823529 F1000
G01 X76.928571 Y-23.459184 Z2.431373 F1000
G01 X76.826531 Y-23.459184 Z1.921569 F1000
G01 X76.72449 Y-23.459184 Z1.607843 F1000
G01 X76.316327 Y-23.459184 Z1.607843 F1000
G01 X76.214286 Y-23.459184 Z1.490196 F1000
G01 X76.112245 Y-23.459184 Z1.490196 F1000
G01 X76.010204 Y-23.459184 Z1.45098 F1000
G01 X74.887755 Y-23.459184 Z1.45098 F1000
G01 X74.785714 Y-23.459184 Z1.529412 F1000
G01 X74.683673 Y-23.459184 Z1.686275 F1000
G01 X74.27551 Y-23.459184 Z1.686275 F1000
G01 X74.173469 Y-23.459184 Z2.117647 F1000
G01 X74.071429 Y-23.459184 Z2.470588 F1000
G01 X73.969388 Y-23.459184 Z2.666667 F1000
G01 X73.867347 Y-23.459184 Z4 F1000
G01 X73.765306 Y-23.459184 Z5.137255 F1000
G01 X73.663265 Y-23.459184 Z6.784314 F1000
G01 X73.561224 Y-23.459184 Z8.27451 F1000
G01 X73.459184 Y-23.459184 Z9.215686 F1000
G01 X73.357143 Y-23.459184 Z9.607843 F1000
G01 X73.255102 Y-23.459184 Z9.764706 F1000
G01 X73.153061 Y-23.459184 Z9.843137 F1000
G01 X72.94898 Y-23.459184 Z9.843137 F1000
G01 X72.846939 Y-23.459184 Z9.882353 F1000
G01 X72.642857 Y-23.459184 Z9.882353 F1000
G01 X72.540816 Y-23.459184 Z9.921569 F1000
G01 X72.438776 Y-23.459184 Z10 F1000
G01 X68.153061 Y-23.459184 Z10 F1000
G01 X68.05102 Y-23.459184 Z9.960784 F1000
G01 X61.622449 Y-23.459184 Z9.960784 F1000
G01 X61.520408 Y-23.459184 Z9.45098 F1000
G01 X61.418367 Y-23.459184 Z3.176471 F1000
G01 X61.316327 Y-23.459184 Z1.490196 F1000
G01 X61.214286 Y-23.459184 Z1.45098 F1000
G01 X61.112245 Y-23.459184 Z1.45098 F1000
G01 X61.010204 Y-23.459184 Z1.411765 F1000
G01 X60.908163 Y-23.459184 Z1.411765 F1000
G01 X60.806122 Y-23.459184 Z1.333333 F1000
G01 X60.091837 Y-23.459184 Z1.333333 F1000
G01 X59.989796 Y-23.459184 Z1.372549 F1000
G01 X59.887755 Y-23.459184 Z1.411765 F1000
G01 X59.785714 Y-23.459184 Z1.568627 F1000
G01 X59.683673 Y-23.459184 Z6 F1000
G01 X59.581633 Y-23.459184 Z10 F1000
G01 X58.357143 Y-23.459184 Z10 F1000
G01 X58.255102 Y-23.459184 Z9.960784 F1000
G01 X40.397959 Y-23.459184 Z9.960784 F1000
G01 X40.295918 Y-23.459184 Z7.254902 F1000
G01 X40.193878 Y-23.459184 Z1.647059 F1000
G01 X40.091837 Y-23.459184 Z1.490196 F1000
G01 X39.683673 Y-23.459184 Z1.490196 F1000
G01 X39.581633 Y-23.459184 Z1.45098 F1000
G01 X39.479592 Y-23.459184 Z1.333333 F1000
G01 X38.867347 Y-23.459184 Z1.333333 F1000
G01 X38.765306 Y-23.459184 Z1.372549 F1000
G01 X38.663265 Y-23.459184 Z1.411765 F1000
G01 X38.561224 Y-23.459184 Z2.627451 F1000
G01 X38.459184 Y-23.459184 Z8.705882 F1000
G01 X38.357143 Y-23.459184 Z10 F1000
G01 X37.132653 Y-23.459184 Z10 F1000
G01 X37.030612 Y-23.459184 Z9.960784 F1000
G01 X32.132653 Y-23.459184 Z9.960784 F1000
G01 X32.030612 Y-23.459184 Z10 F1000
G01 X27.540816 Y-23.459184 Z10 F1000
G01 X27.438776 Y-23.459184 Z9.921569 F1000
G01 X27.234694 Y-23.459184 Z9.921569 F1000
G01 X27.132653 Y-23.459184 Z9.882353 F1000
G01 X26.826531 Y-23.459184 Z9.882353 F1000
G01 X26.72449 Y-23.459184 Z9.764706 F1000
G01 X26.622449 Y-23.459184 Z9.529412 F1000
G01 X26.520408 Y-23.459184 Z9.294118 F1000
G01 X26.418367 Y-23.459184 Z8.27451 F1000
G01 X26.316327 Y-23.459184 Z7.372549 F1000
G01 X26.214286 Y-23.459184 Z6 F1000
G01 X26.112245 Y-23.459184 Z4.588235 F1000
G01 X26.010204 Y-23.459184 Z3.411765 F1000
G01 X25.908163 Y-23.459184 Z2.509804 F1000
G01 X25.806122 Y-23.459184 Z1.803922 F1000
G01 X25.704082 Y-23.459184 Z1.647059 F1000
G01 X25.5 Y-23.459184 Z1.647059 F1000
G01 X25.397959 Y-23.459184 Z1.607843 F1000
G01 X24.989796 Y-23.459184 Z1.607843 F1000
G01 X24.887755 Y-23.459184 Z1.333333 F1000
G01 X24.27551 Y-23.459184 Z1.333333 F1000
G01 X24.173469 Y-23.459184 Z1.568627 F1000
G01 X23.663265 Y-23.459184 Z1.568627 F1000
G01 X23.561224 Y-23.459184 Z1.647059 F1000
G01 X23.459184 Y-23.459184 Z1.72549 F1000
G01 X23.357143 Y-23.459184 Z1.843137 F1000
G01 X23.255102 Y-23.459184 Z1.843137 F1000
G01 X23.153061 Y-23.459184 Z2.078431 F1000
G01 X23.05102 Y-23.459184 Z2.901961 F1000
G01 X22.94898 Y-23.459184 Z4 F1000
G01 X22.846939 Y-23.459184 Z5.529412 F1000
G01 X22.744898 Y-23.459184 Z7.176471 F1000
G01 X22.642857 Y-23.459184 Z8.235294 F1000
G01 X22.540816 Y-23.459184 Z9.686275 F1000
G01 X22.438776 Y-23.459184 Z9.843137 F1000
G01 X22.336735 Y-23.459184 Z9.960784 F1000
G01 X21.72449 Y-23.459184 Z9.960784 F1000
G01 X21.622449 Y-23.459184 Z10 F1000
G01 X18.459184 Y-23.459184 Z10 F1000
G01 X18.357143 Y-23.459184 Z9.960784 F1000
G01 X0.5 Y-23.459184 Z9.960784 F1000
G01 X0.5 Y-23.561224 Z9.960784 F1000
G01 X0.5 Y-23.663265 Z9.960784 F1000
G01 X0.5 Y-23.765306 Z9.960784 F1000
G01 X0.5 Y-23.867347 Z9.960784 F1000
G01 X0.5 Y-23.969388 Z9.960784 F1000
G01 X17.540816 Y-23.969388 Z9.960784 F1000
G01 X17.642857 Y-23.969388 Z10 F1000
G01 X20.704082 Y-23.969388 Z10 F1000
G01 X20.806122 Y-23.969388 Z9.803922 F1000
G01 X20.908163 Y-23.969388 Z9.254902 F1000
G01 X21.010204 Y-23.969388 Z9.176471 F1000
G01 X21.112245 Y-23.969388 Z6.745098 F1000
G01 X21.214286 Y-23.969388 Z3.882353 F1000
G01 X21.316327 Y-23.969388 Z2.235294 F1000
G01 X21.418367 Y-23.969388 Z1.686275 F1000
G01 X22.132653 Y-23.969388 Z1.686275 F1000
G01 X22.234694 Y-23.969388 Z1.607843 F1000
G01 X22.336735 Y-23.969388 Z1.490196 F1000
G01 X23.05102 Y-23.969388 Z1.490196 F1000
G01 X23.153061 Y-23.969388 Z1.529412 F1000
G01 X23.255102 Y-23.969388 Z1.568627 F1000
G01 X24.173469 Y-23.969388 Z1.568627 F1000
G01 X24.27551 Y-23.969388 Z1.333333 F1000
G01 X24.887755 Y-23.969388 Z1.333333 F1000
G01 X24.989796 Y-23.969388 Z1.372549 F1000
G01 X25.091837 Y-23.969388 Z1.372549 F1000
G01 X25.193878 Y-23.969388 Z1.411765 F1000
G01 X25.295918 Y-23.969388 Z1.490196 F1000
G01 X25.908163 Y-23.969388 Z1.490196 F1000
G01 X26.010204 Y-23.969388 Z1.529412 F1000
G01 X26.112245 Y-23.969388 Z1.607843 F1000
G01 X27.030612 Y-23.969388 Z1.607843 F1000
G01 X27.132653 Y-23.969388 Z1.568627 F1000
G01 X27.744898 Y-23.969388 Z1.568627 F1000
G01 X27.846939 Y-23.969388 Z2 F1000
G01 X27.94898 Y-23.969388 Z3.294118 F1000
G01 X28.05102 Y-23.969388 Z4.235294 F1000
G01 X28.153061 Y-23.969388 Z7.490196 F1000
G01 X28.255102 Y-23.969388 Z8.156863 F1000
G01 X28.357143 Y-23.969388 Z9.019608 F1000
G01 X28.459184 Y-23.969388 Z9.686275 F1000
G01 X28.561224 Y-23.969388 Z9.921569 F1000
G01 X28.663265 Y-23.969388 Z9.921569 F1000
G01 X28.765306 Y-23.969388 Z10 F1000
G01 X32.234694 Y-23.969388 Z10 F1000
G01 X32.336735 Y-23.969388 Z9.960784 F1000
G01 X37.030612 Y-23.969388 Z9.960784 F1000
G01 X37.132653 Y-23.969388 Z10 F1000
G01 X38.357143 Y-23.969388 Z10 F1000
G01 X38.459184 Y-23.969388 Z7.568627 F1000
G01 X38.561224 Y-23.969388 Z2 F1000
G01 X38.663265 Y-23.969388 Z1.45098 F1000
G01 X38.765306 Y-23.969388 Z1.45098 F1000
G01 X38.867347 Y-23.969388 Z1.333333 F1000
G01 X39.479592 Y-23.969388 Z1.333333 F1000
G01 X39.581633 Y-23.969388 Z1.45098 F1000
G01 X40.091837 Y-23.969388 Z1.45098 F1000
G01 X40.193878 Y-23.969388 Z1.647059 F1000
G01 X40.295918 Y-23.969388 Z7.254902 F1000
G01 X40.397959 Y-23.969388 Z9.960784 F1000
G01 X58.255102 Y-23.969388 Z9.960784 F1000
G01 X58.357143 Y-23.969388 Z10 F1000
G01 X59.581633 Y-23.969388 Z10 F1000
G01 X59.683673 Y-23.969388 Z6 F1000
G01 X59.785714 Y-23.969388 Z1.568627 F1000
G01 X59.887755 Y-23.969388 Z1.411765 F1000
G01 X59.989796 Y-23.969388 Z1.372549 F1000
G01 X60.091837 Y-23.969388 Z1.333333 F1000
G01 X60.806122 Y-23.969388 Z1.333333 F1000
G01 X60.908163 Y-23.969388 Z1.411765 F1000
G01 X61.010204 Y-23.969388 Z1.411765 F1000
G01 X61.112245 Y-23.969388 Z1.45098 F1000
G01 X61.316327 Y-23.969388 Z1.45098 F1000
G01 X61.418367 Y-23.969388 Z2.627451 F1000
G01 X61.520408 Y-23.969388 Z8.705882 F1000
G01 X61.622449 Y-23.969388 Z9.960784 F1000
G01 X68.05102 Y-23.969388 Z9.960784 F1000
G01 X68.153061 Y-23.969388 Z10 F1000
G01 X71.520408 Y-23.969388 Z10 F1000
G01 X71.622449 Y-23.969388 Z9.45098 F1000
G01 X71.72449 Y-23.969388 Z8.078431 F1000
G01 X71.826531 Y-23.969388 Z5.921569 F1000
G01 X71.928571 Y-23.969388 Z3.647059 F1000
G01 X72.030612 Y-23.969388 Z2.117647 F1000
G01 X72.132653 Y-23.969388 Z1.686275 F1000
G01 X72.234694 Y-23.969388 Z1.686275 F1000
G01 X72.336735 Y-23.969388 Z1.490196 F1000
G01 X72.846939 Y-23.969388 Z1.490196 F1000
G01 X72.94898 Y-23.969388 Z1.568627 F1000
G01 X73.867347 Y-23.969388 Z1.568627 F1000
G01 X73.969388 Y-23.969388 Z1.45098 F1000
G01 X75.5 Y-23.969388 Z1.45098 F1000
G01 X75.602041 Y-23.969388 Z1.333333 F1000
G01 X75.704082 Y-23.969388 Z1.372549 F1000
G01 X75.806122 Y-23.969388 Z1.411765 F1000
G01 X77.234694 Y-23.969388 Z1.411765 F1000
G01 X77.336735 Y-23.969388 Z1.490196 F1000
G01 X78.255102 Y-23.969388 Z1.490196 F1000
G01 X78.357143 Y-23.969388 Z1.607843 F1000
G01 X78.663265 Y-23.969388 Z1.607843 F1000
G01 X78.765306 Y-23.969388 Z2.352941 F1000
G01 X78.867347 Y-23.969388 Z4.588235 F1000
G01 X78.969388 Y-23.969388 Z7.294118 F1000
G01 X79.071429 Y-23.969388 Z8.980392 F1000
G01 X79.173469 Y-23.969388 Z9.72549 F1000
G01 X79.27551 Y-23.969388 Z10 F1000
G01 X82.030612 Y-23.969388 Z10 F1000
G01 X82.132653 Y-23.969388 Z9.960784 F1000
G01 X99.581633 Y-23.969388 Z9.960784 F1000
G01 X99.581633 Y-24.071429 Z9.960784 F1000
G01 X99.581633 Y-24.173469 Z9.960784 F1000
G01 X99.581633 Y-24.27551 Z9.960784 F1000
G01 X99.581633 Y-24.377551 Z9.960784 F1000
G01 X99.581633 Y-24.479592 Z9.960784 F1000
G01 X82.94898 Y-24.479592 Z9.960784 F1000
G01 X82.846939 Y-24.479592 Z10 F1000
G01 X80.295918 Y-24.479592 Z10 F1000
G01 X80.193878 Y-24.479592 Z9.803922 F1000
G01 X80.091837 Y-24.479592 Z8.509804 F1000
G01 X79.989796 Y-24.479592 Z6.039216 F1000
G01 X79.887755 Y-24.479592 Z3.294118 F1000
G01 X79.785714 Y-24.479592 Z1.647059 F1000
G01 X79.479592 Y-24.479592 Z1.647059 F1000
G01 X79.377551 Y-24.479592 Z1.607843 F1000
G01 X78.765306 Y-24.479592 Z1.607843 F1000
G01 X78.663265 Y-24.479592 Z1.333333 F1000
G01 X71.520408 Y-24.479592 Z1.333333 F1000
G01 X71.418367 Y-24.479592 Z1.529412 F1000
G01 X71.316327 Y-24.479592 Z1.529412 F1000
G01 X71.214286 Y-24.479592 Z1.607843 F1000
G01 X71.010204 Y-24.479592 Z1.607843 F1000
G01 X70.908163 Y-24.479592 Z1.686275 F1000
G01 X70.806122 Y-24.479592 Z1.686275 F1000
G01 X70.704082 Y-24.479592 Z2.235294 F1000
G01 X70.602041 Y-24.479592 Z3.490196 F1000
G01 X70.5 Y-24.479592 Z6.313725 F1000
G01 X70.397959 Y-24.479592 Z9.215686 F1000
G01 X70.295918 Y-24.479592 Z10 F1000
G01 X66.520408 Y-24.479592 Z10 F1000
G01 X66.418367 Y-24.479592 Z9.960784 F1000
G01 X61.622449 Y-24.479592 Z9.960784 F1000
G01 X61.520408 Y-24.479592 Z9.137255 F1000
G01 X61.418367 Y-24.479592 Z2.901961 F1000
G01 X61.316327 Y-24.479592 Z1.45098 F1000
G01 X61.112245 Y-24.479592 Z1.45098 F1000
G01 X61.010204 Y-24.479592 Z1.372549 F1000
G01 X60.908163 Y-24.479592 Z1.372549 F1000
G01 X60.806122 Y-24.479592 Z1.333333 F1000
G01 X60.091837 Y-24.479592 Z1.333333 F1000
G01 X59.989796 Y-24.479592 Z1.372549 F1000
G01 X59.887755 Y-24.479592 Z1.372549 F1000
G01 X59.785714 Y-24.479592 Z1.490196 F1000
G01 X59.683673 Y-24.479592 Z6 F1000
G01 X59.581633 Y-24.479592 Z10 F1000
G01 X58.357143 Y-24.479592 Z10 F1000
G01 X58.255102 Y-24.479592 Z9.960784 F1000
G01 X40.397959 Y-24.479592 Z9.960784 F1000
G01 X40.295918 Y-24.479592 Z7.254902 F1000
G01 X40.193878 Y-24.479592 Z1.647059 F1000
G01 X40.091837 Y-24.479592 Z1.490196 F1000
G01 X39.989796 Y-24.479592 Z1.45098 F1000
G01 X39.581633 Y-24.479592 Z1.45098 F1000
G01 X39.479592 Y-24.479592 Z1.333333 F1000
G01 X38.867347 Y-24.479592 Z1.333333 F1000
G01 X38.765306 Y-24.479592 Z1.45098 F1000
G01 X38.663265 Y-24.479592 Z1.45098 F1000
G01 X38.561224 Y-24.479592 Z2.27451 F1000
G01 X38.459184 Y-24.479592 Z8.196078 F1000
G01 X38.357143 Y-24.479592 Z10 F1000
G01 X37.132653 Y-24.479592 Z10 F1000
G01 X37.030612 Y-24.479592 Z9.960784 F1000
G01 X33.153061 Y-24.479592 Z9.960784 F1000
G01 X33.05102 Y-24.479592 Z10 F1000
G01 X29.683673 Y-24.479592 Z10 F1000
G01 X29.581633 Y-24.479592 Z8.627451 F1000
G01 X29.479592 Y-24.479592 Z6.666667 F1000
G01 X29.377551 Y-24.479592 Z4.705882 F1000
G01 X29.27551 Y-24.479592 Z2.823529 F1000
G01 X29.173469 Y-24.479592 Z1.72549 F1000
G01 X28.969388 Y-24.479592 Z1.72549 F1000
G01 X28.867347 Y-24.479592 Z1.607843 F1000
G01 X28.663265 Y-24.479592 Z1.607843 F1000
G01 X28.561224 Y-24.479592 Z1.529412 F1000
G01 X28.153061 Y-24.479592 Z1.529412 F1000
G01 X28.05102 Y-24.479592 Z1.333333 F1000
G01 X21.010204 Y-24.479592 Z1.333333 F1000
G01 X20.908163 Y-24.479592 Z1.647059 F1000
G01 X20.602041 Y-24.479592 Z1.647059 F1000
G01 X20.5 Y-24.479592 Z1.686275 F1000
G01 X20.397959 Y-24.479592 Z1.686275 F1000
G01 X20.295918 Y-24.479592 Z1.803922 F1000
G01 X20.193878 Y-24.479592 Z2.745098 F1000
G01 X20.091837 Y-24.479592 Z5.45098 F1000
G01 X19.989796 Y-24.479592 Z8 F1000
G01 X19.887755 Y-24.479592 Z10 F1000
G01 X16.826531 Y-24.479592 Z10 F1000
G01 X16.72449 Y-24.479592 Z9.960784 F1000
G01 X0.5 Y-24.479592 Z9.960784 F1000
G01 X0.5 Y-24.581633 Z9.960784 F1000
G01 X0.5 Y-24.683673 Z9.960784 F1000
G01 X0.5 Y-24.785714 Z9.960784 F1000
G01 X0.5 Y-24.887755 Z9.960784 F1000
G01 X0.5 Y-24.989796 Z9.960784 F1000
G01 X15.908163 Y-24.989796 Z9.960784 F1000
G01 X16.010204 Y-24.989796 Z10 F1000
G01 X19.071429 Y-24.989796 Z10 F1000
G01 X19.173469 Y-24.989796 Z8.117647 F1000
G01 X19.27551 Y-24.989796 Z4.27451 F1000
G01 X19.377551 Y-24.989796 Z1.490196 F1000
G01 X19.479592 Y-24.989796 Z1.490196 F1000
G01 X19.581633 Y-24.989796 Z1.45098 F1000
G01 X19.683673 Y-24.989796 Z1.411765 F1000
G01 X20.091837 Y-24.989796 Z1.411765 F1000
G01 X20.193878 Y-24.989796 Z1.333333 F1000
G01 X20.806122 Y-24.989796 Z1.333333 F1000
G01 X20.908163 Y-24.989796 Z1.411765 F1000
G01 X21.112245 Y-24.989796 Z1.411765 F1000
G01 X21.214286 Y-24.989796 Z1.45098 F1000
G01 X21.520408 Y-24.989796 Z1.45098 F1000
G01 X21.622449 Y-24.989796 Z1.529412 F1000
G01 X22.438776 Y-24.989796 Z1.529412 F1000
G01 X22.540816 Y-24.989796 Z1.764706 F1000
G01 X23.255102 Y-24.989796 Z1.764706 F1000
G01 X23.357143 Y-24.989796 Z2.117647 F1000
G01 X23.459184 Y-24.989796 Z2.27451 F1000
G01 X23.561224 Y-24.989796 Z2.509804 F1000
G01 X23.663265 Y-24.989796 Z2.784314 F1000
G01 X23.765306 Y-24.989796 Z3.058824 F1000
G01 X23.867347 Y-24.989796 Z3.294118 F1000
G01 X23.969388 Y-24.989796 Z3.45098 F1000
G01 X24.071429 Y-24.989796 Z3.529412 F1000
G01 X24.989796 Y-24.989796 Z3.529412 F1000
G01 X25.091837 Y-24.989796 Z3.45098 F1000
G01 X25.193878 Y-24.989796 Z3.333333 F1000
G01 X25.295918 Y-24.989796 Z3.098039 F1000
G01 X25.397959 Y-24.989796 Z2.784314 F1000
G01 X25.5 Y-24.989796 Z2.431373 F1000
G01 X25.602041 Y-24.989796 Z2.117647 F1000
G01 X25.704082 Y-24.989796 Z1.843137 F1000
G01 X25.806122 Y-24.989796 Z1.686275 F1000
G01 X25.908163 Y-24.989796 Z1.568627 F1000
G01 X26.010204 Y-24.989796 Z1.529412 F1000
G01 X26.112245 Y-24.989796 Z1.607843 F1000
G01 X26.418367 Y-24.989796 Z1.607843 F1000
G01 X26.520408 Y-24.989796 Z1.764706 F1000
G01 X27.438776 Y-24.989796 Z1.764706 F1000
G01 X27.540816 Y-24.989796 Z1.568627 F1000
G01 X28.153061 Y-24.989796 Z1.568627 F1000
G01 X28.255102 Y-24.989796 Z1.45098 F1000
G01 X28.765306 Y-24.989796 Z1.45098 F1000
G01 X28.867347 Y-24.989796 Z1.411765 F1000
G01 X28.969388 Y-24.989796 Z1.411765 F1000
G01 X29.071429 Y-24.989796 Z1.333333 F1000
G01 X29.683673 Y-24.989796 Z1.333333 F1000
G01 X29.785714 Y-24.989796 Z1.686275 F1000
G01 X30.295918 Y-24.989796 Z1.686275 F1000
G01 X30.397959 Y-24.989796 Z3.45098 F1000
G01 X30.5 Y-24.989796 Z5.803922 F1000
G01 X30.602041 Y-24.989796 Z8.823529 F1000
G01 X30.704082 Y-24.989796 Z9.529412 F1000
G01 X30.806122 Y-24.989796 Z10 F1000
G01 X34.683673 Y-24.989796 Z10 F1000
G01 X34.785714 Y-24.989796 Z9.960784 F1000
G01 X37.030612 Y-24.989796 Z9.960784 F1000
G01 X37.132653 Y-24.989796 Z10 F1000
G01 X38.357143 Y-24.989796 Z10 F1000
G01 X38.459184 Y-24.989796 Z8.901961 F1000
G01 X38.561224 Y-24.989796 Z3.176471 F1000
G01 X38.663265 Y-24.989796 Z1.411765 F1000
G01 X38.765306 Y-24.989796 Z1.411765 F1000
G01 X38.867347 Y-24.989796 Z1.333333 F1000
G01 X39.581633 Y-24.989796 Z1.333333 F1000
G01 X39.683673 Y-24.989796 Z1.568627 F1000
G01 X40.091837 Y-24.989796 Z1.568627 F1000
G01 X40.193878 Y-24.989796 Z1.607843 F1000
G01 X40.295918 Y-24.989796 Z7.058824 F1000
G01 X40.397959 Y-24.989796 Z9.960784 F1000
G01 X40.5 Y-24.989796 Z10 F1000
G01 X42.030612 Y-24.989796 Z10 F1000
G01 X42.132653 Y-24.989796 Z9.960784 F1000
G01 X58.255102 Y-24.989796 Z9.960784 F1000
G01 X58.357143 Y-24.989796 Z10 F1000
G01 X59.581633 Y-24.989796 Z10 F1000
G01 X59.683673 Y-24.989796 Z5.333333 F1000
G01 X59.785714 Y-24.989796 Z1.529412 F1000
G01 X59.989796 Y-24.989796 Z1.529412 F1000
G01 X60.091837 Y-24.989796 Z1.333333 F1000
G01 X60.704082 Y-24.989796 Z1.333333 F1000
G01 X60.806122 Y-24.989796 Z1.372549 F1000
G01 X60.908163 Y-24.989796 Z1.411765 F1000
G01 X61.010204 Y-24.989796 Z1.411765 F1000
G01 X61.112245 Y-24.989796 Z1.45098 F1000
G01 X61.214286 Y-24.989796 Z1.45098 F1000
G01 X61.316327 Y-24.989796 Z1.490196 F1000
G01 X61.418367 Y-24.989796 Z4.235294 F1000
G01 X61.520408 Y-24.989796 Z9.72549 F1000
G01 X61.622449 Y-24.989796 Z9.960784 F1000
G01 X65.602041 Y-24.989796 Z9.960784 F1000
G01 X65.704082 Y-24.989796 Z10 F1000
G01 X69.173469 Y-24.989796 Z10 F1000
G01 X69.27551 Y-24.989796 Z9.803922 F1000
G01 X69.377551 Y-24.989796 Z8.352941 F1000
G01 X69.479592 Y-24.989796 Z5.568627 F1000
G01 X69.581633 Y-24.989796 Z2.705882 F1000
G01 X69.683673 Y-24.989796 Z1.921569 F1000
G01 X69.785714 Y-24.989796 Z1.921569 F1000
G01 X69.887755 Y-24.989796 Z1.333333 F1000
G01 X71.316327 Y-24.989796 Z1.333333 F1000
G01 X71.418367 Y-24.989796 Z1.490196 F1000
G01 X71.520408 Y-24.989796 Z1.529412 F1000
G01 X71.72449 Y-24.989796 Z1.529412 F1000
G01 X71.826531 Y-24.989796 Z1.647059 F1000
G01 X72.846939 Y-24.989796 Z1.647059 F1000
G01 X72.94898 Y-24.989796 Z1.490196 F1000
G01 X73.561224 Y-24.989796 Z1.490196 F1000
G01 X73.663265 Y-24.989796 Z1.529412 F1000
G01 X73.765306 Y-24.989796 Z1.686275 F1000
G01 X74.071429 Y-24.989796 Z1.686275 F1000
G01 X74.173469 Y-24.989796 Z1.764706 F1000
G01 X74.27551 Y-24.989796 Z1.921569 F1000
G01 X74.377551 Y-24.989796 Z2.039216 F1000
G01 X74.479592 Y-24.989796 Z2.078431 F1000
G01 X74.581633 Y-24.989796 Z2.078431 F1000
G01 X74.683673 Y-24.989796 Z3.058824 F1000
G01 X74.785714 Y-24.989796 Z3.137255 F1000
G01 X74.887755 Y-24.989796 Z3.254902 F1000
G01 X74.989796 Y-24.989796 Z3.372549 F1000
G01 X76.112245 Y-24.989796 Z3.372549 F1000
G01 X76.214286 Y-24.989796 Z3.294118 F1000
G01 X76.316327 Y-24.989796 Z3.215686 F1000
G01 X76.418367 Y-24.989796 Z2.666667 F1000
G01 X76.520408 Y-24.989796 Z2.54902 F1000
G01 X76.622449 Y-24.989796 Z2.392157 F1000
G01 X76.72449 Y-24.989796 Z2.196078 F1000
G01 X76.826531 Y-24.989796 Z2 F1000
G01 X76.928571 Y-24.989796 Z1.764706 F1000
G01 X77.030612 Y-24.989796 Z1.45098 F1000
G01 X77.132653 Y-24.989796 Z1.372549 F1000
G01 X77.234694 Y-24.989796 Z1.686275 F1000
G01 X77.336735 Y-24.989796 Z1.72549 F1000
G01 X78.255102 Y-24.989796 Z1.72549 F1000
G01 X78.357143 Y-24.989796 Z1.607843 F1000
G01 X79.581633 Y-24.989796 Z1.607843 F1000
G01 X79.683673 Y-24.989796 Z1.333333 F1000
G01 X80.295918 Y-24.989796 Z1.333333 F1000
G01 X80.397959 Y-24.989796 Z1.568627 F1000
G01 X80.602041 Y-24.989796 Z1.568627 F1000
G01 X80.704082 Y-24.989796 Z2.039216 F1000
G01 X80.806122 Y-24.989796 Z5.019608 F1000
G01 X80.908163 Y-24.989796 Z8.745098 F1000
G01 X81.010204 Y-24.989796 Z10 F1000
G01 X83.663265 Y-24.989796 Z10 F1000
G01 X83.765306 Y-24.989796 Z9.960784 F1000
G01 X99.581633 Y-24.989796 Z9.960784 F1000
G01 X99.581633 Y-25.091837 Z9.960784 F1000
G01 X99.581633 Y-25.193878 Z9.960784 F1000
G01 X99.581633 Y-25.295918 Z9.960784 F1000
G01 X99.581633 Y-25.397959 Z9.960784 F1000
G01 X99.581633 Y-25.5 Z9.960784 F1000
G01 X83.765306 Y-25.5 Z9.960784 F1000
G01 X83.663265 Y-25.5 Z10 F1000
G01 X81.826531 Y-25.5 Z10 F1000
G01 X81.72449 Y-25.5 Z9.882353 F1000
G01 X81.622449 Y-25.5 Z9.568627 F1000
G01 X81.520408 Y-25.5 Z6.588235 F1000
G01 X81.418367 Y-25.5 Z2.470588 F1000
G01 X81.316327 Y-25.5 Z1.647059 F1000
G01 X81.112245 Y-25.5 Z1.647059 F1000
G01 X81.010204 Y-25.5 Z1.607843 F1000
G01 X80.908163 Y-25.5 Z1.568627 F1000
G01 X80.806122 Y-25.5 Z1.490196 F1000
G01 X80.704082 Y-25.5 Z1.45098 F1000
G01 X80.5 Y-25.5 Z1.45098 F1000
G01 X80.397959 Y-25.5 Z1.372549 F1000
G01 X80.295918 Y-25.5 Z1.333333 F1000
G01 X79.683673 Y-25.5 Z1.333333 F1000
G01 X79.581633 Y-25.5 Z1.607843 F1000
G01 X79.27551 Y-25.5 Z1.607843 F1000
G01 X79.173469 Y-25.5 Z1.72549 F1000
G01 X78.969388 Y-25.5 Z1.72549 F1000
G01 X78.867347 Y-25.5 Z1.764706 F1000
G01 X78.765306 Y-25.5 Z3.058824 F1000
G01 X78.663265 Y-25.5 Z5.45098 F1000
G01 X78.561224 Y-25.5 Z8.235294 F1000
G01 X78.459184 Y-25.5 Z9.647059 F1000
G01 X78.357143 Y-25.5 Z9.764706 F1000
G01 X78.255102 Y-25.5 Z9.764706 F1000
G01 X78.153061 Y-25.5 Z10 F1000
G01 X72.642857 Y-25.5 Z10 F1000
G01 X72.540816 Y-25.5 Z9.921569 F1000
G01 X72.438776 Y-25.5 Z9.333333 F1000
G01 X72.336735 Y-25.5 Z8.470588 F1000
G01 X72.234694 Y-25.5 Z7.843137 F1000
G01 X72.132653 Y-25.5 Z4.784314 F1000
G01 X72.030612 Y-25.5 Z3.568627 F1000
G01 X71.928571 Y-25.5 Z2.078431 F1000
G01 X71.826531 Y-25.5 Z1.843137 F1000
G01 X71.72449 Y-25.5 Z1.529412 F1000
G01 X71.520408 Y-25.5 Z1.529412 F1000
G01 X71.418367 Y-25.5 Z1.490196 F1000
G01 X71.316327 Y-25.5 Z1.333333 F1000
G01 X69.887755 Y-25.5 Z1.333333 F1000
G01 X69.785714 Y-25.5 Z1.568627 F1000
G01 X68.867347 Y-25.5 Z1.568627 F1000
G01 X68.765306 Y-25.5 Z1.529412 F1000
G01 X68.663265 Y-25.5 Z2.156863 F1000
G01 X68.561224 Y-25.5 Z5.215686 F1000
G01 X68.459184 Y-25.5 Z8.666667 F1000
G01 X68.357143 Y-25.5 Z10 F1000
G01 X65.704082 Y-25.5 Z10 F1000
G01 X65.602041 Y-25.5 Z9.960784 F1000
G01 X61.622449 Y-25.5 Z9.960784 F1000
G01 X61.520408 Y-25.5 Z9.882353 F1000
G01 X61.418367 Y-25.5 Z6.627451 F1000
G01 X61.316327 Y-25.5 Z1.490196 F1000
G01 X61.214286 Y-25.5 Z1.490196 F1000
G01 X61.112245 Y-25.5 Z1.45098 F1000
G01 X61.010204 Y-25.5 Z1.411765 F1000
G01 X60.908163 Y-25.5 Z1.411765 F1000
G01 X60.806122 Y-25.5 Z1.372549 F1000
G01 X60.704082 Y-25.5 Z1.333333 F1000
G01 X60.091837 Y-25.5 Z1.333333 F1000
G01 X59.989796 Y-25.5 Z1.529412 F1000
G01 X59.785714 Y-25.5 Z1.529412 F1000
G01 X59.683673 Y-25.5 Z4.705882 F1000
G01 X59.581633 Y-25.5 Z9.803922 F1000
G01 X59.479592 Y-25.5 Z10 F1000
G01 X58.357143 Y-25.5 Z10 F1000
G01 X58.255102 Y-25.5 Z9.960784 F1000
G01 X42.132653 Y-25.5 Z9.960784 F1000
G01 X42.030612 Y-25.5 Z10 F1000
G01 X40.5 Y-25.5 Z10 F1000
G01 X40.397959 Y-25.5 Z9.960784 F1000
G01 X40.295918 Y-25.5 Z5.843137 F1000
G01 X40.193878 Y-25.5 Z1.568627 F1000
G01 X39.683673 Y-25.5 Z1.568627 F1000
G01 X39.581633 Y-25.5 Z1.372549 F1000
G01 X39.479592 Y-25.5 Z1.333333 F1000
G01 X38.867347 Y-25.5 Z1.333333 F1000
G01 X38.765306 Y-25.5 Z1.411765 F1000
G01 X38.663265 Y-25.5 Z1.411765 F1000
G01 X38.561224 Y-25.5 Z5.137255 F1000
G01 X38.459184 Y-25.5 Z10 F1000
G01 X37.132653 Y-25.5 Z10 F1000
G01 X37.030612 Y-25.5 Z9.960784 F1000
G01 X34.785714 Y-25.5 Z9.960784 F1000
G01 X34.683673 Y-25.5 Z10 F1000
G01 X31.72449 Y-25.5 Z10 F1000
G01 X31.622449 Y-25.5 Z9.921569 F1000
G01 X31.520408 Y-25.5 Z8.078431 F1000
G01 X31.418367 Y-25.5 Z6.039216 F1000
G01 X31.316327 Y-25.5 Z2.352941 F1000
G01 X31.214286 Y-25.5 Z2.156863 F1000
G01 X31.112245 Y-25.5 Z1.647059 F1000
G01 X30.806122 Y-25.5 Z1.647059 F1000
G01 X30.704082 Y-25.5 Z1.686275 F1000
G01 X29.785714 Y-25.5 Z1.686275 F1000
G01 X29.683673 Y-25.5 Z1.333333 F1000
G01 X29.071429 Y-25.5 Z1.333333 F1000
G01 X28.969388 Y-25.5 Z1.490196 F1000
G01 X28.357143 Y-25.5 Z1.490196 F1000
G01 X28.255102 Y-25.5 Z1.72549 F1000
G01 X28.153061 Y-25.5 Z1.72549 F1000
G01 X28.05102 Y-25.5 Z2.039216 F1000
G01 X27.94898 Y-25.5 Z3.254902 F1000
G01 X27.846939 Y-25.5 Z4.784314 F1000
G01 X27.744898 Y-25.5 Z6.470588 F1000
G01 X27.642857 Y-25.5 Z8 F1000
G01 X27.540816 Y-25.5 Z9.215686 F1000
G01 X27.438776 Y-25.5 Z9.882353 F1000
G01 X27.234694 Y-25.5 Z9.882353 F1000
G01 X27.132653 Y-25.5 Z9.960784 F1000
G01 X27.030612 Y-25.5 Z10 F1000
G01 X22.030612 Y-25.5 Z10 F1000
G01 X21.928571 Y-25.5 Z9.764706 F1000
G01 X21.72449 Y-25.5 Z9.764706 F1000
G01 X21.622449 Y-25.5 Z9.607843 F1000
G01 X21.520408 Y-25.5 Z8.039216 F1000
G01 X21.418367 Y-25.5 Z5.764706 F1000
G01 X21.316327 Y-25.5 Z3.647059 F1000
G01 X21.214286 Y-25.5 Z2.078431 F1000
G01 X21.112245 Y-25.5 Z1.607843 F1000
G01 X21.010204 Y-25.5 Z1.490196 F1000
G01 X20.908163 Y-25.5 Z1.490196 F1000
G01 X20.806122 Y-25.5 Z1.333333 F1000
G01 X20.193878 Y-25.5 Z1.333333 F1000
G01 X20.091837 Y-25.5 Z1.372549 F1000
G01 X19.27551 Y-25.5 Z1.372549 F1000
G01 X19.173469 Y-25.5 Z1.529412 F1000
G01 X18.765306 Y-25.5 Z1.529412 F1000
G01 X18.663265 Y-25.5 Z2.627451 F1000
G01 X18.561224 Y-25.5 Z5.294118 F1000
G01 X18.459184 Y-25.5 Z8.941176 F1000
G01 X18.357143 Y-25.5 Z9.764706 F1000
G01 X18.255102 Y-25.5 Z10 F1000
G01 X16.010204 Y-25.5 Z10 F1000
G01 X15.908163 Y-25.5 Z9.960784 F1000
G01 X0.5 Y-25.5 Z9.960784 F1000
G01 X0.5 Y-25.602041 Z9.960784 F1000
G01 X0.5 Y-25.704082 Z9.960784 F1000
G01 X0.5 Y-25.806122 Z9.960784 F1000
G01 X0.5 Y-25.908163 Z9.960784 F1000
G01 X0.5 Y-26.010204 Z9.960784 F1000
G01 X15.091837 Y-26.010204 Z9.960784 F1000
G01 X15.193878 Y-26.010204 Z10 F1000
G01 X17.744898 Y-26.010204 Z10 F1000
G01 X17.846939 Y-26.010204 Z8.784314 F1000
G01 X17.94898 Y-26.010204 Z6.078431 F1000
G01 X18.05102 Y-26.010204 Z2.784314 F1000
G01 X18.153061 Y-26.010204 Z1.764706 F1000
G01 X18.255102 Y-26.010204 Z1.764706 F1000
G01 X18.357143 Y-26.010204 Z1.607843 F1000
G01 X18.459184 Y-26.010204 Z1.411765 F1000
G01 X18.561224 Y-26.010204 Z1.333333 F1000
G01 X19.173469 Y-26.010204 Z1.333333 F1000
G01 X19.27551 Y-26.010204 Z1.529412 F1000
G01 X19.683673 Y-26.010204 Z1.529412 F1000
G01 X19.785714 Y-26.010204 Z1.686275 F1000
G01 X20.091837 Y-26.010204 Z1.686275 F1000
G01 X20.193878 Y-26.010204 Z2.039216 F1000
G01 X20.295918 Y-26.010204 Z4.470588 F1000
G01 X20.397959 Y-26.010204 Z7.647059 F1000
G01 X20.5 Y-26.010204 Z9.607843 F1000
G01 X20.602041 Y-26.010204 Z9.843137 F1000
G01 X20.806122 Y-26.010204 Z9.843137 F1000
G01 X20.908163 Y-26.010204 Z10 F1000
G01 X28.765306 Y-26.010204 Z10 F1000
G01 X28.867347 Y-26.010204 Z9.72549 F1000
G01 X28.969388 Y-26.010204 Z9.215686 F1000
G01 X29.071429 Y-26.010204 Z8.313725 F1000
G01 X29.173469 Y-26.010204 Z6.039216 F1000
G01 X29.27551 Y-26.010204 Z3.254902 F1000
G01 X29.377551 Y-26.010204 Z1.686275 F1000
G01 X29.581633 Y-26.010204 Z1.686275 F1000
G01 X29.683673 Y-26.010204 Z1.568627 F1000
G01 X30.602041 Y-26.010204 Z1.568627 F1000
G01 X30.704082 Y-26.010204 Z1.333333 F1000
G01 X31.316327 Y-26.010204 Z1.333333 F1000
G01 X31.418367 Y-26.010204 Z1.568627 F1000
G01 X31.520408 Y-26.010204 Z1.647059 F1000
G01 X31.622449 Y-26.010204 Z1.764706 F1000
G01 X32.030612 Y-26.010204 Z1.764706 F1000
G01 X32.132653 Y-26.010204 Z2.54902 F1000
G01 X32.234694 Y-26.010204 Z4.823529 F1000
G01 X32.336735 Y-26.010204 Z8.27451 F1000
G01 X32.438776 Y-26.010204 Z10 F1000
G01 X35.5 Y-26.010204 Z10 F1000
G01 X35.602041 Y-26.010204 Z9.960784 F1000
G01 X37.030612 Y-26.010204 Z9.960784 F1000
G01 X37.132653 Y-26.010204 Z10 F1000
G01 X38.459184 Y-26.010204 Z10 F1000
G01 X38.561224 Y-26.010204 Z7.686275 F1000
G01 X38.663265 Y-26.010204 Z1.960784 F1000
G01 X38.765306 Y-26.010204 Z1.411765 F1000
G01 X38.867347 Y-26.010204 Z1.333333 F1000
G01 X39.479592 Y-26.010204 Z1.333333 F1000
G01 X39.581633 Y-26.010204 Z1.411765 F1000
G01 X39.683673 Y-26.010204 Z1.490196 F1000
G01 X39.785714 Y-26.010204 Z1.490196 F1000
G01 X39.887755 Y-26.010204 Z1.529412 F1000
G01 X40.193878 Y-26.010204 Z1.529412 F1000
G01 X40.295918 Y-26.010204 Z4.313725 F1000
G01 X40.397959 Y-26.010204 Z9.607843 F1000
G01 X40.5 Y-26.010204 Z10 F1000
G01 X42.030612 Y-26.010204 Z10 F1000
G01 X42.132653 Y-26.010204 Z9.960784 F1000
G01 X58.255102 Y-26.010204 Z9.960784 F1000
G01 X58.357143 Y-26.010204 Z10 F1000
G01 X59.479592 Y-26.010204 Z10 F1000
G01 X59.581633 Y-26.010204 Z9.137255 F1000
G01 X59.683673 Y-26.010204 Z3.254902 F1000
G01 X59.785714 Y-26.010204 Z1.647059 F1000
G01 X59.887755 Y-26.010204 Z1.647059 F1000
G01 X59.989796 Y-26.010204 Z1.411765 F1000
G01 X60.091837 Y-26.010204 Z1.333333 F1000
G01 X60.704082 Y-26.010204 Z1.333333 F1000
G01 X60.806122 Y-26.010204 Z1.372549 F1000
G01 X60.908163 Y-26.010204 Z1.372549 F1000
G01 X61.010204 Y-26.010204 Z1.411765 F1000
G01 X61.112245 Y-26.010204 Z1.45098 F1000
G01 X61.214286 Y-26.010204 Z1.568627 F1000
G01 X61.316327 Y-26.010204 Z2.705882 F1000
G01 X61.418367 Y-26.010204 Z8.588235 F1000
G01 X61.520408 Y-26.010204 Z10 F1000
G01 X62.438776 Y-26.010204 Z10 F1000
G01 X62.540816 Y-26.010204 Z9.960784 F1000
G01 X64.785714 Y-26.010204 Z9.960784 F1000
G01 X64.887755 Y-26.010204 Z10 F1000
G01 X67.438776 Y-26.010204 Z10 F1000
G01 X67.540816 Y-26.010204 Z9.764706 F1000
G01 X67.642857 Y-26.010204 Z7.960784 F1000
G01 X67.744898 Y-26.010204 Z4.745098 F1000
G01 X67.846939 Y-26.010204 Z2.156863 F1000
G01 X67.94898 Y-26.010204 Z1.764706 F1000
G01 X68.153061 Y-26.010204 Z1.764706 F1000
G01 X68.255102 Y-26.010204 Z1.333333 F1000
G01 X69.683673 Y-26.010204 Z1.333333 F1000
G01 X69.785714 Y-26.010204 Z1.647059 F1000
G01 X70.397959 Y-26.010204 Z1.647059 F1000
G01 X70.5 Y-26.010204 Z2.039216 F1000
G01 X70.602041 Y-26.010204 Z2.039216 F1000
G01 X70.704082 Y-26.010204 Z3.960784 F1000
G01 X70.806122 Y-26.010204 Z6.54902 F1000
G01 X70.908163 Y-26.010204 Z8.627451 F1000
G01 X71.010204 Y-26.010204 Z9.921569 F1000
G01 X71.112245 Y-26.010204 Z10 F1000
G01 X79.27551 Y-26.010204 Z10 F1000
G01 X79.377551 Y-26.010204 Z9.960784 F1000
G01 X79.479592 Y-26.010204 Z9.647059 F1000
G01 X79.581633 Y-26.010204 Z9.176471 F1000
G01 X79.683673 Y-26.010204 Z7.137255 F1000
G01 X79.785714 Y-26.010204 Z4.27451 F1000
G01 X79.887755 Y-26.010204 Z2.156863 F1000
G01 X80.397959 Y-26.010204 Z2.156863 F1000
G01 X80.5 Y-26.010204 Z1.333333 F1000
G01 X81.112245 Y-26.010204 Z1.333333 F1000
G01 X81.214286 Y-26.010204 Z1.607843 F1000
G01 X81.928571 Y-26.010204 Z1.607843 F1000
G01 X82.030612 Y-26.010204 Z3.254902 F1000
G01 X82.132653 Y-26.010204 Z6.627451 F1000
G01 X82.234694 Y-26.010204 Z9.764706 F1000
G01 X82.336735 Y-26.010204 Z10 F1000
G01 X84.479592 Y-26.010204 Z10 F1000
G01 X84.581633 Y-26.010204 Z9.960784 F1000
G01 X99.581633 Y-26.010204 Z9.960784 F1000
G01 X99.581633 Y-26.112245 Z9.960784 F1000
G01 X99.581633 Y-26.214286 Z9.960784 F1000
G01 X99.581633 Y-26.316327 Z9.960784 F1000
G01 X99.581633 Y-26.418367 Z9.960784 F1000
G01 X99.581633 Y-26.520408 Z9.960784 F1000
G01 X85.397959 Y-26.520408 Z9.960784 F1000
G01 X85.295918 Y-26.520408 Z10 F1000
G01 X82.94898 Y-26.520408 Z10 F1000
G01 X82.846939 Y-26.520408 Z9.960784 F1000
G01 X82.744898 Y-26.520408 Z9.921569 F1000
G01 X82.642857 Y-26.520408 Z9.764706 F1000
G01 X82.540816 Y-26.520408 Z6.078431 F1000
G01 X82.438776 Y-26.520408 Z1.803922 F1000
G01 X82.336735 Y-26.520408 Z1.72549 F1000
G01 X82.234694 Y-26.520408 Z1.72549 F1000
G01 X82.132653 Y-26.520408 Z1.686275 F1000
G01 X82.030612 Y-26.520408 Z1.607843 F1000
G01 X81.214286 Y-26.520408 Z1.607843 F1000
G01 X81.112245 Y-26.520408 Z1.529412 F1000
G01 X80.908163 Y-26.520408 Z1.529412 F1000
G01 X80.806122 Y-26.520408 Z1.607843 F1000
G01 X80.704082 Y-26.520408 Z1.607843 F1000
G01 X80.602041 Y-26.520408 Z2.509804 F1000
G01 X80.5 Y-26.520408 Z5.960784 F1000
G01 X80.397959 Y-26.520408 Z9.568627 F1000
G01 X80.295918 Y-26.520408 Z9.607843 F1000
G01 X80.193878 Y-26.520408 Z10 F1000
G01 X70.397959 Y-26.520408 Z10 F1000
G01 X70.295918 Y-26.520408 Z9.882353 F1000
G01 X69.989796 Y-26.520408 Z9.882353 F1000
G01 X69.887755 Y-26.520408 Z9.254902 F1000
G01 X69.785714 Y-26.520408 Z8.470588 F1000
G01 X69.683673 Y-26.520408 Z4.941176 F1000
G01 X69.581633 Y-26.520408 Z2.705882 F1000
G01 X69.479592 Y-26.520408 Z1.490196 F1000
G01 X69.27551 Y-26.520408 Z1.490196 F1000
G01 X69.173469 Y-26.520408 Z1.45098 F1000
G01 X68.663265 Y-26.520408 Z1.45098 F1000
G01 X68.561224 Y-26.520408 Z1.333333 F1000
G01 X68.255102 Y-26.520408 Z1.333333 F1000
G01 X68.153061 Y-26.520408 Z1.529412 F1000
G01 X67.846939 Y-26.520408 Z1.529412 F1000
G01 X67.744898 Y-26.520408 Z1.647059 F1000
G01 X67.234694 Y-26.520408 Z1.647059 F1000
G01 X67.132653 Y-26.520408 Z4.27451 F1000
G01 X67.030612 Y-26.520408 Z8.235294 F1000
G01 X66.928571 Y-26.520408 Z10 F1000
G01 X63.255102 Y-26.520408 Z10 F1000
G01 X63.153061 Y-26.520408 Z9.960784 F1000
G01 X62.540816 Y-26.520408 Z9.960784 F1000
G01 X62.438776 Y-26.520408 Z10 F1000
G01 X61.418367 Y-26.520408 Z10 F1000
G01 X61.316327 Y-26.520408 Z5.529412 F1000
G01 X61.214286 Y-26.520408 Z1.568627 F1000
G01 X61.112245 Y-26.520408 Z1.568627 F1000
G01 X61.010204 Y-26.520408 Z1.490196 F1000
G01 X60.908163 Y-26.520408 Z1.490196 F1000
G01 X60.806122 Y-26.520408 Z1.372549 F1000
G01 X60.704082 Y-26.520408 Z1.333333 F1000
G01 X60.091837 Y-26.520408 Z1.333333 F1000
G01 X59.989796 Y-26.520408 Z1.490196 F1000
G01 X59.887755 Y-26.520408 Z1.529412 F1000
G01 X59.785714 Y-26.520408 Z1.686275 F1000
G01 X59.683673 Y-26.520408 Z1.843137 F1000
G01 X59.581633 Y-26.520408 Z7.72549 F1000
G01 X59.479592 Y-26.520408 Z10 F1000
G01 X58.357143 Y-26.520408 Z10 F1000
G01 X58.255102 Y-26.520408 Z9.960784 F1000
G01 X42.030612 Y-26.520408 Z9.960784 F1000
G01 X41.928571 Y-26.520408 Z10 F1000
G01 X40.5 Y-26.520408 Z10 F1000
G01 X40.397959 Y-26.520408 Z8.823529 F1000
G01 X40.295918 Y-26.520408 Z2.509804 F1000
G01 X40.193878 Y-26.520408 Z1.529412 F1000
G01 X39.887755 Y-26.520408 Z1.529412 F1000
G01 X39.785714 Y-26.520408 Z1.411765 F1000
G01 X39.581633 Y-26.520408 Z1.411765 F1000
G01 X39.479592 Y-26.520408 Z1.333333 F1000
G01 X38.867347 Y-26.520408 Z1.333333 F1000
G01 X38.765306 Y-26.520408 Z1.411765 F1000
G01 X38.663265 Y-26.520408 Z4.54902 F1000
G01 X38.561224 Y-26.520408 Z9.529412 F1000
G01 X38.459184 Y-26.520408 Z10 F1000
G01 X37.132653 Y-26.520408 Z10 F1000
G01 X37.030612 Y-26.520408 Z9.960784 F1000
G01 X36.418367 Y-26.520408 Z9.960784 F1000
G01 X36.316327 Y-26.520408 Z10 F1000
G01 X33.357143 Y-26.520408 Z10 F1000
G01 X33.255102 Y-26.520408 Z9.960784 F1000
G01 X33.153061 Y-26.520408 Z9.72549 F1000
G01 X33.05102 Y-26.520408 Z9.294118 F1000
G01 X32.94898 Y-26.520408 Z8.745098 F1000
G01 X32.846939 Y-26.520408 Z5.098039 F1000
G01 X32.744898 Y-26.520408 Z2.039216 F1000
G01 X32.642857 Y-26.520408 Z1.647059 F1000
G01 X32.540816 Y-26.520408 Z1.647059 F1000
G01 X32.438776 Y-26.520408 Z1.490196 F1000
G01 X32.336735 Y-26.520408 Z1.568627 F1000
G01 X31.316327 Y-26.520408 Z1.568627 F1000
G01 X31.214286 Y-26.520408 Z1.45098 F1000
G01 X30.908163 Y-26.520408 Z1.45098 F1000
G01 X30.806122 Y-26.520408 Z1.411765 F1000
G01 X30.704082 Y-26.520408 Z1.529412 F1000
G01 X30.602041 Y-26.520408 Z1.568627 F1000
G01 X30.5 Y-26.520408 Z1.568627 F1000
G01 X30.397959 Y-26.520408 Z1.960784 F1000
G01 X30.295918 Y-26.520408 Z4.117647 F1000
G01 X30.193878 Y-26.520408 Z7.098039 F1000
G01 X30.091837 Y-26.520408 Z9.372549 F1000
G01 X29.989796 Y-26.520408 Z10 F1000
G01 X19.785714 Y-26.520408 Z10 F1000
G01 X19.683673 Y-26.520408 Z9.568627 F1000
G01 X19.581633 Y-26.520408 Z6.627451 F1000
G01 X19.479592 Y-26.520408 Z2.823529 F1000
G01 X19.377551 Y-26.520408 Z1.686275 F1000
G01 X18.561224 Y-26.520408 Z1.686275 F1000
G01 X18.459184 Y-26.520408 Z1.333333 F1000
G01 X18.357143 Y-26.520408 Z1.568627 F1000
G01 X17.744898 Y-26.520408 Z1.568627 F1000
G01 X17.642857 Y-26.520408 Z1.882353 F1000
G01 X17.540816 Y-26.520408 Z5.490196 F1000
G01 X17.438776 Y-26.520408 Z9.137255 F1000
G01 X17.336735 Y-26.520408 Z10 F1000
G01 X14.377551 Y-26.520408 Z10 F1000
G01 X14.27551 Y-26.520408 Z9.960784 F1000
G01 X0.5 Y-26.520408 Z9.960784 F1000
G01 X0.5 Y-26.622449 Z9.960784 F1000
G01 X0.5 Y-26.72449 Z9.960784 F1000
G01 X0.5 Y-26.826531 Z9.960784 F1000
G01 X0.5 Y-26.928571 Z9.960784 F1000
G01 X0.5 Y-27.030612 Z9.960784 F1000
G01 X14.27551 Y-27.030612 Z9.960784 F1000
G01 X14.377551 Y-27.030612 Z10 F1000
G01 X16.72449 Y-27.030612 Z10 F1000
G01 X16.826531 Y-27.030612 Z9.568627 F1000
G01 X16.928571 Y-27.030612 Z7.176471 F1000
G01 X17.030612 Y-27.030612 Z2.745098 F1000
G01 X17.132653 Y-27.030612 Z1.803922 F1000
G01 X17.540816 Y-27.030612 Z1.803922 F1000
G01 X17.642857 Y-27.030612 Z1.647059 F1000
G01 X17.744898 Y-27.030612 Z1.333333 F1000
G01 X18.357143 Y-27.030612 Z1.333333 F1000
G01 X18.459184 Y-27.030612 Z1.529412 F1000
G01 X18.561224 Y-27.030612 Z1.686275 F1000
G01 X18.663265 Y-27.030612 Z1.72549 F1000
G01 X18.765306 Y-27.030612 Z1.843137 F1000
G01 X18.867347 Y-27.030612 Z3.176471 F1000
G01 X18.969388 Y-27.030612 Z6.745098 F1000
G01 X19.071429 Y-27.030612 Z9.411765 F1000
G01 X19.173469 Y-27.030612 Z10 F1000
G01 X22.540816 Y-27.030612 Z10 F1000
G01 X22.642857 Y-27.030612 Z9.960784 F1000
G01 X27.234694 Y-27.030612 Z9.960784 F1000
G01 X27.336735 Y-27.030612 Z10 F1000
G01 X31.010204 Y-27.030612 Z10 F1000
G01 X31.112245 Y-27.030612 Z7.333333 F1000
G01 X31.214286 Y-27.030612 Z3.215686 F1000
G01 X31.316327 Y-27.030612 Z1.921569 F1000
G01 X31.418367 Y-27.030612 Z1.921569 F1000
G01 X31.520408 Y-27.030612 Z1.568627 F1000
G01 X32.234694 Y-27.030612 Z1.568627 F1000
G01 X32.336735 Y-27.030612 Z1.333333 F1000
G01 X32.94898 Y-27.030612 Z1.333333 F1000
G01 X33.05102 Y-27.030612 Z1.529412 F1000
G01 X33.255102 Y-27.030612 Z1.529412 F1000
G01 X33.357143 Y-27.030612 Z1.72549 F1000
G01 X33.561224 Y-27.030612 Z1.72549 F1000
G01 X33.663265 Y-27.030612 Z4.039216 F1000
G01 X33.765306 Y-27.030612 Z7.254902 F1000
G01 X33.867347 Y-27.030612 Z9.843137 F1000
G01 X33.969388 Y-27.030612 Z9.921569 F1000
G01 X34.071429 Y-27.030612 Z10 F1000
G01 X36.316327 Y-27.030612 Z10 F1000
G01 X36.418367 Y-27.030612 Z9.960784 F1000
G01 X37.030612 Y-27.030612 Z9.960784 F1000
G01 X37.132653 Y-27.030612 Z10 F1000
G01 X38.357143 Y-27.030612 Z10 F1000
G01 X38.459184 Y-27.030612 Z9.960784 F1000
G01 X38.561224 Y-27.030612 Z9.960784 F1000
G01 X38.663265 Y-27.030612 Z7.960784 F1000
G01 X38.765306 Y-27.030612 Z2 F1000
G01 X38.867347 Y-27.030612 Z1.333333 F1000
G01 X39.581633 Y-27.030612 Z1.333333 F1000
G01 X39.683673 Y-27.030612 Z1.372549 F1000
G01 X40.295918 Y-27.030612 Z1.372549 F1000
G01 X40.397959 Y-27.030612 Z5.647059 F1000
G01 X40.5 Y-27.030612 Z9.960784 F1000
G01 X40.602041 Y-27.030612 Z10 F1000
G01 X42.030612 Y-27.030612 Z10 F1000
G01 X42.132653 Y-27.030612 Z9.960784 F1000
G01 X58.255102 Y-27.030612 Z9.960784 F1000
G01 X58.357143 Y-27.030612 Z10 F1000
G01 X59.377551 Y-27.030612 Z10 F1000
G01 X59.479592 Y-27.030612 Z9.529412 F1000
G01 X59.581633 Y-27.030612 Z4.235294 F1000
G01 X59.683673 Y-27.030612 Z1.686275 F1000
G01 X59.785714 Y-27.030612 Z1.686275 F1000
G01 X59.887755 Y-27.030612 Z1.490196 F1000
G01 X59.989796 Y-27.030612 Z1.490196 F1000
G01 X60.091837 Y-27.030612 Z1.333333 F1000
G01 X60.704082 Y-27.030612 Z1.333333 F1000
G01 X60.806122 Y-27.030612 Z1.372549 F1000
G01 X60.908163 Y-27.030612 Z1.686275 F1000
G01 X61.112245 Y-27.030612 Z1.686275 F1000
G01 X61.214286 Y-27.030612 Z2.980392 F1000
G01 X61.316327 Y-27.030612 Z8.862745 F1000
G01 X61.418367 Y-27.030612 Z10 F1000
G01 X62.336735 Y-27.030612 Z10 F1000
G01 X62.438776 Y-27.030612 Z9.960784 F1000
G01 X63.153061 Y-27.030612 Z9.960784 F1000
G01 X63.255102 Y-27.030612 Z10 F1000
G01 X65.806122 Y-27.030612 Z10 F1000
G01 X65.908163 Y-27.030612 Z9.960784 F1000
G01 X66.010204 Y-27.030612 Z9.843137 F1000
G01 X66.112245 Y-27.030612 Z9.294118 F1000
G01 X66.214286 Y-27.030612 Z6.588235 F1000
G01 X66.316327 Y-27.030612 Z3.333333 F1000
G01 X66.418367 Y-27.030612 Z1.72549 F1000
G01 X66.520408 Y-27.030612 Z1.607843 F1000
G01 X66.826531 Y-27.030612 Z1.607843 F1000
G01 X66.928571 Y-27.030612 Z1.529412 F1000
G01 X67.030612 Y-27.030612 Z1.529412 F1000
G01 X67.132653 Y-27.030612 Z1.490196 F1000
G01 X67.336735 Y-27.030612 Z1.490196 F1000
G01 X67.438776 Y-27.030612 Z1.333333 F1000
G01 X68.05102 Y-27.030612 Z1.333333 F1000
G01 X68.153061 Y-27.030612 Z1.882353 F1000
G01 X68.663265 Y-27.030612 Z1.882353 F1000
G01 X68.765306 Y-27.030612 Z4.509804 F1000
G01 X68.867347 Y-27.030612 Z7.607843 F1000
G01 X68.969388 Y-27.030612 Z9.843137 F1000
G01 X69.071429 Y-27.030612 Z10 F1000
G01 X73.867347 Y-27.030612 Z10 F1000
G01 X73.969388 Y-27.030612 Z9.960784 F1000
G01 X77.030612 Y-27.030612 Z9.960784 F1000
G01 X77.132653 Y-27.030612 Z10 F1000
G01 X80.806122 Y-27.030612 Z10 F1000
G01 X80.908163 Y-27.030612 Z9.882353 F1000
G01 X81.010204 Y-27.030612 Z9.686275 F1000
G01 X81.112245 Y-27.030612 Z6.392157 F1000
G01 X81.214286 Y-27.030612 Z2.27451 F1000
G01 X81.316327 Y-27.030612 Z1.686275 F1000
G01 X81.622449 Y-27.030612 Z1.686275 F1000
G01 X81.72449 Y-27.030612 Z1.647059 F1000
G01 X82.030612 Y-27.030612 Z1.647059 F1000
G01 X82.132653 Y-27.030612 Z1.490196 F1000
G01 X82.234694 Y-27.030612 Z1.647059 F1000
G01 X82.94898 Y-27.030612 Z1.647059 F1000
G01 X83.05102 Y-27.030612 Z3.137255 F1000
G01 X83.153061 Y-27.030612 Z8.235294 F1000
G01 X83.255102 Y-27.030612 Z9.921569 F1000
G01 X83.357143 Y-27.030612 Z10 F1000
G01 X85.295918 Y-27.030612 Z10 F1000
G01 X85.397959 Y-27.030612 Z9.960784 F1000
G01 X99.581633 Y-27.030612 Z9.960784 F1000
G01 X99.581633 Y-27.132653 Z9.960784 F1000
G01 X99.581633 Y-27.234694 Z9.960784 F1000
G01 X99.581633 Y-27.336735 Z9.960784 F1000
G01 X99.581633 Y-27.438776 Z9.960784 F1000
G01 X99.581633 Y-27.540816 Z9.960784 F1000
G01 X86.214286 Y-27.540816 Z9.960784 F1000
G01 X86.112245 Y-27.540816 Z10 F1000
G01 X83.663265 Y-27.540816 Z10 F1000
G01 X83.561224 Y-27.540816 Z6.784314 F1000
G01 X83.459184 Y-27.540816 Z3.215686 F1000
G01 X83.357143 Y-27.540816 Z1.607843 F1000
G01 X83.153061 Y-27.540816 Z1.607843 F1000
G01 X83.05102 Y-27.540816 Z1.490196 F1000
G01 X82.94898 Y-27.540816 Z1.490196 F1000
G01 X82.846939 Y-27.540816 Z1.72549 F1000
G01 X81.928571 Y-27.540816 Z1.72549 F1000
G01 X81.826531 Y-27.540816 Z1.764706 F1000
G01 X81.72449 Y-27.540816 Z3.058824 F1000
G01 X81.622449 Y-27.540816 Z6.470588 F1000
G01 X81.520408 Y-27.540816 Z9.72549 F1000
G01 X81.418367 Y-27.540816 Z10 F1000
G01 X78.765306 Y-27.540816 Z10 F1000
G01 X78.663265 Y-27.540816 Z9.960784 F1000
G01 X71.520408 Y-27.540816 Z9.960784 F1000
G01 X71.418367 Y-27.540816 Z10 F1000
G01 X68.255102 Y-27.540816 Z10 F1000
G01 X68.153061 Y-27.540816 Z9.647059 F1000
G01 X68.05102 Y-27.540816 Z7.882353 F1000
G01 X67.94898 Y-27.540816 Z3.529412 F1000
G01 X67.846939 Y-27.540816 Z1.72549 F1000
G01 X67.438776 Y-27.540816 Z1.72549 F1000
G01 X67.336735 Y-27.540816 Z1.529412 F1000
G01 X66.72449 Y-27.540816 Z1.529412 F1000
G01 X66.622449 Y-27.540816 Z1.490196 F1000
G01 X66.520408 Y-27.540816 Z1.490196 F1000
G01 X66.418367 Y-27.540816 Z1.372549 F1000
G01 X66.112245 Y-27.540816 Z1.372549 F1000
G01 X66.010204 Y-27.540816 Z1.411765 F1000
G01 X65.908163 Y-27.540816 Z1.529412 F1000
G01 X65.806122 Y-27.540816 Z1.607843 F1000
G01 X65.704082 Y-27.540816 Z2 F1000
G01 X65.602041 Y-27.540816 Z5.294118 F1000
G01 X65.5 Y-27.540816 Z9.019608 F1000
G01 X65.397959 Y-27.540816 Z9.921569 F1000
G01 X65.295918 Y-27.540816 Z10 F1000
G01 X61.418367 Y-27.540816 Z10 F1000
G01 X61.316327 Y-27.540816 Z9.843137 F1000
G01 X61.214286 Y-27.540816 Z7.058824 F1000
G01 X61.112245 Y-27.540816 Z1.686275 F1000
G01 X60.908163 Y-27.540816 Z1.686275 F1000
G01 X60.806122 Y-27.540816 Z1.568627 F1000
G01 X60.704082 Y-27.540816 Z1.333333 F1000
G01 X60.091837 Y-27.540816 Z1.333333 F1000
G01 X59.989796 Y-27.540816 Z1.372549 F1000
G01 X59.887755 Y-27.540816 Z1.607843 F1000
G01 X59.683673 Y-27.540816 Z1.607843 F1000
G01 X59.581633 Y-27.540816 Z1.803922 F1000
G01 X59.479592 Y-27.540816 Z7.333333 F1000
G01 X59.377551 Y-27.540816 Z9.921569 F1000
G01 X59.27551 Y-27.540816 Z10 F1000
G01 X58.357143 Y-27.540816 Z10 F1000
G01 X58.255102 Y-27.540816 Z9.960784 F1000
G01 X42.132653 Y-27.540816 Z9.960784 F1000
G01 X42.030612 Y-27.540816 Z10 F1000
G01 X40.704082 Y-27.540816 Z10 F1000
G01 X40.602041 Y-27.540816 Z9.764706 F1000
G01 X40.5 Y-27.540816 Z8.627451 F1000
G01 X40.397959 Y-27.540816 Z2.352941 F1000
G01 X40.295918 Y-27.540816 Z1.333333 F1000
G01 X39.683673 Y-27.540816 Z1.333333 F1000
G01 X39.581633 Y-27.540816 Z1.490196 F1000
G01 X38.867347 Y-27.540816 Z1.490196 F1000
G01 X38.765306 Y-27.540816 Z5.647059 F1000
G01 X38.663265 Y-27.540816 Z9.764706 F1000
G01 X38.561224 Y-27.540816 Z10 F1000
G01 X34.581633 Y-27.540816 Z10 F1000
G01 X34.479592 Y-27.540816 Z8.980392 F1000
G01 X34.377551 Y-27.540816 Z6 F1000
G01 X34.27551 Y-27.540816 Z2.705882 F1000
G01 X34.173469 Y-27.540816 Z1.882353 F1000
G01 X34.071429 Y-27.540816 Z1.607843 F1000
G01 X33.969388 Y-27.540816 Z1.568627 F1000
G01 X33.867347 Y-27.540816 Z1.529412 F1000
G01 X33.765306 Y-27.540816 Z1.333333 F1000
G01 X33.153061 Y-27.540816 Z1.333333 F1000
G01 X33.05102 Y-27.540816 Z1.647059 F1000
G01 X32.132653 Y-27.540816 Z1.647059 F1000
G01 X32.030612 Y-27.540816 Z3.568627 F1000
G01 X31.928571 Y-27.540816 Z6.784314 F1000
G01 X31.826531 Y-27.540816 Z9.411765 F1000
G01 X31.72449 Y-27.540816 Z10 F1000
G01 X28.153061 Y-27.540816 Z10 F1000
G01 X28.05102 Y-27.540816 Z9.960784 F1000
G01 X21.010204 Y-27.540816 Z9.960784 F1000
G01 X20.908163 Y-27.540816 Z10 F1000
G01 X18.663265 Y-27.540816 Z10 F1000
G01 X18.561224 Y-27.540816 Z9.607843 F1000
G01 X18.459184 Y-27.540816 Z7.921569 F1000
G01 X18.357143 Y-27.540816 Z3.45098 F1000
G01 X18.255102 Y-27.540816 Z1.921569 F1000
G01 X18.05102 Y-27.540816 Z1.921569 F1000
G01 X17.94898 Y-27.540816 Z1.803922 F1000
G01 X17.744898 Y-27.540816 Z1.803922 F1000
G01 X17.642857 Y-27.540816 Z1.686275 F1000
G01 X17.540816 Y-27.540816 Z1.333333 F1000
G01 X16.928571 Y-27.540816 Z1.333333 F1000
G01 X16.826531 Y-27.540816 Z1.647059 F1000
G01 X16.72449 Y-27.540816 Z1.803922 F1000
G01 X16.622449 Y-27.540816 Z2.117647 F1000
G01 X16.520408 Y-27.540816 Z6.27451 F1000
G01 X16.418367 Y-27.540816 Z9.607843 F1000
G01 X16.316327 Y-27.540816 Z10 F1000
G01 X14.377551 Y-27.540816 Z10 F1000
G01 X14.27551 Y-27.540816 Z9.960784 F1000
G01 X0.5 Y-27.540816 Z9.960784 F1000
G01 X0.5 Y-27.642857 Z9.960784 F1000
G01 X0.5 Y-27.744898 Z9.960784 F1000
G01 X0.5 Y-27.846939 Z9.960784 F1000
G01 X0.5 Y-27.94898 Z9.960784 F1000
G01 X0.5 Y-28.05102 Z9.960784 F1000
G01 X14.27551 Y-28.05102 Z9.960784 F1000
G01 X14.377551 Y-28.05102 Z10 F1000
G01 X15.806122 Y-28.05102 Z10 F1000
G01 X15.908163 Y-28.05102 Z9.843137 F1000
G01 X16.010204 Y-28.05102 Z9.333333 F1000
G01 X16.112245 Y-28.05102 Z7.254902 F1000
G01 X16.214286 Y-28.05102 Z2.235294 F1000
G01 X16.316327 Y-28.05102 Z1.72549 F1000
G01 X16.622449 Y-28.05102 Z1.72549 F1000
G01 X16.72449 Y-28.05102 Z1.607843 F1000
G01 X16.826531 Y-28.05102 Z1.568627 F1000
G01 X16.928571 Y-28.05102 Z1.333333 F1000
G01 X17.540816 Y-28.05102 Z1.333333 F1000
G01 X17.642857 Y-28.05102 Z1.686275 F1000
G01 X17.744898 Y-28.05102 Z2 F1000
G01 X17.846939 Y-28.05102 Z2 F1000
G01 X17.94898 Y-28.05102 Z5.607843 F1000
G01 X18.05102 Y-28.05102 Z9.294118 F1000
G01 X18.153061 Y-28.05102 Z10 F1000
G01 X20.908163 Y-28.05102 Z10 F1000
G01 X21.010204 Y-28.05102 Z9.960784 F1000
G01 X28.561224 Y-28.05102 Z9.960784 F1000
G01 X28.663265 Y-28.05102 Z10 F1000
G01 X32.438776 Y-28.05102 Z10 F1000
G01 X32.540816 Y-28.05102 Z9.764706 F1000
G01 X32.642857 Y-28.05102 Z7.372549 F1000
G01 X32.744898 Y-28.05102 Z4.078431 F1000
G01 X32.846939 Y-28.05102 Z1.72549 F1000
G01 X32.94898 Y-28.05102 Z1.647059 F1000
G01 X33.05102 Y-28.05102 Z1.647059 F1000
G01 X33.153061 Y-28.05102 Z1.333333 F1000
G01 X33.765306 Y-28.05102 Z1.333333 F1000
G01 X33.867347 Y-28.05102 Z1.45098 F1000
G01 X33.969388 Y-28.05102 Z1.529412 F1000
G01 X34.071429 Y-28.05102 Z1.529412 F1000
G01 X34.173469 Y-28.05102 Z1.647059 F1000
G01 X34.581633 Y-28.05102 Z1.647059 F1000
G01 X34.683673 Y-28.05102 Z1.921569 F1000
G01 X34.785714 Y-28.05102 Z1.921569 F1000
G01 X34.887755 Y-28.05102 Z2.078431 F1000
G01 X34.989796 Y-28.05102 Z5.686275 F1000
G01 X35.091837 Y-28.05102 Z8.980392 F1000
G01 X35.193878 Y-28.05102 Z9.686275 F1000
G01 X35.295918 Y-28.05102 Z10 F1000
G01 X38.663265 Y-28.05102 Z10 F1000
G01 X38.765306 Y-28.05102 Z9.372549 F1000
G01 X38.867347 Y-28.05102 Z3.843137 F1000
G01 X38.969388 Y-28.05102 Z1.607843 F1000
G01 X39.071429 Y-28.05102 Z1.568627 F1000
G01 X39.479592 Y-28.05102 Z1.568627 F1000
G01 X39.581633 Y-28.05102 Z1.490196 F1000
G01 X39.683673 Y-28.05102 Z1.333333 F1000
G01 X40.295918 Y-28.05102 Z1.333333 F1000
G01 X40.397959 Y-28.05102 Z1.490196 F1000
G01 X40.5 Y-28.05102 Z4.078431 F1000
G01 X40.602041 Y-28.05102 Z9.529412 F1000
G01 X40.704082 Y-28.05102 Z10 F1000
G01 X42.030612 Y-28.05102 Z10 F1000
G01 X42.132653 Y-28.05102 Z9.960784 F1000
G01 X59.173469 Y-28.05102 Z9.960784 F1000
G01 X59.27551 Y-28.05102 Z9.921569 F1000
G01 X59.377551 Y-28.05102 Z9.019608 F1000
G01 X59.479592 Y-28.05102 Z2.941176 F1000
G01 X59.581633 Y-28.05102 Z1.607843 F1000
G01 X59.887755 Y-28.05102 Z1.607843 F1000
G01 X59.989796 Y-28.05102 Z1.490196 F1000
G01 X60.091837 Y-28.05102 Z1.333333 F1000
G01 X60.704082 Y-28.05102 Z1.333333 F1000
G01 X60.806122 Y-28.05102 Z1.568627 F1000
G01 X60.908163 Y-28.05102 Z1.568627 F1000
G01 X61.010204 Y-28.05102 Z1.607843 F1000
G01 X61.112245 Y-28.05102 Z5.411765 F1000
G01 X61.214286 Y-28.05102 Z9.607843 F1000
G01 X61.316327 Y-28.05102 Z10 F1000
G01 X64.683673 Y-28.05102 Z10 F1000
G01 X64.785714 Y-28.05102 Z9.568627 F1000
G01 X64.887755 Y-28.05102 Z8.431373 F1000
G01 X64.989796 Y-28.05102 Z4.823529 F1000
G01 X65.091837 Y-28.05102 Z1.960784 F1000
G01 X65.602041 Y-28.05102 Z1.960784 F1000
G01 X65.704082 Y-28.05102 Z1.411765 F1000
G01 X65.806122 Y-28.05102 Z1.411765 F1000
G01 X65.908163 Y-28.05102 Z1.372549 F1000
G01 X66.010204 Y-28.05102 Z1.333333 F1000
G01 X66.418367 Y-28.05102 Z1.333333 F1000
G01 X66.520408 Y-28.05102 Z1.490196 F1000
G01 X66.622449 Y-28.05102 Z1.490196 F1000
G01 X66.72449 Y-28.05102 Z1.529412 F1000
G01 X66.826531 Y-28.05102 Z1.607843 F1000
G01 X67.030612 Y-28.05102 Z1.607843 F1000
G01 X67.132653 Y-28.05102 Z2.509804 F1000
G01 X67.234694 Y-28.05102 Z4.156863 F1000
G01 X67.336735 Y-28.05102 Z8.588235 F1000
G01 X67.438776 Y-28.05102 Z9.607843 F1000
G01 X67.540816 Y-28.05102 Z10 F1000
G01 X71.418367 Y-28.05102 Z10 F1000
G01 X71.520408 Y-28.05102 Z9.960784 F1000
G01 X79.377551 Y-28.05102 Z9.960784 F1000
G01 X79.479592 Y-28.05102 Z10 F1000
G01 X81.826531 Y-28.05102 Z10 F1000
G01 X81.928571 Y-28.05102 Z9.921569 F1000
G01 X82.030612 Y-28.05102 Z9.254902 F1000
G01 X82.132653 Y-28.05102 Z4.039216 F1000
G01 X82.234694 Y-28.05102 Z2.431373 F1000
G01 X82.336735 Y-28.05102 Z1.72549 F1000
G01 X82.846939 Y-28.05102 Z1.72549 F1000
G01 X82.94898 Y-28.05102 Z1.372549 F1000
G01 X83.05102 Y-28.05102 Z1.411765 F1000
G01 X83.153061 Y-28.05102 Z1.607843 F1000
G01 X83.561224 Y-28.05102 Z1.607843 F1000
G01 X83.663265 Y-28.05102 Z1.647059 F1000
G01 X83.765306 Y-28.05102 Z1.803922 F1000
G01 X83.867347 Y-28.05102 Z3.647059 F1000
G01 X83.969388 Y-28.05102 Z7.764706 F1000
G01 X84.071429 Y-28.05102 Z9.647059 F1000
G01 X84.173469 Y-28.05102 Z10 F1000
G01 X86.112245 Y-28.05102 Z10 F1000
G01 X86.214286 Y-28.05102 Z9.960784 F1000
G01 X99.581633 Y-28.05102 Z9.960784 F1000
G01 X99.581633 Y-28.153061 Z9.960784 F1000
G01 X99.581633 Y-28.255102 Z9.960784 F1000
G01 X99.581633 Y-28.357143 Z9.960784 F1000
G01 X99.581633 Y-28.459184 Z9.960784 F1000
G01 X99.581633 Y-28.561224 Z9.960784 F1000
G01 X86.214286 Y-28.561224 Z9.960784 F1000
G01 X86.112245 Y-28.561224 Z10 F1000
G01 X84.581633 Y-28.561224 Z10 F1000
G01 X84.479592 Y-28.561224 Z9.686275 F1000
G01 X84.377551 Y-28.561224 Z9.45098 F1000
G01 X84.27551 Y-28.561224 Z4.980392 F1000
G01 X84.173469 Y-28.561224 Z1.803922 F1000
G01 X83.867347 Y-28.561224 Z1.803922 F1000
G01 X83.765306 Y-28.561224 Z1.72549 F1000
G01 X83.663265 Y-28.561224 Z1.411765 F1000
G01 X83.561224 Y-28.561224 Z1.333333 F1000
G01 X82.94898 Y-28.561224 Z1.333333 F1000
G01 X82.846939 Y-28.561224 Z1.686275 F1000
G01 X82.642857 Y-28.561224 Z1.686275 F1000
G01 X82.540816 Y-28.561224 Z5.294118 F1000
G01 X82.438776 Y-28.561224 Z9.490196 F1000
G01 X82.336735 Y-28.561224 Z9.921569 F1000
G01 X82.234694 Y-28.561224 Z10 F1000
G01 X79.989796 Y-28.561224 Z10 F1000
G01 X79.887755 Y-28.561224 Z9.960784 F1000
G01 X69.887755 Y-28.561224 Z9.960784 F1000
G01 X69.785714 Y-28.561224 Z10 F1000
G01 X66.826531 Y-28.561224 Z10 F1000
G01 X66.72449 Y-28.561224 Z9.882353 F1000
G01 X66.622449 Y-28.561224 Z7.058824 F1000
G01 X66.520408 Y-28.561224 Z3.686275 F1000
G01 X66.418367 Y-28.561224 Z1.686275 F1000
G01 X66.214286 Y-28.561224 Z1.686275 F1000
G01 X66.112245 Y-28.561224 Z1.568627 F1000
G01 X66.010204 Y-28.561224 Z1.568627 F1000
G01 X65.908163 Y-28.561224 Z1.529412 F1000
G01 X65.704082 Y-28.561224 Z1.529412 F1000
G01 X65.602041 Y-28.561224 Z1.333333 F1000
G01 X64.989796 Y-28.561224 Z1.333333 F1000
G01 X64.887755 Y-28.561224 Z1.45098 F1000
G01 X64.785714 Y-28.561224 Z1.764706 F1000
G01 X64.581633 Y-28.561224 Z1.764706 F1000
G01 X64.479592 Y-28.561224 Z2.509804 F1000
G01 X64.377551 Y-28.561224 Z6.156863 F1000
G01 X64.27551 Y-28.561224 Z9.098039 F1000
G01 X64.173469 Y-28.561224 Z10 F1000
G01 X61.214286 Y-28.561224 Z10 F1000
G01 X61.112245 Y-28.561224 Z9.764706 F1000
G01 X61.010204 Y-28.561224 Z4.156863 F1000
G01 X60.908163 Y-28.561224 Z1.803922 F1000
G01 X60.806122 Y-28.561224 Z1.45098 F1000
G01 X60.704082 Y-28.561224 Z1.333333 F1000
G01 X60.091837 Y-28.561224 Z1.333333 F1000
G01 X59.989796 Y-28.561224 Z1.490196 F1000
G01 X59.887755 Y-28.561224 Z1.490196 F1000
G01 X59.785714 Y-28.561224 Z1.607843 F1000
G01 X59.479592 Y-28.561224 Z1.607843 F1000
G01 X59.377551 Y-28.561224 Z4.901961 F1000
G01 X59.27551 Y-28.561224 Z9.647059 F1000
G01 X59.173469 Y-28.561224 Z9.960784 F1000
G01 X59.071429 Y-28.561224 Z9.960784 F1000
G01 X58.969388 Y-28.561224 Z10 F1000
G01 X57.540816 Y-28.561224 Z10 F1000
G01 X57.438776 Y-28.561224 Z9.960784 F1000
G01 X42.132653 Y-28.561224 Z9.960784 F1000
G01 X42.030612 Y-28.561224 Z10 F1000
G01 X40.704082 Y-28.561224 Z10 F1000
G01 X40.602041 Y-28.561224 Z6 F1000
G01 X40.5 Y-28.561224 Z1.490196 F1000
G01 X40.397959 Y-28.561224 Z1.490196 F1000
G01 X40.295918 Y-28.561224 Z1.333333 F1000
G01 X39.683673 Y-28.561224 Z1.333333 F1000
G01 X39.581633 Y-28.561224 Z1.45098 F1000
G01 X39.479592 Y-28.561224 Z1.607843 F1000
G01 X39.071429 Y-28.561224 Z1.607843 F1000
G01 X38.969388 Y-28.561224 Z2.862745 F1000
G01 X38.867347 Y-28.561224 Z9.098039 F1000
G01 X38.765306 Y-28.561224 Z9.960784 F1000
G01 X38.663265 Y-28.561224 Z10 F1000
G01 X36.010204 Y-28.561224 Z10 F1000
G01 X35.908163 Y-28.561224 Z9.960784 F1000
G01 X35.806122 Y-28.561224 Z9.882353 F1000
G01 X35.704082 Y-28.561224 Z9.647059 F1000
G01 X35.602041 Y-28.561224 Z6.705882 F1000
G01 X35.5 Y-28.561224 Z2.235294 F1000
G01 X35.397959 Y-28.561224 Z1.921569 F1000
G01 X34.683673 Y-28.561224 Z1.921569 F1000
G01 X34.581633 Y-28.561224 Z1.333333 F1000
G01 X33.969388 Y-28.561224 Z1.333333 F1000
G01 X33.867347 Y-28.561224 Z1.607843 F1000
G01 X33.561224 Y-28.561224 Z1.607843 F1000
G01 X33.459184 Y-28.561224 Z3.372549 F1000
G01 X33.357143 Y-28.561224 Z6.588235 F1000
G01 X33.255102 Y-28.561224 Z9.058824 F1000
G01 X33.153061 Y-28.561224 Z10 F1000
G01 X29.785714 Y-28.561224 Z10 F1000
G01 X29.683673 Y-28.561224 Z9.960784 F1000
G01 X20.193878 Y-28.561224 Z9.960784 F1000
G01 X20.091837 Y-28.561224 Z10 F1000
G01 X17.846939 Y-28.561224 Z10 F1000
G01 X17.744898 Y-28.561224 Z9.647059 F1000
G01 X17.642857 Y-28.561224 Z9.647059 F1000
G01 X17.540816 Y-28.561224 Z5.686275 F1000
G01 X17.438776 Y-28.561224 Z2.352941 F1000
G01 X17.336735 Y-28.561224 Z1.72549 F1000
G01 X17.132653 Y-28.561224 Z1.72549 F1000
G01 X17.030612 Y-28.561224 Z1.647059 F1000
G01 X16.928571 Y-28.561224 Z1.647059 F1000
G01 X16.826531 Y-28.561224 Z1.607843 F1000
G01 X16.72449 Y-28.561224 Z1.333333 F1000
G01 X16.112245 Y-28.561224 Z1.333333 F1000
G01 X16.010204 Y-28.561224 Z1.568627 F1000
G01 X15.908163 Y-28.561224 Z1.921569 F1000
G01 X15.806122 Y-28.561224 Z3.960784 F1000
G01 X15.704082 Y-28.561224 Z8.941176 F1000
G01 X15.602041 Y-28.561224 Z10 F1000
G01 X13.561224 Y-28.561224 Z10 F1000
G01 X13.459184 Y-28.561224 Z9.960784 F1000
G01 X0.5 Y-28.561224 Z9.960784 F1000
G01 X0.5 Y-28.663265 Z9.960784 F1000
G01 X0.5 Y-28.765306 Z9.960784 F1000
G01 X0.5 Y-28.867347 Z9.960784 F1000
G01 X0.5 Y-28.969388 Z9.960784 F1000
G01 X0.5 Y-29.071429 Z9.960784 F1000
G01 X12.744898 Y-29.071429 Z9.960784 F1000
G01 X12.846939 Y-29.071429 Z10 F1000
G01 X15.091837 Y-29.071429 Z10 F1000
G01 X15.193878 Y-29.071429 Z9.921569 F1000
G01 X15.295918 Y-29.071429 Z9.764706 F1000
G01 X15.397959 Y-29.071429 Z7.607843 F1000
G01 X15.5 Y-29.071429 Z2.588235 F1000
G01 X15.602041 Y-29.071429 Z1.843137 F1000
G01 X15.908163 Y-29.071429 Z1.843137 F1000
G01 X16.010204 Y-29.071429 Z1.607843 F1000
G01 X16.826531 Y-29.071429 Z1.607843 F1000
G01 X16.928571 Y-29.071429 Z1.686275 F1000
G01 X17.030612 Y-29.071429 Z1.686275 F1000
G01 X17.132653 Y-29.071429 Z4.313725 F1000
G01 X17.234694 Y-29.071429 Z8.784314 F1000
G01 X17.336735 Y-29.071429 Z9.803922 F1000
G01 X17.438776 Y-29.071429 Z10 F1000
G01 X19.27551 Y-29.071429 Z10 F1000
G01 X19.377551 Y-29.071429 Z9.960784 F1000
G01 X31.316327 Y-29.071429 Z9.960784 F1000
G01 X31.418367 Y-29.071429 Z10 F1000
G01 X33.663265 Y-29.071429 Z10 F1000
G01 X33.765306 Y-29.071429 Z9.921569 F1000
G01 X33.867347 Y-29.071429 Z9.176471 F1000
G01 X33.969388 Y-29.071429 Z7.647059 F1000
G01 X34.071429 Y-29.071429 Z3.137255 F1000
G01 X34.173469 Y-29.071429 Z1.921569 F1000
G01 X34.581633 Y-29.071429 Z1.921569 F1000
G01 X34.683673 Y-29.071429 Z1.568627 F1000
G01 X35.295918 Y-29.071429 Z1.568627 F1000
G01 X35.397959 Y-29.071429 Z1.490196 F1000
G01 X35.5 Y-29.071429 Z1.411765 F1000
G01 X35.602041 Y-29.071429 Z1.568627 F1000
G01 X35.806122 Y-29.071429 Z1.568627 F1000
G01 X35.908163 Y-29.071429 Z1.764706 F1000
G01 X36.010204 Y-29.071429 Z1.764706 F1000
G01 X36.112245 Y-29.071429 Z4.627451 F1000
G01 X36.214286 Y-29.071429 Z8.431373 F1000
G01 X36.316327 Y-29.071429 Z9.921569 F1000
G01 X36.418367 Y-29.071429 Z10 F1000
G01 X38.867347 Y-29.071429 Z10 F1000
G01 X38.969388 Y-29.071429 Z8.470588 F1000
G01 X39.071429 Y-29.071429 Z2.313725 F1000
G01 X39.173469 Y-29.071429 Z1.72549 F1000
G01 X39.479592 Y-29.071429 Z1.72549 F1000
G01 X39.581633 Y-29.071429 Z1.45098 F1000
G01 X39.683673 Y-29.071429 Z1.333333 F1000
G01 X40.295918 Y-29.071429 Z1.333333 F1000
G01 X40.397959 Y-29.071429 Z1.411765 F1000
G01 X40.5 Y-29.071429 Z1.490196 F1000
G01 X40.602041 Y-29.071429 Z1.686275 F1000
G01 X40.704082 Y-29.071429 Z6.745098 F1000
G01 X40.806122 Y-29.071429 Z10 F1000
G01 X42.030612 Y-29.071429 Z10 F1000
G01 X42.132653 Y-29.071429 Z9.960784 F1000
G01 X57.438776 Y-29.071429 Z9.960784 F1000
G01 X57.540816 Y-29.071429 Z10 F1000
G01 X58.969388 Y-29.071429 Z10 F1000
G01 X59.071429 Y-29.071429 Z9.960784 F1000
G01 X59.173469 Y-29.071429 Z9.921569 F1000
G01 X59.27551 Y-29.071429 Z5.686275 F1000
G01 X59.377551 Y-29.071429 Z1.607843 F1000
G01 X59.785714 Y-29.071429 Z1.607843 F1000
G01 X59.887755 Y-29.071429 Z1.490196 F1000
G01 X59.989796 Y-29.071429 Z1.490196 F1000
G01 X60.091837 Y-29.071429 Z1.333333 F1000
G01 X60.704082 Y-29.071429 Z1.333333 F1000
G01 X60.806122 Y-29.071429 Z1.372549 F1000
G01 X60.908163 Y-29.071429 Z3.764706 F1000
G01 X61.010204 Y-29.071429 Z9.294118 F1000
G01 X61.112245 Y-29.071429 Z10 F1000
G01 X63.561224 Y-29.071429 Z10 F1000
G01 X63.663265 Y-29.071429 Z9.882353 F1000
G01 X63.765306 Y-29.071429 Z7.921569 F1000
G01 X63.867347 Y-29.071429 Z3.803922 F1000
G01 X63.969388 Y-29.071429 Z1.803922 F1000
G01 X64.071429 Y-29.071429 Z1.490196 F1000
G01 X64.173469 Y-29.071429 Z1.333333 F1000
G01 X64.785714 Y-29.071429 Z1.333333 F1000
G01 X64.887755 Y-29.071429 Z1.411765 F1000
G01 X64.989796 Y-29.071429 Z1.411765 F1000
G01 X65.091837 Y-29.071429 Z1.45098 F1000
G01 X65.193878 Y-29.071429 Z1.647059 F1000
G01 X65.5 Y-29.071429 Z1.647059 F1000
G01 X65.602041 Y-29.071429 Z1.960784 F1000
G01 X65.806122 Y-29.071429 Z1.960784 F1000
G01 X65.908163 Y-29.071429 Z4.392157 F1000
G01 X66.010204 Y-29.071429 Z7.921569 F1000
G01 X66.112245 Y-29.071429 Z9.803922 F1000
G01 X66.214286 Y-29.071429 Z10 F1000
G01 X68.153061 Y-29.071429 Z10 F1000
G01 X68.255102 Y-29.071429 Z9.960784 F1000
G01 X80.295918 Y-29.071429 Z9.960784 F1000
G01 X80.397959 Y-29.071429 Z10 F1000
G01 X82.744898 Y-29.071429 Z10 F1000
G01 X82.846939 Y-29.071429 Z8.117647 F1000
G01 X82.94898 Y-29.071429 Z3.529412 F1000
G01 X83.05102 Y-29.071429 Z1.803922 F1000
G01 X83.255102 Y-29.071429 Z1.803922 F1000
G01 X83.357143 Y-29.071429 Z1.568627 F1000
G01 X83.561224 Y-29.071429 Z1.568627 F1000
G01 X83.663265 Y-29.071429 Z1.333333 F1000
G01 X84.377551 Y-29.071429 Z1.333333 F1000
G01 X84.479592 Y-29.071429 Z1.490196 F1000
G01 X84.581633 Y-29.071429 Z3.137255 F1000
G01 X84.683673 Y-29.071429 Z8.823529 F1000
G01 X84.785714 Y-29.071429 Z9.72549 F1000
G01 X84.887755 Y-29.071429 Z9.960784 F1000
G01 X84.989796 Y-29.071429 Z10 F1000
G01 X86.928571 Y-29.071429 Z10 F1000
G01 X87.030612 Y-29.071429 Z9.960784 F1000
G01 X99.581633 Y-29.071429 Z9.960784 F1000
G01 X99.581633 Y-29.173469 Z9.960784 F1000
G01 X99.581633 Y-29.27551 Z9.960784 F1000
G01 X99.581633 Y-29.377551 Z9.960784 F1000
G01 X99.581633 Y-29.479592 Z9.960784 F1000
G01 X99.581633 Y-29.581633 Z9.960784 F1000
G01 X87.030612 Y-29.581633 Z9.960784 F1000
G01 X86.928571 Y-29.581633 Z10 F1000
G01 X85.091837 Y-29.581633 Z10 F1000
G01 X84.989796 Y-29.581633 Z8.54902 F1000
G01 X84.887755 Y-29.581633 Z3.019608 F1000
G01 X84.785714 Y-29.581633 Z1.686275 F1000
G01 X84.683673 Y-29.581633 Z1.607843 F1000
G01 X84.581633 Y-29.581633 Z1.568627 F1000
G01 X84.479592 Y-29.581633 Z1.490196 F1000
G01 X84.377551 Y-29.581633 Z1.333333 F1000
G01 X83.765306 Y-29.581633 Z1.333333 F1000
G01 X83.663265 Y-29.581633 Z1.647059 F1000
G01 X83.561224 Y-29.581633 Z1.647059 F1000
G01 X83.459184 Y-29.581633 Z1.764706 F1000
G01 X83.357143 Y-29.581633 Z1.882353 F1000
G01 X83.255102 Y-29.581633 Z4.745098 F1000
G01 X83.153061 Y-29.581633 Z9.686275 F1000
G01 X83.05102 Y-29.581633 Z9.843137 F1000
G01 X82.94898 Y-29.581633 Z10 F1000
G01 X80.397959 Y-29.581633 Z10 F1000
G01 X80.295918 Y-29.581633 Z9.960784 F1000
G01 X68.255102 Y-29.581633 Z9.960784 F1000
G01 X68.153061 Y-29.581633 Z10 F1000
G01 X65.704082 Y-29.581633 Z10 F1000
G01 X65.602041 Y-29.581633 Z9.921569 F1000
G01 X65.5 Y-29.581633 Z9.686275 F1000
G01 X65.397959 Y-29.581633 Z7.333333 F1000
G01 X65.295918 Y-29.581633 Z3.529412 F1000
G01 X65.193878 Y-29.581633 Z1.882353 F1000
G01 X65.091837 Y-29.581633 Z1.607843 F1000
G01 X64.989796 Y-29.581633 Z1.607843 F1000
G01 X64.887755 Y-29.581633 Z1.45098 F1000
G01 X64.785714 Y-29.581633 Z1.333333 F1000
G01 X64.173469 Y-29.581633 Z1.333333 F1000
G01 X64.071429 Y-29.581633 Z1.490196 F1000
G01 X63.969388 Y-29.581633 Z1.764706 F1000
G01 X63.867347 Y-29.581633 Z1.764706 F1000
G01 X63.765306 Y-29.581633 Z1.843137 F1000
G01 X63.459184 Y-29.581633 Z1.843137 F1000
G01 X63.357143 Y-29.581633 Z2.980392 F1000
G01 X63.255102 Y-29.581633 Z7.45098 F1000
G01 X63.153061 Y-29.581633 Z9.45098 F1000
G01 X63.05102 Y-29.581633 Z10 F1000
G01 X61.010204 Y-29.581633 Z10 F1000
G01 X60.908163 Y-29.581633 Z9.254902 F1000
G01 X60.806122 Y-29.581633 Z3.098039 F1000
G01 X60.704082 Y-29.581633 Z1.333333 F1000
G01 X60.091837 Y-29.581633 Z1.333333 F1000
G01 X59.989796 Y-29.581633 Z1.490196 F1000
G01 X59.377551 Y-29.581633 Z1.490196 F1000
G01 X59.27551 Y-29.581633 Z1.607843 F1000
G01 X59.173469 Y-29.581633 Z6.313725 F1000
G01 X59.071429 Y-29.581633 Z9.647059 F1000
G01 X58.969388 Y-29.581633 Z10 F1000
G01 X57.540816 Y-29.581633 Z10 F1000
G01 X57.438776 Y-29.581633 Z9.960784 F1000
G01 X42.132653 Y-29.581633 Z9.960784 F1000
G01 X42.030612 Y-29.581633 Z10 F1000
G01 X40.908163 Y-29.581633 Z10 F1000
G01 X40.806122 Y-29.581633 Z7.372549 F1000
G01 X40.704082 Y-29.581633 Z1.843137 F1000
G01 X40.602041 Y-29.581633 Z1.607843 F1000
G01 X40.5 Y-29.581633 Z1.490196 F1000
G01 X40.397959 Y-29.581633 Z1.45098 F1000
G01 X40.295918 Y-29.581633 Z1.333333 F1000
G01 X39.683673 Y-29.581633 Z1.333333 F1000
G01 X39.581633 Y-29.581633 Z1.411765 F1000
G01 X39.479592 Y-29.581633 Z1.72549 F1000
G01 X39.27551 Y-29.581633 Z1.72549 F1000
G01 X39.173469 Y-29.581633 Z2.54902 F1000
G01 X39.071429 Y-29.581633 Z8.431373 F1000
G01 X38.969388 Y-29.581633 Z9.960784 F1000
G01 X38.867347 Y-29.581633 Z10 F1000
G01 X36.928571 Y-29.581633 Z10 F1000
G01 X36.826531 Y-29.581633 Z9.921569 F1000
G01 X36.72449 Y-29.581633 Z7.607843 F1000
G01 X36.622449 Y-29.581633 Z3.72549 F1000
G01 X36.520408 Y-29.581633 Z1.72549 F1000
G01 X36.316327 Y-29.581633 Z1.72549 F1000
G01 X36.214286 Y-29.581633 Z1.607843 F1000
G01 X35.908163 Y-29.581633 Z1.607843 F1000
G01 X35.806122 Y-29.581633 Z1.568627 F1000
G01 X35.602041 Y-29.581633 Z1.568627 F1000
G01 X35.5 Y-29.581633 Z1.411765 F1000
G01 X35.397959 Y-29.581633 Z1.490196 F1000
G01 X35.295918 Y-29.581633 Z1.568627 F1000
G01 X34.887755 Y-29.581633 Z1.568627 F1000
G01 X34.785714 Y-29.581633 Z1.764706 F1000
G01 X34.683673 Y-29.581633 Z2.784314 F1000
G01 X34.581633 Y-29.581633 Z7.372549 F1000
G01 X34.479592 Y-29.581633 Z9.333333 F1000
G01 X34.377551 Y-29.581633 Z9.647059 F1000
G01 X34.27551 Y-29.581633 Z10 F1000
G01 X31.418367 Y-29.581633 Z10 F1000
G01 X31.316327 Y-29.581633 Z9.960784 F1000
G01 X19.27551 Y-29.581633 Z9.960784 F1000
G01 X19.173469 Y-29.581633 Z10 F1000
G01 X17.132653 Y-29.581633 Z10 F1000
G01 X17.030612 Y-29.581633 Z9.843137 F1000
G01 X16.928571 Y-29.581633 Z9.686275 F1000
G01 X16.826531 Y-29.581633 Z5.72549 F1000
G01 X16.72449 Y-29.581633 Z2 F1000
G01 X16.622449 Y-29.581633 Z1.607843 F1000
G01 X16.010204 Y-29.581633 Z1.607843 F1000
G01 X15.908163 Y-29.581633 Z1.529412 F1000
G01 X15.806122 Y-29.581633 Z1.568627 F1000
G01 X15.704082 Y-29.581633 Z1.72549 F1000
G01 X15.602041 Y-29.581633 Z1.72549 F1000
G01 X15.5 Y-29.581633 Z1.960784 F1000
G01 X15.295918 Y-29.581633 Z1.960784 F1000
G01 X15.193878 Y-29.581633 Z2.156863 F1000
G01 X15.091837 Y-29.581633 Z7.843137 F1000
G01 X14.989796 Y-29.581633 Z10 F1000
G01 X12.846939 Y-29.581633 Z10 F1000
G01 X12.744898 Y-29.581633 Z9.960784 F1000
G01 X0.5 Y-29.581633 Z9.960784 F1000
G01 X0.5 Y-29.683673 Z9.960784 F1000
G01 X0.5 Y-29.785714 Z9.960784 F1000
G01 X0.5 Y-29.887755 Z9.960784 F1000
G01 X0.5 Y-29.989796 Z9.960784 F1000
G01 X0.5 Y-30.091837 Z9.960784 F1000
G01 X12.642857 Y-30.091837 Z9.960784 F1000
G01 X12.744898 Y-30.091837 Z10 F1000
G01 X14.581633 Y-30.091837 Z10 F1000
G01 X14.683673 Y-30.091837 Z9.921569 F1000
G01 X14.785714 Y-30.091837 Z8.745098 F1000
G01 X14.887755 Y-30.091837 Z3.411765 F1000
G01 X14.989796 Y-30.091837 Z1.647059 F1000
G01 X15.091837 Y-30.091837 Z1.568627 F1000
G01 X15.193878 Y-30.091837 Z1.45098 F1000
G01 X15.295918 Y-30.091837 Z1.333333 F1000
G01 X15.908163 Y-30.091837 Z1.333333 F1000
G01 X16.010204 Y-30.091837 Z1.607843 F1000
G01 X16.112245 Y-30.091837 Z1.647059 F1000
G01 X16.316327 Y-30.091837 Z1.647059 F1000
G01 X16.418367 Y-30.091837 Z1.803922 F1000
G01 X16.520408 Y-30.091837 Z5.882353 F1000
G01 X16.622449 Y-30.091837 Z9.529412 F1000
G01 X16.72449 Y-30.091837 Z10 F1000
G01 X18.459184 Y-30.091837 Z10 F1000
G01 X18.561224 Y-30.091837 Z9.960784 F1000
G01 X32.132653 Y-30.091837 Z9.960784 F1000
G01 X32.234694 Y-30.091837 Z10 F1000
G01 X34.989796 Y-30.091837 Z10 F1000
G01 X35.091837 Y-30.091837 Z8.666667 F1000
G01 X35.193878 Y-30.091837 Z4.117647 F1000
G01 X35.295918 Y-30.091837 Z1.764706 F1000
G01 X35.397959 Y-30.091837 Z1.607843 F1000
G01 X35.5 Y-30.091837 Z1.568627 F1000
G01 X35.602041 Y-30.091837 Z1.568627 F1000
G01 X35.704082 Y-30.091837 Z1.529412 F1000
G01 X36.214286 Y-30.091837 Z1.529412 F1000
G01 X36.316327 Y-30.091837 Z1.72549 F1000
G01 X37.030612 Y-30.091837 Z1.72549 F1000
G01 X37.132653 Y-30.091837 Z3.72549 F1000
G01 X37.234694 Y-30.091837 Z8.117647 F1000
G01 X37.336735 Y-30.091837 Z10 F1000
G01 X39.071429 Y-30.091837 Z10 F1000
G01 X39.173469 Y-30.091837 Z8.392157 F1000
G01 X39.27551 Y-30.091837 Z3.098039 F1000
G01 X39.377551 Y-30.091837 Z2.196078 F1000
G01 X39.479592 Y-30.091837 Z2.196078 F1000
G01 X39.581633 Y-30.091837 Z1.686275 F1000
G01 X39.683673 Y-30.091837 Z1.333333 F1000
G01 X40.295918 Y-30.091837 Z1.333333 F1000
G01 X40.397959 Y-30.091837 Z1.45098 F1000
G01 X40.5 Y-30.091837 Z1.607843 F1000
G01 X40.704082 Y-30.091837 Z1.607843 F1000
G01 X40.806122 Y-30.091837 Z2.078431 F1000
G01 X40.908163 Y-30.091837 Z7.490196 F1000
G01 X41.010204 Y-30.091837 Z9.921569 F1000
G01 X41.112245 Y-30.091837 Z10 F1000
G01 X42.846939 Y-30.091837 Z10 F1000
G01 X42.94898 Y-30.091837 Z9.960784 F1000
G01 X57.438776 Y-30.091837 Z9.960784 F1000
G01 X57.540816 Y-30.091837 Z10 F1000
G01 X58.867347 Y-30.091837 Z10 F1000
G01 X58.969388 Y-30.091837 Z9.960784 F1000
G01 X59.071429 Y-30.091837 Z6.27451 F1000
G01 X59.173469 Y-30.091837 Z1.568627 F1000
G01 X59.27551 Y-30.091837 Z1.333333 F1000
G01 X59.887755 Y-30.091837 Z1.333333 F1000
G01 X59.989796 Y-30.091837 Z1.647059 F1000
G01 X60.295918 Y-30.091837 Z1.647059 F1000
G01 X60.397959 Y-30.091837 Z1.764706 F1000
G01 X60.5 Y-30.091837 Z1.764706 F1000
G01 X60.602041 Y-30.091837 Z1.803922 F1000
G01 X60.704082 Y-30.091837 Z4.039216 F1000
G01 X60.806122 Y-30.091837 Z9.294118 F1000
G01 X60.908163 Y-30.091837 Z10 F1000
G01 X62.540816 Y-30.091837 Z10 F1000
G01 X62.642857 Y-30.091837 Z9.921569 F1000
G01 X62.744898 Y-30.091837 Z7.372549 F1000
G01 X62.846939 Y-30.091837 Z3.490196 F1000
G01 X62.94898 Y-30.091837 Z1.803922 F1000
G01 X63.255102 Y-30.091837 Z1.803922 F1000
G01 X63.357143 Y-30.091837 Z1.333333 F1000
G01 X63.969388 Y-30.091837 Z1.333333 F1000
G01 X64.071429 Y-30.091837 Z1.647059 F1000
G01 X64.173469 Y-30.091837 Z1.882353 F1000
G01 X64.581633 Y-30.091837 Z1.882353 F1000
G01 X64.683673 Y-30.091837 Z2.27451 F1000
G01 X64.785714 Y-30.091837 Z5.137255 F1000
G01 X64.887755 Y-30.091837 Z9.176471 F1000
G01 X64.989796 Y-30.091837 Z10 F1000
G01 X67.336735 Y-30.091837 Z10 F1000
G01 X67.438776 Y-30.091837 Z9.960784 F1000
G01 X81.112245 Y-30.091837 Z9.960784 F1000
G01 X81.214286 Y-30.091837 Z10 F1000
G01 X83.357143 Y-30.091837 Z10 F1000
G01 X83.459184 Y-30.091837 Z9.45098 F1000
G01 X83.561224 Y-30.091837 Z5.019608 F1000
G01 X83.663265 Y-30.091837 Z1.686275 F1000
G01 X84.173469 Y-30.091837 Z1.686275 F1000
G01 X84.27551 Y-30.091837 Z1.607843 F1000
G01 X84.479592 Y-30.091837 Z1.607843 F1000
G01 X84.581633 Y-30.091837 Z1.490196 F1000
G01 X84.683673 Y-30.091837 Z1.607843 F1000
G01 X85.091837 Y-30.091837 Z1.607843 F1000
G01 X85.193878 Y-30.091837 Z4 F1000
G01 X85.295918 Y-30.091837 Z9.215686 F1000
G01 X85.397959 Y-30.091837 Z10 F1000
G01 X86.928571 Y-30.091837 Z10 F1000
G01 X87.030612 Y-30.091837 Z9.960784 F1000
G01 X99.581633 Y-30.091837 Z9.960784 F1000
G01 X99.581633 Y-30.193878 Z9.960784 F1000
G01 X99.581633 Y-30.295918 Z9.960784 F1000
G01 X99.581633 Y-30.397959 Z9.960784 F1000
G01 X99.581633 Y-30.5 Z9.960784 F1000
G01 X99.581633 Y-30.602041 Z9.960784 F1000
G01 X87.744898 Y-30.602041 Z9.960784 F1000
G01 X87.642857 Y-30.602041 Z10 F1000
G01 X85.602041 Y-30.602041 Z10 F1000
G01 X85.5 Y-30.602041 Z8.156863 F1000
G01 X85.397959 Y-30.602041 Z1.843137 F1000
G01 X85.295918 Y-30.602041 Z1.529412 F1000
G01 X84.683673 Y-30.602041 Z1.529412 F1000
G01 X84.581633 Y-30.602041 Z1.45098 F1000
G01 X84.479592 Y-30.602041 Z1.607843 F1000
G01 X84.377551 Y-30.602041 Z1.686275 F1000
G01 X84.173469 Y-30.602041 Z1.686275 F1000
G01 X84.071429 Y-30.602041 Z1.803922 F1000
G01 X83.969388 Y-30.602041 Z1.803922 F1000
G01 X83.867347 Y-30.602041 Z2.941176 F1000
G01 X83.765306 Y-30.602041 Z8.980392 F1000
G01 X83.663265 Y-30.602041 Z9.960784 F1000
G01 X83.561224 Y-30.602041 Z10 F1000
G01 X81.214286 Y-30.602041 Z10 F1000
G01 X81.112245 Y-30.602041 Z9.960784 F1000
G01 X67.336735 Y-30.602041 Z9.960784 F1000
G01 X67.234694 Y-30.602041 Z10 F1000
G01 X64.377551 Y-30.602041 Z10 F1000
G01 X64.27551 Y-30.602041 Z6.117647 F1000
G01 X64.173469 Y-30.602041 Z1.960784 F1000
G01 X64.071429 Y-30.602041 Z1.647059 F1000
G01 X63.969388 Y-30.602041 Z1.568627 F1000
G01 X63.255102 Y-30.602041 Z1.568627 F1000
G01 X63.153061 Y-30.602041 Z1.647059 F1000
G01 X62.438776 Y-30.602041 Z1.647059 F1000
G01 X62.336735 Y-30.602041 Z4.509804 F1000
G01 X62.234694 Y-30.602041 Z8.313725 F1000
G01 X62.132653 Y-30.602041 Z9.921569 F1000
G01 X62.030612 Y-30.602041 Z9.921569 F1000
G01 X61.928571 Y-30.602041 Z10 F1000
G01 X60.908163 Y-30.602041 Z10 F1000
G01 X60.806122 Y-30.602041 Z9.607843 F1000
G01 X60.704082 Y-30.602041 Z7.019608 F1000
G01 X60.602041 Y-30.602041 Z2.54902 F1000
G01 X60.5 Y-30.602041 Z1.764706 F1000
G01 X60.397959 Y-30.602041 Z1.764706 F1000
G01 X60.295918 Y-30.602041 Z1.686275 F1000
G01 X60.091837 Y-30.602041 Z1.686275 F1000
G01 X59.989796 Y-30.602041 Z1.647059 F1000
G01 X59.887755 Y-30.602041 Z1.333333 F1000
G01 X59.27551 Y-30.602041 Z1.333333 F1000
G01 X59.173469 Y-30.602041 Z1.490196 F1000
G01 X59.071429 Y-30.602041 Z1.607843 F1000
G01 X58.969388 Y-30.602041 Z5.803922 F1000
G01 X58.867347 Y-30.602041 Z10 F1000
G01 X57.540816 Y-30.602041 Z10 F1000
G01 X57.438776 Y-30.602041 Z9.960784 F1000
G01 X42.94898 Y-30.602041 Z9.960784 F1000
G01 X42.846939 Y-30.602041 Z10 F1000
G01 X41.214286 Y-30.602041 Z10 F1000
G01 X41.112245 Y-30.602041 Z9.882353 F1000
G01 X41.010204 Y-30.602041 Z7.019608 F1000
G01 X40.908163 Y-30.602041 Z1.72549 F1000
G01 X40.806122 Y-30.602041 Z1.72549 F1000
G01 X40.704082 Y-30.602041 Z1.607843 F1000
G01 X40.5 Y-30.602041 Z1.607843 F1000
G01 X40.397959 Y-30.602041 Z1.490196 F1000
G01 X40.295918 Y-30.602041 Z1.333333 F1000
G01 X39.683673 Y-30.602041 Z1.333333 F1000
G01 X39.581633 Y-30.602041 Z1.686275 F1000
G01 X39.479592 Y-30.602041 Z2.196078 F1000
G01 X39.377551 Y-30.602041 Z2.196078 F1000
G01 X39.27551 Y-30.602041 Z5.803922 F1000
G01 X39.173469 Y-30.602041 Z9.607843 F1000
G01 X39.071429 Y-30.602041 Z10 F1000
G01 X37.94898 Y-30.602041 Z10 F1000
G01 X37.846939 Y-30.602041 Z9.607843 F1000
G01 X37.744898 Y-30.602041 Z9.019608 F1000
G01 X37.642857 Y-30.602041 Z5.058824 F1000
G01 X37.540816 Y-30.602041 Z1.764706 F1000
G01 X37.438776 Y-30.602041 Z1.607843 F1000
G01 X37.132653 Y-30.602041 Z1.607843 F1000
G01 X37.030612 Y-30.602041 Z1.568627 F1000
G01 X36.112245 Y-30.602041 Z1.568627 F1000
G01 X36.010204 Y-30.602041 Z1.607843 F1000
G01 X35.908163 Y-30.602041 Z1.607843 F1000
G01 X35.806122 Y-30.602041 Z2 F1000
G01 X35.704082 Y-30.602041 Z5.176471 F1000
G01 X35.602041 Y-30.602041 Z9.490196 F1000
G01 X35.5 Y-30.602041 Z9.960784 F1000
G01 X35.397959 Y-30.602041 Z9.960784 F1000
G01 X35.295918 Y-30.602041 Z10 F1000
G01 X32.438776 Y-30.602041 Z10 F1000
G01 X32.336735 Y-30.602041 Z9.960784 F1000
G01 X18.561224 Y-30.602041 Z9.960784 F1000
G01 X18.459184 Y-30.602041 Z10 F1000
G01 X16.520408 Y-30.602041 Z10 F1000
G01 X16.418367 Y-30.602041 Z9.921569 F1000
G01 X16.316327 Y-30.602041 Z9.803922 F1000
G01 X16.214286 Y-30.602041 Z4.588235 F1000
G01 X16.112245 Y-30.602041 Z1.764706 F1000
G01 X16.010204 Y-30.602041 Z1.607843 F1000
G01 X15.908163 Y-30.602041 Z1.45098 F1000
G01 X15.193878 Y-30.602041 Z1.45098 F1000
G01 X15.091837 Y-30.602041 Z1.490196 F1000
G01 X14.989796 Y-30.602041 Z1.647059 F1000
G01 X14.683673 Y-30.602041 Z1.647059 F1000
G01 X14.581633 Y-30.602041 Z7.098039 F1000
G01 X14.479592 Y-30.602041 Z9.647059 F1000
G01 X14.377551 Y-30.602041 Z10 F1000
G01 X12.744898 Y-30.602041 Z10 F1000
G01 X12.642857 Y-30.602041 Z9.960784 F1000
G01 X0.5 Y-30.602041 Z9.960784 F1000
G01 X0.5 Y-30.704082 Z9.960784 F1000
G01 X0.5 Y-30.806122 Z9.960784 F1000
G01 X0.5 Y-30.908163 Z9.960784 F1000
G01 X0.5 Y-31.010204 Z9.960784 F1000
G01 X0.5 Y-31.112245 Z9.960784 F1000
G01 X12.642857 Y-31.112245 Z9.960784 F1000
G01 X12.744898 Y-31.112245 Z10 F1000
G01 X14.27551 Y-31.112245 Z10 F1000
G01 X14.377551 Y-31.112245 Z4.980392 F1000
G01 X14.479592 Y-31.112245 Z1.647059 F1000
G01 X14.581633 Y-31.112245 Z1.490196 F1000
G01 X15.091837 Y-31.112245 Z1.490196 F1000
G01 X15.193878 Y-31.112245 Z1.411765 F1000
G01 X15.295918 Y-31.112245 Z1.45098 F1000
G01 X15.397959 Y-31.112245 Z1.529412 F1000
G01 X15.602041 Y-31.112245 Z1.529412 F1000
G01 X15.704082 Y-31.112245 Z1.607843 F1000
G01 X15.806122 Y-31.112245 Z1.72549 F1000
G01 X15.908163 Y-31.112245 Z1.72549 F1000
G01 X16.010204 Y-31.112245 Z6.196078 F1000
G01 X16.112245 Y-31.112245 Z10 F1000
G01 X18.459184 Y-31.112245 Z10 F1000
G01 X18.561224 Y-31.112245 Z9.960784 F1000
G01 X33.765306 Y-31.112245 Z9.960784 F1000
G01 X33.867347 Y-31.112245 Z10 F1000
G01 X36.010204 Y-31.112245 Z10 F1000
G01 X36.112245 Y-31.112245 Z8.823529 F1000
G01 X36.214286 Y-31.112245 Z5.137255 F1000
G01 X36.316327 Y-31.112245 Z1.764706 F1000
G01 X36.418367 Y-31.112245 Z1.568627 F1000
G01 X37.030612 Y-31.112245 Z1.568627 F1000
G01 X37.132653 Y-31.112245 Z1.607843 F1000
G01 X37.94898 Y-31.112245 Z1.607843 F1000
G01 X38.05102 Y-31.112245 Z2.039216 F1000
G01 X38.153061 Y-31.112245 Z7.333333 F1000
G01 X38.255102 Y-31.112245 Z9.607843 F1000
G01 X39.173469 Y-31.112245 Z9.607843 F1000
G01 X39.27551 Y-31.112245 Z5.803922 F1000
G01 X39.377551 Y-31.112245 Z1.764706 F1000
G01 X39.479592 Y-31.112245 Z1.764706 F1000
G01 X39.581633 Y-31.112245 Z1.411765 F1000
G01 X39.683673 Y-31.112245 Z1.333333 F1000
G01 X40.295918 Y-31.112245 Z1.333333 F1000
G01 X40.397959 Y-31.112245 Z1.490196 F1000
G01 X40.704082 Y-31.112245 Z1.490196 F1000
G01 X40.806122 Y-31.112245 Z1.568627 F1000
G01 X40.908163 Y-31.112245 Z1.568627 F1000
G01 X41.010204 Y-31.112245 Z1.803922 F1000
G01 X41.112245 Y-31.112245 Z5.607843 F1000
G01 X41.214286 Y-31.112245 Z9.960784 F1000
G01 X41.316327 Y-31.112245 Z10 F1000
G01 X42.846939 Y-31.112245 Z10 F1000
G01 X42.94898 Y-31.112245 Z9.960784 F1000
G01 X57.438776 Y-31.112245 Z9.960784 F1000
G01 X57.540816 Y-31.112245 Z10 F1000
G01 X58.663265 Y-31.112245 Z10 F1000
G01 X58.765306 Y-31.112245 Z9.686275 F1000
G01 X58.867347 Y-31.112245 Z4.313725 F1000
G01 X58.969388 Y-31.112245 Z1.843137 F1000
G01 X59.071429 Y-31.112245 Z1.568627 F1000
G01 X59.173469 Y-31.112245 Z1.568627 F1000
G01 X59.27551 Y-31.112245 Z1.333333 F1000
G01 X59.887755 Y-31.112245 Z1.333333 F1000
G01 X59.989796 Y-31.112245 Z1.607843 F1000
G01 X60.091837 Y-31.112245 Z1.686275 F1000
G01 X60.5 Y-31.112245 Z1.686275 F1000
G01 X60.602041 Y-31.112245 Z2.54902 F1000
G01 X60.704082 Y-31.112245 Z7.019608 F1000
G01 X60.806122 Y-31.112245 Z9.607843 F1000
G01 X61.72449 Y-31.112245 Z9.607843 F1000
G01 X61.826531 Y-31.112245 Z6.117647 F1000
G01 X61.928571 Y-31.112245 Z2 F1000
G01 X62.132653 Y-31.112245 Z2 F1000
G01 X62.234694 Y-31.112245 Z1.647059 F1000
G01 X62.336735 Y-31.112245 Z1.647059 F1000
G01 X62.438776 Y-31.112245 Z1.568627 F1000
G01 X62.540816 Y-31.112245 Z1.333333 F1000
G01 X63.153061 Y-31.112245 Z1.333333 F1000
G01 X63.255102 Y-31.112245 Z1.764706 F1000
G01 X63.357143 Y-31.112245 Z1.803922 F1000
G01 X63.561224 Y-31.112245 Z1.803922 F1000
G01 X63.663265 Y-31.112245 Z1.960784 F1000
G01 X63.765306 Y-31.112245 Z6.117647 F1000
G01 X63.867347 Y-31.112245 Z9.529412 F1000
G01 X63.969388 Y-31.112245 Z9.882353 F1000
G01 X64.071429 Y-31.112245 Z9.882353 F1000
G01 X64.173469 Y-31.112245 Z10 F1000
G01 X66.520408 Y-31.112245 Z10 F1000
G01 X66.622449 Y-31.112245 Z9.960784 F1000
G01 X82.030612 Y-31.112245 Z9.960784 F1000
G01 X82.132653 Y-31.112245 Z10 F1000
G01 X83.765306 Y-31.112245 Z10 F1000
G01 X83.867347 Y-31.112245 Z9.764706 F1000
G01 X83.969388 Y-31.112245 Z9.764706 F1000
G01 X84.071429 Y-31.112245 Z4.980392 F1000
G01 X84.173469 Y-31.112245 Z1.960784 F1000
G01 X84.377551 Y-31.112245 Z1.960784 F1000
G01 X84.479592 Y-31.112245 Z1.72549 F1000
G01 X84.581633 Y-31.112245 Z1.333333 F1000
G01 X85.193878 Y-31.112245 Z1.333333 F1000
G01 X85.295918 Y-31.112245 Z1.529412 F1000
G01 X85.397959 Y-31.112245 Z1.72549 F1000
G01 X85.5 Y-31.112245 Z1.843137 F1000
G01 X85.602041 Y-31.112245 Z1.843137 F1000
G01 X85.704082 Y-31.112245 Z6.352941 F1000
G01 X85.806122 Y-31.112245 Z9.960784 F1000
G01 X85.908163 Y-31.112245 Z10 F1000
G01 X87.744898 Y-31.112245 Z10 F1000
G01 X87.846939 Y-31.112245 Z9.960784 F1000
G01 X99.581633 Y-31.112245 Z9.960784 F1000
G01 X99.581633 Y-31.214286 Z9.960784 F1000
G01 X99.581633 Y-31.316327 Z9.960784 F1000
G01 X99.581633 Y-31.418367 Z9.960784 F1000
G01 X99.581633 Y-31.520408 Z9.960784 F1000
G01 X99.581633 Y-31.622449 Z9.960784 F1000
G01 X87.846939 Y-31.622449 Z9.960784 F1000
G01 X87.744898 Y-31.622449 Z10 F1000
G01 X86.112245 Y-31.622449 Z10 F1000
G01 X86.010204 Y-31.622449 Z9.803922 F1000
G01 X85.908163 Y-31.622449 Z6.941176 F1000
G01 X85.806122 Y-31.622449 Z1.72549 F1000
G01 X85.397959 Y-31.622449 Z1.72549 F1000
G01 X85.295918 Y-31.622449 Z1.411765 F1000
G01 X85.193878 Y-31.622449 Z1.333333 F1000
G01 X84.581633 Y-31.622449 Z1.333333 F1000
G01 X84.479592 Y-31.622449 Z1.72549 F1000
G01 X84.377551 Y-31.622449 Z1.960784 F1000
G01 X84.27551 Y-31.622449 Z4.666667 F1000
G01 X84.173469 Y-31.622449 Z9.803922 F1000
G01 X84.071429 Y-31.622449 Z9.960784 F1000
G01 X83.969388 Y-31.622449 Z10 F1000
G01 X82.846939 Y-31.622449 Z10 F1000
G01 X82.744898 Y-31.622449 Z9.960784 F1000
G01 X65.806122 Y-31.622449 Z9.960784 F1000
G01 X65.704082 Y-31.622449 Z10 F1000
G01 X63.459184 Y-31.622449 Z10 F1000
G01 X63.357143 Y-31.622449 Z8.862745 F1000
G01 X63.255102 Y-31.622449 Z4.901961 F1000
G01 X63.153061 Y-31.622449 Z1.764706 F1000
G01 X62.438776 Y-31.622449 Z1.764706 F1000
G01 X62.336735 Y-31.622449 Z1.333333 F1000
G01 X59.27551 Y-31.622449 Z1.333333 F1000
G01 X59.173469 Y-31.622449 Z1.568627 F1000
G01 X59.071429 Y-31.622449 Z1.568627 F1000
G01 X58.969388 Y-31.622449 Z1.647059 F1000
G01 X58.867347 Y-31.622449 Z1.647059 F1000
G01 X58.765306 Y-31.622449 Z3.098039 F1000
G01 X58.663265 Y-31.622449 Z8.745098 F1000
G01 X58.561224 Y-31.622449 Z10 F1000
G01 X56.72449 Y-31.622449 Z10 F1000
G01 X56.622449 Y-31.622449 Z9.960784 F1000
G01 X42.94898 Y-31.622449 Z9.960784 F1000
G01 X42.846939 Y-31.622449 Z10 F1000
G01 X41.418367 Y-31.622449 Z10 F1000
G01 X41.316327 Y-31.622449 Z9.568627 F1000
G01 X41.214286 Y-31.622449 Z3.843137 F1000
G01 X41.112245 Y-31.622449 Z1.333333 F1000
G01 X37.234694 Y-31.622449 Z1.333333 F1000
G01 X37.132653 Y-31.622449 Z1.764706 F1000
G01 X36.826531 Y-31.622449 Z1.764706 F1000
G01 X36.72449 Y-31.622449 Z3.764706 F1000
G01 X36.622449 Y-31.622449 Z8.54902 F1000
G01 X36.520408 Y-31.622449 Z10 F1000
G01 X34.683673 Y-31.622449 Z10 F1000
G01 X34.581633 Y-31.622449 Z9.960784 F1000
G01 X17.744898 Y-31.622449 Z9.960784 F1000
G01 X17.642857 Y-31.622449 Z10 F1000
G01 X15.908163 Y-31.622449 Z10 F1000
G01 X15.806122 Y-31.622449 Z5.960784 F1000
G01 X15.704082 Y-31.622449 Z1.843137 F1000
G01 X15.602041 Y-31.622449 Z1.843137 F1000
G01 X15.5 Y-31.622449 Z1.72549 F1000
G01 X15.295918 Y-31.622449 Z1.72549 F1000
G01 X15.193878 Y-31.622449 Z1.568627 F1000
G01 X15.091837 Y-31.622449 Z1.333333 F1000
G01 X14.479592 Y-31.622449 Z1.333333 F1000
G01 X14.377551 Y-31.622449 Z1.529412 F1000
G01 X14.27551 Y-31.622449 Z1.72549 F1000
G01 X14.173469 Y-31.622449 Z5.568627 F1000
G01 X14.071429 Y-31.622449 Z9.960784 F1000
G01 X13.969388 Y-31.622449 Z10 F1000
G01 X12.744898 Y-31.622449 Z10 F1000
G01 X12.642857 Y-31.622449 Z9.960784 F1000
G01 X0.5 Y-31.622449 Z9.960784 F1000
G01 X0.5 Y-31.72449 Z9.960784 F1000
G01 X0.5 Y-31.826531 Z9.960784 F1000
G01 X0.5 Y-31.928571 Z9.960784 F1000
G01 X0.5 Y-32.030612 Z9.960784 F1000
G01 X0.5 Y-32.132653 Z9.960784 F1000
G01 X12.642857 Y-32.132653 Z9.960784 F1000
G01 X12.744898 Y-32.132653 Z10 F1000
G01 X13.867347 Y-32.132653 Z10 F1000
G01 X13.969388 Y-32.132653 Z7.372549 F1000
G01 X14.071429 Y-32.132653 Z1.803922 F1000
G01 X14.173469 Y-32.132653 Z1.72549 F1000
G01 X14.27551 Y-32.132653 Z1.72549 F1000
G01 X14.377551 Y-32.132653 Z1.529412 F1000
G01 X14.479592 Y-32.132653 Z1.333333 F1000
G01 X15.091837 Y-32.132653 Z1.333333 F1000
G01 X15.193878 Y-32.132653 Z1.568627 F1000
G01 X15.295918 Y-32.132653 Z1.72549 F1000
G01 X15.5 Y-32.132653 Z1.72549 F1000
G01 X15.602041 Y-32.132653 Z3.372549 F1000
G01 X15.704082 Y-32.132653 Z9.294118 F1000
G01 X15.806122 Y-32.132653 Z10 F1000
G01 X17.642857 Y-32.132653 Z10 F1000
G01 X17.744898 Y-32.132653 Z9.960784 F1000
G01 X34.581633 Y-32.132653 Z9.960784 F1000
G01 X34.683673 Y-32.132653 Z10 F1000
G01 X36.928571 Y-32.132653 Z10 F1000
G01 X37.030612 Y-32.132653 Z8.901961 F1000
G01 X37.132653 Y-32.132653 Z6.313725 F1000
G01 X37.234694 Y-32.132653 Z1.333333 F1000
G01 X41.112245 Y-32.132653 Z1.333333 F1000
G01 X41.214286 Y-32.132653 Z1.607843 F1000
G01 X41.316327 Y-32.132653 Z2.039216 F1000
G01 X41.418367 Y-32.132653 Z7.490196 F1000
G01 X41.520408 Y-32.132653 Z9.882353 F1000
G01 X41.622449 Y-32.132653 Z9.882353 F1000
G01 X41.72449 Y-32.132653 Z10 F1000
G01 X42.846939 Y-32.132653 Z10 F1000
G01 X42.94898 Y-32.132653 Z9.960784 F1000
G01 X56.622449 Y-32.132653 Z9.960784 F1000
G01 X56.72449 Y-32.132653 Z10 F1000
G01 X58.357143 Y-32.132653 Z10 F1000
G01 X58.459184 Y-32.132653 Z9.921569 F1000
G01 X58.561224 Y-32.132653 Z6.27451 F1000
G01 X58.663265 Y-32.132653 Z1.72549 F1000
G01 X58.765306 Y-32.132653 Z1.568627 F1000
G01 X58.969388 Y-32.132653 Z1.568627 F1000
G01 X59.071429 Y-32.132653 Z1.529412 F1000
G01 X59.173469 Y-32.132653 Z1.529412 F1000
G01 X59.27551 Y-32.132653 Z1.333333 F1000
G01 X62.336735 Y-32.132653 Z1.333333 F1000
G01 X62.438776 Y-32.132653 Z1.764706 F1000
G01 X62.540816 Y-32.132653 Z2 F1000
G01 X62.642857 Y-32.132653 Z2 F1000
G01 X62.744898 Y-32.132653 Z2.156863 F1000
G01 X62.846939 Y-32.132653 Z7.372549 F1000
G01 X62.94898 Y-32.132653 Z9.843137 F1000
G01 X63.05102 Y-32.132653 Z10 F1000
G01 X65.704082 Y-32.132653 Z10 F1000
G01 X65.806122 Y-32.132653 Z9.960784 F1000
G01 X82.744898 Y-32.132653 Z9.960784 F1000
G01 X82.846939 Y-32.132653 Z10 F1000
G01 X84.27551 Y-32.132653 Z10 F1000
G01 X84.377551 Y-32.132653 Z8.470588 F1000
G01 X84.479592 Y-32.132653 Z2.705882 F1000
G01 X84.581633 Y-32.132653 Z1.333333 F1000
G01 X85.295918 Y-32.132653 Z1.333333 F1000
G01 X85.397959 Y-32.132653 Z1.607843 F1000
G01 X85.908163 Y-32.132653 Z1.607843 F1000
G01 X86.010204 Y-32.132653 Z2.54902 F1000
G01 X86.112245 Y-32.132653 Z8.156863 F1000
G01 X86.214286 Y-32.132653 Z10 F1000
G01 X87.744898 Y-32.132653 Z10 F1000
G01 X87.846939 Y-32.132653 Z9.960784 F1000
G01 X99.581633 Y-32.132653 Z9.960784 F1000
G01 X99.581633 Y-32.234694 Z9.960784 F1000
G01 X99.581633 Y-32.336735 Z9.960784 F1000
G01 X99.581633 Y-32.438776 Z9.960784 F1000
G01 X99.581633 Y-32.540816 Z9.960784 F1000
G01 X99.581633 Y-32.642857 Z9.960784 F1000
G01 X87.846939 Y-32.642857 Z9.960784 F1000
G01 X87.744898 Y-32.642857 Z10 F1000
G01 X86.418367 Y-32.642857 Z10 F1000
G01 X86.316327 Y-32.642857 Z9.882353 F1000
G01 X86.214286 Y-32.642857 Z5.764706 F1000
G01 X86.112245 Y-32.642857 Z1.45098 F1000
G01 X86.010204 Y-32.642857 Z1.333333 F1000
G01 X85.397959 Y-32.642857 Z1.333333 F1000
G01 X85.295918 Y-32.642857 Z1.411765 F1000
G01 X85.193878 Y-32.642857 Z1.607843 F1000
G01 X84.683673 Y-32.642857 Z1.607843 F1000
G01 X84.581633 Y-32.642857 Z4 F1000
G01 X84.479592 Y-32.642857 Z9.490196 F1000
G01 X84.377551 Y-32.642857 Z10 F1000
G01 X82.846939 Y-32.642857 Z10 F1000
G01 X82.744898 Y-32.642857 Z9.960784 F1000
G01 X64.989796 Y-32.642857 Z9.960784 F1000
G01 X64.887755 Y-32.642857 Z10 F1000
G01 X62.642857 Y-32.642857 Z10 F1000
G01 X62.540816 Y-32.642857 Z9.960784 F1000
G01 X62.438776 Y-32.642857 Z8.509804 F1000
G01 X62.336735 Y-32.642857 Z3.72549 F1000
G01 X62.234694 Y-32.642857 Z1.686275 F1000
G01 X61.72449 Y-32.642857 Z1.686275 F1000
G01 X61.622449 Y-32.642857 Z1.45098 F1000
G01 X61.520408 Y-32.642857 Z1.333333 F1000
G01 X59.27551 Y-32.642857 Z1.333333 F1000
G01 X59.173469 Y-32.642857 Z1.372549 F1000
G01 X59.071429 Y-32.642857 Z1.529412 F1000
G01 X58.561224 Y-32.642857 Z1.529412 F1000
G01 X58.459184 Y-32.642857 Z3.490196 F1000
G01 X58.357143 Y-32.642857 Z8.941176 F1000
G01 X58.255102 Y-32.642857 Z9.921569 F1000
G01 X58.153061 Y-32.642857 Z10 F1000
G01 X56.72449 Y-32.642857 Z10 F1000
G01 X56.622449 Y-32.642857 Z9.960784 F1000
G01 X42.94898 Y-32.642857 Z9.960784 F1000
G01 X42.846939 Y-32.642857 Z10 F1000
G01 X41.72449 Y-32.642857 Z10 F1000
G01 X41.622449 Y-32.642857 Z9.607843 F1000
G01 X41.520408 Y-32.642857 Z4.745098 F1000
G01 X41.418367 Y-32.642857 Z1.686275 F1000
G01 X41.316327 Y-32.642857 Z1.686275 F1000
G01 X41.214286 Y-32.642857 Z1.490196 F1000
G01 X41.112245 Y-32.642857 Z1.333333 F1000
G01 X37.94898 Y-32.642857 Z1.333333 F1000
G01 X37.846939 Y-32.642857 Z2.039216 F1000
G01 X37.744898 Y-32.642857 Z2.039216 F1000
G01 X37.642857 Y-32.642857 Z2.509804 F1000
G01 X37.540816 Y-32.642857 Z7.843137 F1000
G01 X37.438776 Y-32.642857 Z10 F1000
G01 X35.5 Y-32.642857 Z10 F1000
G01 X35.397959 Y-32.642857 Z9.960784 F1000
G01 X17.744898 Y-32.642857 Z9.960784 F1000
G01 X17.642857 Y-32.642857 Z10 F1000
G01 X15.704082 Y-32.642857 Z10 F1000
G01 X15.602041 Y-32.642857 Z9.843137 F1000
G01 X15.5 Y-32.642857 Z5.137255 F1000
G01 X15.397959 Y-32.642857 Z1.686275 F1000
G01 X15.295918 Y-32.642857 Z1.607843 F1000
G01 X15.193878 Y-32.642857 Z1.411765 F1000
G01 X15.091837 Y-32.642857 Z1.333333 F1000
G01 X14.479592 Y-32.642857 Z1.333333 F1000
G01 X14.377551 Y-32.642857 Z1.372549 F1000
G01 X14.27551 Y-32.642857 Z1.686275 F1000
G01 X14.071429 Y-32.642857 Z1.686275 F1000
G01 X13.969388 Y-32.642857 Z1.72549 F1000
G01 X13.867347 Y-32.642857 Z4.666667 F1000
G01 X13.765306 Y-32.642857 Z9.647059 F1000
G01 X13.663265 Y-32.642857 Z10 F1000
G01 X12.030612 Y-32.642857 Z10 F1000
G01 X11.928571 Y-32.642857 Z9.960784 F1000
G01 X0.5 Y-32.642857 Z9.960784 F1000
G01 X0.5 Y-32.744898 Z9.960784 F1000
G01 X0.5 Y-32.846939 Z9.960784 F1000
G01 X0.5 Y-32.94898 Z9.960784 F1000
G01 X0.5 Y-33.05102 Z9.960784 F1000
G01 X0.5 Y-33.153061 Z9.960784 F1000
G01 X11.928571 Y-33.153061 Z9.960784 F1000
G01 X12.030612 Y-33.153061 Z10 F1000
G01 X13.561224 Y-33.153061 Z10 F1000
G01 X13.663265 Y-33.153061 Z9.647059 F1000
G01 X13.765306 Y-33.153061 Z3.647059 F1000
G01 X13.867347 Y-33.153061 Z1.72549 F1000
G01 X13.969388 Y-33.153061 Z1.72549 F1000
G01 X14.071429 Y-33.153061 Z1.529412 F1000
G01 X14.173469 Y-33.153061 Z1.529412 F1000
G01 X14.27551 Y-33.153061 Z1.490196 F1000
G01 X14.377551 Y-33.153061 Z1.411765 F1000
G01 X14.479592 Y-33.153061 Z1.333333 F1000
G01 X15.091837 Y-33.153061 Z1.333333 F1000
G01 X15.193878 Y-33.153061 Z1.529412 F1000
G01 X15.295918 Y-33.153061 Z1.607843 F1000
G01 X15.397959 Y-33.153061 Z4.784314 F1000
G01 X15.5 Y-33.153061 Z9.72549 F1000
G01 X15.602041 Y-33.153061 Z9.921569 F1000
G01 X15.704082 Y-33.153061 Z10 F1000
G01 X16.826531 Y-33.153061 Z10 F1000
G01 X16.928571 Y-33.153061 Z9.960784 F1000
G01 X35.397959 Y-33.153061 Z9.960784 F1000
G01 X35.5 Y-33.153061 Z10 F1000
G01 X37.744898 Y-33.153061 Z10 F1000
G01 X37.846939 Y-33.153061 Z9.921569 F1000
G01 X37.94898 Y-33.153061 Z8.039216 F1000
G01 X38.05102 Y-33.153061 Z3.843137 F1000
G01 X38.153061 Y-33.153061 Z1.843137 F1000
G01 X38.663265 Y-33.153061 Z1.843137 F1000
G01 X38.765306 Y-33.153061 Z1.333333 F1000
G01 X41.112245 Y-33.153061 Z1.333333 F1000
G01 X41.214286 Y-33.153061 Z1.490196 F1000
G01 X41.316327 Y-33.153061 Z1.686275 F1000
G01 X41.622449 Y-33.153061 Z1.686275 F1000
G01 X41.72449 Y-33.153061 Z7.490196 F1000
G01 X41.826531 Y-33.153061 Z10 F1000
G01 X43.459184 Y-33.153061 Z10 F1000
G01 X43.561224 Y-33.153061 Z9.960784 F1000
G01 X56.112245 Y-33.153061 Z9.960784 F1000
G01 X56.214286 Y-33.153061 Z10 F1000
G01 X58.153061 Y-33.153061 Z10 F1000
G01 X58.255102 Y-33.153061 Z6.078431 F1000
G01 X58.357143 Y-33.153061 Z1.529412 F1000
G01 X58.459184 Y-33.153061 Z1.333333 F1000
G01 X60.806122 Y-33.153061 Z1.333333 F1000
G01 X60.908163 Y-33.153061 Z1.568627 F1000
G01 X61.214286 Y-33.153061 Z1.568627 F1000
G01 X61.316327 Y-33.153061 Z1.607843 F1000
G01 X61.622449 Y-33.153061 Z1.607843 F1000
G01 X61.72449 Y-33.153061 Z1.960784 F1000
G01 X61.826531 Y-33.153061 Z1.960784 F1000
G01 X61.928571 Y-33.153061 Z4.078431 F1000
G01 X62.030612 Y-33.153061 Z8.588235 F1000
G01 X62.132653 Y-33.153061 Z9.647059 F1000
G01 X62.234694 Y-33.153061 Z9.960784 F1000
G01 X62.336735 Y-33.153061 Z9.960784 F1000
G01 X62.438776 Y-33.153061 Z10 F1000
G01 X64.071429 Y-33.153061 Z10 F1000
G01 X64.173469 Y-33.153061 Z9.960784 F1000
G01 X82.744898 Y-33.153061 Z9.960784 F1000
G01 X82.846939 Y-33.153061 Z10 F1000
G01 X84.479592 Y-33.153061 Z10 F1000
G01 X84.581633 Y-33.153061 Z9.294118 F1000
G01 X84.683673 Y-33.153061 Z3.411765 F1000
G01 X84.785714 Y-33.153061 Z1.607843 F1000
G01 X85.193878 Y-33.153061 Z1.607843 F1000
G01 X85.295918 Y-33.153061 Z1.411765 F1000
G01 X85.397959 Y-33.153061 Z1.333333 F1000
G01 X86.010204 Y-33.153061 Z1.333333 F1000
G01 X86.112245 Y-33.153061 Z1.529412 F1000
G01 X86.214286 Y-33.153061 Z1.568627 F1000
G01 X86.316327 Y-33.153061 Z4.745098 F1000
G01 X86.418367 Y-33.153061 Z9.764706 F1000
G01 X86.520408 Y-33.153061 Z10 F1000
G01 X87.744898 Y-33.153061 Z10 F1000
G01 X87.846939 Y-33.153061 Z9.960784 F1000
G01 X99.581633 Y-33.153061 Z9.960784 F1000
G01 X99.581633 Y-33.255102 Z9.960784 F1000
G01 X99.581633 Y-33.357143 Z9.960784 F1000
G01 X99.581633 Y-33.459184 Z9.960784 F1000
G01 X99.581633 Y-33.561224 Z9.960784 F1000
G01 X99.581633 Y-33.663265 Z9.960784 F1000
G01 X87.846939 Y-33.663265 Z9.960784 F1000
G01 X87.744898 Y-33.663265 Z10 F1000
G01 X86.622449 Y-33.663265 Z10 F1000
G01 X86.520408 Y-33.663265 Z9.72549 F1000
G01 X86.418367 Y-33.663265 Z6.078431 F1000
G01 X86.316327 Y-33.663265 Z1.529412 F1000
G01 X86.112245 Y-33.663265 Z1.529412 F1000
G01 X86.010204 Y-33.663265 Z1.333333 F1000
G01 X85.397959 Y-33.663265 Z1.333333 F1000
G01 X85.295918 Y-33.663265 Z1.45098 F1000
G01 X85.193878 Y-33.663265 Z1.45098 F1000
G01 X85.091837 Y-33.663265 Z1.490196 F1000
G01 X84.989796 Y-33.663265 Z1.490196 F1000
G01 X84.887755 Y-33.663265 Z1.529412 F1000
G01 X84.785714 Y-33.663265 Z1.529412 F1000
G01 X84.683673 Y-33.663265 Z7.686275 F1000
G01 X84.581633 Y-33.663265 Z10 F1000
G01 X82.846939 Y-33.663265 Z10 F1000
G01 X82.744898 Y-33.663265 Z9.960784 F1000
G01 X64.173469 Y-33.663265 Z9.960784 F1000
G01 X64.071429 Y-33.663265 Z10 F1000
G01 X61.928571 Y-33.663265 Z10 F1000
G01 X61.826531 Y-33.663265 Z9.960784 F1000
G01 X61.72449 Y-33.663265 Z9.764706 F1000
G01 X61.622449 Y-33.663265 Z8.941176 F1000
G01 X61.520408 Y-33.663265 Z4.117647 F1000
G01 X61.418367 Y-33.663265 Z1.686275 F1000
G01 X60.908163 Y-33.663265 Z1.686275 F1000
G01 X60.806122 Y-33.663265 Z1.568627 F1000
G01 X60.704082 Y-33.663265 Z1.333333 F1000
G01 X58.459184 Y-33.663265 Z1.333333 F1000
G01 X58.357143 Y-33.663265 Z1.490196 F1000
G01 X58.255102 Y-33.663265 Z1.686275 F1000
G01 X58.153061 Y-33.663265 Z2.27451 F1000
G01 X58.05102 Y-33.663265 Z8.588235 F1000
G01 X57.94898 Y-33.663265 Z9.921569 F1000
G01 X57.846939 Y-33.663265 Z10 F1000
G01 X56.214286 Y-33.663265 Z10 F1000
G01 X56.112245 Y-33.663265 Z9.960784 F1000
G01 X43.765306 Y-33.663265 Z9.960784 F1000
G01 X43.663265 Y-33.663265 Z10 F1000
G01 X42.132653 Y-33.663265 Z10 F1000
G01 X42.030612 Y-33.663265 Z9.960784 F1000
G01 X41.928571 Y-33.663265 Z8.862745 F1000
G01 X41.826531 Y-33.663265 Z3.411765 F1000
G01 X41.72449 Y-33.663265 Z1.647059 F1000
G01 X41.418367 Y-33.663265 Z1.647059 F1000
G01 X41.316327 Y-33.663265 Z1.607843 F1000
G01 X41.214286 Y-33.663265 Z1.607843 F1000
G01 X41.112245 Y-33.663265 Z1.333333 F1000
G01 X38.867347 Y-33.663265 Z1.333333 F1000
G01 X38.765306 Y-33.663265 Z1.45098 F1000
G01 X38.663265 Y-33.663265 Z1.843137 F1000
G01 X38.561224 Y-33.663265 Z1.843137 F1000
G01 X38.459184 Y-33.663265 Z3.333333 F1000
G01 X38.357143 Y-33.663265 Z7.960784 F1000
G01 X38.255102 Y-33.663265 Z10 F1000
G01 X35.5 Y-33.663265 Z10 F1000
G01 X35.397959 Y-33.663265 Z9.960784 F1000
G01 X16.928571 Y-33.663265 Z9.960784 F1000
G01 X16.826531 Y-33.663265 Z10 F1000
G01 X15.5 Y-33.663265 Z10 F1000
G01 X15.397959 Y-33.663265 Z8.509804 F1000
G01 X15.295918 Y-33.663265 Z2.27451 F1000
G01 X15.193878 Y-33.663265 Z1.529412 F1000
G01 X15.091837 Y-33.663265 Z1.333333 F1000
G01 X14.479592 Y-33.663265 Z1.333333 F1000
G01 X14.377551 Y-33.663265 Z1.411765 F1000
G01 X14.27551 Y-33.663265 Z1.45098 F1000
G01 X14.173469 Y-33.663265 Z1.529412 F1000
G01 X13.969388 Y-33.663265 Z1.529412 F1000
G01 X13.867347 Y-33.663265 Z1.607843 F1000
G01 X13.765306 Y-33.663265 Z1.607843 F1000
G01 X13.663265 Y-33.663265 Z4.588235 F1000
G01 X13.561224 Y-33.663265 Z9.607843 F1000
G01 X13.459184 Y-33.663265 Z10 F1000
G01 X12.030612 Y-33.663265 Z10 F1000
G01 X11.928571 Y-33.663265 Z9.960784 F1000
G01 X0.5 Y-33.663265 Z9.960784 F1000
G01 X0.5 Y-33.765306 Z9.960784 F1000
G01 X0.5 Y-33.867347 Z9.960784 F1000
G01 X0.5 Y-33.969388 Z9.960784 F1000
G01 X0.5 Y-34.071429 Z9.960784 F1000
G01 X0.5 Y-34.173469 Z9.960784 F1000
G01 X11.826531 Y-34.173469 Z9.960784 F1000
G01 X11.928571 Y-34.173469 Z10 F1000
G01 X13.459184 Y-34.173469 Z10 F1000
G01 X13.561224 Y-34.173469 Z7.490196 F1000
G01 X13.663265 Y-34.173469 Z1.686275 F1000
G01 X13.765306 Y-34.173469 Z1.45098 F1000
G01 X14.27551 Y-34.173469 Z1.45098 F1000
G01 X14.377551 Y-34.173469 Z1.372549 F1000
G01 X14.479592 Y-34.173469 Z1.333333 F1000
G01 X15.091837 Y-34.173469 Z1.333333 F1000
G01 X15.193878 Y-34.173469 Z1.490196 F1000
G01 X15.295918 Y-34.173469 Z3.294118 F1000
G01 X15.397959 Y-34.173469 Z9.490196 F1000
G01 X15.5 Y-34.173469 Z10 F1000
G01 X16.826531 Y-34.173469 Z10 F1000
G01 X16.928571 Y-34.173469 Z9.960784 F1000
G01 X36.214286 Y-34.173469 Z9.960784 F1000
G01 X36.316327 Y-34.173469 Z10 F1000
G01 X38.561224 Y-34.173469 Z10 F1000
G01 X38.663265 Y-34.173469 Z9.803922 F1000
G01 X38.765306 Y-34.173469 Z7.098039 F1000
G01 X38.867347 Y-34.173469 Z2.235294 F1000
G01 X38.969388 Y-34.173469 Z1.647059 F1000
G01 X39.173469 Y-34.173469 Z1.647059 F1000
G01 X39.27551 Y-34.173469 Z1.607843 F1000
G01 X39.479592 Y-34.173469 Z1.607843 F1000
G01 X39.581633 Y-34.173469 Z1.529412 F1000
G01 X39.683673 Y-34.173469 Z1.333333 F1000
G01 X41.112245 Y-34.173469 Z1.333333 F1000
G01 X41.214286 Y-34.173469 Z1.607843 F1000
G01 X41.928571 Y-34.173469 Z1.607843 F1000
G01 X42.030612 Y-34.173469 Z4.745098 F1000
G01 X42.132653 Y-34.173469 Z9.764706 F1000
G01 X42.234694 Y-34.173469 Z10 F1000
G01 X43.663265 Y-34.173469 Z10 F1000
G01 X43.765306 Y-34.173469 Z9.960784 F1000
G01 X55.806122 Y-34.173469 Z9.960784 F1000
G01 X55.908163 Y-34.173469 Z10 F1000
G01 X57.642857 Y-34.173469 Z10 F1000
G01 X57.744898 Y-34.173469 Z9.72549 F1000
G01 X57.846939 Y-34.173469 Z9.333333 F1000
G01 X57.94898 Y-34.173469 Z3.45098 F1000
G01 X58.05102 Y-34.173469 Z1.686275 F1000
G01 X58.255102 Y-34.173469 Z1.686275 F1000
G01 X58.357143 Y-34.173469 Z1.490196 F1000
G01 X58.459184 Y-34.173469 Z1.333333 F1000
G01 X60.704082 Y-34.173469 Z1.333333 F1000
G01 X60.806122 Y-34.173469 Z1.568627 F1000
G01 X60.908163 Y-34.173469 Z1.72549 F1000
G01 X61.010204 Y-34.173469 Z1.803922 F1000
G01 X61.112245 Y-34.173469 Z3.333333 F1000
G01 X61.214286 Y-34.173469 Z8.039216 F1000
G01 X61.316327 Y-34.173469 Z9.647059 F1000
G01 X61.418367 Y-34.173469 Z10 F1000
G01 X63.255102 Y-34.173469 Z10 F1000
G01 X63.357143 Y-34.173469 Z9.960784 F1000
G01 X83.561224 Y-34.173469 Z9.960784 F1000
G01 X83.663265 Y-34.173469 Z10 F1000
G01 X84.581633 Y-34.173469 Z10 F1000
G01 X84.683673 Y-34.173469 Z8.666667 F1000
G01 X84.785714 Y-34.173469 Z2.54902 F1000
G01 X84.887755 Y-34.173469 Z1.568627 F1000
G01 X85.295918 Y-34.173469 Z1.568627 F1000
G01 X85.397959 Y-34.173469 Z1.333333 F1000
G01 X86.112245 Y-34.173469 Z1.333333 F1000
G01 X86.214286 Y-34.173469 Z1.529412 F1000
G01 X86.316327 Y-34.173469 Z1.529412 F1000
G01 X86.418367 Y-34.173469 Z2.392157 F1000
G01 X86.520408 Y-34.173469 Z8.078431 F1000
G01 X86.622449 Y-34.173469 Z10 F1000
G01 X87.744898 Y-34.173469 Z10 F1000
G01 X87.846939 Y-34.173469 Z9.960784 F1000
G01 X99.581633 Y-34.173469 Z9.960784 F1000
G01 X99.581633 Y-34.27551 Z9.960784 F1000
G01 X99.581633 Y-34.377551 Z9.960784 F1000
G01 X99.581633 Y-34.479592 Z9.960784 F1000
G01 X99.581633 Y-34.581633 Z9.960784 F1000
G01 X99.581633 Y-34.683673 Z9.960784 F1000
G01 X87.846939 Y-34.683673 Z9.960784 F1000
G01 X87.744898 Y-34.683673 Z10 F1000
G01 X86.622449 Y-34.683673 Z10 F1000
G01 X86.520408 Y-34.683673 Z6.352941 F1000
G01 X86.418367 Y-34.683673 Z1.490196 F1000
G01 X86.214286 Y-34.683673 Z1.490196 F1000
G01 X86.112245 Y-34.683673 Z1.333333 F1000
G01 X85.397959 Y-34.683673 Z1.333333 F1000
G01 X85.295918 Y-34.683673 Z1.568627 F1000
G01 X84.887755 Y-34.683673 Z1.568627 F1000
G01 X84.785714 Y-34.683673 Z2.54902 F1000
G01 X84.683673 Y-34.683673 Z8.666667 F1000
G01 X84.581633 Y-34.683673 Z10 F1000
G01 X83.663265 Y-34.683673 Z10 F1000
G01 X83.561224 Y-34.683673 Z9.960784 F1000
G01 X63.357143 Y-34.683673 Z9.960784 F1000
G01 X63.255102 Y-34.683673 Z10 F1000
G01 X61.010204 Y-34.683673 Z10 F1000
G01 X60.908163 Y-34.683673 Z9.058824 F1000
G01 X60.806122 Y-34.683673 Z6.27451 F1000
G01 X60.704082 Y-34.683673 Z2.078431 F1000
G01 X60.602041 Y-34.683673 Z2.078431 F1000
G01 X60.5 Y-34.683673 Z1.72549 F1000
G01 X60.295918 Y-34.683673 Z1.72549 F1000
G01 X60.193878 Y-34.683673 Z1.333333 F1000
G01 X58.459184 Y-34.683673 Z1.333333 F1000
G01 X58.357143 Y-34.683673 Z1.490196 F1000
G01 X58.255102 Y-34.683673 Z1.647059 F1000
G01 X57.846939 Y-34.683673 Z1.647059 F1000
G01 X57.744898 Y-34.683673 Z4.627451 F1000
G01 X57.642857 Y-34.683673 Z9.45098 F1000
G01 X57.540816 Y-34.683673 Z10 F1000
G01 X55.908163 Y-34.683673 Z10 F1000
G01 X55.806122 Y-34.683673 Z9.960784 F1000
G01 X44.173469 Y-34.683673 Z9.960784 F1000
G01 X44.071429 Y-34.683673 Z10 F1000
G01 X42.438776 Y-34.683673 Z10 F1000
G01 X42.336735 Y-34.683673 Z9.921569 F1000
G01 X42.234694 Y-34.683673 Z5.803922 F1000
G01 X42.132653 Y-34.683673 Z1.568627 F1000
G01 X42.030612 Y-34.683673 Z1.568627 F1000
G01 X41.928571 Y-34.683673 Z1.490196 F1000
G01 X41.72449 Y-34.683673 Z1.490196 F1000
G01 X41.622449 Y-34.683673 Z1.411765 F1000
G01 X41.520408 Y-34.683673 Z1.333333 F1000
G01 X40.5 Y-34.683673 Z1.333333 F1000
G01 X40.397959 Y-34.683673 Z1.529412 F1000
G01 X39.785714 Y-34.683673 Z1.529412 F1000
G01 X39.683673 Y-34.683673 Z1.647059 F1000
G01 X39.27551 Y-34.683673 Z1.647059 F1000
G01 X39.173469 Y-34.683673 Z5.058824 F1000
G01 X39.071429 Y-34.683673 Z9.607843 F1000
G01 X38.969388 Y-34.683673 Z10 F1000
G01 X36.316327 Y-34.683673 Z10 F1000
G01 X36.214286 Y-34.683673 Z9.960784 F1000
G01 X16.928571 Y-34.683673 Z9.960784 F1000
G01 X16.826531 Y-34.683673 Z10 F1000
G01 X15.5 Y-34.683673 Z10 F1000
G01 X15.397959 Y-34.683673 Z9.490196 F1000
G01 X15.295918 Y-34.683673 Z3.294118 F1000
G01 X15.193878 Y-34.683673 Z1.45098 F1000
G01 X15.091837 Y-34.683673 Z1.333333 F1000
G01 X14.479592 Y-34.683673 Z1.333333 F1000
G01 X14.377551 Y-34.683673 Z1.372549 F1000
G01 X14.27551 Y-34.683673 Z1.45098 F1000
G01 X13.663265 Y-34.683673 Z1.45098 F1000
G01 X13.561224 Y-34.683673 Z4.862745 F1000
G01 X13.459184 Y-34.683673 Z10 F1000
G01 X11.928571 Y-34.683673 Z10 F1000
G01 X11.826531 Y-34.683673 Z9.960784 F1000
G01 X0.5 Y-34.683673 Z9.960784 F1000
G01 X0.5 Y-34.785714 Z9.960784 F1000
G01 X0.5 Y-34.887755 Z9.960784 F1000
G01 X0.5 Y-34.989796 Z9.960784 F1000
G01 X0.5 Y-35.091837 Z9.960784 F1000
G01 X0.5 Y-35.193878 Z9.960784 F1000
G01 X11.826531 Y-35.193878 Z9.960784 F1000
G01 X11.928571 Y-35.193878 Z10 F1000
G01 X13.459184 Y-35.193878 Z10 F1000
G01 X13.561224 Y-35.193878 Z7.294118 F1000
G01 X13.663265 Y-35.193878 Z1.72549 F1000
G01 X13.765306 Y-35.193878 Z1.490196 F1000
G01 X14.071429 Y-35.193878 Z1.490196 F1000
G01 X14.173469 Y-35.193878 Z1.45098 F1000
G01 X14.377551 Y-35.193878 Z1.45098 F1000
G01 X14.479592 Y-35.193878 Z1.333333 F1000
G01 X15.091837 Y-35.193878 Z1.333333 F1000
G01 X15.193878 Y-35.193878 Z1.372549 F1000
G01 X15.295918 Y-35.193878 Z3.294118 F1000
G01 X15.397959 Y-35.193878 Z9.490196 F1000
G01 X15.5 Y-35.193878 Z10 F1000
G01 X16.826531 Y-35.193878 Z10 F1000
G01 X16.928571 Y-35.193878 Z9.960784 F1000
G01 X37.030612 Y-35.193878 Z9.960784 F1000
G01 X37.132653 Y-35.193878 Z10 F1000
G01 X39.27551 Y-35.193878 Z10 F1000
G01 X39.377551 Y-35.193878 Z9.803922 F1000
G01 X39.479592 Y-35.193878 Z7.529412 F1000
G01 X39.581633 Y-35.193878 Z2.039216 F1000
G01 X39.683673 Y-35.193878 Z1.647059 F1000
G01 X39.785714 Y-35.193878 Z1.529412 F1000
G01 X40.397959 Y-35.193878 Z1.529412 F1000
G01 X40.5 Y-35.193878 Z1.333333 F1000
G01 X41.928571 Y-35.193878 Z1.333333 F1000
G01 X42.030612 Y-35.193878 Z1.490196 F1000
G01 X42.132653 Y-35.193878 Z1.490196 F1000
G01 X42.234694 Y-35.193878 Z1.686275 F1000
G01 X42.336735 Y-35.193878 Z1.72549 F1000
G01 X42.438776 Y-35.193878 Z5.607843 F1000
G01 X42.540816 Y-35.193878 Z10 F1000
G01 X44.479592 Y-35.193878 Z10 F1000
G01 X44.581633 Y-35.193878 Z9.960784 F1000
G01 X55.806122 Y-35.193878 Z9.960784 F1000
G01 X55.908163 Y-35.193878 Z10 F1000
G01 X57.336735 Y-35.193878 Z10 F1000
G01 X57.438776 Y-35.193878 Z9.529412 F1000
G01 X57.540816 Y-35.193878 Z4.509804 F1000
G01 X57.642857 Y-35.193878 Z1.647059 F1000
G01 X58.255102 Y-35.193878 Z1.647059 F1000
G01 X58.357143 Y-35.193878 Z1.411765 F1000
G01 X58.459184 Y-35.193878 Z1.333333 F1000
G01 X59.989796 Y-35.193878 Z1.333333 F1000
G01 X60.091837 Y-35.193878 Z1.529412 F1000
G01 X60.193878 Y-35.193878 Z1.647059 F1000
G01 X60.295918 Y-35.193878 Z1.882353 F1000
G01 X60.397959 Y-35.193878 Z3.176471 F1000
G01 X60.5 Y-35.193878 Z8.078431 F1000
G01 X60.602041 Y-35.193878 Z9.803922 F1000
G01 X60.704082 Y-35.193878 Z10 F1000
G01 X62.438776 Y-35.193878 Z10 F1000
G01 X62.540816 Y-35.193878 Z9.960784 F1000
G01 X83.561224 Y-35.193878 Z9.960784 F1000
G01 X83.663265 Y-35.193878 Z10 F1000
G01 X84.581633 Y-35.193878 Z10 F1000
G01 X84.683673 Y-35.193878 Z8.666667 F1000
G01 X84.785714 Y-35.193878 Z2.54902 F1000
G01 X84.887755 Y-35.193878 Z1.529412 F1000
G01 X85.295918 Y-35.193878 Z1.529412 F1000
G01 X85.397959 Y-35.193878 Z1.333333 F1000
G01 X86.112245 Y-35.193878 Z1.333333 F1000
G01 X86.214286 Y-35.193878 Z1.411765 F1000
G01 X86.316327 Y-35.193878 Z1.411765 F1000
G01 X86.418367 Y-35.193878 Z2.117647 F1000
G01 X86.520408 Y-35.193878 Z8.313725 F1000
G01 X86.622449 Y-35.193878 Z10 F1000
G01 X87.744898 Y-35.193878 Z10 F1000
G01 X87.846939 Y-35.193878 Z9.960784 F1000
G01 X99.581633 Y-35.193878 Z9.960784 F1000
G01 X99.581633 Y-35.295918 Z9.960784 F1000
G01 X99.581633 Y-35.397959 Z9.960784 F1000
G01 X99.581633 Y-35.5 Z9.960784 F1000
G01 X99.581633 Y-35.602041 Z9.960784 F1000
G01 X99.581633 Y-35.704082 Z9.960784 F1000
G01 X87.846939 Y-35.704082 Z9.960784 F1000
G01 X87.744898 Y-35.704082 Z10 F1000
G01 X86.622449 Y-35.704082 Z10 F1000
G01 X86.520408 Y-35.704082 Z9.843137 F1000
G01 X86.418367 Y-35.704082 Z6.117647 F1000
G01 X86.316327 Y-35.704082 Z1.529412 F1000
G01 X86.214286 Y-35.704082 Z1.45098 F1000
G01 X86.112245 Y-35.704082 Z1.411765 F1000
G01 X86.010204 Y-35.704082 Z1.333333 F1000
G01 X85.397959 Y-35.704082 Z1.333333 F1000
G01 X85.295918 Y-35.704082 Z1.490196 F1000
G01 X85.193878 Y-35.704082 Z1.647059 F1000
G01 X84.887755 Y-35.704082 Z1.647059 F1000
G01 X84.785714 Y-35.704082 Z1.843137 F1000
G01 X84.683673 Y-35.704082 Z7.607843 F1000
G01 X84.581633 Y-35.704082 Z10 F1000
G01 X82.846939 Y-35.704082 Z10 F1000
G01 X82.744898 Y-35.704082 Z9.960784 F1000
G01 X62.540816 Y-35.704082 Z9.960784 F1000
G01 X62.438776 Y-35.704082 Z10 F1000
G01 X60.295918 Y-35.704082 Z10 F1000
G01 X60.193878 Y-35.704082 Z9.45098 F1000
G01 X60.091837 Y-35.704082 Z4.784314 F1000
G01 X59.989796 Y-35.704082 Z1.490196 F1000
G01 X59.377551 Y-35.704082 Z1.490196 F1000
G01 X59.27551 Y-35.704082 Z1.411765 F1000
G01 X59.173469 Y-35.704082 Z1.372549 F1000
G01 X59.071429 Y-35.704082 Z1.333333 F1000
G01 X57.642857 Y-35.704082 Z1.333333 F1000
G01 X57.540816 Y-35.704082 Z1.607843 F1000
G01 X57.438776 Y-35.704082 Z1.843137 F1000
G01 X57.336735 Y-35.704082 Z4.078431 F1000
G01 X57.234694 Y-35.704082 Z9.176471 F1000
G01 X57.132653 Y-35.704082 Z9.960784 F1000
G01 X57.030612 Y-35.704082 Z10 F1000
G01 X55.193878 Y-35.704082 Z10 F1000
G01 X55.091837 Y-35.704082 Z9.960784 F1000
G01 X44.581633 Y-35.704082 Z9.960784 F1000
G01 X44.479592 Y-35.704082 Z10 F1000
G01 X42.846939 Y-35.704082 Z10 F1000
G01 X42.744898 Y-35.704082 Z9.647059 F1000
G01 X42.642857 Y-35.704082 Z5.372549 F1000
G01 X42.540816 Y-35.704082 Z1.72549 F1000
G01 X42.336735 Y-35.704082 Z1.72549 F1000
G01 X42.234694 Y-35.704082 Z1.568627 F1000
G01 X42.132653 Y-35.704082 Z1.45098 F1000
G01 X42.030612 Y-35.704082 Z1.45098 F1000
G01 X41.928571 Y-35.704082 Z1.333333 F1000
G01 X40.5 Y-35.704082 Z1.333333 F1000
G01 X40.397959 Y-35.704082 Z1.647059 F1000
G01 X39.989796 Y-35.704082 Z1.647059 F1000
G01 X39.887755 Y-35.704082 Z3.490196 F1000
G01 X39.785714 Y-35.704082 Z9.333333 F1000
G01 X39.683673 Y-35.704082 Z9.921569 F1000
G01 X39.581633 Y-35.704082 Z9.960784 F1000
G01 X39.479592 Y-35.704082 Z9.960784 F1000
G01 X39.377551 Y-35.704082 Z10 F1000
G01 X38.05102 Y-35.704082 Z10 F1000
G01 X37.94898 Y-35.704082 Z9.960784 F1000
G01 X16.928571 Y-35.704082 Z9.960784 F1000
G01 X16.826531 Y-35.704082 Z10 F1000
G01 X15.5 Y-35.704082 Z10 F1000
G01 X15.397959 Y-35.704082 Z8.705882 F1000
G01 X15.295918 Y-35.704082 Z2.470588 F1000
G01 X15.193878 Y-35.704082 Z1.411765 F1000
G01 X15.091837 Y-35.704082 Z1.333333 F1000
G01 X14.479592 Y-35.704082 Z1.333333 F1000
G01 X14.377551 Y-35.704082 Z1.45098 F1000
G01 X14.27551 Y-35.704082 Z1.45098 F1000
G01 X14.173469 Y-35.704082 Z1.647059 F1000
G01 X13.765306 Y-35.704082 Z1.647059 F1000
G01 X13.663265 Y-35.704082 Z4.666667 F1000
G01 X13.561224 Y-35.704082 Z9.568627 F1000
G01 X13.459184 Y-35.704082 Z10 F1000
G01 X11.928571 Y-35.704082 Z10 F1000
G01 X11.826531 Y-35.704082 Z9.960784 F1000
G01 X0.5 Y-35.704082 Z9.960784 F1000
G01 X0.5 Y-35.806122 Z9.960784 F1000
G01 X0.5 Y-35.908163 Z9.960784 F1000
G01 X0.5 Y-36.010204 Z9.960784 F1000
G01 X0.5 Y-36.112245 Z9.960784 F1000
G01 X0.5 Y-36.214286 Z9.960784 F1000
G01 X11.826531 Y-36.214286 Z9.960784 F1000
G01 X11.928571 Y-36.214286 Z10 F1000
G01 X13.459184 Y-36.214286 Z10 F1000
G01 X13.561224 Y-36.214286 Z9.921569 F1000
G01 X13.663265 Y-36.214286 Z9.72549 F1000
G01 X13.765306 Y-36.214286 Z3.686275 F1000
G01 X13.867347 Y-36.214286 Z1.647059 F1000
G01 X14.173469 Y-36.214286 Z1.647059 F1000
G01 X14.27551 Y-36.214286 Z1.490196 F1000
G01 X14.377551 Y-36.214286 Z1.372549 F1000
G01 X14.479592 Y-36.214286 Z1.333333 F1000
G01 X15.091837 Y-36.214286 Z1.333333 F1000
G01 X15.193878 Y-36.214286 Z1.411765 F1000
G01 X15.295918 Y-36.214286 Z1.490196 F1000
G01 X15.397959 Y-36.214286 Z4.901961 F1000
G01 X15.5 Y-36.214286 Z9.686275 F1000
G01 X15.602041 Y-36.214286 Z10 F1000
G01 X16.826531 Y-36.214286 Z10 F1000
G01 X16.928571 Y-36.214286 Z9.960784 F1000
G01 X37.94898 Y-36.214286 Z9.960784 F1000
G01 X38.05102 Y-36.214286 Z10 F1000
G01 X39.989796 Y-36.214286 Z10 F1000
G01 X40.091837 Y-36.214286 Z9.294118 F1000
G01 X40.193878 Y-36.214286 Z4.901961 F1000
G01 X40.295918 Y-36.214286 Z1.764706 F1000
G01 X40.397959 Y-36.214286 Z1.647059 F1000
G01 X40.5 Y-36.214286 Z1.333333 F1000
G01 X42.030612 Y-36.214286 Z1.333333 F1000
G01 X42.132653 Y-36.214286 Z1.411765 F1000
G01 X42.234694 Y-36.214286 Z1.529412 F1000
G01 X42.336735 Y-36.214286 Z1.529412 F1000
G01 X42.438776 Y-36.214286 Z1.686275 F1000
G01 X42.744898 Y-36.214286 Z1.686275 F1000
G01 X42.846939 Y-36.214286 Z3.803922 F1000
G01 X42.94898 Y-36.214286 Z8.588235 F1000
G01 X43.05102 Y-36.214286 Z9.764706 F1000
G01 X43.153061 Y-36.214286 Z9.882353 F1000
G01 X43.255102 Y-36.214286 Z10 F1000
G01 X44.479592 Y-36.214286 Z10 F1000
G01 X44.581633 Y-36.214286 Z9.960784 F1000
G01 X54.989796 Y-36.214286 Z9.960784 F1000
G01 X55.091837 Y-36.214286 Z10 F1000
G01 X56.928571 Y-36.214286 Z10 F1000
G01 X57.030612 Y-36.214286 Z8.156863 F1000
G01 X57.132653 Y-36.214286 Z2.941176 F1000
G01 X57.234694 Y-36.214286 Z1.843137 F1000
G01 X57.438776 Y-36.214286 Z1.843137 F1000
G01 X57.540816 Y-36.214286 Z1.607843 F1000
G01 X57.642857 Y-36.214286 Z1.333333 F1000
G01 X59.071429 Y-36.214286 Z1.333333 F1000
G01 X59.173469 Y-36.214286 Z1.372549 F1000
G01 X59.27551 Y-36.214286 Z1.45098 F1000
G01 X59.377551 Y-36.214286 Z1.490196 F1000
G01 X59.479592 Y-36.214286 Z1.490196 F1000
G01 X59.581633 Y-36.214286 Z1.529412 F1000
G01 X59.683673 Y-36.214286 Z1.529412 F1000
G01 X59.785714 Y-36.214286 Z4.745098 F1000
G01 X59.887755 Y-36.214286 Z9.960784 F1000
G01 X59.989796 Y-36.214286 Z10 F1000
G01 X62.336735 Y-36.214286 Z10 F1000
G01 X62.438776 Y-36.214286 Z9.960784 F1000
G01 X82.744898 Y-36.214286 Z9.960784 F1000
G01 X82.846939 Y-36.214286 Z10 F1000
G01 X84.479592 Y-36.214286 Z10 F1000
G01 X84.581633 Y-36.214286 Z9.294118 F1000
G01 X84.683673 Y-36.214286 Z3.764706 F1000
G01 X84.785714 Y-36.214286 Z1.647059 F1000
G01 X85.193878 Y-36.214286 Z1.647059 F1000
G01 X85.295918 Y-36.214286 Z1.411765 F1000
G01 X85.397959 Y-36.214286 Z1.333333 F1000
G01 X86.010204 Y-36.214286 Z1.333333 F1000
G01 X86.112245 Y-36.214286 Z1.411765 F1000
G01 X86.214286 Y-36.214286 Z1.647059 F1000
G01 X86.316327 Y-36.214286 Z4.745098 F1000
G01 X86.418367 Y-36.214286 Z9.803922 F1000
G01 X86.520408 Y-36.214286 Z10 F1000
G01 X87.744898 Y-36.214286 Z10 F1000
G01 X87.846939 Y-36.214286 Z9.960784 F1000
G01 X99.581633 Y-36.214286 Z9.960784 F1000
G01 X99.581633 Y-36.316327 Z9.960784 F1000
G01 X99.581633 Y-36.418367 Z9.960784 F1000
G01 X99.581633 Y-36.520408 Z9.960784 F1000
G01 X99.581633 Y-36.622449 Z9.960784 F1000
G01 X99.581633 Y-36.72449 Z9.960784 F1000
G01 X87.846939 Y-36.72449 Z9.960784 F1000
G01 X87.744898 Y-36.72449 Z10 F1000
G01 X86.418367 Y-36.72449 Z10 F1000
G01 X86.316327 Y-36.72449 Z9.803922 F1000
G01 X86.214286 Y-36.72449 Z6.156863 F1000
G01 X86.112245 Y-36.72449 Z1.411765 F1000
G01 X86.010204 Y-36.72449 Z1.333333 F1000
G01 X85.397959 Y-36.72449 Z1.333333 F1000
G01 X85.295918 Y-36.72449 Z1.411765 F1000
G01 X85.193878 Y-36.72449 Z1.607843 F1000
G01 X84.683673 Y-36.72449 Z1.607843 F1000
G01 X84.581633 Y-36.72449 Z4 F1000
G01 X84.479592 Y-36.72449 Z9.529412 F1000
G01 X84.377551 Y-36.72449 Z10 F1000
G01 X82.846939 Y-36.72449 Z10 F1000
G01 X82.744898 Y-36.72449 Z9.960784 F1000
G01 X61.72449 Y-36.72449 Z9.960784 F1000
G01 X61.622449 Y-36.72449 Z10 F1000
G01 X59.581633 Y-36.72449 Z10 F1000
G01 X59.479592 Y-36.72449 Z5.058824 F1000
G01 X59.377551 Y-36.72449 Z1.607843 F1000
G01 X59.27551 Y-36.72449 Z1.607843 F1000
G01 X59.173469 Y-36.72449 Z1.529412 F1000
G01 X59.071429 Y-36.72449 Z1.333333 F1000
G01 X57.642857 Y-36.72449 Z1.333333 F1000
G01 X57.540816 Y-36.72449 Z1.568627 F1000
G01 X57.438776 Y-36.72449 Z1.803922 F1000
G01 X56.928571 Y-36.72449 Z1.803922 F1000
G01 X56.826531 Y-36.72449 Z6.627451 F1000
G01 X56.72449 Y-36.72449 Z9.529412 F1000
G01 X56.622449 Y-36.72449 Z10 F1000
G01 X54.581633 Y-36.72449 Z10 F1000
G01 X54.479592 Y-36.72449 Z9.960784 F1000
G01 X45.397959 Y-36.72449 Z9.960784 F1000
G01 X45.295918 Y-36.72449 Z10 F1000
G01 X43.255102 Y-36.72449 Z10 F1000
G01 X43.153061 Y-36.72449 Z7.45098 F1000
G01 X43.05102 Y-36.72449 Z2.470588 F1000
G01 X42.94898 Y-36.72449 Z1.568627 F1000
G01 X42.846939 Y-36.72449 Z1.490196 F1000
G01 X42.744898 Y-36.72449 Z1.333333 F1000
G01 X41.316327 Y-36.72449 Z1.333333 F1000
G01 X41.214286 Y-36.72449 Z1.45098 F1000
G01 X41.112245 Y-36.72449 Z1.647059 F1000
G01 X41.010204 Y-36.72449 Z1.72549 F1000
G01 X40.602041 Y-36.72449 Z1.72549 F1000
G01 X40.5 Y-36.72449 Z4.313725 F1000
G01 X40.397959 Y-36.72449 Z9.372549 F1000
G01 X40.295918 Y-36.72449 Z10 F1000
G01 X38.765306 Y-36.72449 Z10 F1000
G01 X38.663265 Y-36.72449 Z9.960784 F1000
G01 X16.928571 Y-36.72449 Z9.960784 F1000
G01 X16.826531 Y-36.72449 Z10 F1000
G01 X15.602041 Y-36.72449 Z10 F1000
G01 X15.5 Y-36.72449 Z5.215686 F1000
G01 X15.397959 Y-36.72449 Z1.568627 F1000
G01 X15.295918 Y-36.72449 Z1.490196 F1000
G01 X15.193878 Y-36.72449 Z1.45098 F1000
G01 X15.091837 Y-36.72449 Z1.333333 F1000
G01 X14.479592 Y-36.72449 Z1.333333 F1000
G01 X14.377551 Y-36.72449 Z1.411765 F1000
G01 X14.27551 Y-36.72449 Z1.686275 F1000
G01 X13.969388 Y-36.72449 Z1.686275 F1000
G01 X13.867347 Y-36.72449 Z4.862745 F1000
G01 X13.765306 Y-36.72449 Z9.72549 F1000
G01 X13.663265 Y-36.72449 Z10 F1000
G01 X11.928571 Y-36.72449 Z10 F1000
G01 X11.826531 Y-36.72449 Z9.960784 F1000
G01 X0.5 Y-36.72449 Z9.960784 F1000
G01 X0.5 Y-36.826531 Z9.960784 F1000
G01 X0.5 Y-36.928571 Z9.960784 F1000
G01 X0.5 Y-37.030612 Z9.960784 F1000
G01 X0.5 Y-37.132653 Z9.960784 F1000
G01 X0.5 Y-37.234694 Z9.960784 F1000
G01 X11.928571 Y-37.234694 Z9.960784 F1000
G01 X12.030612 Y-37.234694 Z10 F1000
G01 X13.765306 Y-37.234694 Z10 F1000
G01 X13.867347 Y-37.234694 Z9.843137 F1000
G01 X13.969388 Y-37.234694 Z7.45098 F1000
G01 X14.071429 Y-37.234694 Z1.882353 F1000
G01 X14.173469 Y-37.234694 Z1.686275 F1000
G01 X14.27551 Y-37.234694 Z1.686275 F1000
G01 X14.377551 Y-37.234694 Z1.411765 F1000
G01 X14.479592 Y-37.234694 Z1.333333 F1000
G01 X15.091837 Y-37.234694 Z1.333333 F1000
G01 X15.193878 Y-37.234694 Z1.686275 F1000
G01 X15.397959 Y-37.234694 Z1.686275 F1000
G01 X15.5 Y-37.234694 Z1.764706 F1000
G01 X15.602041 Y-37.234694 Z3.490196 F1000
G01 X15.704082 Y-37.234694 Z9.294118 F1000
G01 X15.806122 Y-37.234694 Z10 F1000
G01 X17.642857 Y-37.234694 Z10 F1000
G01 X17.744898 Y-37.234694 Z9.960784 F1000
G01 X38.663265 Y-37.234694 Z9.960784 F1000
G01 X38.765306 Y-37.234694 Z10 F1000
G01 X40.5 Y-37.234694 Z10 F1000
G01 X40.602041 Y-37.234694 Z9.647059 F1000
G01 X40.704082 Y-37.234694 Z8.470588 F1000
G01 X40.806122 Y-37.234694 Z3.72549 F1000
G01 X40.908163 Y-37.234694 Z1.764706 F1000
G01 X41.010204 Y-37.234694 Z1.764706 F1000
G01 X41.112245 Y-37.234694 Z1.686275 F1000
G01 X41.214286 Y-37.234694 Z1.45098 F1000
G01 X41.316327 Y-37.234694 Z1.333333 F1000
G01 X42.744898 Y-37.234694 Z1.333333 F1000
G01 X42.846939 Y-37.234694 Z1.372549 F1000
G01 X42.94898 Y-37.234694 Z1.607843 F1000
G01 X43.153061 Y-37.234694 Z1.607843 F1000
G01 X43.255102 Y-37.234694 Z1.647059 F1000
G01 X43.357143 Y-37.234694 Z4.431373 F1000
G01 X43.459184 Y-37.234694 Z10 F1000
G01 X46.010204 Y-37.234694 Z10 F1000
G01 X46.112245 Y-37.234694 Z9.960784 F1000
G01 X54.173469 Y-37.234694 Z9.960784 F1000
G01 X54.27551 Y-37.234694 Z10 F1000
G01 X56.418367 Y-37.234694 Z10 F1000
G01 X56.520408 Y-37.234694 Z9.372549 F1000
G01 X56.622449 Y-37.234694 Z3.176471 F1000
G01 X56.72449 Y-37.234694 Z1.803922 F1000
G01 X56.826531 Y-37.234694 Z1.333333 F1000
G01 X58.255102 Y-37.234694 Z1.333333 F1000
G01 X58.357143 Y-37.234694 Z1.411765 F1000
G01 X58.561224 Y-37.234694 Z1.411765 F1000
G01 X58.663265 Y-37.234694 Z1.647059 F1000
G01 X59.071429 Y-37.234694 Z1.647059 F1000
G01 X59.173469 Y-37.234694 Z4.509804 F1000
G01 X59.27551 Y-37.234694 Z8.784314 F1000
G01 X59.377551 Y-37.234694 Z9.882353 F1000
G01 X59.479592 Y-37.234694 Z10 F1000
G01 X60.806122 Y-37.234694 Z10 F1000
G01 X60.908163 Y-37.234694 Z9.960784 F1000
G01 X82.744898 Y-37.234694 Z9.960784 F1000
G01 X82.846939 Y-37.234694 Z10 F1000
G01 X84.173469 Y-37.234694 Z10 F1000
G01 X84.27551 Y-37.234694 Z9.803922 F1000
G01 X84.377551 Y-37.234694 Z8.627451 F1000
G01 X84.479592 Y-37.234694 Z2.666667 F1000
G01 X84.581633 Y-37.234694 Z1.333333 F1000
G01 X85.193878 Y-37.234694 Z1.333333 F1000
G01 X85.295918 Y-37.234694 Z1.372549 F1000
G01 X85.5 Y-37.234694 Z1.372549 F1000
G01 X85.602041 Y-37.234694 Z1.607843 F1000
G01 X85.908163 Y-37.234694 Z1.607843 F1000
G01 X86.010204 Y-37.234694 Z2.705882 F1000
G01 X86.112245 Y-37.234694 Z8.431373 F1000
G01 X86.214286 Y-37.234694 Z10 F1000
G01 X87.744898 Y-37.234694 Z10 F1000
G01 X87.846939 Y-37.234694 Z9.960784 F1000
G01 X99.581633 Y-37.234694 Z9.960784 F1000
G01 X99.581633 Y-37.336735 Z9.960784 F1000
G01 X99.581633 Y-37.438776 Z9.960784 F1000
G01 X99.581633 Y-37.540816 Z9.960784 F1000
G01 X99.581633 Y-37.642857 Z9.960784 F1000
G01 X99.581633 Y-37.744898 Z9.960784 F1000
G01 X87.846939 Y-37.744898 Z9.960784 F1000
G01 X87.744898 Y-37.744898 Z10 F1000
G01 X86.112245 Y-37.744898 Z10 F1000
G01 X86.010204 Y-37.744898 Z9.764706 F1000
G01 X85.908163 Y-37.744898 Z7.333333 F1000
G01 X85.806122 Y-37.744898 Z1.921569 F1000
G01 X85.704082 Y-37.744898 Z1.607843 F1000
G01 X85.602041 Y-37.744898 Z1.607843 F1000
G01 X85.5 Y-37.744898 Z1.529412 F1000
G01 X85.397959 Y-37.744898 Z1.529412 F1000
G01 X85.295918 Y-37.744898 Z1.490196 F1000
G01 X85.193878 Y-37.744898 Z1.333333 F1000
G01 X84.581633 Y-37.744898 Z1.333333 F1000
G01 X84.479592 Y-37.744898 Z1.490196 F1000
G01 X84.377551 Y-37.744898 Z1.72549 F1000
G01 X84.27551 Y-37.744898 Z4.784314 F1000
G01 X84.173469 Y-37.744898 Z9.686275 F1000
G01 X84.071429 Y-37.744898 Z10 F1000
G01 X82.846939 Y-37.744898 Z10 F1000
G01 X82.744898 Y-37.744898 Z9.960784 F1000
G01 X60.908163 Y-37.744898 Z9.960784 F1000
G01 X60.806122 Y-37.744898 Z10 F1000
G01 X59.173469 Y-37.744898 Z10 F1000
G01 X59.071429 Y-37.744898 Z9.921569 F1000
G01 X58.969388 Y-37.744898 Z8.235294 F1000
G01 X58.867347 Y-37.744898 Z3.294118 F1000
G01 X58.765306 Y-37.744898 Z1.647059 F1000
G01 X58.663265 Y-37.744898 Z1.647059 F1000
G01 X58.561224 Y-37.744898 Z1.45098 F1000
G01 X58.459184 Y-37.744898 Z1.411765 F1000
G01 X58.357143 Y-37.744898 Z1.411765 F1000
G01 X58.255102 Y-37.744898 Z1.333333 F1000
G01 X56.826531 Y-37.744898 Z1.333333 F1000
G01 X56.72449 Y-37.744898 Z1.803922 F1000
G01 X56.520408 Y-37.744898 Z1.803922 F1000
G01 X56.418367 Y-37.744898 Z1.843137 F1000
G01 X56.316327 Y-37.744898 Z5.72549 F1000
G01 X56.214286 Y-37.744898 Z9.686275 F1000
G01 X56.112245 Y-37.744898 Z9.882353 F1000
G01 X56.010204 Y-37.744898 Z10 F1000
G01 X54.27551 Y-37.744898 Z10 F1000
G01 X54.173469 Y-37.744898 Z9.960784 F1000
G01 X46.112245 Y-37.744898 Z9.960784 F1000
G01 X46.010204 Y-37.744898 Z10 F1000
G01 X43.867347 Y-37.744898 Z10 F1000
G01 X43.765306 Y-37.744898 Z9.45098 F1000
G01 X43.663265 Y-37.744898 Z7.215686 F1000
G01 X43.561224 Y-37.744898 Z1.803922 F1000
G01 X43.459184 Y-37.744898 Z1.686275 F1000
G01 X43.357143 Y-37.744898 Z1.686275 F1000
G01 X43.255102 Y-37.744898 Z1.607843 F1000
G01 X42.94898 Y-37.744898 Z1.607843 F1000
G01 X42.846939 Y-37.744898 Z1.333333 F1000
G01 X41.316327 Y-37.744898 Z1.333333 F1000
G01 X41.214286 Y-37.744898 Z1.490196 F1000
G01 X41.112245 Y-37.744898 Z2.352941 F1000
G01 X41.010204 Y-37.744898 Z7.568627 F1000
G01 X40.908163 Y-37.744898 Z9.960784 F1000
G01 X40.806122 Y-37.744898 Z10 F1000
G01 X38.765306 Y-37.744898 Z10 F1000
G01 X38.663265 Y-37.744898 Z9.960784 F1000
G01 X17.744898 Y-37.744898 Z9.960784 F1000
G01 X17.642857 Y-37.744898 Z10 F1000
G01 X16.112245 Y-37.744898 Z10 F1000
G01 X16.010204 Y-37.744898 Z9.960784 F1000
G01 X15.908163 Y-37.744898 Z9.960784 F1000
G01 X15.806122 Y-37.744898 Z5.803922 F1000
G01 X15.704082 Y-37.744898 Z1.764706 F1000
G01 X15.602041 Y-37.744898 Z1.764706 F1000
G01 X15.5 Y-37.744898 Z1.686275 F1000
G01 X15.193878 Y-37.744898 Z1.686275 F1000
G01 X15.091837 Y-37.744898 Z1.333333 F1000
G01 X14.479592 Y-37.744898 Z1.333333 F1000
G01 X14.377551 Y-37.744898 Z1.45098 F1000
G01 X14.27551 Y-37.744898 Z1.607843 F1000
G01 X14.173469 Y-37.744898 Z5.843137 F1000
G01 X14.071429 Y-37.744898 Z9.960784 F1000
G01 X13.969388 Y-37.744898 Z9.960784 F1000
G01 X13.867347 Y-37.744898 Z10 F1000
G01 X12.030612 Y-37.744898 Z10 F1000
G01 X11.928571 Y-37.744898 Z9.960784 F1000
G01 X0.5 Y-37.744898 Z9.960784 F1000
G01 X0.5 Y-37.846939 Z9.960784 F1000
G01 X0.5 Y-37.94898 Z9.960784 F1000
G01 X0.5 Y-38.05102 Z9.960784 F1000
G01 X0.5 Y-38.153061 Z9.960784 F1000
G01 X0.5 Y-38.255102 Z9.960784 F1000
G01 X12.642857 Y-38.255102 Z9.960784 F1000
G01 X12.744898 Y-38.255102 Z10 F1000
G01 X14.27551 Y-38.255102 Z10 F1000
G01 X14.377551 Y-38.255102 Z5.294118 F1000
G01 X14.479592 Y-38.255102 Z1.607843 F1000
G01 X14.581633 Y-38.255102 Z1.568627 F1000
G01 X14.785714 Y-38.255102 Z1.568627 F1000
G01 X14.887755 Y-38.255102 Z1.45098 F1000
G01 X14.989796 Y-38.255102 Z1.411765 F1000
G01 X15.091837 Y-38.255102 Z1.411765 F1000
G01 X15.193878 Y-38.255102 Z1.45098 F1000
G01 X15.295918 Y-38.255102 Z1.568627 F1000
G01 X15.5 Y-38.255102 Z1.568627 F1000
G01 X15.602041 Y-38.255102 Z1.764706 F1000
G01 X15.908163 Y-38.255102 Z1.764706 F1000
G01 X16.010204 Y-38.255102 Z5.215686 F1000
G01 X16.112245 Y-38.255102 Z10 F1000
G01 X17.642857 Y-38.255102 Z10 F1000
G01 X17.744898 Y-38.255102 Z9.960784 F1000
G01 X39.479592 Y-38.255102 Z9.960784 F1000
G01 X39.581633 Y-38.255102 Z10 F1000
G01 X41.112245 Y-38.255102 Z10 F1000
G01 X41.214286 Y-38.255102 Z9.490196 F1000
G01 X41.316327 Y-38.255102 Z4.901961 F1000
G01 X41.418367 Y-38.255102 Z1.72549 F1000
G01 X41.928571 Y-38.255102 Z1.72549 F1000
G01 X42.030612 Y-38.255102 Z1.490196 F1000
G01 X42.132653 Y-38.255102 Z1.333333 F1000
G01 X43.561224 Y-38.255102 Z1.333333 F1000
G01 X43.663265 Y-38.255102 Z1.607843 F1000
G01 X43.765306 Y-38.255102 Z1.764706 F1000
G01 X43.867347 Y-38.255102 Z2.352941 F1000
G01 X43.969388 Y-38.255102 Z7.843137 F1000
G01 X44.071429 Y-38.255102 Z9.686275 F1000
G01 X44.173469 Y-38.255102 Z10 F1000
G01 X46.112245 Y-38.255102 Z10 F1000
G01 X46.214286 Y-38.255102 Z9.960784 F1000
G01 X53.357143 Y-38.255102 Z9.960784 F1000
G01 X53.459184 Y-38.255102 Z10 F1000
G01 X55.908163 Y-38.255102 Z10 F1000
G01 X56.010204 Y-38.255102 Z6.823529 F1000
G01 X56.112245 Y-38.255102 Z1.843137 F1000
G01 X56.418367 Y-38.255102 Z1.843137 F1000
G01 X56.520408 Y-38.255102 Z1.647059 F1000
G01 X56.622449 Y-38.255102 Z1.529412 F1000
G01 X56.72449 Y-38.255102 Z1.372549 F1000
G01 X56.826531 Y-38.255102 Z1.333333 F1000
G01 X58.255102 Y-38.255102 Z1.333333 F1000
G01 X58.357143 Y-38.255102 Z1.568627 F1000
G01 X58.459184 Y-38.255102 Z1.568627 F1000
G01 X58.561224 Y-38.255102 Z1.843137 F1000
G01 X58.663265 Y-38.255102 Z5.411765 F1000
G01 X58.765306 Y-38.255102 Z9.647059 F1000
G01 X58.867347 Y-38.255102 Z9.960784 F1000
G01 X58.969388 Y-38.255102 Z10 F1000
G01 X60.806122 Y-38.255102 Z10 F1000
G01 X60.908163 Y-38.255102 Z9.960784 F1000
G01 X81.928571 Y-38.255102 Z9.960784 F1000
G01 X82.030612 Y-38.255102 Z10 F1000
G01 X83.765306 Y-38.255102 Z10 F1000
G01 X83.867347 Y-38.255102 Z9.843137 F1000
G01 X83.969388 Y-38.255102 Z9.45098 F1000
G01 X84.071429 Y-38.255102 Z3.960784 F1000
G01 X84.173469 Y-38.255102 Z1.647059 F1000
G01 X84.377551 Y-38.255102 Z1.647059 F1000
G01 X84.479592 Y-38.255102 Z1.529412 F1000
G01 X84.581633 Y-38.255102 Z1.333333 F1000
G01 X85.193878 Y-38.255102 Z1.333333 F1000
G01 X85.295918 Y-38.255102 Z1.490196 F1000
G01 X85.397959 Y-38.255102 Z1.529412 F1000
G01 X85.5 Y-38.255102 Z1.686275 F1000
G01 X85.602041 Y-38.255102 Z1.686275 F1000
G01 X85.704082 Y-38.255102 Z7.019608 F1000
G01 X85.806122 Y-38.255102 Z9.647059 F1000
G01 X85.908163 Y-38.255102 Z9.803922 F1000
G01 X86.010204 Y-38.255102 Z10 F1000
G01 X87.744898 Y-38.255102 Z10 F1000
G01 X87.846939 Y-38.255102 Z9.960784 F1000
G01 X99.581633 Y-38.255102 Z9.960784 F1000
G01 X99.581633 Y-38.357143 Z9.960784 F1000
G01 X99.581633 Y-38.459184 Z9.960784 F1000
G01 X99.581633 Y-38.561224 Z9.960784 F1000
G01 X99.581633 Y-38.663265 Z9.960784 F1000
G01 X99.581633 Y-38.765306 Z9.960784 F1000
G01 X87.744898 Y-38.765306 Z9.960784 F1000
G01 X87.642857 Y-38.765306 Z10 F1000
G01 X85.704082 Y-38.765306 Z10 F1000
G01 X85.602041 Y-38.765306 Z9.882353 F1000
G01 X85.5 Y-38.765306 Z8.117647 F1000
G01 X85.397959 Y-38.765306 Z2.705882 F1000
G01 X85.295918 Y-38.765306 Z1.529412 F1000
G01 X85.193878 Y-38.765306 Z1.490196 F1000
G01 X85.091837 Y-38.765306 Z1.490196 F1000
G01 X84.989796 Y-38.765306 Z1.45098 F1000
G01 X84.785714 Y-38.765306 Z1.45098 F1000
G01 X84.683673 Y-38.765306 Z1.333333 F1000
G01 X84.581633 Y-38.765306 Z1.333333 F1000
G01 X84.479592 Y-38.765306 Z1.529412 F1000
G01 X84.377551 Y-38.765306 Z1.647059 F1000
G01 X84.173469 Y-38.765306 Z1.647059 F1000
G01 X84.071429 Y-38.765306 Z1.686275 F1000
G01 X83.969388 Y-38.765306 Z1.686275 F1000
G01 X83.867347 Y-38.765306 Z2.941176 F1000
G01 X83.765306 Y-38.765306 Z8 F1000
G01 X83.663265 Y-38.765306 Z9.960784 F1000
G01 X83.459184 Y-38.765306 Z9.960784 F1000
G01 X83.357143 Y-38.765306 Z10 F1000
G01 X81.316327 Y-38.765306 Z10 F1000
G01 X81.214286 Y-38.765306 Z9.960784 F1000
G01 X60.806122 Y-38.765306 Z9.960784 F1000
G01 X60.704082 Y-38.765306 Z10 F1000
G01 X58.561224 Y-38.765306 Z10 F1000
G01 X58.459184 Y-38.765306 Z8.313725 F1000
G01 X58.357143 Y-38.765306 Z2.078431 F1000
G01 X58.255102 Y-38.765306 Z1.882353 F1000
G01 X57.94898 Y-38.765306 Z1.882353 F1000
G01 X57.846939 Y-38.765306 Z1.72549 F1000
G01 X57.642857 Y-38.765306 Z1.72549 F1000
G01 X57.540816 Y-38.765306 Z1.333333 F1000
G01 X56.72449 Y-38.765306 Z1.333333 F1000
G01 X56.622449 Y-38.765306 Z1.529412 F1000
G01 X55.908163 Y-38.765306 Z1.529412 F1000
G01 X55.806122 Y-38.765306 Z1.72549 F1000
G01 X55.704082 Y-38.765306 Z6.392157 F1000
G01 X55.602041 Y-38.765306 Z9.607843 F1000
G01 X55.5 Y-38.765306 Z10 F1000
G01 X50.704082 Y-38.765306 Z10 F1000
G01 X50.602041 Y-38.765306 Z9.960784 F1000
G01 X49.27551 Y-38.765306 Z9.960784 F1000
G01 X49.173469 Y-38.765306 Z10 F1000
G01 X48.153061 Y-38.765306 Z10 F1000
G01 X48.05102 Y-38.765306 Z9.960784 F1000
G01 X47.540816 Y-38.765306 Z9.960784 F1000
G01 X47.438776 Y-38.765306 Z10 F1000
G01 X44.581633 Y-38.765306 Z10 F1000
G01 X44.479592 Y-38.765306 Z9.882353 F1000
G01 X44.377551 Y-38.765306 Z9.72549 F1000
G01 X44.27551 Y-38.765306 Z7.764706 F1000
G01 X44.173469 Y-38.765306 Z2 F1000
G01 X44.071429 Y-38.765306 Z1.764706 F1000
G01 X43.765306 Y-38.765306 Z1.764706 F1000
G01 X43.663265 Y-38.765306 Z1.607843 F1000
G01 X43.561224 Y-38.765306 Z1.333333 F1000
G01 X42.132653 Y-38.765306 Z1.333333 F1000
G01 X42.030612 Y-38.765306 Z1.490196 F1000
G01 X41.928571 Y-38.765306 Z1.72549 F1000
G01 X41.826531 Y-38.765306 Z1.72549 F1000
G01 X41.72449 Y-38.765306 Z1.921569 F1000
G01 X41.622449 Y-38.765306 Z1.921569 F1000
G01 X41.520408 Y-38.765306 Z6.980392 F1000
G01 X41.418367 Y-38.765306 Z9.960784 F1000
G01 X41.316327 Y-38.765306 Z9.960784 F1000
G01 X41.214286 Y-38.765306 Z10 F1000
G01 X39.581633 Y-38.765306 Z10 F1000
G01 X39.479592 Y-38.765306 Z9.960784 F1000
G01 X18.459184 Y-38.765306 Z9.960784 F1000
G01 X18.357143 Y-38.765306 Z10 F1000
G01 X16.520408 Y-38.765306 Z10 F1000
G01 X16.418367 Y-38.765306 Z9.960784 F1000
G01 X16.316327 Y-38.765306 Z9.176471 F1000
G01 X16.214286 Y-38.765306 Z3.921569 F1000
G01 X16.112245 Y-38.765306 Z1.803922 F1000
G01 X16.010204 Y-38.765306 Z1.490196 F1000
G01 X15.806122 Y-38.765306 Z1.490196 F1000
G01 X15.704082 Y-38.765306 Z1.45098 F1000
G01 X15.295918 Y-38.765306 Z1.45098 F1000
G01 X15.193878 Y-38.765306 Z1.529412 F1000
G01 X15.091837 Y-38.765306 Z1.529412 F1000
G01 X14.989796 Y-38.765306 Z1.607843 F1000
G01 X14.785714 Y-38.765306 Z1.607843 F1000
G01 X14.683673 Y-38.765306 Z1.843137 F1000
G01 X14.581633 Y-38.765306 Z7.372549 F1000
G01 X14.479592 Y-38.765306 Z9.843137 F1000
G01 X14.377551 Y-38.765306 Z10 F1000
G01 X12.744898 Y-38.765306 Z10 F1000
G01 X12.642857 Y-38.765306 Z9.960784 F1000
G01 X0.5 Y-38.765306 Z9.960784 F1000
G01 X0.5 Y-38.867347 Z9.960784 F1000
G01 X0.5 Y-38.969388 Z9.960784 F1000
G01 X0.5 Y-39.071429 Z9.960784 F1000
G01 X0.5 Y-39.173469 Z9.960784 F1000
G01 X0.5 Y-39.27551 Z9.960784 F1000
G01 X12.642857 Y-39.27551 Z9.960784 F1000
G01 X12.744898 Y-39.27551 Z10 F1000
G01 X14.683673 Y-39.27551 Z10 F1000
G01 X14.785714 Y-39.27551 Z9.215686 F1000
G01 X14.887755 Y-39.27551 Z3.921569 F1000
G01 X14.989796 Y-39.27551 Z1.607843 F1000
G01 X15.091837 Y-39.27551 Z1.529412 F1000
G01 X15.193878 Y-39.27551 Z1.529412 F1000
G01 X15.295918 Y-39.27551 Z1.333333 F1000
G01 X15.908163 Y-39.27551 Z1.333333 F1000
G01 X16.010204 Y-39.27551 Z1.45098 F1000
G01 X16.112245 Y-39.27551 Z1.803922 F1000
G01 X16.418367 Y-39.27551 Z1.803922 F1000
G01 X16.520408 Y-39.27551 Z4.980392 F1000
G01 X16.622449 Y-39.27551 Z9.294118 F1000
G01 X16.72449 Y-39.27551 Z10 F1000
G01 X18.459184 Y-39.27551 Z10 F1000
G01 X18.561224 Y-39.27551 Z9.960784 F1000
G01 X39.479592 Y-39.27551 Z9.960784 F1000
G01 X39.581633 Y-39.27551 Z10 F1000
G01 X41.622449 Y-39.27551 Z10 F1000
G01 X41.72449 Y-39.27551 Z8.156863 F1000
G01 X41.826531 Y-39.27551 Z2.313725 F1000
G01 X41.928571 Y-39.27551 Z1.686275 F1000
G01 X42.030612 Y-39.27551 Z1.490196 F1000
G01 X42.132653 Y-39.27551 Z1.333333 F1000
G01 X43.561224 Y-39.27551 Z1.333333 F1000
G01 X43.663265 Y-39.27551 Z1.529412 F1000
G01 X44.173469 Y-39.27551 Z1.529412 F1000
G01 X44.27551 Y-39.27551 Z1.568627 F1000
G01 X44.377551 Y-39.27551 Z1.647059 F1000
G01 X44.479592 Y-39.27551 Z1.647059 F1000
G01 X44.581633 Y-39.27551 Z5.803922 F1000
G01 X44.683673 Y-39.27551 Z9.686275 F1000
G01 X44.785714 Y-39.27551 Z10 F1000
G01 X47.94898 Y-39.27551 Z10 F1000
G01 X48.05102 Y-39.27551 Z9.960784 F1000
G01 X48.153061 Y-39.27551 Z10 F1000
G01 X49.173469 Y-39.27551 Z10 F1000
G01 X49.27551 Y-39.27551 Z9.960784 F1000
G01 X50.602041 Y-39.27551 Z9.960784 F1000
G01 X50.704082 Y-39.27551 Z10 F1000
G01 X55.193878 Y-39.27551 Z10 F1000
G01 X55.295918 Y-39.27551 Z9.176471 F1000
G01 X55.397959 Y-39.27551 Z4.980392 F1000
G01 X55.5 Y-39.27551 Z1.882353 F1000
G01 X55.602041 Y-39.27551 Z1.72549 F1000
G01 X55.704082 Y-39.27551 Z1.72549 F1000
G01 X55.806122 Y-39.27551 Z1.411765 F1000
G01 X55.908163 Y-39.27551 Z1.411765 F1000
G01 X56.010204 Y-39.27551 Z1.333333 F1000
G01 X57.438776 Y-39.27551 Z1.333333 F1000
G01 X57.540816 Y-39.27551 Z1.607843 F1000
G01 X57.642857 Y-39.27551 Z1.72549 F1000
G01 X57.846939 Y-39.27551 Z1.72549 F1000
G01 X57.94898 Y-39.27551 Z1.882353 F1000
G01 X58.05102 Y-39.27551 Z1.882353 F1000
G01 X58.153061 Y-39.27551 Z3.137255 F1000
G01 X58.255102 Y-39.27551 Z8.862745 F1000
G01 X58.357143 Y-39.27551 Z9.843137 F1000
G01 X58.459184 Y-39.27551 Z10 F1000
G01 X59.989796 Y-39.27551 Z10 F1000
G01 X60.091837 Y-39.27551 Z9.960784 F1000
G01 X81.112245 Y-39.27551 Z9.960784 F1000
G01 X81.214286 Y-39.27551 Z10 F1000
G01 X83.357143 Y-39.27551 Z10 F1000
G01 X83.459184 Y-39.27551 Z8.54902 F1000
G01 X83.561224 Y-39.27551 Z4.392157 F1000
G01 X83.663265 Y-39.27551 Z1.686275 F1000
G01 X83.867347 Y-39.27551 Z1.686275 F1000
G01 X83.969388 Y-39.27551 Z1.529412 F1000
G01 X84.27551 Y-39.27551 Z1.529412 F1000
G01 X84.377551 Y-39.27551 Z1.490196 F1000
G01 X84.989796 Y-39.27551 Z1.490196 F1000
G01 X85.091837 Y-39.27551 Z2.039216 F1000
G01 X85.193878 Y-39.27551 Z4.745098 F1000
G01 X85.295918 Y-39.27551 Z9.686275 F1000
G01 X85.397959 Y-39.27551 Z10 F1000
G01 X86.928571 Y-39.27551 Z10 F1000
G01 X87.030612 Y-39.27551 Z9.960784 F1000
G01 X99.581633 Y-39.27551 Z9.960784 F1000
G01 X99.581633 Y-39.377551 Z9.960784 F1000
G01 X99.581633 Y-39.479592 Z9.960784 F1000
G01 X99.581633 Y-39.581633 Z9.960784 F1000
G01 X99.581633 Y-39.683673 Z9.960784 F1000
G01 X99.581633 Y-39.785714 Z9.960784 F1000
G01 X87.030612 Y-39.785714 Z9.960784 F1000
G01 X86.928571 Y-39.785714 Z10 F1000
G01 X85.193878 Y-39.785714 Z10 F1000
G01 X85.091837 Y-39.785714 Z9.882353 F1000
G01 X84.989796 Y-39.785714 Z9.529412 F1000
G01 X84.887755 Y-39.785714 Z4.235294 F1000
G01 X84.785714 Y-39.785714 Z1.568627 F1000
G01 X84.683673 Y-39.785714 Z1.568627 F1000
G01 X84.581633 Y-39.785714 Z1.490196 F1000
G01 X84.479592 Y-39.785714 Z1.45098 F1000
G01 X84.377551 Y-39.785714 Z1.333333 F1000
G01 X83.765306 Y-39.785714 Z1.333333 F1000
G01 X83.663265 Y-39.785714 Z1.411765 F1000
G01 X83.561224 Y-39.785714 Z1.764706 F1000
G01 X83.357143 Y-39.785714 Z1.764706 F1000
G01 X83.255102 Y-39.785714 Z4.039216 F1000
G01 X83.153061 Y-39.785714 Z8.156863 F1000
G01 X83.05102 Y-39.785714 Z10 F1000
G01 X80.397959 Y-39.785714 Z10 F1000
G01 X80.295918 Y-39.785714 Z9.960784 F1000
G01 X60.091837 Y-39.785714 Z9.960784 F1000
G01 X59.989796 Y-39.785714 Z10 F1000
G01 X58.255102 Y-39.785714 Z10 F1000
G01 X58.153061 Y-39.785714 Z9.882353 F1000
G01 X58.05102 Y-39.785714 Z9.215686 F1000
G01 X57.94898 Y-39.785714 Z3.490196 F1000
G01 X57.846939 Y-39.785714 Z1.72549 F1000
G01 X57.744898 Y-39.785714 Z1.72549 F1000
G01 X57.642857 Y-39.785714 Z1.607843 F1000
G01 X57.540816 Y-39.785714 Z1.607843 F1000
G01 X57.438776 Y-39.785714 Z1.333333 F1000
G01 X55.193878 Y-39.785714 Z1.333333 F1000
G01 X55.091837 Y-39.785714 Z3.058824 F1000
G01 X54.989796 Y-39.785714 Z6.470588 F1000
G01 X54.887755 Y-39.785714 Z9.921569 F1000
G01 X54.785714 Y-39.785714 Z9.921569 F1000
G01 X54.683673 Y-39.785714 Z10 F1000
G01 X51.928571 Y-39.785714 Z10 F1000
G01 X51.826531 Y-39.785714 Z9.921569 F1000
G01 X51.72449 Y-39.785714 Z9.921569 F1000
G01 X51.622449 Y-39.785714 Z9.843137 F1000
G01 X51.520408 Y-39.785714 Z9.803922 F1000
G01 X51.418367 Y-39.785714 Z9.803922 F1000
G01 X51.316327 Y-39.785714 Z9.686275 F1000
G01 X51.214286 Y-39.785714 Z9.254902 F1000
G01 X51.112245 Y-39.785714 Z8.627451 F1000
G01 X51.010204 Y-39.785714 Z8.117647 F1000
G01 X50.908163 Y-39.785714 Z6.666667 F1000
G01 X50.806122 Y-39.785714 Z6.27451 F1000
G01 X50.704082 Y-39.785714 Z5.568627 F1000
G01 X50.602041 Y-39.785714 Z4.784314 F1000
G01 X50.5 Y-39.785714 Z4.117647 F1000
G01 X50.397959 Y-39.785714 Z3.568627 F1000
G01 X50.295918 Y-39.785714 Z3.294118 F1000
G01 X50.193878 Y-39.785714 Z3.137255 F1000
G01 X50.091837 Y-39.785714 Z2.27451 F1000
G01 X49.989796 Y-39.785714 Z2.27451 F1000
G01 X49.887755 Y-39.785714 Z2.509804 F1000
G01 X49.785714 Y-39.785714 Z2.784314 F1000
G01 X49.683673 Y-39.785714 Z3.137255 F1000
G01 X49.581633 Y-39.785714 Z3.45098 F1000
G01 X49.479592 Y-39.785714 Z3.607843 F1000
G01 X49.377551 Y-39.785714 Z4.823529 F1000
G01 X49.27551 Y-39.785714 Z5.294118 F1000
G01 X49.173469 Y-39.785714 Z6.078431 F1000
G01 X49.071429 Y-39.785714 Z6.862745 F1000
G01 X48.969388 Y-39.785714 Z7.686275 F1000
G01 X48.867347 Y-39.785714 Z8.509804 F1000
G01 X48.765306 Y-39.785714 Z9.333333 F1000
G01 X48.663265 Y-39.785714 Z9.843137 F1000
G01 X48.561224 Y-39.785714 Z9.921569 F1000
G01 X48.153061 Y-39.785714 Z9.921569 F1000
G01 X48.05102 Y-39.785714 Z9.960784 F1000
G01 X47.94898 Y-39.785714 Z10 F1000
G01 X45.091837 Y-39.785714 Z10 F1000
G01 X44.989796 Y-39.785714 Z7.843137 F1000
G01 X44.887755 Y-39.785714 Z3.686275 F1000
G01 X44.785714 Y-39.785714 Z1.882353 F1000
G01 X44.581633 Y-39.785714 Z1.882353 F1000
G01 X44.479592 Y-39.785714 Z1.568627 F1000
G01 X44.377551 Y-39.785714 Z1.333333 F1000
G01 X42.94898 Y-39.785714 Z1.333333 F1000
G01 X42.846939 Y-39.785714 Z1.45098 F1000
G01 X42.744898 Y-39.785714 Z1.607843 F1000
G01 X42.132653 Y-39.785714 Z1.607843 F1000
G01 X42.030612 Y-39.785714 Z2.313725 F1000
G01 X41.928571 Y-39.785714 Z8.470588 F1000
G01 X41.826531 Y-39.785714 Z10 F1000
G01 X40.397959 Y-39.785714 Z10 F1000
G01 X40.295918 Y-39.785714 Z9.960784 F1000
G01 X19.377551 Y-39.785714 Z9.960784 F1000
G01 X19.27551 Y-39.785714 Z10 F1000
G01 X17.030612 Y-39.785714 Z10 F1000
G01 X16.928571 Y-39.785714 Z8.784314 F1000
G01 X16.826531 Y-39.785714 Z4.156863 F1000
G01 X16.72449 Y-39.785714 Z1.686275 F1000
G01 X16.622449 Y-39.785714 Z1.490196 F1000
G01 X16.520408 Y-39.785714 Z1.45098 F1000
G01 X16.214286 Y-39.785714 Z1.45098 F1000
G01 X16.112245 Y-39.785714 Z1.372549 F1000
G01 X16.010204 Y-39.785714 Z1.372549 F1000
G01 X15.908163 Y-39.785714 Z1.803922 F1000
G01 X15.295918 Y-39.785714 Z1.803922 F1000
G01 X15.193878 Y-39.785714 Z3.019608 F1000
G01 X15.091837 Y-39.785714 Z8.745098 F1000
G01 X14.989796 Y-39.785714 Z9.921569 F1000
G01 X14.887755 Y-39.785714 Z9.921569 F1000
G01 X14.785714 Y-39.785714 Z10 F1000
G01 X13.561224 Y-39.785714 Z10 F1000
G01 X13.459184 Y-39.785714 Z9.960784 F1000
G01 X0.5 Y-39.785714 Z9.960784 F1000
G01 X0.5 Y-39.887755 Z9.960784 F1000
G01 X0.5 Y-39.989796 Z9.960784 F1000
G01 X0.5 Y-40.091837 Z9.960784 F1000
G01 X0.5 Y-40.193878 Z9.960784 F1000
G01 X0.5 Y-40.295918 Z9.960784 F1000
G01 X13.459184 Y-40.295918 Z9.960784 F1000
G01 X13.561224 Y-40.295918 Z10 F1000
G01 X15.091837 Y-40.295918 Z10 F1000
G01 X15.193878 Y-40.295918 Z9.960784 F1000
G01 X15.295918 Y-40.295918 Z9.921569 F1000
G01 X15.397959 Y-40.295918 Z8.862745 F1000
G01 X15.5 Y-40.295918 Z4.156863 F1000
G01 X15.602041 Y-40.295918 Z1.803922 F1000
G01 X15.908163 Y-40.295918 Z1.803922 F1000
G01 X16.010204 Y-40.295918 Z1.490196 F1000
G01 X16.112245 Y-40.295918 Z1.333333 F1000
G01 X16.316327 Y-40.295918 Z1.333333 F1000
G01 X16.418367 Y-40.295918 Z1.372549 F1000
G01 X16.72449 Y-40.295918 Z1.372549 F1000
G01 X16.826531 Y-40.295918 Z1.72549 F1000
G01 X17.030612 Y-40.295918 Z1.72549 F1000
G01 X17.132653 Y-40.295918 Z2.313725 F1000
G01 X17.234694 Y-40.295918 Z6.705882 F1000
G01 X17.336735 Y-40.295918 Z9.647059 F1000
G01 X17.438776 Y-40.295918 Z9.647059 F1000
G01 X17.540816 Y-40.295918 Z10 F1000
G01 X19.27551 Y-40.295918 Z10 F1000
G01 X19.377551 Y-40.295918 Z9.960784 F1000
G01 X40.295918 Y-40.295918 Z9.960784 F1000
G01 X40.397959 Y-40.295918 Z10 F1000
G01 X41.928571 Y-40.295918 Z10 F1000
G01 X42.030612 Y-40.295918 Z9.882353 F1000
G01 X42.132653 Y-40.295918 Z7.647059 F1000
G01 X42.234694 Y-40.295918 Z2.196078 F1000
G01 X42.336735 Y-40.295918 Z1.72549 F1000
G01 X42.642857 Y-40.295918 Z1.72549 F1000
G01 X42.744898 Y-40.295918 Z1.607843 F1000
G01 X42.846939 Y-40.295918 Z1.529412 F1000
G01 X42.94898 Y-40.295918 Z1.333333 F1000
G01 X44.377551 Y-40.295918 Z1.333333 F1000
G01 X44.479592 Y-40.295918 Z1.490196 F1000
G01 X44.581633 Y-40.295918 Z1.882353 F1000
G01 X45.193878 Y-40.295918 Z1.882353 F1000
G01 X45.295918 Y-40.295918 Z4.509804 F1000
G01 X45.397959 Y-40.295918 Z8.509804 F1000
G01 X45.5 Y-40.295918 Z10 F1000
G01 X46.418367 Y-40.295918 Z10 F1000
G01 X46.520408 Y-40.295918 Z9.568627 F1000
G01 X46.622449 Y-40.295918 Z9.294118 F1000
G01 X46.72449 Y-40.295918 Z9.294118 F1000
G01 X46.826531 Y-40.295918 Z8.27451 F1000
G01 X46.928571 Y-40.295918 Z6.431373 F1000
G01 X47.030612 Y-40.295918 Z3.803922 F1000
G01 X47.132653 Y-40.295918 Z3.019608 F1000
G01 X47.234694 Y-40.295918 Z1.960784 F1000
G01 X47.336735 Y-40.295918 Z1.607843 F1000
G01 X47.540816 Y-40.295918 Z1.607843 F1000
G01 X47.642857 Y-40.295918 Z1.45098 F1000
G01 X48.255102 Y-40.295918 Z1.45098 F1000
G01 X48.357143 Y-40.295918 Z1.411765 F1000
G01 X48.459184 Y-40.295918 Z1.45098 F1000
G01 X48.561224 Y-40.295918 Z1.490196 F1000
G01 X49.173469 Y-40.295918 Z1.490196 F1000
G01 X49.27551 Y-40.295918 Z1.529412 F1000
G01 X50.193878 Y-40.295918 Z1.529412 F1000
G01 X50.295918 Y-40.295918 Z1.411765 F1000
G01 X50.704082 Y-40.295918 Z1.411765 F1000
G01 X50.806122 Y-40.295918 Z1.490196 F1000
G01 X50.908163 Y-40.295918 Z1.568627 F1000
G01 X51.010204 Y-40.295918 Z1.647059 F1000
G01 X51.928571 Y-40.295918 Z1.647059 F1000
G01 X52.030612 Y-40.295918 Z1.529412 F1000
G01 X52.132653 Y-40.295918 Z1.45098 F1000
G01 X52.642857 Y-40.295918 Z1.45098 F1000
G01 X52.744898 Y-40.295918 Z1.647059 F1000
G01 X52.846939 Y-40.295918 Z2.862745 F1000
G01 X52.94898 Y-40.295918 Z4.901961 F1000
G01 X53.05102 Y-40.295918 Z7.137255 F1000
G01 X53.153061 Y-40.295918 Z8.705882 F1000
G01 X53.255102 Y-40.295918 Z9.333333 F1000
G01 X53.357143 Y-40.295918 Z9.333333 F1000
G01 X53.459184 Y-40.295918 Z9.686275 F1000
G01 X54.377551 Y-40.295918 Z9.686275 F1000
G01 X54.479592 Y-40.295918 Z9.568627 F1000
G01 X54.581633 Y-40.295918 Z7.921569 F1000
G01 X54.683673 Y-40.295918 Z3.411765 F1000
G01 X54.785714 Y-40.295918 Z1.607843 F1000
G01 X55.091837 Y-40.295918 Z1.607843 F1000
G01 X55.193878 Y-40.295918 Z1.333333 F1000
G01 X57.438776 Y-40.295918 Z1.333333 F1000
G01 X57.540816 Y-40.295918 Z1.568627 F1000
G01 X57.642857 Y-40.295918 Z1.568627 F1000
G01 X57.744898 Y-40.295918 Z2.509804 F1000
G01 X57.846939 Y-40.295918 Z8.54902 F1000
G01 X57.94898 Y-40.295918 Z10 F1000
G01 X59.989796 Y-40.295918 Z10 F1000
G01 X60.091837 Y-40.295918 Z9.960784 F1000
G01 X80.295918 Y-40.295918 Z9.960784 F1000
G01 X80.397959 Y-40.295918 Z10 F1000
G01 X82.642857 Y-40.295918 Z10 F1000
G01 X82.744898 Y-40.295918 Z9.058824 F1000
G01 X82.846939 Y-40.295918 Z6.078431 F1000
G01 X82.94898 Y-40.295918 Z1.764706 F1000
G01 X83.05102 Y-40.295918 Z1.764706 F1000
G01 X83.153061 Y-40.295918 Z1.686275 F1000
G01 X83.357143 Y-40.295918 Z1.686275 F1000
G01 X83.459184 Y-40.295918 Z1.45098 F1000
G01 X83.561224 Y-40.295918 Z1.45098 F1000
G01 X83.663265 Y-40.295918 Z1.411765 F1000
G01 X83.765306 Y-40.295918 Z1.333333 F1000
G01 X84.377551 Y-40.295918 Z1.333333 F1000
G01 X84.479592 Y-40.295918 Z1.45098 F1000
G01 X84.581633 Y-40.295918 Z4.862745 F1000
G01 X84.683673 Y-40.295918 Z9.607843 F1000
G01 X84.785714 Y-40.295918 Z10 F1000
G01 X86.928571 Y-40.295918 Z10 F1000
G01 X87.030612 Y-40.295918 Z9.960784 F1000
G01 X99.581633 Y-40.295918 Z9.960784 F1000
G01 X99.581633 Y-40.397959 Z9.960784 F1000
G01 X99.581633 Y-40.5 Z9.960784 F1000
G01 X99.581633 Y-40.602041 Z9.960784 F1000
G01 X99.581633 Y-40.704082 Z9.960784 F1000
G01 X99.581633 Y-40.806122 Z9.960784 F1000
G01 X86.214286 Y-40.806122 Z9.960784 F1000
G01 X86.112245 Y-40.806122 Z10 F1000
G01 X84.377551 Y-40.806122 Z10 F1000
G01 X84.27551 Y-40.806122 Z6.784314 F1000
G01 X84.173469 Y-40.806122 Z2.627451 F1000
G01 X84.071429 Y-40.806122 Z1.882353 F1000
G01 X83.969388 Y-40.806122 Z1.686275 F1000
G01 X83.867347 Y-40.806122 Z1.529412 F1000
G01 X83.765306 Y-40.806122 Z1.490196 F1000
G01 X83.663265 Y-40.806122 Z1.372549 F1000
G01 X83.561224 Y-40.806122 Z1.333333 F1000
G01 X82.94898 Y-40.806122 Z1.333333 F1000
G01 X82.846939 Y-40.806122 Z1.490196 F1000
G01 X82.744898 Y-40.806122 Z2.117647 F1000
G01 X82.540816 Y-40.806122 Z2.117647 F1000
G01 X82.438776 Y-40.806122 Z6.313725 F1000
G01 X82.336735 Y-40.806122 Z10 F1000
G01 X80.397959 Y-40.806122 Z10 F1000
G01 X80.295918 Y-40.806122 Z9.960784 F1000
G01 X59.27551 Y-40.806122 Z9.960784 F1000
G01 X59.173469 Y-40.806122 Z10 F1000
G01 X57.744898 Y-40.806122 Z10 F1000
G01 X57.642857 Y-40.806122 Z6.431373 F1000
G01 X57.540816 Y-40.806122 Z1.764706 F1000
G01 X57.438776 Y-40.806122 Z1.333333 F1000
G01 X55.193878 Y-40.806122 Z1.333333 F1000
G01 X55.091837 Y-40.806122 Z1.607843 F1000
G01 X54.173469 Y-40.806122 Z1.607843 F1000
G01 X54.071429 Y-40.806122 Z1.529412 F1000
G01 X53.459184 Y-40.806122 Z1.529412 F1000
G01 X53.357143 Y-40.806122 Z1.333333 F1000
G01 X47.030612 Y-40.806122 Z1.333333 F1000
G01 X46.928571 Y-40.806122 Z1.411765 F1000
G01 X46.826531 Y-40.806122 Z1.411765 F1000
G01 X46.72449 Y-40.806122 Z1.45098 F1000
G01 X46.622449 Y-40.806122 Z1.45098 F1000
G01 X46.520408 Y-40.806122 Z1.568627 F1000
G01 X46.418367 Y-40.806122 Z1.607843 F1000
G01 X45.5 Y-40.806122 Z1.607843 F1000
G01 X45.397959 Y-40.806122 Z1.529412 F1000
G01 X45.295918 Y-40.806122 Z1.529412 F1000
G01 X45.193878 Y-40.806122 Z1.333333 F1000
G01 X42.94898 Y-40.806122 Z1.333333 F1000
G01 X42.846939 Y-40.806122 Z1.529412 F1000
G01 X42.744898 Y-40.806122 Z1.647059 F1000
G01 X42.642857 Y-40.806122 Z1.72549 F1000
G01 X42.438776 Y-40.806122 Z1.72549 F1000
G01 X42.336735 Y-40.806122 Z5.803922 F1000
G01 X42.234694 Y-40.806122 Z9.843137 F1000
G01 X42.132653 Y-40.806122 Z10 F1000
G01 X40.397959 Y-40.806122 Z10 F1000
G01 X40.295918 Y-40.806122 Z9.960784 F1000
G01 X20.193878 Y-40.806122 Z9.960784 F1000
G01 X20.091837 Y-40.806122 Z10 F1000
G01 X17.846939 Y-40.806122 Z10 F1000
G01 X17.744898 Y-40.806122 Z9.607843 F1000
G01 X17.642857 Y-40.806122 Z7.490196 F1000
G01 X17.540816 Y-40.806122 Z2.509804 F1000
G01 X17.438776 Y-40.806122 Z1.921569 F1000
G01 X17.234694 Y-40.806122 Z1.921569 F1000
G01 X17.132653 Y-40.806122 Z1.686275 F1000
G01 X16.826531 Y-40.806122 Z1.686275 F1000
G01 X16.72449 Y-40.806122 Z1.372549 F1000
G01 X16.112245 Y-40.806122 Z1.372549 F1000
G01 X16.010204 Y-40.806122 Z1.72549 F1000
G01 X15.908163 Y-40.806122 Z2.039216 F1000
G01 X15.806122 Y-40.806122 Z6.54902 F1000
G01 X15.704082 Y-40.806122 Z9.921569 F1000
G01 X15.602041 Y-40.806122 Z10 F1000
G01 X13.561224 Y-40.806122 Z10 F1000
G01 X13.459184 Y-40.806122 Z9.960784 F1000
G01 X0.5 Y-40.806122 Z9.960784 F1000
G01 X0.5 Y-40.908163 Z9.960784 F1000
G01 X0.5 Y-41.010204 Z9.960784 F1000
G01 X0.5 Y-41.112245 Z9.960784 F1000
G01 X0.5 Y-41.214286 Z9.960784 F1000
G01 X0.5 Y-41.316327 Z9.960784 F1000
G01 X13.561224 Y-41.316327 Z9.960784 F1000
G01 X13.663265 Y-41.316327 Z10 F1000
G01 X15.806122 Y-41.316327 Z10 F1000
G01 X15.908163 Y-41.316327 Z9.960784 F1000
G01 X16.010204 Y-41.316327 Z9.960784 F1000
G01 X16.112245 Y-41.316327 Z9.333333 F1000
G01 X16.214286 Y-41.316327 Z4.941176 F1000
G01 X16.316327 Y-41.316327 Z2.235294 F1000
G01 X16.72449 Y-41.316327 Z2.235294 F1000
G01 X16.826531 Y-41.316327 Z1.490196 F1000
G01 X16.928571 Y-41.316327 Z1.333333 F1000
G01 X17.540816 Y-41.316327 Z1.333333 F1000
G01 X17.642857 Y-41.316327 Z1.843137 F1000
G01 X17.846939 Y-41.316327 Z1.843137 F1000
G01 X17.94898 Y-41.316327 Z1.921569 F1000
G01 X18.05102 Y-41.316327 Z5.882353 F1000
G01 X18.153061 Y-41.316327 Z9.45098 F1000
G01 X18.255102 Y-41.316327 Z10 F1000
G01 X20.704082 Y-41.316327 Z10 F1000
G01 X20.806122 Y-41.316327 Z9.960784 F1000
G01 X41.112245 Y-41.316327 Z9.960784 F1000
G01 X41.214286 Y-41.316327 Z10 F1000
G01 X42.336735 Y-41.316327 Z10 F1000
G01 X42.438776 Y-41.316327 Z8.156863 F1000
G01 X42.540816 Y-41.316327 Z2.431373 F1000
G01 X42.642857 Y-41.316327 Z1.921569 F1000
G01 X42.744898 Y-41.316327 Z1.921569 F1000
G01 X42.846939 Y-41.316327 Z1.411765 F1000
G01 X42.94898 Y-41.316327 Z1.333333 F1000
G01 X46.112245 Y-41.316327 Z1.333333 F1000
G01 X46.214286 Y-41.316327 Z1.372549 F1000
G01 X46.316327 Y-41.316327 Z1.411765 F1000
G01 X46.418367 Y-41.316327 Z1.411765 F1000
G01 X46.520408 Y-41.316327 Z1.490196 F1000
G01 X47.642857 Y-41.316327 Z1.490196 F1000
G01 X47.744898 Y-41.316327 Z1.607843 F1000
G01 X49.479592 Y-41.316327 Z1.607843 F1000
G01 X49.581633 Y-41.316327 Z1.568627 F1000
G01 X49.989796 Y-41.316327 Z1.568627 F1000
G01 X50.091837 Y-41.316327 Z1.607843 F1000
G01 X50.397959 Y-41.316327 Z1.607843 F1000
G01 X50.5 Y-41.316327 Z1.647059 F1000
G01 X51.520408 Y-41.316327 Z1.647059 F1000
G01 X51.622449 Y-41.316327 Z1.529412 F1000
G01 X51.826531 Y-41.316327 Z1.529412 F1000
G01 X51.928571 Y-41.316327 Z1.490196 F1000
G01 X52.642857 Y-41.316327 Z1.490196 F1000
G01 X52.744898 Y-41.316327 Z1.45098 F1000
G01 X53.459184 Y-41.316327 Z1.45098 F1000
G01 X53.561224 Y-41.316327 Z1.333333 F1000
G01 X56.622449 Y-41.316327 Z1.333333 F1000
G01 X56.72449 Y-41.316327 Z1.372549 F1000
G01 X56.826531 Y-41.316327 Z1.411765 F1000
G01 X56.928571 Y-41.316327 Z1.490196 F1000
G01 X57.336735 Y-41.316327 Z1.490196 F1000
G01 X57.438776 Y-41.316327 Z3.294118 F1000
G01 X57.540816 Y-41.316327 Z9.019608 F1000
G01 X57.642857 Y-41.316327 Z10 F1000
G01 X59.173469 Y-41.316327 Z10 F1000
G01 X59.27551 Y-41.316327 Z9.960784 F1000
G01 X78.663265 Y-41.316327 Z9.960784 F1000
G01 X78.765306 Y-41.316327 Z10 F1000
G01 X81.72449 Y-41.316327 Z10 F1000
G01 X81.826531 Y-41.316327 Z9.921569 F1000
G01 X81.928571 Y-41.316327 Z9.215686 F1000
G01 X82.030612 Y-41.316327 Z4.470588 F1000
G01 X82.132653 Y-41.316327 Z1.333333 F1000
G01 X82.744898 Y-41.316327 Z1.333333 F1000
G01 X82.846939 Y-41.316327 Z1.372549 F1000
G01 X82.94898 Y-41.316327 Z1.490196 F1000
G01 X83.05102 Y-41.316327 Z1.490196 F1000
G01 X83.153061 Y-41.316327 Z1.607843 F1000
G01 X83.561224 Y-41.316327 Z1.607843 F1000
G01 X83.663265 Y-41.316327 Z1.764706 F1000
G01 X83.765306 Y-41.316327 Z2.117647 F1000
G01 X83.867347 Y-41.316327 Z6 F1000
G01 X83.969388 Y-41.316327 Z9.254902 F1000
G01 X84.071429 Y-41.316327 Z10 F1000
G01 X86.112245 Y-41.316327 Z10 F1000
G01 X86.214286 Y-41.316327 Z9.960784 F1000
G01 X99.581633 Y-41.316327 Z9.960784 F1000
G01 X99.581633 Y-41.418367 Z9.960784 F1000
G01 X99.581633 Y-41.520408 Z9.960784 F1000
G01 X99.581633 Y-41.622449 Z9.960784 F1000
G01 X99.581633 Y-41.72449 Z9.960784 F1000
G01 X99.581633 Y-41.826531 Z9.960784 F1000
G01 X86.214286 Y-41.826531 Z9.960784 F1000
G01 X86.112245 Y-41.826531 Z10 F1000
G01 X83.561224 Y-41.826531 Z10 F1000
G01 X83.459184 Y-41.826531 Z6.196078 F1000
G01 X83.357143 Y-41.826531 Z2.27451 F1000
G01 X83.255102 Y-41.826531 Z1.960784 F1000
G01 X83.153061 Y-41.826531 Z1.764706 F1000
G01 X83.05102 Y-41.826531 Z1.764706 F1000
G01 X82.94898 Y-41.826531 Z1.72549 F1000
G01 X82.846939 Y-41.826531 Z1.45098 F1000
G01 X82.744898 Y-41.826531 Z1.333333 F1000
G01 X82.132653 Y-41.826531 Z1.333333 F1000
G01 X82.030612 Y-41.826531 Z1.607843 F1000
G01 X81.928571 Y-41.826531 Z1.647059 F1000
G01 X81.826531 Y-41.826531 Z1.647059 F1000
G01 X81.72449 Y-41.826531 Z1.686275 F1000
G01 X81.622449 Y-41.826531 Z2.313725 F1000
G01 X81.520408 Y-41.826531 Z6.352941 F1000
G01 X81.418367 Y-41.826531 Z9.529412 F1000
G01 X81.316327 Y-41.826531 Z10 F1000
G01 X78.765306 Y-41.826531 Z10 F1000
G01 X78.663265 Y-41.826531 Z9.960784 F1000
G01 X59.27551 Y-41.826531 Z9.960784 F1000
G01 X59.173469 Y-41.826531 Z10 F1000
G01 X57.642857 Y-41.826531 Z10 F1000
G01 X57.540816 Y-41.826531 Z9.921569 F1000
G01 X57.438776 Y-41.826531 Z9.882353 F1000
G01 X57.336735 Y-41.826531 Z5.568627 F1000
G01 X57.234694 Y-41.826531 Z1.607843 F1000
G01 X57.132653 Y-41.826531 Z1.607843 F1000
G01 X57.030612 Y-41.826531 Z1.490196 F1000
G01 X56.826531 Y-41.826531 Z1.490196 F1000
G01 X56.72449 Y-41.826531 Z1.372549 F1000
G01 X56.622449 Y-41.826531 Z1.333333 F1000
G01 X53.561224 Y-41.826531 Z1.333333 F1000
G01 X53.459184 Y-41.826531 Z1.45098 F1000
G01 X53.357143 Y-41.826531 Z1.45098 F1000
G01 X53.255102 Y-41.826531 Z1.529412 F1000
G01 X53.05102 Y-41.826531 Z1.529412 F1000
G01 X52.94898 Y-41.826531 Z2.078431 F1000
G01 X52.846939 Y-41.826531 Z2.941176 F1000
G01 X52.744898 Y-41.826531 Z3.568627 F1000
G01 X52.642857 Y-41.826531 Z7.215686 F1000
G01 X52.540816 Y-41.826531 Z8 F1000
G01 X52.438776 Y-41.826531 Z9.098039 F1000
G01 X52.336735 Y-41.826531 Z9.843137 F1000
G01 X52.234694 Y-41.826531 Z10 F1000
G01 X47.642857 Y-41.826531 Z10 F1000
G01 X47.540816 Y-41.826531 Z9.058824 F1000
G01 X47.438776 Y-41.826531 Z7.647059 F1000
G01 X47.336735 Y-41.826531 Z6.27451 F1000
G01 X47.234694 Y-41.826531 Z4.980392 F1000
G01 X47.132653 Y-41.826531 Z3.607843 F1000
G01 X47.030612 Y-41.826531 Z2.235294 F1000
G01 X46.928571 Y-41.826531 Z1.764706 F1000
G01 X46.826531 Y-41.826531 Z1.764706 F1000
G01 X46.72449 Y-41.826531 Z1.490196 F1000
G01 X46.520408 Y-41.826531 Z1.490196 F1000
G01 X46.418367 Y-41.826531 Z1.45098 F1000
G01 X46.112245 Y-41.826531 Z1.45098 F1000
G01 X46.010204 Y-41.826531 Z1.333333 F1000
G01 X42.94898 Y-41.826531 Z1.333333 F1000
G01 X42.846939 Y-41.826531 Z1.411765 F1000
G01 X42.744898 Y-41.826531 Z1.921569 F1000
G01 X42.642857 Y-41.826531 Z4.27451 F1000
G01 X42.540816 Y-41.826531 Z9.490196 F1000
G01 X42.438776 Y-41.826531 Z10 F1000
G01 X41.214286 Y-41.826531 Z10 F1000
G01 X41.112245 Y-41.826531 Z9.960784 F1000
G01 X21.010204 Y-41.826531 Z9.960784 F1000
G01 X20.908163 Y-41.826531 Z10 F1000
G01 X18.765306 Y-41.826531 Z10 F1000
G01 X18.663265 Y-41.826531 Z9.803922 F1000
G01 X18.561224 Y-41.826531 Z6.705882 F1000
G01 X18.459184 Y-41.826531 Z2.862745 F1000
G01 X18.357143 Y-41.826531 Z1.921569 F1000
G01 X17.94898 Y-41.826531 Z1.921569 F1000
G01 X17.846939 Y-41.826531 Z1.843137 F1000
G01 X17.642857 Y-41.826531 Z1.843137 F1000
G01 X17.540816 Y-41.826531 Z1.333333 F1000
G01 X16.928571 Y-41.826531 Z1.333333 F1000
G01 X16.826531 Y-41.826531 Z1.843137 F1000
G01 X16.72449 Y-41.826531 Z2.235294 F1000
G01 X16.622449 Y-41.826531 Z5.411765 F1000
G01 X16.520408 Y-41.826531 Z9.843137 F1000
G01 X16.418367 Y-41.826531 Z10 F1000
G01 X13.663265 Y-41.826531 Z10 F1000
G01 X13.561224 Y-41.826531 Z9.960784 F1000
G01 X0.5 Y-41.826531 Z9.960784 F1000
G01 X0.5 Y-41.928571 Z9.960784 F1000
G01 X0.5 Y-42.030612 Z9.960784 F1000
G01 X0.5 Y-42.132653 Z9.960784 F1000
G01 X0.5 Y-42.234694 Z9.960784 F1000
G01 X0.5 Y-42.336735 Z9.960784 F1000
G01 X15.091837 Y-42.336735 Z9.960784 F1000
G01 X15.193878 Y-42.336735 Z10 F1000
G01 X16.928571 Y-42.336735 Z10 F1000
G01 X17.030612 Y-42.336735 Z7.215686 F1000
G01 X17.132653 Y-42.336735 Z3.019608 F1000
G01 X17.234694 Y-42.336735 Z1.921569 F1000
G01 X17.540816 Y-42.336735 Z1.921569 F1000
G01 X17.642857 Y-42.336735 Z1.529412 F1000
G01 X17.744898 Y-42.336735 Z1.333333 F1000
G01 X18.357143 Y-42.336735 Z1.333333 F1000
G01 X18.459184 Y-42.336735 Z1.843137 F1000
G01 X18.867347 Y-42.336735 Z1.843137 F1000
G01 X18.969388 Y-42.336735 Z2.431373 F1000
G01 X19.071429 Y-42.336735 Z6.627451 F1000
G01 X19.173469 Y-42.336735 Z9.372549 F1000
G01 X19.27551 Y-42.336735 Z9.882353 F1000
G01 X19.377551 Y-42.336735 Z9.882353 F1000
G01 X19.479592 Y-42.336735 Z10 F1000
G01 X21.72449 Y-42.336735 Z10 F1000
G01 X21.826531 Y-42.336735 Z9.960784 F1000
G01 X40.908163 Y-42.336735 Z9.960784 F1000
G01 X41.010204 Y-42.336735 Z10 F1000
G01 X42.540816 Y-42.336735 Z10 F1000
G01 X42.642857 Y-42.336735 Z6.862745 F1000
G01 X42.744898 Y-42.336735 Z1.686275 F1000
G01 X42.846939 Y-42.336735 Z1.411765 F1000
G01 X42.94898 Y-42.336735 Z1.333333 F1000
G01 X44.377551 Y-42.336735 Z1.333333 F1000
G01 X44.479592 Y-42.336735 Z1.72549 F1000
G01 X45.193878 Y-42.336735 Z1.72549 F1000
G01 X45.295918 Y-42.336735 Z1.803922 F1000
G01 X45.5 Y-42.336735 Z1.803922 F1000
G01 X45.602041 Y-42.336735 Z1.843137 F1000
G01 X45.806122 Y-42.336735 Z1.843137 F1000
G01 X45.908163 Y-42.336735 Z4.039216 F1000
G01 X46.010204 Y-42.336735 Z7.333333 F1000
G01 X46.112245 Y-42.336735 Z9.058824 F1000
G01 X46.214286 Y-42.336735 Z9.607843 F1000
G01 X46.316327 Y-42.336735 Z10 F1000
G01 X53.765306 Y-42.336735 Z10 F1000
G01 X53.867347 Y-42.336735 Z8.666667 F1000
G01 X53.969388 Y-42.336735 Z6.196078 F1000
G01 X54.071429 Y-42.336735 Z3.843137 F1000
G01 X54.173469 Y-42.336735 Z2.078431 F1000
G01 X54.27551 Y-42.336735 Z1.764706 F1000
G01 X54.377551 Y-42.336735 Z1.764706 F1000
G01 X54.479592 Y-42.336735 Z1.647059 F1000
G01 X54.785714 Y-42.336735 Z1.647059 F1000
G01 X54.887755 Y-42.336735 Z1.607843 F1000
G01 X55.091837 Y-42.336735 Z1.607843 F1000
G01 X55.193878 Y-42.336735 Z1.333333 F1000
G01 X56.622449 Y-42.336735 Z1.333333 F1000
G01 X56.72449 Y-42.336735 Z1.607843 F1000
G01 X56.928571 Y-42.336735 Z1.607843 F1000
G01 X57.030612 Y-42.336735 Z1.686275 F1000
G01 X57.132653 Y-42.336735 Z1.803922 F1000
G01 X57.234694 Y-42.336735 Z2.54902 F1000
G01 X57.336735 Y-42.336735 Z7.764706 F1000
G01 X57.438776 Y-42.336735 Z10 F1000
G01 X59.173469 Y-42.336735 Z10 F1000
G01 X59.27551 Y-42.336735 Z9.960784 F1000
G01 X77.846939 Y-42.336735 Z9.960784 F1000
G01 X77.94898 Y-42.336735 Z10 F1000
G01 X80.704082 Y-42.336735 Z10 F1000
G01 X80.806122 Y-42.336735 Z9.803922 F1000
G01 X80.908163 Y-42.336735 Z9.294118 F1000
G01 X81.010204 Y-42.336735 Z5.490196 F1000
G01 X81.112245 Y-42.336735 Z1.803922 F1000
G01 X81.214286 Y-42.336735 Z1.568627 F1000
G01 X81.316327 Y-42.336735 Z1.411765 F1000
G01 X81.928571 Y-42.336735 Z1.411765 F1000
G01 X82.030612 Y-42.336735 Z1.686275 F1000
G01 X82.846939 Y-42.336735 Z1.686275 F1000
G01 X82.94898 Y-42.336735 Z3.529412 F1000
G01 X83.05102 Y-42.336735 Z7.882353 F1000
G01 X83.153061 Y-42.336735 Z10 F1000
G01 X85.295918 Y-42.336735 Z10 F1000
G01 X85.397959 Y-42.336735 Z9.960784 F1000
G01 X99.581633 Y-42.336735 Z9.960784 F1000
G01 X99.581633 Y-42.438776 Z9.960784 F1000
G01 X99.581633 Y-42.540816 Z9.960784 F1000
G01 X99.581633 Y-42.642857 Z9.960784 F1000
G01 X99.581633 Y-42.744898 Z9.960784 F1000
G01 X99.581633 Y-42.846939 Z9.960784 F1000
G01 X85.295918 Y-42.846939 Z9.960784 F1000
G01 X85.193878 Y-42.846939 Z10 F1000
G01 X82.744898 Y-42.846939 Z10 F1000
G01 X82.642857 Y-42.846939 Z9.921569 F1000
G01 X82.540816 Y-42.846939 Z7.137255 F1000
G01 X82.438776 Y-42.846939 Z2.941176 F1000
G01 X82.336735 Y-42.846939 Z1.686275 F1000
G01 X82.030612 Y-42.846939 Z1.686275 F1000
G01 X81.928571 Y-42.846939 Z1.45098 F1000
G01 X81.520408 Y-42.846939 Z1.45098 F1000
G01 X81.418367 Y-42.846939 Z1.372549 F1000
G01 X81.010204 Y-42.846939 Z1.372549 F1000
G01 X80.908163 Y-42.846939 Z1.45098 F1000
G01 X80.806122 Y-42.846939 Z1.529412 F1000
G01 X80.602041 Y-42.846939 Z1.529412 F1000
G01 X80.5 Y-42.846939 Z2.588235 F1000
G01 X80.397959 Y-42.846939 Z7.882353 F1000
G01 X80.295918 Y-42.846939 Z8.980392 F1000
G01 X80.193878 Y-42.846939 Z9.921569 F1000
G01 X80.091837 Y-42.846939 Z10 F1000
G01 X77.540816 Y-42.846939 Z10 F1000
G01 X77.438776 Y-42.846939 Z9.960784 F1000
G01 X59.989796 Y-42.846939 Z9.960784 F1000
G01 X59.887755 Y-42.846939 Z10 F1000
G01 X57.438776 Y-42.846939 Z10 F1000
G01 X57.336735 Y-42.846939 Z7.764706 F1000
G01 X57.234694 Y-42.846939 Z2.54902 F1000
G01 X57.132653 Y-42.846939 Z1.882353 F1000
G01 X57.030612 Y-42.846939 Z1.686275 F1000
G01 X56.928571 Y-42.846939 Z1.607843 F1000
G01 X56.72449 Y-42.846939 Z1.607843 F1000
G01 X56.622449 Y-42.846939 Z1.333333 F1000
G01 X55.908163 Y-42.846939 Z1.333333 F1000
G01 X55.806122 Y-42.846939 Z1.529412 F1000
G01 X55.193878 Y-42.846939 Z1.529412 F1000
G01 X55.091837 Y-42.846939 Z1.843137 F1000
G01 X54.989796 Y-42.846939 Z2.627451 F1000
G01 X54.887755 Y-42.846939 Z5.72549 F1000
G01 X54.785714 Y-42.846939 Z9.137255 F1000
G01 X54.683673 Y-42.846939 Z10 F1000
G01 X45.806122 Y-42.846939 Z10 F1000
G01 X45.704082 Y-42.846939 Z9.960784 F1000
G01 X45.602041 Y-42.846939 Z9.960784 F1000
G01 X45.5 Y-42.846939 Z9.843137 F1000
G01 X45.397959 Y-42.846939 Z9.803922 F1000
G01 X45.295918 Y-42.846939 Z9.764706 F1000
G01 X45.193878 Y-42.846939 Z9.568627 F1000
G01 X45.091837 Y-42.846939 Z6 F1000
G01 X44.989796 Y-42.846939 Z2.470588 F1000
G01 X44.887755 Y-42.846939 Z1.72549 F1000
G01 X44.479592 Y-42.846939 Z1.72549 F1000
G01 X44.377551 Y-42.846939 Z1.529412 F1000
G01 X43.867347 Y-42.846939 Z1.529412 F1000
G01 X43.765306 Y-42.846939 Z1.490196 F1000
G01 X43.663265 Y-42.846939 Z1.333333 F1000
G01 X42.94898 Y-42.846939 Z1.333333 F1000
G01 X42.846939 Y-42.846939 Z1.568627 F1000
G01 X42.744898 Y-42.846939 Z1.686275 F1000
G01 X42.642857 Y-42.846939 Z6.862745 F1000
G01 X42.540816 Y-42.846939 Z10 F1000
G01 X40.704082 Y-42.846939 Z10 F1000
G01 X40.602041 Y-42.846939 Z9.960784 F1000
G01 X23.459184 Y-42.846939 Z9.960784 F1000
G01 X23.357143 Y-42.846939 Z10 F1000
G01 X19.785714 Y-42.846939 Z10 F1000
G01 X19.683673 Y-42.846939 Z7.72549 F1000
G01 X19.581633 Y-42.846939 Z3.764706 F1000
G01 X19.479592 Y-42.846939 Z1.72549 F1000
G01 X19.27551 Y-42.846939 Z1.72549 F1000
G01 X19.173469 Y-42.846939 Z1.686275 F1000
G01 X18.867347 Y-42.846939 Z1.686275 F1000
G01 X18.765306 Y-42.846939 Z1.647059 F1000
G01 X18.561224 Y-42.846939 Z1.647059 F1000
G01 X18.459184 Y-42.846939 Z1.490196 F1000
G01 X18.05102 Y-42.846939 Z1.490196 F1000
G01 X17.94898 Y-42.846939 Z1.529412 F1000
G01 X17.846939 Y-42.846939 Z1.568627 F1000
G01 X17.744898 Y-42.846939 Z1.568627 F1000
G01 X17.642857 Y-42.846939 Z2.117647 F1000
G01 X17.540816 Y-42.846939 Z6.470588 F1000
G01 X17.438776 Y-42.846939 Z9.372549 F1000
G01 X17.336735 Y-42.846939 Z9.764706 F1000
G01 X17.234694 Y-42.846939 Z10 F1000
G01 X15.193878 Y-42.846939 Z10 F1000
G01 X15.091837 Y-42.846939 Z9.960784 F1000
G01 X0.5 Y-42.846939 Z9.960784 F1000
G01 X0.5 Y-42.94898 Z9.960784 F1000
G01 X0.5 Y-43.05102 Z9.960784 F1000
G01 X0.5 Y-43.153061 Z9.960784 F1000
G01 X0.5 Y-43.255102 Z9.960784 F1000
G01 X0.5 Y-43.357143 Z9.960784 F1000
G01 X15.091837 Y-43.357143 Z9.960784 F1000
G01 X15.193878 Y-43.357143 Z10 F1000
G01 X17.846939 Y-43.357143 Z10 F1000
G01 X17.94898 Y-43.357143 Z9.647059 F1000
G01 X18.05102 Y-43.357143 Z6.784314 F1000
G01 X18.153061 Y-43.357143 Z2.823529 F1000
G01 X18.255102 Y-43.357143 Z1.921569 F1000
G01 X18.357143 Y-43.357143 Z1.921569 F1000
G01 X18.459184 Y-43.357143 Z1.529412 F1000
G01 X18.561224 Y-43.357143 Z1.333333 F1000
G01 X19.173469 Y-43.357143 Z1.333333 F1000
G01 X19.27551 Y-43.357143 Z1.411765 F1000
G01 X19.377551 Y-43.357143 Z1.529412 F1000
G01 X19.581633 Y-43.357143 Z1.529412 F1000
G01 X19.683673 Y-43.357143 Z1.568627 F1000
G01 X19.785714 Y-43.357143 Z1.607843 F1000
G01 X20.091837 Y-43.357143 Z1.607843 F1000
G01 X20.193878 Y-43.357143 Z3.686275 F1000
G01 X20.295918 Y-43.357143 Z7.294118 F1000
G01 X20.397959 Y-43.357143 Z9.843137 F1000
G01 X20.5 Y-43.357143 Z10 F1000
G01 X23.357143 Y-43.357143 Z10 F1000
G01 X23.459184 Y-43.357143 Z9.960784 F1000
G01 X40.295918 Y-43.357143 Z9.960784 F1000
G01 X40.397959 Y-43.357143 Z10 F1000
G01 X42.234694 Y-43.357143 Z10 F1000
G01 X42.336735 Y-43.357143 Z7.490196 F1000
G01 X42.438776 Y-43.357143 Z2.705882 F1000
G01 X42.540816 Y-43.357143 Z1.843137 F1000
G01 X42.642857 Y-43.357143 Z1.843137 F1000
G01 X42.744898 Y-43.357143 Z1.568627 F1000
G01 X42.846939 Y-43.357143 Z1.568627 F1000
G01 X42.94898 Y-43.357143 Z1.333333 F1000
G01 X43.561224 Y-43.357143 Z1.333333 F1000
G01 X43.663265 Y-43.357143 Z1.568627 F1000
G01 X43.867347 Y-43.357143 Z1.568627 F1000
G01 X43.969388 Y-43.357143 Z1.607843 F1000
G01 X44.071429 Y-43.357143 Z1.764706 F1000
G01 X44.173469 Y-43.357143 Z1.764706 F1000
G01 X44.27551 Y-43.357143 Z2.392157 F1000
G01 X44.377551 Y-43.357143 Z4.901961 F1000
G01 X44.479592 Y-43.357143 Z9.058824 F1000
G01 X44.581633 Y-43.357143 Z9.607843 F1000
G01 X44.683673 Y-43.357143 Z10 F1000
G01 X47.744898 Y-43.357143 Z10 F1000
G01 X47.846939 Y-43.357143 Z9.960784 F1000
G01 X51.72449 Y-43.357143 Z9.960784 F1000
G01 X51.826531 Y-43.357143 Z10 F1000
G01 X55.397959 Y-43.357143 Z10 F1000
G01 X55.5 Y-43.357143 Z8.862745 F1000
G01 X55.602041 Y-43.357143 Z4.588235 F1000
G01 X55.704082 Y-43.357143 Z2.039216 F1000
G01 X55.908163 Y-43.357143 Z2.039216 F1000
G01 X56.010204 Y-43.357143 Z1.333333 F1000
G01 X56.622449 Y-43.357143 Z1.333333 F1000
G01 X56.72449 Y-43.357143 Z1.529412 F1000
G01 X56.826531 Y-43.357143 Z1.529412 F1000
G01 X56.928571 Y-43.357143 Z1.607843 F1000
G01 X57.030612 Y-43.357143 Z1.607843 F1000
G01 X57.132653 Y-43.357143 Z1.882353 F1000
G01 X57.438776 Y-43.357143 Z1.882353 F1000
G01 X57.540816 Y-43.357143 Z3.960784 F1000
G01 X57.642857 Y-43.357143 Z8.470588 F1000
G01 X57.744898 Y-43.357143 Z10 F1000
G01 X59.989796 Y-43.357143 Z10 F1000
G01 X60.091837 Y-43.357143 Z9.960784 F1000
G01 X77.030612 Y-43.357143 Z9.960784 F1000
G01 X77.132653 Y-43.357143 Z10 F1000
G01 X79.581633 Y-43.357143 Z10 F1000
G01 X79.683673 Y-43.357143 Z9.647059 F1000
G01 X79.785714 Y-43.357143 Z6.666667 F1000
G01 X79.887755 Y-43.357143 Z2.901961 F1000
G01 X79.989796 Y-43.357143 Z1.72549 F1000
G01 X80.295918 Y-43.357143 Z1.72549 F1000
G01 X80.397959 Y-43.357143 Z1.686275 F1000
G01 X80.5 Y-43.357143 Z1.333333 F1000
G01 X81.112245 Y-43.357143 Z1.333333 F1000
G01 X81.214286 Y-43.357143 Z1.568627 F1000
G01 X81.418367 Y-43.357143 Z1.568627 F1000
G01 X81.520408 Y-43.357143 Z1.72549 F1000
G01 X81.622449 Y-43.357143 Z1.72549 F1000
G01 X81.72449 Y-43.357143 Z1.843137 F1000
G01 X81.826531 Y-43.357143 Z1.843137 F1000
G01 X81.928571 Y-43.357143 Z3.372549 F1000
G01 X82.030612 Y-43.357143 Z7.764706 F1000
G01 X82.132653 Y-43.357143 Z9.45098 F1000
G01 X82.234694 Y-43.357143 Z10 F1000
G01 X84.479592 Y-43.357143 Z10 F1000
G01 X84.581633 Y-43.357143 Z9.960784 F1000
G01 X99.581633 Y-43.357143 Z9.960784 F1000
G01 X99.581633 Y-43.459184 Z9.960784 F1000
G01 X99.581633 Y-43.561224 Z9.960784 F1000
G01 X99.581633 Y-43.663265 Z9.960784 F1000
G01 X99.581633 Y-43.765306 Z9.960784 F1000
G01 X99.581633 Y-43.867347 Z9.960784 F1000
G01 X83.765306 Y-43.867347 Z9.960784 F1000
G01 X83.663265 Y-43.867347 Z10 F1000
G01 X81.622449 Y-43.867347 Z10 F1000
G01 X81.520408 Y-43.867347 Z8.705882 F1000
G01 X81.418367 Y-43.867347 Z5.72549 F1000
G01 X81.316327 Y-43.867347 Z2.784314 F1000
G01 X81.214286 Y-43.867347 Z1.607843 F1000
G01 X80.806122 Y-43.867347 Z1.607843 F1000
G01 X80.704082 Y-43.867347 Z1.568627 F1000
G01 X80.602041 Y-43.867347 Z1.568627 F1000
G01 X80.5 Y-43.867347 Z1.490196 F1000
G01 X80.397959 Y-43.867347 Z1.490196 F1000
G01 X80.295918 Y-43.867347 Z1.333333 F1000
G01 X79.683673 Y-43.867347 Z1.333333 F1000
G01 X79.581633 Y-43.867347 Z1.843137 F1000
G01 X79.377551 Y-43.867347 Z1.843137 F1000
G01 X79.27551 Y-43.867347 Z2.039216 F1000
G01 X79.173469 Y-43.867347 Z4.392157 F1000
G01 X79.071429 Y-43.867347 Z8.235294 F1000
G01 X78.969388 Y-43.867347 Z10 F1000
G01 X75.5 Y-43.867347 Z10 F1000
G01 X75.397959 Y-43.867347 Z9.960784 F1000
G01 X60.091837 Y-43.867347 Z9.960784 F1000
G01 X59.989796 Y-43.867347 Z10 F1000
G01 X58.153061 Y-43.867347 Z10 F1000
G01 X58.05102 Y-43.867347 Z7.607843 F1000
G01 X57.94898 Y-43.867347 Z3.529412 F1000
G01 X57.846939 Y-43.867347 Z1.882353 F1000
G01 X57.642857 Y-43.867347 Z1.882353 F1000
G01 X57.540816 Y-43.867347 Z1.490196 F1000
G01 X57.438776 Y-43.867347 Z1.333333 F1000
G01 X56.826531 Y-43.867347 Z1.333333 F1000
G01 X56.72449 Y-43.867347 Z1.529412 F1000
G01 X56.622449 Y-43.867347 Z1.72549 F1000
G01 X56.316327 Y-43.867347 Z1.72549 F1000
G01 X56.214286 Y-43.867347 Z2.470588 F1000
G01 X56.112245 Y-43.867347 Z6.588235 F1000
G01 X56.010204 Y-43.867347 Z9.607843 F1000
G01 X55.908163 Y-43.867347 Z10 F1000
G01 X53.459184 Y-43.867347 Z10 F1000
G01 X53.357143 Y-43.867347 Z9.960784 F1000
G01 X46.214286 Y-43.867347 Z9.960784 F1000
G01 X46.112245 Y-43.867347 Z10 F1000
G01 X43.969388 Y-43.867347 Z10 F1000
G01 X43.867347 Y-43.867347 Z7.294118 F1000
G01 X43.765306 Y-43.867347 Z2.784314 F1000
G01 X43.663265 Y-43.867347 Z1.72549 F1000
G01 X43.459184 Y-43.867347 Z1.72549 F1000
G01 X43.357143 Y-43.867347 Z1.647059 F1000
G01 X43.153061 Y-43.867347 Z1.647059 F1000
G01 X43.05102 Y-43.867347 Z1.490196 F1000
G01 X42.846939 Y-43.867347 Z1.490196 F1000
G01 X42.744898 Y-43.867347 Z1.333333 F1000
G01 X42.132653 Y-43.867347 Z1.333333 F1000
G01 X42.030612 Y-43.867347 Z3.176471 F1000
G01 X41.928571 Y-43.867347 Z6.54902 F1000
G01 X41.826531 Y-43.867347 Z10 F1000
G01 X39.683673 Y-43.867347 Z10 F1000
G01 X39.581633 Y-43.867347 Z9.960784 F1000
G01 X24.27551 Y-43.867347 Z9.960784 F1000
G01 X24.173469 Y-43.867347 Z10 F1000
G01 X21.418367 Y-43.867347 Z10 F1000
G01 X21.316327 Y-43.867347 Z9.960784 F1000
G01 X21.214286 Y-43.867347 Z9.764706 F1000
G01 X21.112245 Y-43.867347 Z9.764706 F1000
G01 X21.010204 Y-43.867347 Z8.196078 F1000
G01 X20.908163 Y-43.867347 Z5.72549 F1000
G01 X20.806122 Y-43.867347 Z2.27451 F1000
G01 X20.704082 Y-43.867347 Z1.686275 F1000
G01 X20.091837 Y-43.867347 Z1.686275 F1000
G01 X19.989796 Y-43.867347 Z1.333333 F1000
G01 X19.377551 Y-43.867347 Z1.333333 F1000
G01 X19.27551 Y-43.867347 Z1.607843 F1000
G01 X19.173469 Y-43.867347 Z2 F1000
G01 X18.765306 Y-43.867347 Z2 F1000
G01 X18.663265 Y-43.867347 Z4.862745 F1000
G01 X18.561224 Y-43.867347 Z8.784314 F1000
G01 X18.459184 Y-43.867347 Z10 F1000
G01 X16.010204 Y-43.867347 Z10 F1000
G01 X15.908163 Y-43.867347 Z9.960784 F1000
G01 X0.5 Y-43.867347 Z9.960784 F1000
G01 X0.5 Y-43.969388 Z9.960784 F1000
G01 X0.5 Y-44.071429 Z9.960784 F1000
G01 X0.5 Y-44.173469 Z9.960784 F1000
G01 X0.5 Y-44.27551 Z9.960784 F1000
G01 X0.5 Y-44.377551 Z9.960784 F1000
G01 X16.010204 Y-44.377551 Z9.960784 F1000
G01 X16.112245 Y-44.377551 Z10 F1000
G01 X19.071429 Y-44.377551 Z10 F1000
G01 X19.173469 Y-44.377551 Z8.313725 F1000
G01 X19.27551 Y-44.377551 Z4.392157 F1000
G01 X19.377551 Y-44.377551 Z1.333333 F1000
G01 X19.989796 Y-44.377551 Z1.333333 F1000
G01 X20.091837 Y-44.377551 Z1.686275 F1000
G01 X21.010204 Y-44.377551 Z1.686275 F1000
G01 X21.112245 Y-44.377551 Z1.647059 F1000
G01 X21.214286 Y-44.377551 Z1.647059 F1000
G01 X21.316327 Y-44.377551 Z1.607843 F1000
G01 X21.418367 Y-44.377551 Z1.607843 F1000
G01 X21.520408 Y-44.377551 Z2.235294 F1000
G01 X21.622449 Y-44.377551 Z4.509804 F1000
G01 X21.72449 Y-44.377551 Z8 F1000
G01 X21.826531 Y-44.377551 Z9.176471 F1000
G01 X21.928571 Y-44.377551 Z9.921569 F1000
G01 X22.030612 Y-44.377551 Z10 F1000
G01 X24.173469 Y-44.377551 Z10 F1000
G01 X24.27551 Y-44.377551 Z9.960784 F1000
G01 X39.479592 Y-44.377551 Z9.960784 F1000
G01 X39.581633 Y-44.377551 Z10 F1000
G01 X41.010204 Y-44.377551 Z10 F1000
G01 X41.112245 Y-44.377551 Z9.960784 F1000
G01 X41.418367 Y-44.377551 Z9.960784 F1000
G01 X41.520408 Y-44.377551 Z8.470588 F1000
G01 X41.622449 Y-44.377551 Z4.039216 F1000
G01 X41.72449 Y-44.377551 Z1.803922 F1000
G01 X41.826531 Y-44.377551 Z1.647059 F1000
G01 X41.928571 Y-44.377551 Z1.647059 F1000
G01 X42.030612 Y-44.377551 Z1.490196 F1000
G01 X42.132653 Y-44.377551 Z1.333333 F1000
G01 X42.744898 Y-44.377551 Z1.333333 F1000
G01 X42.846939 Y-44.377551 Z1.490196 F1000
G01 X42.94898 Y-44.377551 Z1.607843 F1000
G01 X43.05102 Y-44.377551 Z1.607843 F1000
G01 X43.153061 Y-44.377551 Z1.647059 F1000
G01 X43.255102 Y-44.377551 Z2.078431 F1000
G01 X43.357143 Y-44.377551 Z5.176471 F1000
G01 X43.459184 Y-44.377551 Z9.098039 F1000
G01 X43.561224 Y-44.377551 Z9.764706 F1000
G01 X43.663265 Y-44.377551 Z10 F1000
G01 X46.112245 Y-44.377551 Z10 F1000
G01 X46.214286 Y-44.377551 Z9.960784 F1000
G01 X53.357143 Y-44.377551 Z9.960784 F1000
G01 X53.459184 Y-44.377551 Z10 F1000
G01 X56.418367 Y-44.377551 Z10 F1000
G01 X56.520408 Y-44.377551 Z8.666667 F1000
G01 X56.622449 Y-44.377551 Z4.470588 F1000
G01 X56.72449 Y-44.377551 Z1.764706 F1000
G01 X56.826531 Y-44.377551 Z1.333333 F1000
G01 X57.438776 Y-44.377551 Z1.333333 F1000
G01 X57.540816 Y-44.377551 Z1.372549 F1000
G01 X57.642857 Y-44.377551 Z1.882353 F1000
G01 X58.255102 Y-44.377551 Z1.882353 F1000
G01 X58.357143 Y-44.377551 Z5.058824 F1000
G01 X58.459184 Y-44.377551 Z8.431373 F1000
G01 X58.561224 Y-44.377551 Z10 F1000
G01 X59.989796 Y-44.377551 Z10 F1000
G01 X60.091837 Y-44.377551 Z9.960784 F1000
G01 X75.397959 Y-44.377551 Z9.960784 F1000
G01 X75.5 Y-44.377551 Z10 F1000
G01 X78.05102 Y-44.377551 Z10 F1000
G01 X78.153061 Y-44.377551 Z9.882353 F1000
G01 X78.255102 Y-44.377551 Z9.803922 F1000
G01 X78.357143 Y-44.377551 Z7.45098 F1000
G01 X78.459184 Y-44.377551 Z3.803922 F1000
G01 X78.561224 Y-44.377551 Z1.882353 F1000
G01 X78.663265 Y-44.377551 Z1.882353 F1000
G01 X78.765306 Y-44.377551 Z1.843137 F1000
G01 X79.581633 Y-44.377551 Z1.843137 F1000
G01 X79.683673 Y-44.377551 Z1.333333 F1000
G01 X80.295918 Y-44.377551 Z1.333333 F1000
G01 X80.397959 Y-44.377551 Z1.568627 F1000
G01 X80.5 Y-44.377551 Z1.568627 F1000
G01 X80.602041 Y-44.377551 Z1.647059 F1000
G01 X80.704082 Y-44.377551 Z2.156863 F1000
G01 X80.806122 Y-44.377551 Z5.254902 F1000
G01 X80.908163 Y-44.377551 Z8.784314 F1000
G01 X81.010204 Y-44.377551 Z10 F1000
G01 X83.561224 Y-44.377551 Z10 F1000
G01 X83.663265 Y-44.377551 Z9.960784 F1000
G01 X99.581633 Y-44.377551 Z9.960784 F1000
G01 X99.581633 Y-44.479592 Z9.960784 F1000
G01 X99.581633 Y-44.581633 Z9.960784 F1000
G01 X99.581633 Y-44.683673 Z9.960784 F1000
G01 X99.581633 Y-44.785714 Z9.960784 F1000
G01 X99.581633 Y-44.887755 Z9.960784 F1000
G01 X82.94898 Y-44.887755 Z9.960784 F1000
G01 X82.846939 Y-44.887755 Z10 F1000
G01 X80.397959 Y-44.887755 Z10 F1000
G01 X80.295918 Y-44.887755 Z9.529412 F1000
G01 X80.193878 Y-44.887755 Z7.098039 F1000
G01 X80.091837 Y-44.887755 Z3.607843 F1000
G01 X79.989796 Y-44.887755 Z1.764706 F1000
G01 X79.683673 Y-44.887755 Z1.764706 F1000
G01 X79.581633 Y-44.887755 Z1.647059 F1000
G01 X79.479592 Y-44.887755 Z1.333333 F1000
G01 X78.867347 Y-44.887755 Z1.333333 F1000
G01 X78.765306 Y-44.887755 Z1.607843 F1000
G01 X78.255102 Y-44.887755 Z1.607843 F1000
G01 X78.153061 Y-44.887755 Z1.72549 F1000
G01 X77.846939 Y-44.887755 Z1.72549 F1000
G01 X77.744898 Y-44.887755 Z2.039216 F1000
G01 X77.642857 Y-44.887755 Z4.627451 F1000
G01 X77.540816 Y-44.887755 Z7.960784 F1000
G01 X77.438776 Y-44.887755 Z9.843137 F1000
G01 X77.336735 Y-44.887755 Z10 F1000
G01 X73.867347 Y-44.887755 Z10 F1000
G01 X73.765306 Y-44.887755 Z9.960784 F1000
G01 X60.908163 Y-44.887755 Z9.960784 F1000
G01 X60.806122 Y-44.887755 Z10 F1000
G01 X58.969388 Y-44.887755 Z10 F1000
G01 X58.867347 Y-44.887755 Z9.803922 F1000
G01 X58.765306 Y-44.887755 Z9.137255 F1000
G01 X58.663265 Y-44.887755 Z3.490196 F1000
G01 X58.561224 Y-44.887755 Z1.72549 F1000
G01 X58.459184 Y-44.887755 Z1.72549 F1000
G01 X58.357143 Y-44.887755 Z1.607843 F1000
G01 X58.255102 Y-44.887755 Z1.333333 F1000
G01 X57.642857 Y-44.887755 Z1.333333 F1000
G01 X57.540816 Y-44.887755 Z1.45098 F1000
G01 X57.438776 Y-44.887755 Z1.686275 F1000
G01 X57.132653 Y-44.887755 Z1.686275 F1000
G01 X57.030612 Y-44.887755 Z3.176471 F1000
G01 X56.928571 Y-44.887755 Z8.54902 F1000
G01 X56.826531 Y-44.887755 Z10 F1000
G01 X54.27551 Y-44.887755 Z10 F1000
G01 X54.173469 Y-44.887755 Z9.960784 F1000
G01 X45.397959 Y-44.887755 Z9.960784 F1000
G01 X45.295918 Y-44.887755 Z10 F1000
G01 X43.153061 Y-44.887755 Z10 F1000
G01 X43.05102 Y-44.887755 Z8.941176 F1000
G01 X42.94898 Y-44.887755 Z3.764706 F1000
G01 X42.846939 Y-44.887755 Z1.72549 F1000
G01 X42.030612 Y-44.887755 Z1.72549 F1000
G01 X41.928571 Y-44.887755 Z1.647059 F1000
G01 X41.826531 Y-44.887755 Z1.647059 F1000
G01 X41.72449 Y-44.887755 Z1.803922 F1000
G01 X41.622449 Y-44.887755 Z1.803922 F1000
G01 X41.520408 Y-44.887755 Z1.960784 F1000
G01 X41.418367 Y-44.887755 Z1.960784 F1000
G01 X41.316327 Y-44.887755 Z2.745098 F1000
G01 X41.214286 Y-44.887755 Z8.117647 F1000
G01 X41.112245 Y-44.887755 Z9.960784 F1000
G01 X41.010204 Y-44.887755 Z10 F1000
G01 X39.581633 Y-44.887755 Z10 F1000
G01 X39.479592 Y-44.887755 Z9.960784 F1000
G01 X25.908163 Y-44.887755 Z9.960784 F1000
G01 X25.806122 Y-44.887755 Z10 F1000
G01 X22.744898 Y-44.887755 Z10 F1000
G01 X22.642857 Y-44.887755 Z9.72549 F1000
G01 X22.540816 Y-44.887755 Z8.784314 F1000
G01 X22.438776 Y-44.887755 Z5.45098 F1000
G01 X22.336735 Y-44.887755 Z2.784314 F1000
G01 X22.234694 Y-44.887755 Z2.039216 F1000
G01 X21.72449 Y-44.887755 Z2.039216 F1000
G01 X21.622449 Y-44.887755 Z1.333333 F1000
G01 X21.010204 Y-44.887755 Z1.333333 F1000
G01 X20.908163 Y-44.887755 Z1.372549 F1000
G01 X20.806122 Y-44.887755 Z1.529412 F1000
G01 X20.602041 Y-44.887755 Z1.529412 F1000
G01 X20.5 Y-44.887755 Z1.568627 F1000
G01 X20.397959 Y-44.887755 Z1.607843 F1000
G01 X20.091837 Y-44.887755 Z1.607843 F1000
G01 X19.989796 Y-44.887755 Z3.254902 F1000
G01 X19.887755 Y-44.887755 Z6.588235 F1000
G01 X19.785714 Y-44.887755 Z9.176471 F1000
G01 X19.683673 Y-44.887755 Z10 F1000
G01 X16.826531 Y-44.887755 Z10 F1000
G01 X16.72449 Y-44.887755 Z9.960784 F1000
G01 X0.5 Y-44.887755 Z9.960784 F1000
G01 X0.5 Y-44.989796 Z9.960784 F1000
G01 X0.5 Y-45.091837 Z9.960784 F1000
G01 X0.5 Y-45.193878 Z9.960784 F1000
G01 X0.5 Y-45.295918 Z9.960784 F1000
G01 X0.5 Y-45.397959 Z9.960784 F1000
G01 X17.540816 Y-45.397959 Z9.960784 F1000
G01 X17.642857 Y-45.397959 Z10 F1000
G01 X20.397959 Y-45.397959 Z10 F1000
G01 X20.5 Y-45.397959 Z8.901961 F1000
G01 X20.602041 Y-45.397959 Z5.803922 F1000
G01 X20.704082 Y-45.397959 Z2.352941 F1000
G01 X20.806122 Y-45.397959 Z1.803922 F1000
G01 X21.010204 Y-45.397959 Z1.803922 F1000
G01 X21.112245 Y-45.397959 Z1.686275 F1000
G01 X21.214286 Y-45.397959 Z1.686275 F1000
G01 X21.316327 Y-45.397959 Z1.647059 F1000
G01 X21.418367 Y-45.397959 Z1.647059 F1000
G01 X21.520408 Y-45.397959 Z1.568627 F1000
G01 X21.72449 Y-45.397959 Z1.568627 F1000
G01 X21.826531 Y-45.397959 Z1.333333 F1000
G01 X22.438776 Y-45.397959 Z1.333333 F1000
G01 X22.540816 Y-45.397959 Z1.490196 F1000
G01 X22.744898 Y-45.397959 Z1.490196 F1000
G01 X22.846939 Y-45.397959 Z1.529412 F1000
G01 X22.94898 Y-45.397959 Z1.607843 F1000
G01 X23.05102 Y-45.397959 Z1.607843 F1000
G01 X23.153061 Y-45.397959 Z2.156863 F1000
G01 X23.255102 Y-45.397959 Z3.215686 F1000
G01 X23.357143 Y-45.397959 Z7.333333 F1000
G01 X23.459184 Y-45.397959 Z8.901961 F1000
G01 X23.561224 Y-45.397959 Z10 F1000
G01 X27.336735 Y-45.397959 Z10 F1000
G01 X27.438776 Y-45.397959 Z9.960784 F1000
G01 X38.765306 Y-45.397959 Z9.960784 F1000
G01 X38.867347 Y-45.397959 Z10 F1000
G01 X40.806122 Y-45.397959 Z10 F1000
G01 X40.908163 Y-45.397959 Z8.588235 F1000
G01 X41.010204 Y-45.397959 Z2.862745 F1000
G01 X41.112245 Y-45.397959 Z1.568627 F1000
G01 X41.214286 Y-45.397959 Z1.490196 F1000
G01 X41.316327 Y-45.397959 Z1.333333 F1000
G01 X41.928571 Y-45.397959 Z1.333333 F1000
G01 X42.030612 Y-45.397959 Z1.72549 F1000
G01 X42.540816 Y-45.397959 Z1.72549 F1000
G01 X42.642857 Y-45.397959 Z5.529412 F1000
G01 X42.744898 Y-45.397959 Z9.372549 F1000
G01 X42.846939 Y-45.397959 Z9.921569 F1000
G01 X42.94898 Y-45.397959 Z9.921569 F1000
G01 X43.05102 Y-45.397959 Z10 F1000
G01 X44.479592 Y-45.397959 Z10 F1000
G01 X44.581633 Y-45.397959 Z9.960784 F1000
G01 X54.989796 Y-45.397959 Z9.960784 F1000
G01 X55.091837 Y-45.397959 Z10 F1000
G01 X57.132653 Y-45.397959 Z10 F1000
G01 X57.234694 Y-45.397959 Z8.745098 F1000
G01 X57.336735 Y-45.397959 Z4.705882 F1000
G01 X57.438776 Y-45.397959 Z1.686275 F1000
G01 X57.540816 Y-45.397959 Z1.568627 F1000
G01 X58.255102 Y-45.397959 Z1.568627 F1000
G01 X58.357143 Y-45.397959 Z1.607843 F1000
G01 X58.867347 Y-45.397959 Z1.607843 F1000
G01 X58.969388 Y-45.397959 Z3.686275 F1000
G01 X59.071429 Y-45.397959 Z9.411765 F1000
G01 X59.173469 Y-45.397959 Z10 F1000
G01 X60.806122 Y-45.397959 Z10 F1000
G01 X60.908163 Y-45.397959 Z9.960784 F1000
G01 X72.132653 Y-45.397959 Z9.960784 F1000
G01 X72.234694 Y-45.397959 Z10 F1000
G01 X76.520408 Y-45.397959 Z10 F1000
G01 X76.622449 Y-45.397959 Z9.333333 F1000
G01 X76.72449 Y-45.397959 Z6.509804 F1000
G01 X76.826531 Y-45.397959 Z3.254902 F1000
G01 X76.928571 Y-45.397959 Z1.686275 F1000
G01 X77.030612 Y-45.397959 Z1.568627 F1000
G01 X77.132653 Y-45.397959 Z1.568627 F1000
G01 X77.234694 Y-45.397959 Z1.333333 F1000
G01 X78.05102 Y-45.397959 Z1.333333 F1000
G01 X78.153061 Y-45.397959 Z1.372549 F1000
G01 X78.255102 Y-45.397959 Z1.411765 F1000
G01 X78.357143 Y-45.397959 Z1.45098 F1000
G01 X78.459184 Y-45.397959 Z1.490196 F1000
G01 X78.663265 Y-45.397959 Z1.490196 F1000
G01 X78.765306 Y-45.397959 Z1.803922 F1000
G01 X79.27551 Y-45.397959 Z1.803922 F1000
G01 X79.377551 Y-45.397959 Z2.941176 F1000
G01 X79.479592 Y-45.397959 Z6.54902 F1000
G01 X79.581633 Y-45.397959 Z9.058824 F1000
G01 X79.683673 Y-45.397959 Z9.686275 F1000
G01 X79.785714 Y-45.397959 Z10 F1000
G01 X82.030612 Y-45.397959 Z10 F1000
G01 X82.132653 Y-45.397959 Z9.960784 F1000
G01 X99.581633 Y-45.397959 Z9.960784 F1000
G01 X99.581633 Y-45.5 Z9.960784 F1000
G01 X99.581633 Y-45.602041 Z9.960784 F1000
G01 X99.581633 Y-45.704082 Z9.960784 F1000
G01 X99.581633 Y-45.806122 Z9.960784 F1000
G01 X99.581633 Y-45.908163 Z9.960784 F1000
G01 X82.132653 Y-45.908163 Z9.960784 F1000
G01 X82.030612 Y-45.908163 Z10 F1000
G01 X79.071429 Y-45.908163 Z10 F1000
G01 X78.969388 Y-45.908163 Z9.647059 F1000
G01 X78.867347 Y-45.908163 Z9.058824 F1000
G01 X78.765306 Y-45.908163 Z8.078431 F1000
G01 X78.663265 Y-45.908163 Z4.235294 F1000
G01 X78.561224 Y-45.908163 Z2.745098 F1000
G01 X78.459184 Y-45.908163 Z1.686275 F1000
G01 X78.357143 Y-45.908163 Z1.686275 F1000
G01 X78.255102 Y-45.908163 Z1.607843 F1000
G01 X78.153061 Y-45.908163 Z1.411765 F1000
G01 X77.94898 Y-45.908163 Z1.411765 F1000
G01 X77.846939 Y-45.908163 Z1.333333 F1000
G01 X77.234694 Y-45.908163 Z1.333333 F1000
G01 X77.132653 Y-45.908163 Z1.45098 F1000
G01 X77.030612 Y-45.908163 Z1.490196 F1000
G01 X76.928571 Y-45.908163 Z1.686275 F1000
G01 X76.010204 Y-45.908163 Z1.686275 F1000
G01 X75.908163 Y-45.908163 Z2.823529 F1000
G01 X75.806122 Y-45.908163 Z6.039216 F1000
G01 X75.704082 Y-45.908163 Z8.666667 F1000
G01 X75.602041 Y-45.908163 Z9.647059 F1000
G01 X75.5 Y-45.908163 Z9.764706 F1000
G01 X75.397959 Y-45.908163 Z10 F1000
G01 X71.418367 Y-45.908163 Z10 F1000
G01 X71.316327 Y-45.908163 Z9.960784 F1000
G01 X60.908163 Y-45.908163 Z9.960784 F1000
G01 X60.806122 Y-45.908163 Z10 F1000
G01 X59.377551 Y-45.908163 Z10 F1000
G01 X59.27551 Y-45.908163 Z7.45098 F1000
G01 X59.173469 Y-45.908163 Z1.882353 F1000
G01 X59.071429 Y-45.908163 Z1.647059 F1000
G01 X58.969388 Y-45.908163 Z1.647059 F1000
G01 X58.867347 Y-45.908163 Z1.490196 F1000
G01 X58.663265 Y-45.908163 Z1.490196 F1000
G01 X58.561224 Y-45.908163 Z1.372549 F1000
G01 X58.459184 Y-45.908163 Z1.372549 F1000
G01 X58.357143 Y-45.908163 Z1.607843 F1000
G01 X58.153061 Y-45.908163 Z1.607843 F1000
G01 X58.05102 Y-45.908163 Z1.647059 F1000
G01 X57.94898 Y-45.908163 Z1.686275 F1000
G01 X57.744898 Y-45.908163 Z1.686275 F1000
G01 X57.642857 Y-45.908163 Z3.568627 F1000
G01 X57.540816 Y-45.908163 Z9.019608 F1000
G01 X57.438776 Y-45.908163 Z10 F1000
G01 X55.091837 Y-45.908163 Z10 F1000
G01 X54.989796 Y-45.908163 Z9.960784 F1000
G01 X44.581633 Y-45.908163 Z9.960784 F1000
G01 X44.479592 Y-45.908163 Z10 F1000
G01 X42.540816 Y-45.908163 Z10 F1000
G01 X42.438776 Y-45.908163 Z9.176471 F1000
G01 X42.336735 Y-45.908163 Z4.470588 F1000
G01 X42.234694 Y-45.908163 Z1.882353 F1000
G01 X42.132653 Y-45.908163 Z1.803922 F1000
G01 X42.030612 Y-45.908163 Z1.529412 F1000
G01 X41.928571 Y-45.908163 Z1.333333 F1000
G01 X41.316327 Y-45.908163 Z1.333333 F1000
G01 X41.214286 Y-45.908163 Z1.411765 F1000
G01 X41.112245 Y-45.908163 Z1.568627 F1000
G01 X41.010204 Y-45.908163 Z1.647059 F1000
G01 X40.806122 Y-45.908163 Z1.647059 F1000
G01 X40.704082 Y-45.908163 Z6.313725 F1000
G01 X40.602041 Y-45.908163 Z9.686275 F1000
G01 X40.5 Y-45.908163 Z10 F1000
G01 X38.765306 Y-45.908163 Z10 F1000
G01 X38.663265 Y-45.908163 Z9.960784 F1000
G01 X28.255102 Y-45.908163 Z9.960784 F1000
G01 X28.153061 Y-45.908163 Z10 F1000
G01 X24.479592 Y-45.908163 Z10 F1000
G01 X24.377551 Y-45.908163 Z8.745098 F1000
G01 X24.27551 Y-45.908163 Z6 F1000
G01 X24.173469 Y-45.908163 Z3.647059 F1000
G01 X24.071429 Y-45.908163 Z1.529412 F1000
G01 X23.969388 Y-45.908163 Z1.490196 F1000
G01 X23.05102 Y-45.908163 Z1.490196 F1000
G01 X22.94898 Y-45.908163 Z1.45098 F1000
G01 X22.540816 Y-45.908163 Z1.45098 F1000
G01 X22.438776 Y-45.908163 Z1.333333 F1000
G01 X21.826531 Y-45.908163 Z1.333333 F1000
G01 X21.72449 Y-45.908163 Z1.960784 F1000
G01 X21.520408 Y-45.908163 Z1.960784 F1000
G01 X21.418367 Y-45.908163 Z3.529412 F1000
G01 X21.316327 Y-45.908163 Z7.137255 F1000
G01 X21.214286 Y-45.908163 Z9.921569 F1000
G01 X21.112245 Y-45.908163 Z10 F1000
G01 X17.642857 Y-45.908163 Z10 F1000
G01 X17.540816 Y-45.908163 Z9.960784 F1000
G01 X0.5 Y-45.908163 Z9.960784 F1000
G01 X0.5 Y-46.010204 Z9.960784 F1000
G01 X0.5 Y-46.112245 Z9.960784 F1000
G01 X0.5 Y-46.214286 Z9.960784 F1000
G01 X0.5 Y-46.316327 Z9.960784 F1000
G01 X0.5 Y-46.418367 Z9.960784 F1000
G01 X18.357143 Y-46.418367 Z9.960784 F1000
G01 X18.459184 Y-46.418367 Z10 F1000
G01 X21.826531 Y-46.418367 Z10 F1000
G01 X21.928571 Y-46.418367 Z9.529412 F1000
G01 X22.030612 Y-46.418367 Z9.333333 F1000
G01 X22.132653 Y-46.418367 Z7.372549 F1000
G01 X22.234694 Y-46.418367 Z3.490196 F1000
G01 X22.336735 Y-46.418367 Z1.882353 F1000
G01 X23.05102 Y-46.418367 Z1.882353 F1000
G01 X23.153061 Y-46.418367 Z1.764706 F1000
G01 X23.255102 Y-46.418367 Z1.686275 F1000
G01 X23.357143 Y-46.418367 Z1.647059 F1000
G01 X23.459184 Y-46.418367 Z1.333333 F1000
G01 X24.071429 Y-46.418367 Z1.333333 F1000
G01 X24.173469 Y-46.418367 Z1.803922 F1000
G01 X25.091837 Y-46.418367 Z1.803922 F1000
G01 X25.193878 Y-46.418367 Z3.058824 F1000
G01 X25.295918 Y-46.418367 Z5.490196 F1000
G01 X25.397959 Y-46.418367 Z8.196078 F1000
G01 X25.5 Y-46.418367 Z9.882353 F1000
G01 X25.602041 Y-46.418367 Z10 F1000
G01 X30.091837 Y-46.418367 Z10 F1000
G01 X30.193878 Y-46.418367 Z9.960784 F1000
G01 X38.663265 Y-46.418367 Z9.960784 F1000
G01 X38.765306 Y-46.418367 Z10 F1000
G01 X40.193878 Y-46.418367 Z10 F1000
G01 X40.295918 Y-46.418367 Z9.960784 F1000
G01 X40.397959 Y-46.418367 Z9.686275 F1000
G01 X40.5 Y-46.418367 Z4.784314 F1000
G01 X40.602041 Y-46.418367 Z1.607843 F1000
G01 X41.010204 Y-46.418367 Z1.607843 F1000
G01 X41.112245 Y-46.418367 Z1.490196 F1000
G01 X41.214286 Y-46.418367 Z1.372549 F1000
G01 X41.316327 Y-46.418367 Z1.45098 F1000
G01 X41.418367 Y-46.418367 Z1.490196 F1000
G01 X42.030612 Y-46.418367 Z1.490196 F1000
G01 X42.132653 Y-46.418367 Z5.960784 F1000
G01 X42.234694 Y-46.418367 Z10 F1000
G01 X44.479592 Y-46.418367 Z10 F1000
G01 X44.581633 Y-46.418367 Z9.960784 F1000
G01 X55.806122 Y-46.418367 Z9.960784 F1000
G01 X55.908163 Y-46.418367 Z10 F1000
G01 X57.642857 Y-46.418367 Z10 F1000
G01 X57.744898 Y-46.418367 Z9.529412 F1000
G01 X57.846939 Y-46.418367 Z5.098039 F1000
G01 X57.94898 Y-46.418367 Z1.72549 F1000
G01 X58.05102 Y-46.418367 Z1.647059 F1000
G01 X58.153061 Y-46.418367 Z1.607843 F1000
G01 X58.357143 Y-46.418367 Z1.607843 F1000
G01 X58.459184 Y-46.418367 Z1.333333 F1000
G01 X59.071429 Y-46.418367 Z1.333333 F1000
G01 X59.173469 Y-46.418367 Z1.568627 F1000
G01 X59.27551 Y-46.418367 Z1.568627 F1000
G01 X59.377551 Y-46.418367 Z1.686275 F1000
G01 X59.479592 Y-46.418367 Z6.313725 F1000
G01 X59.581633 Y-46.418367 Z9.960784 F1000
G01 X59.683673 Y-46.418367 Z10 F1000
G01 X61.622449 Y-46.418367 Z10 F1000
G01 X61.72449 Y-46.418367 Z9.960784 F1000
G01 X69.683673 Y-46.418367 Z9.960784 F1000
G01 X69.785714 Y-46.418367 Z10 F1000
G01 X74.173469 Y-46.418367 Z10 F1000
G01 X74.27551 Y-46.418367 Z9.882353 F1000
G01 X74.377551 Y-46.418367 Z9.843137 F1000
G01 X74.479592 Y-46.418367 Z9.843137 F1000
G01 X74.581633 Y-46.418367 Z9.137255 F1000
G01 X74.683673 Y-46.418367 Z8.196078 F1000
G01 X74.785714 Y-46.418367 Z4.705882 F1000
G01 X74.887755 Y-46.418367 Z3.098039 F1000
G01 X74.989796 Y-46.418367 Z1.72549 F1000
G01 X75.193878 Y-46.418367 Z1.72549 F1000
G01 X75.295918 Y-46.418367 Z1.686275 F1000
G01 X75.397959 Y-46.418367 Z1.45098 F1000
G01 X75.5 Y-46.418367 Z1.411765 F1000
G01 X75.602041 Y-46.418367 Z1.333333 F1000
G01 X77.030612 Y-46.418367 Z1.333333 F1000
G01 X77.132653 Y-46.418367 Z1.803922 F1000
G01 X77.642857 Y-46.418367 Z1.803922 F1000
G01 X77.744898 Y-46.418367 Z2.039216 F1000
G01 X77.846939 Y-46.418367 Z4.235294 F1000
G01 X77.94898 Y-46.418367 Z7.294118 F1000
G01 X78.05102 Y-46.418367 Z9.254902 F1000
G01 X78.153061 Y-46.418367 Z10 F1000
G01 X81.214286 Y-46.418367 Z10 F1000
G01 X81.316327 Y-46.418367 Z9.960784 F1000
G01 X99.581633 Y-46.418367 Z9.960784 F1000
G01 X99.581633 Y-46.520408 Z9.960784 F1000
G01 X99.581633 Y-46.622449 Z9.960784 F1000
G01 X99.581633 Y-46.72449 Z9.960784 F1000
G01 X99.581633 Y-46.826531 Z9.960784 F1000
G01 X99.581633 Y-46.928571 Z9.960784 F1000
G01 X81.316327 Y-46.928571 Z9.960784 F1000
G01 X81.214286 Y-46.928571 Z10 F1000
G01 X77.438776 Y-46.928571 Z10 F1000
G01 X77.336735 Y-46.928571 Z9.882353 F1000
G01 X77.234694 Y-46.928571 Z9.490196 F1000
G01 X77.132653 Y-46.928571 Z9.372549 F1000
G01 X77.030612 Y-46.928571 Z6.156863 F1000
G01 X76.928571 Y-46.928571 Z3.686275 F1000
G01 X76.826531 Y-46.928571 Z1.607843 F1000
G01 X76.72449 Y-46.928571 Z1.490196 F1000
G01 X76.622449 Y-46.928571 Z1.490196 F1000
G01 X76.520408 Y-46.928571 Z1.529412 F1000
G01 X75.602041 Y-46.928571 Z1.529412 F1000
G01 X75.5 Y-46.928571 Z1.333333 F1000
G01 X75.193878 Y-46.928571 Z1.333333 F1000
G01 X75.091837 Y-46.928571 Z1.45098 F1000
G01 X74.989796 Y-46.928571 Z1.490196 F1000
G01 X74.071429 Y-46.928571 Z1.490196 F1000
G01 X73.969388 Y-46.928571 Z1.411765 F1000
G01 X73.867347 Y-46.928571 Z1.529412 F1000
G01 X73.765306 Y-46.928571 Z2.313725 F1000
G01 X73.663265 Y-46.928571 Z4.509804 F1000
G01 X73.561224 Y-46.928571 Z7.058824 F1000
G01 X73.459184 Y-46.928571 Z9.137255 F1000
G01 X73.357143 Y-46.928571 Z10 F1000
G01 X66.826531 Y-46.928571 Z10 F1000
G01 X66.72449 Y-46.928571 Z9.960784 F1000
G01 X61.72449 Y-46.928571 Z9.960784 F1000
G01 X61.622449 Y-46.928571 Z10 F1000
G01 X59.785714 Y-46.928571 Z10 F1000
G01 X59.683673 Y-46.928571 Z6.392157 F1000
G01 X59.581633 Y-46.928571 Z1.803922 F1000
G01 X59.479592 Y-46.928571 Z1.568627 F1000
G01 X59.377551 Y-46.928571 Z1.568627 F1000
G01 X59.27551 Y-46.928571 Z1.490196 F1000
G01 X59.173469 Y-46.928571 Z1.490196 F1000
G01 X59.071429 Y-46.928571 Z1.333333 F1000
G01 X58.459184 Y-46.928571 Z1.333333 F1000
G01 X58.357143 Y-46.928571 Z1.45098 F1000
G01 X58.255102 Y-46.928571 Z1.607843 F1000
G01 X58.153061 Y-46.928571 Z1.607843 F1000
G01 X58.05102 Y-46.928571 Z4.745098 F1000
G01 X57.94898 Y-46.928571 Z9.843137 F1000
G01 X57.846939 Y-46.928571 Z9.843137 F1000
G01 X57.744898 Y-46.928571 Z10 F1000
G01 X56.010204 Y-46.928571 Z10 F1000
G01 X55.908163 Y-46.928571 Z9.960784 F1000
G01 X44.581633 Y-46.928571 Z9.960784 F1000
G01 X44.479592 Y-46.928571 Z10 F1000
G01 X42.132653 Y-46.928571 Z10 F1000
G01 X42.030612 Y-46.928571 Z9.960784 F1000
G01 X41.928571 Y-46.928571 Z6.235294 F1000
G01 X41.826531 Y-46.928571 Z1.764706 F1000
G01 X41.72449 Y-46.928571 Z1.568627 F1000
G01 X41.214286 Y-46.928571 Z1.568627 F1000
G01 X41.112245 Y-46.928571 Z1.45098 F1000
G01 X40.5 Y-46.928571 Z1.45098 F1000
G01 X40.397959 Y-46.928571 Z1.568627 F1000
G01 X40.295918 Y-46.928571 Z6.470588 F1000
G01 X40.193878 Y-46.928571 Z9.333333 F1000
G01 X40.091837 Y-46.928571 Z10 F1000
G01 X38.765306 Y-46.928571 Z10 F1000
G01 X38.663265 Y-46.928571 Z9.960784 F1000
G01 X33.969388 Y-46.928571 Z9.960784 F1000
G01 X33.867347 Y-46.928571 Z10 F1000
G01 X27.132653 Y-46.928571 Z10 F1000
G01 X27.030612 Y-46.928571 Z9.921569 F1000
G01 X26.928571 Y-46.928571 Z9.882353 F1000
G01 X26.826531 Y-46.928571 Z9.803922 F1000
G01 X26.72449 Y-46.928571 Z9.764706 F1000
G01 X26.622449 Y-46.928571 Z9.686275 F1000
G01 X26.520408 Y-46.928571 Z9.686275 F1000
G01 X26.418367 Y-46.928571 Z7.607843 F1000
G01 X26.316327 Y-46.928571 Z5.176471 F1000
G01 X26.214286 Y-46.928571 Z2.54902 F1000
G01 X26.112245 Y-46.928571 Z1.529412 F1000
G01 X25.908163 Y-46.928571 Z1.529412 F1000
G01 X25.806122 Y-46.928571 Z1.607843 F1000
G01 X25.5 Y-46.928571 Z1.607843 F1000
G01 X25.397959 Y-46.928571 Z1.686275 F1000
G01 X24.479592 Y-46.928571 Z1.686275 F1000
G01 X24.377551 Y-46.928571 Z1.529412 F1000
G01 X23.969388 Y-46.928571 Z1.529412 F1000
G01 X23.867347 Y-46.928571 Z1.568627 F1000
G01 X23.459184 Y-46.928571 Z1.568627 F1000
G01 X23.357143 Y-46.928571 Z1.843137 F1000
G01 X23.255102 Y-46.928571 Z1.843137 F1000
G01 X23.153061 Y-46.928571 Z2.901961 F1000
G01 X23.05102 Y-46.928571 Z6.039216 F1000
G01 X22.94898 Y-46.928571 Z8.588235 F1000
G01 X22.846939 Y-46.928571 Z9.45098 F1000
G01 X22.744898 Y-46.928571 Z9.647059 F1000
G01 X22.642857 Y-46.928571 Z9.921569 F1000
G01 X22.540816 Y-46.928571 Z10 F1000
G01 X18.459184 Y-46.928571 Z10 F1000
G01 X18.357143 Y-46.928571 Z9.960784 F1000
G01 X0.5 Y-46.928571 Z9.960784 F1000
G01 X0.5 Y-47.030612 Z9.960784 F1000
G01 X0.5 Y-47.132653 Z9.960784 F1000
G01 X0.5 Y-47.234694 Z9.960784 F1000
G01 X0.5 Y-47.336735 Z9.960784 F1000
G01 X0.5 Y-47.438776 Z9.960784 F1000
G01 X19.989796 Y-47.438776 Z9.960784 F1000
G01 X20.091837 Y-47.438776 Z10 F1000
G01 X23.561224 Y-47.438776 Z10 F1000
G01 X23.663265 Y-47.438776 Z9.921569 F1000
G01 X23.765306 Y-47.438776 Z9.921569 F1000
G01 X23.867347 Y-47.438776 Z9.137255 F1000
G01 X23.969388 Y-47.438776 Z6.980392 F1000
G01 X24.071429 Y-47.438776 Z3.882353 F1000
G01 X24.173469 Y-47.438776 Z1.764706 F1000
G01 X24.27551 Y-47.438776 Z1.72549 F1000
G01 X24.377551 Y-47.438776 Z1.568627 F1000
G01 X24.989796 Y-47.438776 Z1.568627 F1000
G01 X25.091837 Y-47.438776 Z1.333333 F1000
G01 X25.704082 Y-47.438776 Z1.333333 F1000
G01 X25.806122 Y-47.438776 Z1.372549 F1000
G01 X26.418367 Y-47.438776 Z1.372549 F1000
G01 X26.520408 Y-47.438776 Z1.686275 F1000
G01 X26.928571 Y-47.438776 Z1.686275 F1000
G01 X27.030612 Y-47.438776 Z1.72549 F1000
G01 X27.336735 Y-47.438776 Z1.72549 F1000
G01 X27.438776 Y-47.438776 Z1.960784 F1000
G01 X27.540816 Y-47.438776 Z3.176471 F1000
G01 X27.642857 Y-47.438776 Z5.294118 F1000
G01 X27.744898 Y-47.438776 Z7.686275 F1000
G01 X27.846939 Y-47.438776 Z9.333333 F1000
G01 X27.94898 Y-47.438776 Z9.921569 F1000
G01 X28.05102 Y-47.438776 Z9.960784 F1000
G01 X28.153061 Y-47.438776 Z10 F1000
G01 X33.867347 Y-47.438776 Z10 F1000
G01 X33.969388 Y-47.438776 Z9.960784 F1000
G01 X38.663265 Y-47.438776 Z9.960784 F1000
G01 X38.765306 Y-47.438776 Z10 F1000
G01 X39.989796 Y-47.438776 Z10 F1000
G01 X40.091837 Y-47.438776 Z8.235294 F1000
G01 X40.193878 Y-47.438776 Z2.313725 F1000
G01 X40.295918 Y-47.438776 Z1.568627 F1000
G01 X40.397959 Y-47.438776 Z1.568627 F1000
G01 X40.5 Y-47.438776 Z1.333333 F1000
G01 X41.112245 Y-47.438776 Z1.333333 F1000
G01 X41.214286 Y-47.438776 Z1.568627 F1000
G01 X41.622449 Y-47.438776 Z1.568627 F1000
G01 X41.72449 Y-47.438776 Z3.176471 F1000
G01 X41.826531 Y-47.438776 Z8.235294 F1000
G01 X41.928571 Y-47.438776 Z10 F1000
G01 X43.663265 Y-47.438776 Z10 F1000
G01 X43.765306 Y-47.438776 Z9.960784 F1000
G01 X56.622449 Y-47.438776 Z9.960784 F1000
G01 X56.72449 Y-47.438776 Z10 F1000
G01 X58.05102 Y-47.438776 Z10 F1000
G01 X58.153061 Y-47.438776 Z7.803922 F1000
G01 X58.255102 Y-47.438776 Z2.196078 F1000
G01 X58.357143 Y-47.438776 Z1.490196 F1000
G01 X58.459184 Y-47.438776 Z1.333333 F1000
G01 X59.071429 Y-47.438776 Z1.333333 F1000
G01 X59.173469 Y-47.438776 Z1.490196 F1000
G01 X59.27551 Y-47.438776 Z1.490196 F1000
G01 X59.377551 Y-47.438776 Z1.568627 F1000
G01 X59.581633 Y-47.438776 Z1.568627 F1000
G01 X59.683673 Y-47.438776 Z1.686275 F1000
G01 X59.785714 Y-47.438776 Z3.372549 F1000
G01 X59.887755 Y-47.438776 Z8.980392 F1000
G01 X59.989796 Y-47.438776 Z10 F1000
G01 X61.622449 Y-47.438776 Z10 F1000
G01 X61.72449 Y-47.438776 Z9.960784 F1000
G01 X66.418367 Y-47.438776 Z9.960784 F1000
G01 X66.520408 Y-47.438776 Z10 F1000
G01 X72.030612 Y-47.438776 Z10 F1000
G01 X72.132653 Y-47.438776 Z8.745098 F1000
G01 X72.234694 Y-47.438776 Z7.333333 F1000
G01 X72.336735 Y-47.438776 Z4.54902 F1000
G01 X72.438776 Y-47.438776 Z3.333333 F1000
G01 X72.540816 Y-47.438776 Z1.921569 F1000
G01 X72.642857 Y-47.438776 Z1.803922 F1000
G01 X72.744898 Y-47.438776 Z1.607843 F1000
G01 X73.153061 Y-47.438776 Z1.607843 F1000
G01 X73.255102 Y-47.438776 Z1.568627 F1000
G01 X73.357143 Y-47.438776 Z1.529412 F1000
G01 X73.867347 Y-47.438776 Z1.529412 F1000
G01 X73.969388 Y-47.438776 Z1.333333 F1000
G01 X75.397959 Y-47.438776 Z1.333333 F1000
G01 X75.5 Y-47.438776 Z1.647059 F1000
G01 X75.806122 Y-47.438776 Z1.647059 F1000
G01 X75.908163 Y-47.438776 Z2.156863 F1000
G01 X76.010204 Y-47.438776 Z4.235294 F1000
G01 X76.112245 Y-47.438776 Z7.294118 F1000
G01 X76.214286 Y-47.438776 Z9.72549 F1000
G01 X76.316327 Y-47.438776 Z9.803922 F1000
G01 X76.418367 Y-47.438776 Z10 F1000
G01 X80.091837 Y-47.438776 Z10 F1000
G01 X80.193878 Y-47.438776 Z9.960784 F1000
G01 X99.581633 Y-47.438776 Z9.960784 F1000
G01 X99.581633 Y-47.540816 Z9.960784 F1000
G01 X99.581633 Y-47.642857 Z9.960784 F1000
G01 X99.581633 Y-47.744898 Z9.960784 F1000
G01 X99.581633 Y-47.846939 Z9.960784 F1000
G01 X99.581633 Y-47.94898 Z9.960784 F1000
G01 X78.867347 Y-47.94898 Z9.960784 F1000
G01 X78.765306 Y-47.94898 Z10 F1000
G01 X75.193878 Y-47.94898 Z10 F1000
G01 X75.091837 Y-47.94898 Z8.039216 F1000
G01 X74.989796 Y-47.94898 Z4.941176 F1000
G01 X74.887755 Y-47.94898 Z2.392157 F1000
G01 X74.785714 Y-47.94898 Z1.72549 F1000
G01 X74.581633 Y-47.94898 Z1.72549 F1000
G01 X74.479592 Y-47.94898 Z1.686275 F1000
G01 X73.867347 Y-47.94898 Z1.686275 F1000
G01 X73.765306 Y-47.94898 Z1.45098 F1000
G01 X73.459184 Y-47.94898 Z1.45098 F1000
G01 X73.357143 Y-47.94898 Z1.411765 F1000
G01 X73.05102 Y-47.94898 Z1.411765 F1000
G01 X72.94898 Y-47.94898 Z1.333333 F1000
G01 X71.520408 Y-47.94898 Z1.333333 F1000
G01 X71.418367 Y-47.94898 Z1.647059 F1000
G01 X71.214286 Y-47.94898 Z1.647059 F1000
G01 X71.112245 Y-47.94898 Z1.686275 F1000
G01 X71.010204 Y-47.94898 Z2.078431 F1000
G01 X70.908163 Y-47.94898 Z3.764706 F1000
G01 X70.806122 Y-47.94898 Z5.72549 F1000
G01 X70.704082 Y-47.94898 Z7.098039 F1000
G01 X70.602041 Y-47.94898 Z9.490196 F1000
G01 X70.5 Y-47.94898 Z9.72549 F1000
G01 X70.397959 Y-47.94898 Z10 F1000
G01 X60.193878 Y-47.94898 Z10 F1000
G01 X60.091837 Y-47.94898 Z9.686275 F1000
G01 X59.989796 Y-47.94898 Z7.647059 F1000
G01 X59.887755 Y-47.94898 Z1.921569 F1000
G01 X59.785714 Y-47.94898 Z1.568627 F1000
G01 X59.377551 Y-47.94898 Z1.568627 F1000
G01 X59.27551 Y-47.94898 Z1.45098 F1000
G01 X59.173469 Y-47.94898 Z1.372549 F1000
G01 X58.765306 Y-47.94898 Z1.372549 F1000
G01 X58.663265 Y-47.94898 Z1.529412 F1000
G01 X58.459184 Y-47.94898 Z1.529412 F1000
G01 X58.357143 Y-47.94898 Z2.784314 F1000
G01 X58.255102 Y-47.94898 Z8.823529 F1000
G01 X58.153061 Y-47.94898 Z9.843137 F1000
G01 X58.05102 Y-47.94898 Z10 F1000
G01 X56.72449 Y-47.94898 Z10 F1000
G01 X56.622449 Y-47.94898 Z9.960784 F1000
G01 X42.94898 Y-47.94898 Z9.960784 F1000
G01 X42.846939 Y-47.94898 Z10 F1000
G01 X41.826531 Y-47.94898 Z10 F1000
G01 X41.72449 Y-47.94898 Z9.294118 F1000
G01 X41.622449 Y-47.94898 Z3.882353 F1000
G01 X41.520408 Y-47.94898 Z1.529412 F1000
G01 X41.214286 Y-47.94898 Z1.529412 F1000
G01 X41.112245 Y-47.94898 Z1.333333 F1000
G01 X40.5 Y-47.94898 Z1.333333 F1000
G01 X40.397959 Y-47.94898 Z1.411765 F1000
G01 X40.295918 Y-47.94898 Z1.490196 F1000
G01 X40.193878 Y-47.94898 Z1.607843 F1000
G01 X40.091837 Y-47.94898 Z1.686275 F1000
G01 X39.989796 Y-47.94898 Z6.705882 F1000
G01 X39.887755 Y-47.94898 Z9.764706 F1000
G01 X39.785714 Y-47.94898 Z9.921569 F1000
G01 X39.683673 Y-47.94898 Z10 F1000
G01 X29.581633 Y-47.94898 Z10 F1000
G01 X29.479592 Y-47.94898 Z9.607843 F1000
G01 X29.377551 Y-47.94898 Z8.980392 F1000
G01 X29.27551 Y-47.94898 Z7.764706 F1000
G01 X29.173469 Y-47.94898 Z5.882353 F1000
G01 X29.071429 Y-47.94898 Z3.72549 F1000
G01 X28.969388 Y-47.94898 Z2.27451 F1000
G01 X28.867347 Y-47.94898 Z1.72549 F1000
G01 X28.153061 Y-47.94898 Z1.72549 F1000
G01 X28.05102 Y-47.94898 Z1.333333 F1000
G01 X26.72449 Y-47.94898 Z1.333333 F1000
G01 X26.622449 Y-47.94898 Z1.72549 F1000
G01 X25.704082 Y-47.94898 Z1.72549 F1000
G01 X25.602041 Y-47.94898 Z1.686275 F1000
G01 X25.295918 Y-47.94898 Z1.686275 F1000
G01 X25.193878 Y-47.94898 Z2.784314 F1000
G01 X25.091837 Y-47.94898 Z4.313725 F1000
G01 X24.989796 Y-47.94898 Z7.529412 F1000
G01 X24.887755 Y-47.94898 Z8.823529 F1000
G01 X24.785714 Y-47.94898 Z10 F1000
G01 X21.72449 Y-47.94898 Z10 F1000
G01 X21.622449 Y-47.94898 Z9.960784 F1000
G01 X0.5 Y-47.94898 Z9.960784 F1000
G01 X0.5 Y-48.05102 Z9.960784 F1000
G01 X0.5 Y-48.153061 Z9.960784 F1000
G01 X0.5 Y-48.255102 Z9.960784 F1000
G01 X0.5 Y-48.357143 Z9.960784 F1000
G01 X0.5 Y-48.459184 Z9.960784 F1000
G01 X21.622449 Y-48.459184 Z9.960784 F1000
G01 X21.72449 Y-48.459184 Z10 F1000
G01 X25.908163 Y-48.459184 Z10 F1000
G01 X26.010204 Y-48.459184 Z9.294118 F1000
G01 X26.112245 Y-48.459184 Z7.568627 F1000
G01 X26.214286 Y-48.459184 Z5.215686 F1000
G01 X26.316327 Y-48.459184 Z2.941176 F1000
G01 X26.418367 Y-48.459184 Z1.72549 F1000
G01 X26.622449 Y-48.459184 Z1.72549 F1000
G01 X26.72449 Y-48.459184 Z1.333333 F1000
G01 X28.05102 Y-48.459184 Z1.333333 F1000
G01 X28.153061 Y-48.459184 Z1.72549 F1000
G01 X29.071429 Y-48.459184 Z1.72549 F1000
G01 X29.173469 Y-48.459184 Z1.568627 F1000
G01 X29.581633 Y-48.459184 Z1.568627 F1000
G01 X29.683673 Y-48.459184 Z1.529412 F1000
G01 X30.602041 Y-48.459184 Z1.529412 F1000
G01 X30.704082 Y-48.459184 Z1.843137 F1000
G01 X30.806122 Y-48.459184 Z2.588235 F1000
G01 X30.908163 Y-48.459184 Z3.529412 F1000
G01 X31.010204 Y-48.459184 Z4.784314 F1000
G01 X31.112245 Y-48.459184 Z6.352941 F1000
G01 X31.214286 Y-48.459184 Z7.960784 F1000
G01 X31.316327 Y-48.459184 Z9.019608 F1000
G01 X31.418367 Y-48.459184 Z9.490196 F1000
G01 X31.520408 Y-48.459184 Z9.803922 F1000
G01 X31.622449 Y-48.459184 Z10 F1000
G01 X39.377551 Y-48.459184 Z10 F1000
G01 X39.479592 Y-48.459184 Z9.882353 F1000
G01 X39.785714 Y-48.459184 Z9.882353 F1000
G01 X39.887755 Y-48.459184 Z5.490196 F1000
G01 X39.989796 Y-48.459184 Z1.686275 F1000
G01 X40.091837 Y-48.459184 Z1.686275 F1000
G01 X40.193878 Y-48.459184 Z1.607843 F1000
G01 X40.295918 Y-48.459184 Z1.568627 F1000
G01 X40.397959 Y-48.459184 Z1.568627 F1000
G01 X40.5 Y-48.459184 Z1.333333 F1000
G01 X41.112245 Y-48.459184 Z1.333333 F1000
G01 X41.214286 Y-48.459184 Z1.529412 F1000
G01 X41.316327 Y-48.459184 Z1.764706 F1000
G01 X41.418367 Y-48.459184 Z1.764706 F1000
G01 X41.520408 Y-48.459184 Z3.058824 F1000
G01 X41.622449 Y-48.459184 Z8.901961 F1000
G01 X41.72449 Y-48.459184 Z9.882353 F1000
G01 X41.826531 Y-48.459184 Z10 F1000
G01 X42.846939 Y-48.459184 Z10 F1000
G01 X42.94898 Y-48.459184 Z9.960784 F1000
G01 X56.622449 Y-48.459184 Z9.960784 F1000
G01 X56.72449 Y-48.459184 Z10 F1000
G01 X58.255102 Y-48.459184 Z10 F1000
G01 X58.357143 Y-48.459184 Z8.313725 F1000
G01 X58.459184 Y-48.459184 Z1.921569 F1000
G01 X58.561224 Y-48.459184 Z1.529412 F1000
G01 X58.663265 Y-48.459184 Z1.529412 F1000
G01 X58.765306 Y-48.459184 Z1.411765 F1000
G01 X59.173469 Y-48.459184 Z1.411765 F1000
G01 X59.27551 Y-48.459184 Z1.45098 F1000
G01 X59.377551 Y-48.459184 Z1.568627 F1000
G01 X59.887755 Y-48.459184 Z1.568627 F1000
G01 X59.989796 Y-48.459184 Z1.686275 F1000
G01 X60.091837 Y-48.459184 Z6.627451 F1000
G01 X60.193878 Y-48.459184 Z10 F1000
G01 X67.744898 Y-48.459184 Z10 F1000
G01 X67.846939 Y-48.459184 Z9.960784 F1000
G01 X67.94898 Y-48.459184 Z9.921569 F1000
G01 X68.459184 Y-48.459184 Z9.921569 F1000
G01 X68.561224 Y-48.459184 Z9.647059 F1000
G01 X68.663265 Y-48.459184 Z8.862745 F1000
G01 X68.765306 Y-48.459184 Z7.45098 F1000
G01 X68.867347 Y-48.459184 Z5.882353 F1000
G01 X68.969388 Y-48.459184 Z4.823529 F1000
G01 X69.071429 Y-48.459184 Z2.980392 F1000
G01 X69.173469 Y-48.459184 Z2.431373 F1000
G01 X69.27551 Y-48.459184 Z1.72549 F1000
G01 X69.377551 Y-48.459184 Z1.568627 F1000
G01 X70.295918 Y-48.459184 Z1.568627 F1000
G01 X70.397959 Y-48.459184 Z1.529412 F1000
G01 X71.316327 Y-48.459184 Z1.529412 F1000
G01 X71.418367 Y-48.459184 Z1.490196 F1000
G01 X71.520408 Y-48.459184 Z1.333333 F1000
G01 X72.94898 Y-48.459184 Z1.333333 F1000
G01 X73.05102 Y-48.459184 Z1.411765 F1000
G01 X73.153061 Y-48.459184 Z1.411765 F1000
G01 X73.255102 Y-48.459184 Z1.607843 F1000
G01 X73.561224 Y-48.459184 Z1.607843 F1000
G01 X73.663265 Y-48.459184 Z1.882353 F1000
G01 X73.765306 Y-48.459184 Z2.470588 F1000
G01 X73.867347 Y-48.459184 Z5.72549 F1000
G01 X73.969388 Y-48.459184 Z7.882353 F1000
G01 X74.071429 Y-48.459184 Z9.882353 F1000
G01 X74.173469 Y-48.459184 Z10 F1000
G01 X78.765306 Y-48.459184 Z10 F1000
G01 X78.867347 Y-48.459184 Z9.960784 F1000
G01 X99.581633 Y-48.459184 Z9.960784 F1000
G01 X99.581633 Y-48.561224 Z9.960784 F1000
G01 X99.581633 Y-48.663265 Z9.960784 F1000
G01 X99.581633 Y-48.765306 Z9.960784 F1000
G01 X99.581633 Y-48.867347 Z9.960784 F1000
G01 X99.581633 Y-48.969388 Z9.960784 F1000
G01 X77.234694 Y-48.969388 Z9.960784 F1000
G01 X77.132653 Y-48.969388 Z10 F1000
G01 X73.05102 Y-48.969388 Z10 F1000
G01 X72.94898 Y-48.969388 Z9.803922 F1000
G01 X72.846939 Y-48.969388 Z9.72549 F1000
G01 X72.744898 Y-48.969388 Z8.941176 F1000
G01 X72.642857 Y-48.969388 Z7.058824 F1000
G01 X72.540816 Y-48.969388 Z4.627451 F1000
G01 X72.438776 Y-48.969388 Z2.705882 F1000
G01 X72.336735 Y-48.969388 Z1.882353 F1000
G01 X72.132653 Y-48.969388 Z1.882353 F1000
G01 X72.030612 Y-48.969388 Z1.686275 F1000
G01 X71.418367 Y-48.969388 Z1.686275 F1000
G01 X71.316327 Y-48.969388 Z1.333333 F1000
G01 X69.071429 Y-48.969388 Z1.333333 F1000
G01 X68.969388 Y-48.969388 Z1.411765 F1000
G01 X68.255102 Y-48.969388 Z1.411765 F1000
G01 X68.153061 Y-48.969388 Z1.490196 F1000
G01 X68.05102 Y-48.969388 Z1.490196 F1000
G01 X67.94898 Y-48.969388 Z1.568627 F1000
G01 X67.846939 Y-48.969388 Z1.72549 F1000
G01 X67.744898 Y-48.969388 Z1.764706 F1000
G01 X66.520408 Y-48.969388 Z1.764706 F1000
G01 X66.418367 Y-48.969388 Z2.196078 F1000
G01 X66.316327 Y-48.969388 Z2.980392 F1000
G01 X66.214286 Y-48.969388 Z3.72549 F1000
G01 X66.112245 Y-48.969388 Z4.431373 F1000
G01 X66.010204 Y-48.969388 Z5.215686 F1000
G01 X65.908163 Y-48.969388 Z6 F1000
G01 X65.806122 Y-48.969388 Z6.54902 F1000
G01 X65.704082 Y-48.969388 Z7.490196 F1000
G01 X65.602041 Y-48.969388 Z7.686275 F1000
G01 X65.5 Y-48.969388 Z8.078431 F1000
G01 X65.397959 Y-48.969388 Z8.54902 F1000
G01 X65.295918 Y-48.969388 Z8.980392 F1000
G01 X65.193878 Y-48.969388 Z9.333333 F1000
G01 X65.091837 Y-48.969388 Z9.568627 F1000
G01 X64.989796 Y-48.969388 Z9.686275 F1000
G01 X64.887755 Y-48.969388 Z9.686275 F1000
G01 X64.785714 Y-48.969388 Z9.72549 F1000
G01 X64.683673 Y-48.969388 Z9.882353 F1000
G01 X64.581633 Y-48.969388 Z10 F1000
G01 X62.744898 Y-48.969388 Z10 F1000
G01 X62.642857 Y-48.969388 Z9.921569 F1000
G01 X62.540816 Y-48.969388 Z9.843137 F1000
G01 X62.438776 Y-48.969388 Z9.803922 F1000
G01 X62.336735 Y-48.969388 Z9.764706 F1000
G01 X62.234694 Y-48.969388 Z9.529412 F1000
G01 X62.132653 Y-48.969388 Z9.176471 F1000
G01 X62.030612 Y-48.969388 Z8.901961 F1000
G01 X61.928571 Y-48.969388 Z8.588235 F1000
G01 X61.826531 Y-48.969388 Z8.156863 F1000
G01 X61.72449 Y-48.969388 Z7.529412 F1000
G01 X61.622449 Y-48.969388 Z7.098039 F1000
G01 X61.520408 Y-48.969388 Z5.490196 F1000
G01 X61.418367 Y-48.969388 Z4.862745 F1000
G01 X61.316327 Y-48.969388 Z4 F1000
G01 X61.214286 Y-48.969388 Z3.254902 F1000
G01 X61.112245 Y-48.969388 Z2.666667 F1000
G01 X61.010204 Y-48.969388 Z2.078431 F1000
G01 X60.908163 Y-48.969388 Z1.764706 F1000
G01 X60.193878 Y-48.969388 Z1.764706 F1000
G01 X60.091837 Y-48.969388 Z1.529412 F1000
G01 X59.989796 Y-48.969388 Z1.529412 F1000
G01 X59.887755 Y-48.969388 Z1.333333 F1000
G01 X59.27551 Y-48.969388 Z1.333333 F1000
G01 X59.173469 Y-48.969388 Z1.490196 F1000
G01 X58.663265 Y-48.969388 Z1.490196 F1000
G01 X58.561224 Y-48.969388 Z1.529412 F1000
G01 X58.459184 Y-48.969388 Z4.862745 F1000
G01 X58.357143 Y-48.969388 Z9.921569 F1000
G01 X58.255102 Y-48.969388 Z10 F1000
G01 X56.72449 Y-48.969388 Z10 F1000
G01 X56.622449 Y-48.969388 Z9.960784 F1000
G01 X42.94898 Y-48.969388 Z9.960784 F1000
G01 X42.846939 Y-48.969388 Z10 F1000
G01 X41.72449 Y-48.969388 Z10 F1000
G01 X41.622449 Y-48.969388 Z9.960784 F1000
G01 X41.520408 Y-48.969388 Z6.27451 F1000
G01 X41.418367 Y-48.969388 Z1.764706 F1000
G01 X41.316327 Y-48.969388 Z1.764706 F1000
G01 X41.214286 Y-48.969388 Z1.411765 F1000
G01 X41.112245 Y-48.969388 Z1.333333 F1000
G01 X40.5 Y-48.969388 Z1.333333 F1000
G01 X40.397959 Y-48.969388 Z1.568627 F1000
G01 X39.683673 Y-48.969388 Z1.568627 F1000
G01 X39.581633 Y-48.969388 Z1.686275 F1000
G01 X38.969388 Y-48.969388 Z1.686275 F1000
G01 X38.867347 Y-48.969388 Z1.921569 F1000
G01 X38.765306 Y-48.969388 Z2.901961 F1000
G01 X38.663265 Y-48.969388 Z3.568627 F1000
G01 X38.561224 Y-48.969388 Z4.588235 F1000
G01 X38.459184 Y-48.969388 Z5.607843 F1000
G01 X38.357143 Y-48.969388 Z6.470588 F1000
G01 X38.255102 Y-48.969388 Z7.254902 F1000
G01 X38.153061 Y-48.969388 Z8 F1000
G01 X38.05102 Y-48.969388 Z8.470588 F1000
G01 X37.94898 Y-48.969388 Z8.705882 F1000
G01 X37.846939 Y-48.969388 Z8.823529 F1000
G01 X37.744898 Y-48.969388 Z9.098039 F1000
G01 X37.642857 Y-48.969388 Z9.411765 F1000
G01 X37.540816 Y-48.969388 Z9.686275 F1000
G01 X37.438776 Y-48.969388 Z9.921569 F1000
G01 X37.336735 Y-48.969388 Z10 F1000
G01 X35.397959 Y-48.969388 Z10 F1000
G01 X35.295918 Y-48.969388 Z9.960784 F1000
G01 X35.193878 Y-48.969388 Z9.764706 F1000
G01 X35.091837 Y-48.969388 Z9.607843 F1000
G01 X34.989796 Y-48.969388 Z9.45098 F1000
G01 X34.887755 Y-48.969388 Z9.294118 F1000
G01 X34.785714 Y-48.969388 Z9.137255 F1000
G01 X34.683673 Y-48.969388 Z9.058824 F1000
G01 X34.581633 Y-48.969388 Z9.058824 F1000
G01 X34.479592 Y-48.969388 Z8.627451 F1000
G01 X34.377551 Y-48.969388 Z7.960784 F1000
G01 X34.27551 Y-48.969388 Z7.294118 F1000
G01 X34.173469 Y-48.969388 Z6.627451 F1000
G01 X34.071429 Y-48.969388 Z5.882353 F1000
G01 X33.969388 Y-48.969388 Z5.058824 F1000
G01 X33.867347 Y-48.969388 Z4.509804 F1000
G01 X33.765306 Y-48.969388 Z3.764706 F1000
G01 X33.663265 Y-48.969388 Z3.372549 F1000
G01 X33.561224 Y-48.969388 Z2.784314 F1000
G01 X33.459184 Y-48.969388 Z2.196078 F1000
G01 X33.357143 Y-48.969388 Z1.72549 F1000
G01 X32.94898 Y-48.969388 Z1.72549 F1000
G01 X32.846939 Y-48.969388 Z1.647059 F1000
G01 X32.132653 Y-48.969388 Z1.647059 F1000
G01 X32.030612 Y-48.969388 Z1.529412 F1000
G01 X31.928571 Y-48.969388 Z1.490196 F1000
G01 X31.826531 Y-48.969388 Z1.490196 F1000
G01 X31.72449 Y-48.969388 Z1.45098 F1000
G01 X31.418367 Y-48.969388 Z1.45098 F1000
G01 X31.316327 Y-48.969388 Z1.333333 F1000
G01 X29.071429 Y-48.969388 Z1.333333 F1000
G01 X28.969388 Y-48.969388 Z1.568627 F1000
G01 X28.255102 Y-48.969388 Z1.568627 F1000
G01 X28.153061 Y-48.969388 Z1.764706 F1000
G01 X27.642857 Y-48.969388 Z1.764706 F1000
G01 X27.540816 Y-48.969388 Z2.784314 F1000
G01 X27.438776 Y-48.969388 Z3.921569 F1000
G01 X27.336735 Y-48.969388 Z6.901961 F1000
G01 X27.234694 Y-48.969388 Z8.196078 F1000
G01 X27.132653 Y-48.969388 Z9.647059 F1000
G01 X27.030612 Y-48.969388 Z10 F1000
G01 X22.846939 Y-48.969388 Z10 F1000
G01 X22.744898 Y-48.969388 Z9.960784 F1000
G01 X0.5 Y-48.969388 Z9.960784 F1000
G01 X0.5 Y-49.071429 Z9.960784 F1000
G01 X0.5 Y-49.173469 Z9.960784 F1000
G01 X0.5 Y-49.27551 Z9.960784 F1000
G01 X0.5 Y-49.377551 Z9.960784 F1000
G01 X0.5 Y-49.479592 Z9.960784 F1000
G01 X24.887755 Y-49.479592 Z9.960784 F1000
G01 X24.989796 Y-49.479592 Z10 F1000
G01 X28.255102 Y-49.479592 Z10 F1000
G01 X28.357143 Y-49.479592 Z9.882353 F1000
G01 X28.459184 Y-49.479592 Z9.764706 F1000
G01 X28.561224 Y-49.479592 Z9.72549 F1000
G01 X28.663265 Y-49.479592 Z9.294118 F1000
G01 X28.765306 Y-49.479592 Z7.686275 F1000
G01 X28.867347 Y-49.479592 Z4.901961 F1000
G01 X28.969388 Y-49.479592 Z2.588235 F1000
G01 X29.071429 Y-49.479592 Z1.333333 F1000
G01 X41.112245 Y-49.479592 Z1.333333 F1000
G01 X41.214286 Y-49.479592 Z1.411765 F1000
G01 X41.316327 Y-49.479592 Z1.411765 F1000
G01 X41.418367 Y-49.479592 Z1.921569 F1000
G01 X41.520408 Y-49.479592 Z7.490196 F1000
G01 X41.622449 Y-49.479592 Z10 F1000
G01 X42.744898 Y-49.479592 Z10 F1000
G01 X42.846939 Y-49.479592 Z9.960784 F1000
G01 X56.622449 Y-49.479592 Z9.960784 F1000
G01 X56.72449 Y-49.479592 Z10 F1000
G01 X58.357143 Y-49.479592 Z10 F1000
G01 X58.459184 Y-49.479592 Z6.392157 F1000
G01 X58.561224 Y-49.479592 Z1.490196 F1000
G01 X59.173469 Y-49.479592 Z1.490196 F1000
G01 X59.27551 Y-49.479592 Z1.333333 F1000
G01 X70.602041 Y-49.479592 Z1.333333 F1000
G01 X70.704082 Y-49.479592 Z1.411765 F1000
G01 X70.806122 Y-49.479592 Z1.45098 F1000
G01 X70.908163 Y-49.479592 Z1.803922 F1000
G01 X71.010204 Y-49.479592 Z3.45098 F1000
G01 X71.112245 Y-49.479592 Z5.72549 F1000
G01 X71.214286 Y-49.479592 Z8 F1000
G01 X71.316327 Y-49.479592 Z9.411765 F1000
G01 X71.418367 Y-49.479592 Z10 F1000
G01 X74.989796 Y-49.479592 Z10 F1000
G01 X75.091837 Y-49.479592 Z9.960784 F1000
G01 X99.581633 Y-49.479592 Z9.960784 F1000
G01 X99.581633 Y-49.581633 Z9.960784 F1000
G01 X99.581633 Y-49.683673 Z9.960784 F1000
G01 X99.581633 Y-49.785714 Z9.960784 F1000
G01 X99.581633 Y-49.887755 Z9.960784 F1000
G01 X99.581633 Y-49.989796 Z9.960784 F1000
G01 X75.091837 Y-49.989796 Z9.960784 F1000
G01 X74.989796 Y-49.989796 Z10 F1000
G01 X71.418367 Y-49.989796 Z10 F1000
G01 X71.316327 Y-49.989796 Z9.411765 F1000
G01 X71.214286 Y-49.989796 Z8 F1000
G01 X71.112245 Y-49.989796 Z5.72549 F1000
G01 X71.010204 Y-49.989796 Z3.45098 F1000
G01 X70.908163 Y-49.989796 Z1.803922 F1000
G01 X70.806122 Y-49.989796 Z1.647059 F1000
G01 X70.602041 Y-49.989796 Z1.647059 F1000
G01 X70.5 Y-49.989796 Z1.333333 F1000
G01 X59.173469 Y-49.989796 Z1.333333 F1000
G01 X59.071429 Y-49.989796 Z1.529412 F1000
G01 X58.561224 Y-49.989796 Z1.529412 F1000
G01 X58.459184 Y-49.989796 Z6.392157 F1000
G01 X58.357143 Y-49.989796 Z10 F1000
G01 X56.72449 Y-49.989796 Z10 F1000
G01 X56.622449 Y-49.989796 Z9.960784 F1000
G01 X42.846939 Y-49.989796 Z9.960784 F1000
G01 X42.744898 Y-49.989796 Z10 F1000
G01 X41.622449 Y-49.989796 Z10 F1000
G01 X41.520408 Y-49.989796 Z7.529412 F1000
G01 X41.418367 Y-49.989796 Z1.921569 F1000
G01 X41.316327 Y-49.989796 Z1.45098 F1000
G01 X41.214286 Y-49.989796 Z1.45098 F1000
G01 X41.112245 Y-49.989796 Z1.333333 F1000
G01 X29.071429 Y-49.989796 Z1.333333 F1000
G01 X28.969388 Y-49.989796 Z3.490196 F1000
G01 X28.867347 Y-49.989796 Z5.490196 F1000
G01 X28.765306 Y-49.989796 Z7.960784 F1000
G01 X28.663265 Y-49.989796 Z9.529412 F1000
G01 X28.561224 Y-49.989796 Z10 F1000
G01 X24.989796 Y-49.989796 Z10 F1000
G01 X24.887755 Y-49.989796 Z9.960784 F1000
G01 X0.5 Y-49.989796 Z9.960784 F1000
G01 X0.5 Y-50.091837 Z9.960784 F1000
G01 X0.5 Y-50.193878 Z9.960784 F1000
G01 X0.5 Y-50.295918 Z9.960784 F1000
G01 X0.5 Y-50.397959 Z9.960784 F1000
G01 X0.5 Y-50.5 Z9.960784 F1000
G01 X23.561224 Y-50.5 Z9.960784 F1000
G01 X23.663265 Y-50.5 Z10 F1000
G01 X28.561224 Y-50.5 Z10 F1000
G01 X28.663265 Y-50.5 Z9.529412 F1000
G01 X28.765306 Y-50.5 Z7.960784 F1000
G01 X28.867347 Y-50.5 Z5.490196 F1000
G01 X28.969388 Y-50.5 Z3.490196 F1000
G01 X29.071429 Y-50.5 Z1.333333 F1000
G01 X33.765306 Y-50.5 Z1.333333 F1000
G01 X33.867347 Y-50.5 Z1.372549 F1000
G01 X33.969388 Y-50.5 Z1.411765 F1000
G01 X34.581633 Y-50.5 Z1.411765 F1000
G01 X34.683673 Y-50.5 Z1.45098 F1000
G01 X36.214286 Y-50.5 Z1.45098 F1000
G01 X36.316327 Y-50.5 Z1.607843 F1000
G01 X37.234694 Y-50.5 Z1.607843 F1000
G01 X37.336735 Y-50.5 Z1.568627 F1000
G01 X37.438776 Y-50.5 Z1.529412 F1000
G01 X37.94898 Y-50.5 Z1.529412 F1000
G01 X38.05102 Y-50.5 Z1.411765 F1000
G01 X38.765306 Y-50.5 Z1.411765 F1000
G01 X38.867347 Y-50.5 Z1.333333 F1000
G01 X41.112245 Y-50.5 Z1.333333 F1000
G01 X41.214286 Y-50.5 Z1.45098 F1000
G01 X41.316327 Y-50.5 Z1.647059 F1000
G01 X41.418367 Y-50.5 Z1.882353 F1000
G01 X41.520408 Y-50.5 Z7.529412 F1000
G01 X41.622449 Y-50.5 Z10 F1000
G01 X42.846939 Y-50.5 Z10 F1000
G01 X42.94898 Y-50.5 Z9.960784 F1000
G01 X56.622449 Y-50.5 Z9.960784 F1000
G01 X56.72449 Y-50.5 Z10 F1000
G01 X58.255102 Y-50.5 Z10 F1000
G01 X58.357143 Y-50.5 Z9.960784 F1000
G01 X58.459184 Y-50.5 Z6.392157 F1000
G01 X58.561224 Y-50.5 Z1.607843 F1000
G01 X58.969388 Y-50.5 Z1.607843 F1000
G01 X59.071429 Y-50.5 Z1.529412 F1000
G01 X59.173469 Y-50.5 Z1.490196 F1000
G01 X59.27551 Y-50.5 Z1.333333 F1000
G01 X61.520408 Y-50.5 Z1.333333 F1000
G01 X61.622449 Y-50.5 Z1.529412 F1000
G01 X62.540816 Y-50.5 Z1.529412 F1000
G01 X62.642857 Y-50.5 Z1.490196 F1000
G01 X62.744898 Y-50.5 Z1.490196 F1000
G01 X62.846939 Y-50.5 Z1.45098 F1000
G01 X63.05102 Y-50.5 Z1.45098 F1000
G01 X63.153061 Y-50.5 Z1.490196 F1000
G01 X64.071429 Y-50.5 Z1.490196 F1000
G01 X64.173469 Y-50.5 Z1.45098 F1000
G01 X64.581633 Y-50.5 Z1.45098 F1000
G01 X64.683673 Y-50.5 Z1.490196 F1000
G01 X65.704082 Y-50.5 Z1.490196 F1000
G01 X65.806122 Y-50.5 Z1.333333 F1000
G01 X70.5 Y-50.5 Z1.333333 F1000
G01 X70.602041 Y-50.5 Z1.647059 F1000
G01 X70.908163 Y-50.5 Z1.647059 F1000
G01 X71.010204 Y-50.5 Z3.215686 F1000
G01 X71.112245 Y-50.5 Z5.529412 F1000
G01 X71.214286 Y-50.5 Z7.882353 F1000
G01 X71.316327 Y-50.5 Z9.294118 F1000
G01 X71.418367 Y-50.5 Z9.607843 F1000
G01 X71.520408 Y-50.5 Z9.921569 F1000
G01 X71.622449 Y-50.5 Z10 F1000
G01 X76.316327 Y-50.5 Z10 F1000
G01 X76.418367 Y-50.5 Z9.960784 F1000
G01 X99.581633 Y-50.5 Z9.960784 F1000
G01 X99.581633 Y-50.602041 Z9.960784 F1000
G01 X99.581633 Y-50.704082 Z9.960784 F1000
G01 X99.581633 Y-50.806122 Z9.960784 F1000
G01 X99.581633 Y-50.908163 Z9.960784 F1000
G01 X99.581633 Y-51.010204 Z9.960784 F1000
G01 X78.05102 Y-51.010204 Z9.960784 F1000
G01 X77.94898 Y-51.010204 Z10 F1000
G01 X73.255102 Y-51.010204 Z10 F1000
G01 X73.153061 Y-51.010204 Z9.843137 F1000
G01 X72.846939 Y-51.010204 Z9.843137 F1000
G01 X72.744898 Y-51.010204 Z9.176471 F1000
G01 X72.642857 Y-51.010204 Z7.333333 F1000
G01 X72.540816 Y-51.010204 Z4.862745 F1000
G01 X72.438776 Y-51.010204 Z2.745098 F1000
G01 X72.336735 Y-51.010204 Z1.607843 F1000
G01 X72.234694 Y-51.010204 Z1.568627 F1000
G01 X71.418367 Y-51.010204 Z1.568627 F1000
G01 X71.316327 Y-51.010204 Z1.529412 F1000
G01 X70.806122 Y-51.010204 Z1.529412 F1000
G01 X70.704082 Y-51.010204 Z1.333333 F1000
G01 X70.602041 Y-51.010204 Z1.333333 F1000
G01 X70.5 Y-51.010204 Z1.372549 F1000
G01 X70.397959 Y-51.010204 Z1.45098 F1000
G01 X69.377551 Y-51.010204 Z1.45098 F1000
G01 X69.27551 Y-51.010204 Z1.372549 F1000
G01 X69.173469 Y-51.010204 Z1.372549 F1000
G01 X69.071429 Y-51.010204 Z1.411765 F1000
G01 X68.561224 Y-51.010204 Z1.411765 F1000
G01 X68.459184 Y-51.010204 Z1.45098 F1000
G01 X68.357143 Y-51.010204 Z1.529412 F1000
G01 X68.255102 Y-51.010204 Z1.568627 F1000
G01 X67.234694 Y-51.010204 Z1.568627 F1000
G01 X67.132653 Y-51.010204 Z1.45098 F1000
G01 X66.622449 Y-51.010204 Z1.45098 F1000
G01 X66.520408 Y-51.010204 Z1.647059 F1000
G01 X66.418367 Y-51.010204 Z2.117647 F1000
G01 X66.316327 Y-51.010204 Z2.823529 F1000
G01 X66.214286 Y-51.010204 Z3.529412 F1000
G01 X66.112245 Y-51.010204 Z4.196078 F1000
G01 X66.010204 Y-51.010204 Z4.941176 F1000
G01 X65.908163 Y-51.010204 Z5.686275 F1000
G01 X65.806122 Y-51.010204 Z6.196078 F1000
G01 X65.704082 Y-51.010204 Z7.058824 F1000
G01 X65.602041 Y-51.010204 Z7.333333 F1000
G01 X65.5 Y-51.010204 Z7.764706 F1000
G01 X65.397959 Y-51.010204 Z8.27451 F1000
G01 X65.295918 Y-51.010204 Z8.705882 F1000
G01 X65.193878 Y-51.010204 Z9.019608 F1000
G01 X65.091837 Y-51.010204 Z9.215686 F1000
G01 X64.989796 Y-51.010204 Z9.294118 F1000
G01 X64.887755 Y-51.010204 Z9.647059 F1000
G01 X64.785714 Y-51.010204 Z9.647059 F1000
G01 X64.683673 Y-51.010204 Z9.686275 F1000
G01 X64.581633 Y-51.010204 Z9.764706 F1000
G01 X64.479592 Y-51.010204 Z9.843137 F1000
G01 X64.377551 Y-51.010204 Z9.882353 F1000
G01 X64.27551 Y-51.010204 Z9.921569 F1000
G01 X64.173469 Y-51.010204 Z9.960784 F1000
G01 X63.153061 Y-51.010204 Z9.960784 F1000
G01 X63.05102 Y-51.010204 Z9.921569 F1000
G01 X62.94898 Y-51.010204 Z9.882353 F1000
G01 X62.846939 Y-51.010204 Z9.843137 F1000
G01 X62.744898 Y-51.010204 Z9.764706 F1000
G01 X62.642857 Y-51.010204 Z9.686275 F1000
G01 X62.540816 Y-51.010204 Z9.647059 F1000
G01 X62.438776 Y-51.010204 Z9.647059 F1000
G01 X62.336735 Y-51.010204 Z9.333333 F1000
G01 X62.234694 Y-51.010204 Z9.254902 F1000
G01 X62.132653 Y-51.010204 Z9.098039 F1000
G01 X62.030612 Y-51.010204 Z8.784314 F1000
G01 X61.928571 Y-51.010204 Z8.27451 F1000
G01 X61.826531 Y-51.010204 Z7.686275 F1000
G01 X61.72449 Y-51.010204 Z7.098039 F1000
G01 X61.622449 Y-51.010204 Z6.784314 F1000
G01 X61.520408 Y-51.010204 Z5.294118 F1000
G01 X61.418367 Y-51.010204 Z4.666667 F1000
G01 X61.316327 Y-51.010204 Z3.764706 F1000
G01 X61.214286 Y-51.010204 Z2.941176 F1000
G01 X61.112245 Y-51.010204 Z2.352941 F1000
G01 X61.010204 Y-51.010204 Z1.921569 F1000
G01 X60.091837 Y-51.010204 Z1.921569 F1000
G01 X59.989796 Y-51.010204 Z1.333333 F1000
G01 X59.27551 Y-51.010204 Z1.333333 F1000
G01 X59.173469 Y-51.010204 Z1.490196 F1000
G01 X59.071429 Y-51.010204 Z1.529412 F1000
G01 X58.969388 Y-51.010204 Z1.607843 F1000
G01 X58.561224 Y-51.010204 Z1.607843 F1000
G01 X58.459184 Y-51.010204 Z5.294118 F1000
G01 X58.357143 Y-51.010204 Z9.960784 F1000
G01 X58.255102 Y-51.010204 Z10 F1000
G01 X56.72449 Y-51.010204 Z10 F1000
G01 X56.622449 Y-51.010204 Z9.960784 F1000
G01 X42.94898 Y-51.010204 Z9.960784 F1000
G01 X42.846939 Y-51.010204 Z10 F1000
G01 X41.622449 Y-51.010204 Z10 F1000
G01 X41.520408 Y-51.010204 Z6.862745 F1000
G01 X41.418367 Y-51.010204 Z1.647059 F1000
G01 X41.316327 Y-51.010204 Z1.647059 F1000
G01 X41.214286 Y-51.010204 Z1.411765 F1000
G01 X41.112245 Y-51.010204 Z1.333333 F1000
G01 X40.5 Y-51.010204 Z1.333333 F1000
G01 X40.397959 Y-51.010204 Z1.607843 F1000
G01 X39.989796 Y-51.010204 Z1.607843 F1000
G01 X39.887755 Y-51.010204 Z2.117647 F1000
G01 X38.969388 Y-51.010204 Z2.117647 F1000
G01 X38.867347 Y-51.010204 Z1.882353 F1000
G01 X38.765306 Y-51.010204 Z2.666667 F1000
G01 X38.663265 Y-51.010204 Z3.45098 F1000
G01 X38.561224 Y-51.010204 Z4.54902 F1000
G01 X38.459184 Y-51.010204 Z5.490196 F1000
G01 X38.357143 Y-51.010204 Z6.156863 F1000
G01 X38.255102 Y-51.010204 Z6.784314 F1000
G01 X38.153061 Y-51.010204 Z7.490196 F1000
G01 X38.05102 Y-51.010204 Z7.960784 F1000
G01 X37.94898 Y-51.010204 Z8.823529 F1000
G01 X37.846939 Y-51.010204 Z8.901961 F1000
G01 X37.744898 Y-51.010204 Z9.058824 F1000
G01 X37.642857 Y-51.010204 Z9.254902 F1000
G01 X37.540816 Y-51.010204 Z9.490196 F1000
G01 X37.438776 Y-51.010204 Z9.686275 F1000
G01 X37.336735 Y-51.010204 Z9.843137 F1000
G01 X37.234694 Y-51.010204 Z9.921569 F1000
G01 X37.132653 Y-51.010204 Z9.960784 F1000
G01 X35.5 Y-51.010204 Z9.960784 F1000
G01 X35.397959 Y-51.010204 Z9.882353 F1000
G01 X35.295918 Y-51.010204 Z9.803922 F1000
G01 X35.193878 Y-51.010204 Z9.686275 F1000
G01 X35.091837 Y-51.010204 Z9.529412 F1000
G01 X34.989796 Y-51.010204 Z9.372549 F1000
G01 X34.887755 Y-51.010204 Z9.215686 F1000
G01 X34.785714 Y-51.010204 Z9.098039 F1000
G01 X34.683673 Y-51.010204 Z9.019608 F1000
G01 X34.581633 Y-51.010204 Z8.392157 F1000
G01 X34.479592 Y-51.010204 Z8.196078 F1000
G01 X34.377551 Y-51.010204 Z7.764706 F1000
G01 X34.27551 Y-51.010204 Z7.137255 F1000
G01 X34.173469 Y-51.010204 Z6.352941 F1000
G01 X34.071429 Y-51.010204 Z5.529412 F1000
G01 X33.969388 Y-51.010204 Z4.823529 F1000
G01 X33.867347 Y-51.010204 Z4.431373 F1000
G01 X33.765306 Y-51.010204 Z3.372549 F1000
G01 X33.663265 Y-51.010204 Z2.901961 F1000
G01 X33.561224 Y-51.010204 Z2.27451 F1000
G01 X33.459184 Y-51.010204 Z1.843137 F1000
G01 X33.357143 Y-51.010204 Z1.607843 F1000
G01 X33.255102 Y-51.010204 Z1.45098 F1000
G01 X32.438776 Y-51.010204 Z1.45098 F1000
G01 X32.336735 Y-51.010204 Z1.411765 F1000
G01 X31.826531 Y-51.010204 Z1.411765 F1000
G01 X31.72449 Y-51.010204 Z1.372549 F1000
G01 X31.622449 Y-51.010204 Z1.372549 F1000
G01 X31.520408 Y-51.010204 Z1.45098 F1000
G01 X30.602041 Y-51.010204 Z1.45098 F1000
G01 X30.5 Y-51.010204 Z1.372549 F1000
G01 X30.193878 Y-51.010204 Z1.372549 F1000
G01 X30.091837 Y-51.010204 Z1.333333 F1000
G01 X29.071429 Y-51.010204 Z1.333333 F1000
G01 X28.969388 Y-51.010204 Z1.490196 F1000
G01 X28.357143 Y-51.010204 Z1.490196 F1000
G01 X28.255102 Y-51.010204 Z1.568627 F1000
G01 X27.642857 Y-51.010204 Z1.568627 F1000
G01 X27.540816 Y-51.010204 Z2.941176 F1000
G01 X27.438776 Y-51.010204 Z4.352941 F1000
G01 X27.336735 Y-51.010204 Z7.803922 F1000
G01 X27.234694 Y-51.010204 Z8.627451 F1000
G01 X27.132653 Y-51.010204 Z9.568627 F1000
G01 X27.030612 Y-51.010204 Z10 F1000
G01 X22.030612 Y-51.010204 Z10 F1000
G01 X21.928571 Y-51.010204 Z9.960784 F1000
G01 X0.5 Y-51.010204 Z9.960784 F1000
G01 X0.5 Y-51.112245 Z9.960784 F1000
G01 X0.5 Y-51.214286 Z9.960784 F1000
G01 X0.5 Y-51.316327 Z9.960784 F1000
G01 X0.5 Y-51.418367 Z9.960784 F1000
G01 X0.5 Y-51.520408 Z9.960784 F1000
G01 X21.928571 Y-51.520408 Z9.960784 F1000
G01 X22.030612 Y-51.520408 Z10 F1000
G01 X25.806122 Y-51.520408 Z10 F1000
G01 X25.908163 Y-51.520408 Z9.72549 F1000
G01 X26.010204 Y-51.520408 Z9.294118 F1000
G01 X26.112245 Y-51.520408 Z8.156863 F1000
G01 X26.214286 Y-51.520408 Z5.960784 F1000
G01 X26.316327 Y-51.520408 Z3.137255 F1000
G01 X26.418367 Y-51.520408 Z1.568627 F1000
G01 X26.928571 Y-51.520408 Z1.568627 F1000
G01 X27.030612 Y-51.520408 Z1.490196 F1000
G01 X27.336735 Y-51.520408 Z1.490196 F1000
G01 X27.438776 Y-51.520408 Z1.333333 F1000
G01 X29.683673 Y-51.520408 Z1.333333 F1000
G01 X29.785714 Y-51.520408 Z1.490196 F1000
G01 X29.887755 Y-51.520408 Z1.490196 F1000
G01 X29.989796 Y-51.520408 Z1.568627 F1000
G01 X30.397959 Y-51.520408 Z1.568627 F1000
G01 X30.5 Y-51.520408 Z1.607843 F1000
G01 X30.704082 Y-51.520408 Z1.607843 F1000
G01 X30.806122 Y-51.520408 Z2.235294 F1000
G01 X30.908163 Y-51.520408 Z3.294118 F1000
G01 X31.010204 Y-51.520408 Z4.666667 F1000
G01 X31.112245 Y-51.520408 Z6.313725 F1000
G01 X31.214286 Y-51.520408 Z7.960784 F1000
G01 X31.316327 Y-51.520408 Z8.980392 F1000
G01 X31.418367 Y-51.520408 Z9.764706 F1000
G01 X31.520408 Y-51.520408 Z9.882353 F1000
G01 X31.622449 Y-51.520408 Z10 F1000
G01 X39.683673 Y-51.520408 Z10 F1000
G01 X39.785714 Y-51.520408 Z9.843137 F1000
G01 X39.887755 Y-51.520408 Z5.686275 F1000
G01 X39.989796 Y-51.520408 Z1.72549 F1000
G01 X40.193878 Y-51.520408 Z1.72549 F1000
G01 X40.295918 Y-51.520408 Z1.686275 F1000
G01 X40.397959 Y-51.520408 Z1.686275 F1000
G01 X40.5 Y-51.520408 Z1.333333 F1000
G01 X41.112245 Y-51.520408 Z1.333333 F1000
G01 X41.214286 Y-51.520408 Z1.411765 F1000
G01 X41.316327 Y-51.520408 Z1.529412 F1000
G01 X41.418367 Y-51.520408 Z1.529412 F1000
G01 X41.520408 Y-51.520408 Z3.058824 F1000
G01 X41.622449 Y-51.520408 Z8.823529 F1000
G01 X41.72449 Y-51.520408 Z10 F1000
G01 X42.846939 Y-51.520408 Z10 F1000
G01 X42.94898 Y-51.520408 Z9.960784 F1000
G01 X56.622449 Y-51.520408 Z9.960784 F1000
G01 X56.72449 Y-51.520408 Z10 F1000
G01 X58.255102 Y-51.520408 Z10 F1000
G01 X58.357143 Y-51.520408 Z8.235294 F1000
G01 X58.459184 Y-51.520408 Z2.117647 F1000
G01 X58.561224 Y-51.520408 Z1.607843 F1000
G01 X58.663265 Y-51.520408 Z1.490196 F1000
G01 X58.867347 Y-51.520408 Z1.490196 F1000
G01 X58.969388 Y-51.520408 Z1.45098 F1000
G01 X59.071429 Y-51.520408 Z1.411765 F1000
G01 X59.173469 Y-51.520408 Z1.411765 F1000
G01 X59.27551 Y-51.520408 Z1.333333 F1000
G01 X59.887755 Y-51.520408 Z1.333333 F1000
G01 X59.989796 Y-51.520408 Z2.117647 F1000
G01 X60.091837 Y-51.520408 Z6.588235 F1000
G01 X60.193878 Y-51.520408 Z10 F1000
G01 X67.94898 Y-51.520408 Z10 F1000
G01 X68.05102 Y-51.520408 Z9.843137 F1000
G01 X68.153061 Y-51.520408 Z9.843137 F1000
G01 X68.255102 Y-51.520408 Z9.686275 F1000
G01 X68.561224 Y-51.520408 Z9.686275 F1000
G01 X68.663265 Y-51.520408 Z9.098039 F1000
G01 X68.765306 Y-51.520408 Z7.647059 F1000
G01 X68.867347 Y-51.520408 Z5.803922 F1000
G01 X68.969388 Y-51.520408 Z4.431373 F1000
G01 X69.071429 Y-51.520408 Z2.705882 F1000
G01 X69.173469 Y-51.520408 Z2.156863 F1000
G01 X69.27551 Y-51.520408 Z1.764706 F1000
G01 X69.785714 Y-51.520408 Z1.764706 F1000
G01 X69.887755 Y-51.520408 Z1.490196 F1000
G01 X70.602041 Y-51.520408 Z1.490196 F1000
G01 X70.704082 Y-51.520408 Z1.333333 F1000
G01 X72.132653 Y-51.520408 Z1.333333 F1000
G01 X72.234694 Y-51.520408 Z1.529412 F1000
G01 X72.540816 Y-51.520408 Z1.529412 F1000
G01 X72.642857 Y-51.520408 Z1.607843 F1000
G01 X72.846939 Y-51.520408 Z1.607843 F1000
G01 X72.94898 Y-51.520408 Z1.647059 F1000
G01 X73.153061 Y-51.520408 Z1.647059 F1000
G01 X73.255102 Y-51.520408 Z1.72549 F1000
G01 X73.357143 Y-51.520408 Z1.803922 F1000
G01 X73.561224 Y-51.520408 Z1.803922 F1000
G01 X73.663265 Y-51.520408 Z1.960784 F1000
G01 X73.765306 Y-51.520408 Z3.137255 F1000
G01 X73.867347 Y-51.520408 Z6 F1000
G01 X73.969388 Y-51.520408 Z7.803922 F1000
G01 X74.071429 Y-51.520408 Z9.647059 F1000
G01 X74.173469 Y-51.520408 Z10 F1000
G01 X77.94898 Y-51.520408 Z10 F1000
G01 X78.05102 Y-51.520408 Z9.960784 F1000
G01 X99.581633 Y-51.520408 Z9.960784 F1000
G01 X99.581633 Y-51.622449 Z9.960784 F1000
G01 X99.581633 Y-51.72449 Z9.960784 F1000
G01 X99.581633 Y-51.826531 Z9.960784 F1000
G01 X99.581633 Y-51.928571 Z9.960784 F1000
G01 X99.581633 Y-52.030612 Z9.960784 F1000
G01 X79.683673 Y-52.030612 Z9.960784 F1000
G01 X79.581633 Y-52.030612 Z10 F1000
G01 X75.5 Y-52.030612 Z10 F1000
G01 X75.397959 Y-52.030612 Z9.960784 F1000
G01 X75.295918 Y-52.030612 Z9.960784 F1000
G01 X75.193878 Y-52.030612 Z9.647059 F1000
G01 X75.091837 Y-52.030612 Z7.882353 F1000
G01 X74.989796 Y-52.030612 Z5.294118 F1000
G01 X74.887755 Y-52.030612 Z2.980392 F1000
G01 X74.785714 Y-52.030612 Z1.607843 F1000
G01 X74.683673 Y-52.030612 Z1.529412 F1000
G01 X74.581633 Y-52.030612 Z1.333333 F1000
G01 X73.153061 Y-52.030612 Z1.333333 F1000
G01 X73.05102 Y-52.030612 Z1.607843 F1000
G01 X72.336735 Y-52.030612 Z1.607843 F1000
G01 X72.234694 Y-52.030612 Z1.647059 F1000
G01 X71.928571 Y-52.030612 Z1.647059 F1000
G01 X71.826531 Y-52.030612 Z1.921569 F1000
G01 X71.010204 Y-52.030612 Z1.921569 F1000
G01 X70.908163 Y-52.030612 Z3.254902 F1000
G01 X70.806122 Y-52.030612 Z5.411765 F1000
G01 X70.704082 Y-52.030612 Z7.098039 F1000
G01 X70.602041 Y-52.030612 Z9.294118 F1000
G01 X70.5 Y-52.030612 Z9.647059 F1000
G01 X70.397959 Y-52.030612 Z10 F1000
G01 X60.091837 Y-52.030612 Z10 F1000
G01 X59.989796 Y-52.030612 Z7.254902 F1000
G01 X59.887755 Y-52.030612 Z1.843137 F1000
G01 X59.785714 Y-52.030612 Z1.529412 F1000
G01 X59.27551 Y-52.030612 Z1.529412 F1000
G01 X59.173469 Y-52.030612 Z1.333333 F1000
G01 X58.459184 Y-52.030612 Z1.333333 F1000
G01 X58.357143 Y-52.030612 Z2.901961 F1000
G01 X58.255102 Y-52.030612 Z9.137255 F1000
G01 X58.153061 Y-52.030612 Z9.921569 F1000
G01 X58.05102 Y-52.030612 Z9.960784 F1000
G01 X57.94898 Y-52.030612 Z10 F1000
G01 X56.72449 Y-52.030612 Z10 F1000
G01 X56.622449 Y-52.030612 Z9.960784 F1000
G01 X43.765306 Y-52.030612 Z9.960784 F1000
G01 X43.663265 Y-52.030612 Z10 F1000
G01 X41.826531 Y-52.030612 Z10 F1000
G01 X41.72449 Y-52.030612 Z9.333333 F1000
G01 X41.622449 Y-52.030612 Z4.117647 F1000
G01 X41.520408 Y-52.030612 Z1.568627 F1000
G01 X41.316327 Y-52.030612 Z1.568627 F1000
G01 X41.214286 Y-52.030612 Z1.411765 F1000
G01 X41.112245 Y-52.030612 Z1.333333 F1000
G01 X40.5 Y-52.030612 Z1.333333 F1000
G01 X40.397959 Y-52.030612 Z1.686275 F1000
G01 X40.295918 Y-52.030612 Z1.686275 F1000
G01 X40.193878 Y-52.030612 Z1.72549 F1000
G01 X40.091837 Y-52.030612 Z1.72549 F1000
G01 X39.989796 Y-52.030612 Z6.156863 F1000
G01 X39.887755 Y-52.030612 Z9.803922 F1000
G01 X39.785714 Y-52.030612 Z9.960784 F1000
G01 X39.683673 Y-52.030612 Z10 F1000
G01 X29.785714 Y-52.030612 Z10 F1000
G01 X29.683673 Y-52.030612 Z9.764706 F1000
G01 X29.581633 Y-52.030612 Z9.72549 F1000
G01 X29.479592 Y-52.030612 Z9.529412 F1000
G01 X29.377551 Y-52.030612 Z8.941176 F1000
G01 X29.27551 Y-52.030612 Z7.647059 F1000
G01 X29.173469 Y-52.030612 Z5.686275 F1000
G01 X29.071429 Y-52.030612 Z3.568627 F1000
G01 X28.969388 Y-52.030612 Z2.117647 F1000
G01 X28.867347 Y-52.030612 Z1.647059 F1000
G01 X28.153061 Y-52.030612 Z1.647059 F1000
G01 X28.05102 Y-52.030612 Z1.607843 F1000
G01 X27.336735 Y-52.030612 Z1.607843 F1000
G01 X27.234694 Y-52.030612 Z1.333333 F1000
G01 X25.908163 Y-52.030612 Z1.333333 F1000
G01 X25.806122 Y-52.030612 Z1.568627 F1000
G01 X25.704082 Y-52.030612 Z1.568627 F1000
G01 X25.602041 Y-52.030612 Z1.607843 F1000
G01 X25.397959 Y-52.030612 Z1.607843 F1000
G01 X25.295918 Y-52.030612 Z1.764706 F1000
G01 X25.193878 Y-52.030612 Z2.980392 F1000
G01 X25.091837 Y-52.030612 Z3.921569 F1000
G01 X24.989796 Y-52.030612 Z7.647059 F1000
G01 X24.887755 Y-52.030612 Z8.823529 F1000
G01 X24.785714 Y-52.030612 Z10 F1000
G01 X20.908163 Y-52.030612 Z10 F1000
G01 X20.806122 Y-52.030612 Z9.960784 F1000
G01 X0.5 Y-52.030612 Z9.960784 F1000
G01 X0.5 Y-52.132653 Z9.960784 F1000
G01 X0.5 Y-52.234694 Z9.960784 F1000
G01 X0.5 Y-52.336735 Z9.960784 F1000
G01 X0.5 Y-52.438776 Z9.960784 F1000
G01 X0.5 Y-52.540816 Z9.960784 F1000
G01 X20.806122 Y-52.540816 Z9.960784 F1000
G01 X20.908163 Y-52.540816 Z10 F1000
G01 X23.765306 Y-52.540816 Z10 F1000
G01 X23.867347 Y-52.540816 Z9.333333 F1000
G01 X23.969388 Y-52.540816 Z7.137255 F1000
G01 X24.071429 Y-52.540816 Z4.196078 F1000
G01 X24.173469 Y-52.540816 Z2.039216 F1000
G01 X24.27551 Y-52.540816 Z1.647059 F1000
G01 X24.785714 Y-52.540816 Z1.647059 F1000
G01 X24.887755 Y-52.540816 Z1.568627 F1000
G01 X24.989796 Y-52.540816 Z1.529412 F1000
G01 X25.091837 Y-52.540816 Z1.45098 F1000
G01 X25.806122 Y-52.540816 Z1.45098 F1000
G01 X25.908163 Y-52.540816 Z1.333333 F1000
G01 X27.234694 Y-52.540816 Z1.333333 F1000
G01 X27.336735 Y-52.540816 Z1.686275 F1000
G01 X27.438776 Y-52.540816 Z1.686275 F1000
G01 X27.540816 Y-52.540816 Z2.588235 F1000
G01 X27.642857 Y-52.540816 Z5.098039 F1000
G01 X27.744898 Y-52.540816 Z7.607843 F1000
G01 X27.846939 Y-52.540816 Z9.137255 F1000
G01 X27.94898 Y-52.540816 Z9.803922 F1000
G01 X28.05102 Y-52.540816 Z10 F1000
G01 X39.989796 Y-52.540816 Z10 F1000
G01 X40.091837 Y-52.540816 Z8 F1000
G01 X40.193878 Y-52.540816 Z2.078431 F1000
G01 X40.295918 Y-52.540816 Z1.529412 F1000
G01 X40.397959 Y-52.540816 Z1.529412 F1000
G01 X40.5 Y-52.540816 Z1.333333 F1000
G01 X41.112245 Y-52.540816 Z1.333333 F1000
G01 X41.214286 Y-52.540816 Z1.45098 F1000
G01 X41.316327 Y-52.540816 Z1.568627 F1000
G01 X41.622449 Y-52.540816 Z1.568627 F1000
G01 X41.72449 Y-52.540816 Z2.823529 F1000
G01 X41.826531 Y-52.540816 Z8.509804 F1000
G01 X41.928571 Y-52.540816 Z9.960784 F1000
G01 X42.030612 Y-52.540816 Z10 F1000
G01 X43.663265 Y-52.540816 Z10 F1000
G01 X43.765306 Y-52.540816 Z9.960784 F1000
G01 X56.622449 Y-52.540816 Z9.960784 F1000
G01 X56.72449 Y-52.540816 Z10 F1000
G01 X57.94898 Y-52.540816 Z10 F1000
G01 X58.05102 Y-52.540816 Z9.843137 F1000
G01 X58.153061 Y-52.540816 Z7.568627 F1000
G01 X58.255102 Y-52.540816 Z2.156863 F1000
G01 X58.357143 Y-52.540816 Z1.490196 F1000
G01 X58.459184 Y-52.540816 Z1.333333 F1000
G01 X59.071429 Y-52.540816 Z1.333333 F1000
G01 X59.173469 Y-52.540816 Z1.529412 F1000
G01 X59.683673 Y-52.540816 Z1.529412 F1000
G01 X59.785714 Y-52.540816 Z2.941176 F1000
G01 X59.887755 Y-52.540816 Z8.862745 F1000
G01 X59.989796 Y-52.540816 Z10 F1000
G01 X71.928571 Y-52.540816 Z10 F1000
G01 X72.030612 Y-52.540816 Z9.960784 F1000
G01 X72.132653 Y-52.540816 Z8.666667 F1000
G01 X72.234694 Y-52.540816 Z7.215686 F1000
G01 X72.336735 Y-52.540816 Z4.313725 F1000
G01 X72.438776 Y-52.540816 Z2.901961 F1000
G01 X72.540816 Y-52.540816 Z1.607843 F1000
G01 X73.05102 Y-52.540816 Z1.607843 F1000
G01 X73.153061 Y-52.540816 Z1.333333 F1000
G01 X74.683673 Y-52.540816 Z1.333333 F1000
G01 X74.785714 Y-52.540816 Z1.490196 F1000
G01 X74.887755 Y-52.540816 Z1.529412 F1000
G01 X75.091837 Y-52.540816 Z1.529412 F1000
G01 X75.193878 Y-52.540816 Z1.607843 F1000
G01 X75.806122 Y-52.540816 Z1.607843 F1000
G01 X75.908163 Y-52.540816 Z2.196078 F1000
G01 X76.010204 Y-52.540816 Z4.078431 F1000
G01 X76.112245 Y-52.540816 Z7.215686 F1000
G01 X76.214286 Y-52.540816 Z9.882353 F1000
G01 X76.418367 Y-52.540816 Z9.882353 F1000
G01 X76.520408 Y-52.540816 Z10 F1000
G01 X79.581633 Y-52.540816 Z10 F1000
G01 X79.683673 Y-52.540816 Z9.960784 F1000
G01 X99.581633 Y-52.540816 Z9.960784 F1000
G01 X99.581633 Y-52.642857 Z9.960784 F1000
G01 X99.581633 Y-52.744898 Z9.960784 F1000
G01 X99.581633 Y-52.846939 Z9.960784 F1000
G01 X99.581633 Y-52.94898 Z9.960784 F1000
G01 X99.581633 Y-53.05102 Z9.960784 F1000
G01 X80.5 Y-53.05102 Z9.960784 F1000
G01 X80.397959 Y-53.05102 Z10 F1000
G01 X77.438776 Y-53.05102 Z10 F1000
G01 X77.336735 Y-53.05102 Z9.843137 F1000
G01 X77.234694 Y-53.05102 Z9.72549 F1000
G01 X77.132653 Y-53.05102 Z9.215686 F1000
G01 X77.030612 Y-53.05102 Z6.392157 F1000
G01 X76.928571 Y-53.05102 Z3.921569 F1000
G01 X76.826531 Y-53.05102 Z1.882353 F1000
G01 X76.316327 Y-53.05102 Z1.882353 F1000
G01 X76.214286 Y-53.05102 Z1.333333 F1000
G01 X74.785714 Y-53.05102 Z1.333333 F1000
G01 X74.683673 Y-53.05102 Z1.647059 F1000
G01 X74.377551 Y-53.05102 Z1.647059 F1000
G01 X74.27551 Y-53.05102 Z1.72549 F1000
G01 X73.969388 Y-53.05102 Z1.72549 F1000
G01 X73.867347 Y-53.05102 Z1.843137 F1000
G01 X73.765306 Y-53.05102 Z2.235294 F1000
G01 X73.663265 Y-53.05102 Z4.745098 F1000
G01 X73.561224 Y-53.05102 Z7.137255 F1000
G01 X73.459184 Y-53.05102 Z9.098039 F1000
G01 X73.357143 Y-53.05102 Z10 F1000
G01 X68.663265 Y-53.05102 Z10 F1000
G01 X68.561224 Y-53.05102 Z9.960784 F1000
G01 X61.72449 Y-53.05102 Z9.960784 F1000
G01 X61.622449 Y-53.05102 Z10 F1000
G01 X59.989796 Y-53.05102 Z10 F1000
G01 X59.887755 Y-53.05102 Z9.921569 F1000
G01 X59.785714 Y-53.05102 Z9.764706 F1000
G01 X59.683673 Y-53.05102 Z7.294118 F1000
G01 X59.581633 Y-53.05102 Z1.529412 F1000
G01 X59.173469 Y-53.05102 Z1.529412 F1000
G01 X59.071429 Y-53.05102 Z1.333333 F1000
G01 X58.459184 Y-53.05102 Z1.333333 F1000
G01 X58.357143 Y-53.05102 Z1.45098 F1000
G01 X58.255102 Y-53.05102 Z1.882353 F1000
G01 X58.153061 Y-53.05102 Z1.882353 F1000
G01 X58.05102 Y-53.05102 Z4.666667 F1000
G01 X57.94898 Y-53.05102 Z9.764706 F1000
G01 X57.846939 Y-53.05102 Z10 F1000
G01 X55.908163 Y-53.05102 Z10 F1000
G01 X55.806122 Y-53.05102 Z9.960784 F1000
G01 X43.765306 Y-53.05102 Z9.960784 F1000
G01 X43.663265 Y-53.05102 Z10 F1000
G01 X42.132653 Y-53.05102 Z10 F1000
G01 X42.030612 Y-53.05102 Z9.764706 F1000
G01 X41.928571 Y-53.05102 Z6 F1000
G01 X41.826531 Y-53.05102 Z1.882353 F1000
G01 X41.72449 Y-53.05102 Z1.803922 F1000
G01 X41.622449 Y-53.05102 Z1.529412 F1000
G01 X41.520408 Y-53.05102 Z1.529412 F1000
G01 X41.418367 Y-53.05102 Z1.490196 F1000
G01 X41.316327 Y-53.05102 Z1.45098 F1000
G01 X41.214286 Y-53.05102 Z1.45098 F1000
G01 X41.112245 Y-53.05102 Z1.333333 F1000
G01 X40.397959 Y-53.05102 Z1.333333 F1000
G01 X40.295918 Y-53.05102 Z5.921569 F1000
G01 X40.193878 Y-53.05102 Z9.764706 F1000
G01 X40.091837 Y-53.05102 Z10 F1000
G01 X38.765306 Y-53.05102 Z10 F1000
G01 X38.663265 Y-53.05102 Z9.960784 F1000
G01 X32.336735 Y-53.05102 Z9.960784 F1000
G01 X32.234694 Y-53.05102 Z10 F1000
G01 X26.72449 Y-53.05102 Z10 F1000
G01 X26.622449 Y-53.05102 Z9.803922 F1000
G01 X26.520408 Y-53.05102 Z9.176471 F1000
G01 X26.418367 Y-53.05102 Z7.137255 F1000
G01 X26.316327 Y-53.05102 Z4.745098 F1000
G01 X26.214286 Y-53.05102 Z2.117647 F1000
G01 X26.112245 Y-53.05102 Z1.647059 F1000
G01 X26.010204 Y-53.05102 Z1.647059 F1000
G01 X25.908163 Y-53.05102 Z1.568627 F1000
G01 X25.704082 Y-53.05102 Z1.568627 F1000
G01 X25.602041 Y-53.05102 Z1.490196 F1000
G01 X24.989796 Y-53.05102 Z1.490196 F1000
G01 X24.887755 Y-53.05102 Z1.333333 F1000
G01 X24.27551 Y-53.05102 Z1.333333 F1000
G01 X24.173469 Y-53.05102 Z1.607843 F1000
G01 X23.255102 Y-53.05102 Z1.607843 F1000
G01 X23.153061 Y-53.05102 Z2.941176 F1000
G01 X23.05102 Y-53.05102 Z6.470588 F1000
G01 X22.94898 Y-53.05102 Z8.823529 F1000
G01 X22.846939 Y-53.05102 Z9.254902 F1000
G01 X22.744898 Y-53.05102 Z9.529412 F1000
G01 X22.642857 Y-53.05102 Z10 F1000
G01 X20.091837 Y-53.05102 Z10 F1000
G01 X19.989796 Y-53.05102 Z9.960784 F1000
G01 X0.5 Y-53.05102 Z9.960784 F1000
G01 X0.5 Y-53.153061 Z9.960784 F1000
G01 X0.5 Y-53.255102 Z9.960784 F1000
G01 X0.5 Y-53.357143 Z9.960784 F1000
G01 X0.5 Y-53.459184 Z9.960784 F1000
G01 X0.5 Y-53.561224 Z9.960784 F1000
G01 X18.357143 Y-53.561224 Z9.960784 F1000
G01 X18.459184 Y-53.561224 Z10 F1000
G01 X21.928571 Y-53.561224 Z10 F1000
G01 X22.030612 Y-53.561224 Z9.72549 F1000
G01 X22.132653 Y-53.561224 Z6.901961 F1000
G01 X22.234694 Y-53.561224 Z3.568627 F1000
G01 X22.336735 Y-53.561224 Z1.647059 F1000
G01 X22.438776 Y-53.561224 Z1.607843 F1000
G01 X22.540816 Y-53.561224 Z1.607843 F1000
G01 X22.642857 Y-53.561224 Z1.333333 F1000
G01 X23.255102 Y-53.561224 Z1.333333 F1000
G01 X23.357143 Y-53.561224 Z1.607843 F1000
G01 X24.27551 Y-53.561224 Z1.607843 F1000
G01 X24.377551 Y-53.561224 Z1.568627 F1000
G01 X24.479592 Y-53.561224 Z1.647059 F1000
G01 X24.581633 Y-53.561224 Z1.647059 F1000
G01 X24.683673 Y-53.561224 Z1.72549 F1000
G01 X25.091837 Y-53.561224 Z1.72549 F1000
G01 X25.193878 Y-53.561224 Z2.823529 F1000
G01 X25.295918 Y-53.561224 Z5.254902 F1000
G01 X25.397959 Y-53.561224 Z7.960784 F1000
G01 X25.5 Y-53.561224 Z9.72549 F1000
G01 X25.602041 Y-53.561224 Z10 F1000
G01 X28.969388 Y-53.561224 Z10 F1000
G01 X29.071429 Y-53.561224 Z9.960784 F1000
G01 X38.663265 Y-53.561224 Z9.960784 F1000
G01 X38.765306 Y-53.561224 Z10 F1000
G01 X40.193878 Y-53.561224 Z10 F1000
G01 X40.295918 Y-53.561224 Z9.843137 F1000
G01 X40.397959 Y-53.561224 Z9.294118 F1000
G01 X40.5 Y-53.561224 Z4.901961 F1000
G01 X40.602041 Y-53.561224 Z1.568627 F1000
G01 X41.010204 Y-53.561224 Z1.568627 F1000
G01 X41.112245 Y-53.561224 Z1.490196 F1000
G01 X41.214286 Y-53.561224 Z1.490196 F1000
G01 X41.316327 Y-53.561224 Z1.333333 F1000
G01 X41.928571 Y-53.561224 Z1.333333 F1000
G01 X42.030612 Y-53.561224 Z1.686275 F1000
G01 X42.132653 Y-53.561224 Z6.54902 F1000
G01 X42.234694 Y-53.561224 Z9.607843 F1000
G01 X42.336735 Y-53.561224 Z10 F1000
G01 X44.377551 Y-53.561224 Z10 F1000
G01 X44.479592 Y-53.561224 Z9.960784 F1000
G01 X55.806122 Y-53.561224 Z9.960784 F1000
G01 X55.908163 Y-53.561224 Z10 F1000
G01 X57.744898 Y-53.561224 Z10 F1000
G01 X57.846939 Y-53.561224 Z4.666667 F1000
G01 X57.94898 Y-53.561224 Z1.647059 F1000
G01 X58.05102 Y-53.561224 Z1.647059 F1000
G01 X58.153061 Y-53.561224 Z1.568627 F1000
G01 X58.255102 Y-53.561224 Z1.490196 F1000
G01 X58.357143 Y-53.561224 Z1.45098 F1000
G01 X58.459184 Y-53.561224 Z1.333333 F1000
G01 X59.071429 Y-53.561224 Z1.333333 F1000
G01 X59.173469 Y-53.561224 Z1.490196 F1000
G01 X59.27551 Y-53.561224 Z1.568627 F1000
G01 X59.377551 Y-53.561224 Z1.568627 F1000
G01 X59.479592 Y-53.561224 Z5.803922 F1000
G01 X59.581633 Y-53.561224 Z9.686275 F1000
G01 X59.683673 Y-53.561224 Z10 F1000
G01 X60.806122 Y-53.561224 Z10 F1000
G01 X60.908163 Y-53.561224 Z9.960784 F1000
G01 X71.418367 Y-53.561224 Z9.960784 F1000
G01 X71.520408 Y-53.561224 Z10 F1000
G01 X74.377551 Y-53.561224 Z10 F1000
G01 X74.479592 Y-53.561224 Z9.921569 F1000
G01 X74.581633 Y-53.561224 Z9.176471 F1000
G01 X74.683673 Y-53.561224 Z8.352941 F1000
G01 X74.785714 Y-53.561224 Z4.705882 F1000
G01 X74.887755 Y-53.561224 Z3.019608 F1000
G01 X74.989796 Y-53.561224 Z1.843137 F1000
G01 X75.602041 Y-53.561224 Z1.843137 F1000
G01 X75.704082 Y-53.561224 Z1.647059 F1000
G01 X75.806122 Y-53.561224 Z1.490196 F1000
G01 X76.112245 Y-53.561224 Z1.490196 F1000
G01 X76.214286 Y-53.561224 Z1.411765 F1000
G01 X76.316327 Y-53.561224 Z1.333333 F1000
G01 X77.030612 Y-53.561224 Z1.333333 F1000
G01 X77.132653 Y-53.561224 Z1.607843 F1000
G01 X77.642857 Y-53.561224 Z1.607843 F1000
G01 X77.744898 Y-53.561224 Z2.470588 F1000
G01 X77.846939 Y-53.561224 Z3.960784 F1000
G01 X77.94898 Y-53.561224 Z7.921569 F1000
G01 X78.05102 Y-53.561224 Z9.333333 F1000
G01 X78.153061 Y-53.561224 Z10 F1000
G01 X82.030612 Y-53.561224 Z10 F1000
G01 X82.132653 Y-53.561224 Z9.960784 F1000
G01 X99.581633 Y-53.561224 Z9.960784 F1000
G01 X99.581633 Y-53.663265 Z9.960784 F1000
G01 X99.581633 Y-53.765306 Z9.960784 F1000
G01 X99.581633 Y-53.867347 Z9.960784 F1000
G01 X99.581633 Y-53.969388 Z9.960784 F1000
G01 X99.581633 Y-54.071429 Z9.960784 F1000
G01 X82.132653 Y-54.071429 Z9.960784 F1000
G01 X82.030612 Y-54.071429 Z10 F1000
G01 X78.969388 Y-54.071429 Z10 F1000
G01 X78.867347 Y-54.071429 Z9.45098 F1000
G01 X78.765306 Y-54.071429 Z7.803922 F1000
G01 X78.663265 Y-54.071429 Z5.176471 F1000
G01 X78.561224 Y-54.071429 Z2.039216 F1000
G01 X78.459184 Y-54.071429 Z1.843137 F1000
G01 X78.255102 Y-54.071429 Z1.843137 F1000
G01 X78.153061 Y-54.071429 Z1.529412 F1000
G01 X77.132653 Y-54.071429 Z1.529412 F1000
G01 X77.030612 Y-54.071429 Z1.333333 F1000
G01 X76.418367 Y-54.071429 Z1.333333 F1000
G01 X76.316327 Y-54.071429 Z1.764706 F1000
G01 X76.010204 Y-54.071429 Z1.764706 F1000
G01 X75.908163 Y-54.071429 Z2.823529 F1000
G01 X75.806122 Y-54.071429 Z5.176471 F1000
G01 X75.704082 Y-54.071429 Z8.078431 F1000
G01 X75.602041 Y-54.071429 Z10 F1000
G01 X71.520408 Y-54.071429 Z10 F1000
G01 X71.418367 Y-54.071429 Z9.960784 F1000
G01 X60.908163 Y-54.071429 Z9.960784 F1000
G01 X60.806122 Y-54.071429 Z10 F1000
G01 X59.377551 Y-54.071429 Z10 F1000
G01 X59.27551 Y-54.071429 Z6.980392 F1000
G01 X59.173469 Y-54.071429 Z2.27451 F1000
G01 X59.071429 Y-54.071429 Z1.333333 F1000
G01 X58.459184 Y-54.071429 Z1.333333 F1000
G01 X58.357143 Y-54.071429 Z1.45098 F1000
G01 X58.255102 Y-54.071429 Z1.45098 F1000
G01 X58.153061 Y-54.071429 Z1.529412 F1000
G01 X58.05102 Y-54.071429 Z1.647059 F1000
G01 X57.744898 Y-54.071429 Z1.647059 F1000
G01 X57.642857 Y-54.071429 Z3.372549 F1000
G01 X57.540816 Y-54.071429 Z8.980392 F1000
G01 X57.438776 Y-54.071429 Z10 F1000
G01 X55.908163 Y-54.071429 Z10 F1000
G01 X55.806122 Y-54.071429 Z9.960784 F1000
G01 X44.581633 Y-54.071429 Z9.960784 F1000
G01 X44.479592 Y-54.071429 Z10 F1000
G01 X42.642857 Y-54.071429 Z10 F1000
G01 X42.540816 Y-54.071429 Z9.921569 F1000
G01 X42.438776 Y-54.071429 Z9.490196 F1000
G01 X42.336735 Y-54.071429 Z4.470588 F1000
G01 X42.234694 Y-54.071429 Z1.647059 F1000
G01 X42.132653 Y-54.071429 Z1.647059 F1000
G01 X42.030612 Y-54.071429 Z1.45098 F1000
G01 X41.928571 Y-54.071429 Z1.333333 F1000
G01 X41.316327 Y-54.071429 Z1.333333 F1000
G01 X41.214286 Y-54.071429 Z1.490196 F1000
G01 X41.112245 Y-54.071429 Z1.490196 F1000
G01 X41.010204 Y-54.071429 Z1.568627 F1000
G01 X40.908163 Y-54.071429 Z1.568627 F1000
G01 X40.806122 Y-54.071429 Z1.843137 F1000
G01 X40.704082 Y-54.071429 Z5.960784 F1000
G01 X40.602041 Y-54.071429 Z10 F1000
G01 X38.765306 Y-54.071429 Z10 F1000
G01 X38.663265 Y-54.071429 Z9.960784 F1000
G01 X29.071429 Y-54.071429 Z9.960784 F1000
G01 X28.969388 Y-54.071429 Z10 F1000
G01 X24.683673 Y-54.071429 Z10 F1000
G01 X24.581633 Y-54.071429 Z9.921569 F1000
G01 X24.479592 Y-54.071429 Z9.882353 F1000
G01 X24.377551 Y-54.071429 Z8.901961 F1000
G01 X24.27551 Y-54.071429 Z5.882353 F1000
G01 X24.173469 Y-54.071429 Z2.784314 F1000
G01 X24.071429 Y-54.071429 Z1.960784 F1000
G01 X23.969388 Y-54.071429 Z1.686275 F1000
G01 X23.561224 Y-54.071429 Z1.686275 F1000
G01 X23.459184 Y-54.071429 Z1.607843 F1000
G01 X23.357143 Y-54.071429 Z1.607843 F1000
G01 X23.255102 Y-54.071429 Z1.333333 F1000
G01 X22.642857 Y-54.071429 Z1.333333 F1000
G01 X22.540816 Y-54.071429 Z1.607843 F1000
G01 X21.928571 Y-54.071429 Z1.607843 F1000
G01 X21.826531 Y-54.071429 Z1.72549 F1000
G01 X21.520408 Y-54.071429 Z1.72549 F1000
G01 X21.418367 Y-54.071429 Z4.039216 F1000
G01 X21.316327 Y-54.071429 Z7.372549 F1000
G01 X21.214286 Y-54.071429 Z9.607843 F1000
G01 X21.112245 Y-54.071429 Z10 F1000
G01 X18.459184 Y-54.071429 Z10 F1000
G01 X18.357143 Y-54.071429 Z9.960784 F1000
G01 X0.5 Y-54.071429 Z9.960784 F1000
G01 X0.5 Y-54.173469 Z9.960784 F1000
G01 X0.5 Y-54.27551 Z9.960784 F1000
G01 X0.5 Y-54.377551 Z9.960784 F1000
G01 X0.5 Y-54.479592 Z9.960784 F1000
G01 X0.5 Y-54.581633 Z9.960784 F1000
G01 X17.540816 Y-54.581633 Z9.960784 F1000
G01 X17.642857 Y-54.581633 Z10 F1000
G01 X20.397959 Y-54.581633 Z10 F1000
G01 X20.5 Y-54.581633 Z9.372549 F1000
G01 X20.602041 Y-54.581633 Z6.313725 F1000
G01 X20.704082 Y-54.581633 Z2.666667 F1000
G01 X20.806122 Y-54.581633 Z1.803922 F1000
G01 X20.908163 Y-54.581633 Z1.490196 F1000
G01 X21.010204 Y-54.581633 Z1.490196 F1000
G01 X21.112245 Y-54.581633 Z1.45098 F1000
G01 X21.520408 Y-54.581633 Z1.45098 F1000
G01 X21.622449 Y-54.581633 Z1.333333 F1000
G01 X22.438776 Y-54.581633 Z1.333333 F1000
G01 X22.540816 Y-54.581633 Z1.72549 F1000
G01 X22.744898 Y-54.581633 Z1.72549 F1000
G01 X22.846939 Y-54.581633 Z1.764706 F1000
G01 X23.05102 Y-54.581633 Z1.764706 F1000
G01 X23.153061 Y-54.581633 Z1.803922 F1000
G01 X23.255102 Y-54.581633 Z3.764706 F1000
G01 X23.357143 Y-54.581633 Z7.294118 F1000
G01 X23.459184 Y-54.581633 Z8.627451 F1000
G01 X23.561224 Y-54.581633 Z9.960784 F1000
G01 X23.663265 Y-54.581633 Z10 F1000
G01 X27.336735 Y-54.581633 Z10 F1000
G01 X27.438776 Y-54.581633 Z9.960784 F1000
G01 X38.663265 Y-54.581633 Z9.960784 F1000
G01 X38.765306 Y-54.581633 Z10 F1000
G01 X40.704082 Y-54.581633 Z10 F1000
G01 X40.806122 Y-54.581633 Z9.843137 F1000
G01 X40.908163 Y-54.581633 Z8.352941 F1000
G01 X41.010204 Y-54.581633 Z2.823529 F1000
G01 X41.112245 Y-54.581633 Z1.490196 F1000
G01 X41.214286 Y-54.581633 Z1.490196 F1000
G01 X41.316327 Y-54.581633 Z1.333333 F1000
G01 X41.928571 Y-54.581633 Z1.333333 F1000
G01 X42.030612 Y-54.581633 Z1.45098 F1000
G01 X42.132653 Y-54.581633 Z1.647059 F1000
G01 X42.438776 Y-54.581633 Z1.647059 F1000
G01 X42.540816 Y-54.581633 Z1.882353 F1000
G01 X42.642857 Y-54.581633 Z6.039216 F1000
G01 X42.744898 Y-54.581633 Z9.960784 F1000
G01 X42.846939 Y-54.581633 Z9.960784 F1000
G01 X42.94898 Y-54.581633 Z10 F1000
G01 X44.989796 Y-54.581633 Z10 F1000
G01 X45.091837 Y-54.581633 Z9.960784 F1000
G01 X54.989796 Y-54.581633 Z9.960784 F1000
G01 X55.091837 Y-54.581633 Z10 F1000
G01 X57.132653 Y-54.581633 Z10 F1000
G01 X57.234694 Y-54.581633 Z9.72549 F1000
G01 X57.336735 Y-54.581633 Z5.529412 F1000
G01 X57.438776 Y-54.581633 Z1.764706 F1000
G01 X57.540816 Y-54.581633 Z1.490196 F1000
G01 X57.642857 Y-54.581633 Z1.333333 F1000
G01 X58.255102 Y-54.581633 Z1.333333 F1000
G01 X58.357143 Y-54.581633 Z1.490196 F1000
G01 X58.663265 Y-54.581633 Z1.490196 F1000
G01 X58.765306 Y-54.581633 Z1.568627 F1000
G01 X58.867347 Y-54.581633 Z1.568627 F1000
G01 X58.969388 Y-54.581633 Z4.078431 F1000
G01 X59.071429 Y-54.581633 Z9.098039 F1000
G01 X59.173469 Y-54.581633 Z10 F1000
G01 X60.806122 Y-54.581633 Z10 F1000
G01 X60.908163 Y-54.581633 Z9.960784 F1000
G01 X72.94898 Y-54.581633 Z9.960784 F1000
G01 X73.05102 Y-54.581633 Z10 F1000
G01 X76.520408 Y-54.581633 Z10 F1000
G01 X76.622449 Y-54.581633 Z8.980392 F1000
G01 X76.72449 Y-54.581633 Z6.117647 F1000
G01 X76.826531 Y-54.581633 Z2.980392 F1000
G01 X76.928571 Y-54.581633 Z1.647059 F1000
G01 X77.030612 Y-54.581633 Z1.686275 F1000
G01 X77.94898 Y-54.581633 Z1.686275 F1000
G01 X78.05102 Y-54.581633 Z1.333333 F1000
G01 X78.663265 Y-54.581633 Z1.333333 F1000
G01 X78.765306 Y-54.581633 Z1.72549 F1000
G01 X79.27551 Y-54.581633 Z1.72549 F1000
G01 X79.377551 Y-54.581633 Z3.803922 F1000
G01 X79.479592 Y-54.581633 Z6.784314 F1000
G01 X79.581633 Y-54.581633 Z9.843137 F1000
G01 X79.683673 Y-54.581633 Z9.843137 F1000
G01 X79.785714 Y-54.581633 Z10 F1000
G01 X82.846939 Y-54.581633 Z10 F1000
G01 X82.94898 Y-54.581633 Z9.960784 F1000
G01 X99.581633 Y-54.581633 Z9.960784 F1000
G01 X99.581633 Y-54.683673 Z9.960784 F1000
G01 X99.581633 Y-54.785714 Z9.960784 F1000
G01 X99.581633 Y-54.887755 Z9.960784 F1000
G01 X99.581633 Y-54.989796 Z9.960784 F1000
G01 X99.581633 Y-55.091837 Z9.960784 F1000
G01 X83.765306 Y-55.091837 Z9.960784 F1000
G01 X83.663265 Y-55.091837 Z10 F1000
G01 X80.295918 Y-55.091837 Z10 F1000
G01 X80.193878 Y-55.091837 Z7.058824 F1000
G01 X80.091837 Y-55.091837 Z3.529412 F1000
G01 X79.989796 Y-55.091837 Z1.72549 F1000
G01 X79.683673 Y-55.091837 Z1.72549 F1000
G01 X79.581633 Y-55.091837 Z1.647059 F1000
G01 X79.479592 Y-55.091837 Z1.490196 F1000
G01 X79.377551 Y-55.091837 Z1.45098 F1000
G01 X79.071429 Y-55.091837 Z1.45098 F1000
G01 X78.969388 Y-55.091837 Z1.411765 F1000
G01 X78.765306 Y-55.091837 Z1.411765 F1000
G01 X78.663265 Y-55.091837 Z1.333333 F1000
G01 X78.459184 Y-55.091837 Z1.333333 F1000
G01 X78.357143 Y-55.091837 Z1.411765 F1000
G01 X78.255102 Y-55.091837 Z1.568627 F1000
G01 X78.05102 Y-55.091837 Z1.568627 F1000
G01 X77.94898 Y-55.091837 Z1.72549 F1000
G01 X77.744898 Y-55.091837 Z1.72549 F1000
G01 X77.642857 Y-55.091837 Z4.509804 F1000
G01 X77.540816 Y-55.091837 Z7.843137 F1000
G01 X77.438776 Y-55.091837 Z9.686275 F1000
G01 X77.336735 Y-55.091837 Z10 F1000
G01 X73.05102 Y-55.091837 Z10 F1000
G01 X72.94898 Y-55.091837 Z9.960784 F1000
G01 X60.908163 Y-55.091837 Z9.960784 F1000
G01 X60.806122 Y-55.091837 Z10 F1000
G01 X58.867347 Y-55.091837 Z10 F1000
G01 X58.765306 Y-55.091837 Z8.784314 F1000
G01 X58.663265 Y-55.091837 Z3.254902 F1000
G01 X58.561224 Y-55.091837 Z2.117647 F1000
G01 X58.459184 Y-55.091837 Z1.647059 F1000
G01 X58.357143 Y-55.091837 Z1.607843 F1000
G01 X57.642857 Y-55.091837 Z1.607843 F1000
G01 X57.540816 Y-55.091837 Z1.529412 F1000
G01 X57.438776 Y-55.091837 Z1.72549 F1000
G01 X57.132653 Y-55.091837 Z1.72549 F1000
G01 X57.030612 Y-55.091837 Z6.745098 F1000
G01 X56.928571 Y-55.091837 Z10 F1000
G01 X54.377551 Y-55.091837 Z10 F1000
G01 X54.27551 Y-55.091837 Z9.960784 F1000
G01 X46.214286 Y-55.091837 Z9.960784 F1000
G01 X46.112245 Y-55.091837 Z10 F1000
G01 X43.255102 Y-55.091837 Z10 F1000
G01 X43.153061 Y-55.091837 Z9.843137 F1000
G01 X43.05102 Y-55.091837 Z9.803922 F1000
G01 X42.94898 Y-55.091837 Z6.705882 F1000
G01 X42.846939 Y-55.091837 Z1.882353 F1000
G01 X42.642857 Y-55.091837 Z1.882353 F1000
G01 X42.540816 Y-55.091837 Z1.607843 F1000
G01 X42.234694 Y-55.091837 Z1.607843 F1000
G01 X42.132653 Y-55.091837 Z1.45098 F1000
G01 X41.826531 Y-55.091837 Z1.45098 F1000
G01 X41.72449 Y-55.091837 Z1.529412 F1000
G01 X41.520408 Y-55.091837 Z1.529412 F1000
G01 X41.418367 Y-55.091837 Z1.843137 F1000
G01 X41.316327 Y-55.091837 Z2.078431 F1000
G01 X41.214286 Y-55.091837 Z8.352941 F1000
G01 X41.112245 Y-55.091837 Z9.803922 F1000
G01 X41.010204 Y-55.091837 Z10 F1000
G01 X38.765306 Y-55.091837 Z10 F1000
G01 X38.663265 Y-55.091837 Z9.960784 F1000
G01 X27.438776 Y-55.091837 Z9.960784 F1000
G01 X27.336735 Y-55.091837 Z10 F1000
G01 X22.744898 Y-55.091837 Z10 F1000
G01 X22.642857 Y-55.091837 Z9.529412 F1000
G01 X22.540816 Y-55.091837 Z8.862745 F1000
G01 X22.438776 Y-55.091837 Z5.176471 F1000
G01 X22.336735 Y-55.091837 Z2.54902 F1000
G01 X22.234694 Y-55.091837 Z1.843137 F1000
G01 X21.72449 Y-55.091837 Z1.843137 F1000
G01 X21.622449 Y-55.091837 Z1.568627 F1000
G01 X21.112245 Y-55.091837 Z1.568627 F1000
G01 X21.010204 Y-55.091837 Z1.490196 F1000
G01 X20.908163 Y-55.091837 Z1.45098 F1000
G01 X20.295918 Y-55.091837 Z1.45098 F1000
G01 X20.193878 Y-55.091837 Z1.843137 F1000
G01 X20.091837 Y-55.091837 Z1.843137 F1000
G01 X19.989796 Y-55.091837 Z3.215686 F1000
G01 X19.887755 Y-55.091837 Z6.627451 F1000
G01 X19.785714 Y-55.091837 Z9.411765 F1000
G01 X19.683673 Y-55.091837 Z10 F1000
G01 X16.010204 Y-55.091837 Z10 F1000
G01 X15.908163 Y-55.091837 Z9.960784 F1000
G01 X0.5 Y-55.091837 Z9.960784 F1000
G01 X0.5 Y-55.193878 Z9.960784 F1000
G01 X0.5 Y-55.295918 Z9.960784 F1000
G01 X0.5 Y-55.397959 Z9.960784 F1000
G01 X0.5 Y-55.5 Z9.960784 F1000
G01 X0.5 Y-55.602041 Z9.960784 F1000
G01 X15.908163 Y-55.602041 Z9.960784 F1000
G01 X16.010204 Y-55.602041 Z10 F1000
G01 X19.071429 Y-55.602041 Z10 F1000
G01 X19.173469 Y-55.602041 Z8.27451 F1000
G01 X19.27551 Y-55.602041 Z4.784314 F1000
G01 X19.377551 Y-55.602041 Z1.843137 F1000
G01 X19.479592 Y-55.602041 Z1.607843 F1000
G01 X19.581633 Y-55.602041 Z1.607843 F1000
G01 X19.683673 Y-55.602041 Z1.490196 F1000
G01 X19.785714 Y-55.602041 Z1.490196 F1000
G01 X19.887755 Y-55.602041 Z1.411765 F1000
G01 X20.091837 Y-55.602041 Z1.411765 F1000
G01 X20.193878 Y-55.602041 Z1.333333 F1000
G01 X20.806122 Y-55.602041 Z1.333333 F1000
G01 X20.908163 Y-55.602041 Z1.764706 F1000
G01 X21.112245 Y-55.602041 Z1.764706 F1000
G01 X21.214286 Y-55.602041 Z1.843137 F1000
G01 X21.418367 Y-55.602041 Z1.843137 F1000
G01 X21.520408 Y-55.602041 Z2.078431 F1000
G01 X21.622449 Y-55.602041 Z4.078431 F1000
G01 X21.72449 Y-55.602041 Z7.921569 F1000
G01 X21.826531 Y-55.602041 Z9.254902 F1000
G01 X21.928571 Y-55.602041 Z9.960784 F1000
G01 X22.030612 Y-55.602041 Z10 F1000
G01 X24.989796 Y-55.602041 Z10 F1000
G01 X25.091837 Y-55.602041 Z9.960784 F1000
G01 X39.479592 Y-55.602041 Z9.960784 F1000
G01 X39.581633 Y-55.602041 Z10 F1000
G01 X41.316327 Y-55.602041 Z10 F1000
G01 X41.418367 Y-55.602041 Z9.764706 F1000
G01 X41.520408 Y-55.602041 Z8.705882 F1000
G01 X41.622449 Y-55.602041 Z4.117647 F1000
G01 X41.72449 Y-55.602041 Z1.843137 F1000
G01 X41.826531 Y-55.602041 Z1.647059 F1000
G01 X41.928571 Y-55.602041 Z1.647059 F1000
G01 X42.030612 Y-55.602041 Z1.372549 F1000
G01 X42.132653 Y-55.602041 Z1.333333 F1000
G01 X42.744898 Y-55.602041 Z1.333333 F1000
G01 X42.846939 Y-55.602041 Z1.45098 F1000
G01 X42.94898 Y-55.602041 Z2 F1000
G01 X43.153061 Y-55.602041 Z2 F1000
G01 X43.255102 Y-55.602041 Z4 F1000
G01 X43.357143 Y-55.602041 Z9.372549 F1000
G01 X43.459184 Y-55.602041 Z9.607843 F1000
G01 X43.561224 Y-55.602041 Z9.960784 F1000
G01 X43.765306 Y-55.602041 Z9.960784 F1000
G01 X43.867347 Y-55.602041 Z10 F1000
G01 X46.112245 Y-55.602041 Z10 F1000
G01 X46.214286 Y-55.602041 Z9.960784 F1000
G01 X54.173469 Y-55.602041 Z9.960784 F1000
G01 X54.27551 Y-55.602041 Z10 F1000
G01 X56.520408 Y-55.602041 Z10 F1000
G01 X56.622449 Y-55.602041 Z8.627451 F1000
G01 X56.72449 Y-55.602041 Z5.137255 F1000
G01 X56.826531 Y-55.602041 Z1.72549 F1000
G01 X57.030612 Y-55.602041 Z1.72549 F1000
G01 X57.132653 Y-55.602041 Z1.686275 F1000
G01 X57.234694 Y-55.602041 Z1.686275 F1000
G01 X57.336735 Y-55.602041 Z1.647059 F1000
G01 X57.438776 Y-55.602041 Z1.647059 F1000
G01 X57.540816 Y-55.602041 Z1.529412 F1000
G01 X57.642857 Y-55.602041 Z1.607843 F1000
G01 X58.255102 Y-55.602041 Z1.607843 F1000
G01 X58.357143 Y-55.602041 Z4.705882 F1000
G01 X58.459184 Y-55.602041 Z8.784314 F1000
G01 X58.561224 Y-55.602041 Z9.803922 F1000
G01 X58.663265 Y-55.602041 Z10 F1000
G01 X60.806122 Y-55.602041 Z10 F1000
G01 X60.908163 Y-55.602041 Z9.960784 F1000
G01 X74.581633 Y-55.602041 Z9.960784 F1000
G01 X74.683673 Y-55.602041 Z10 F1000
G01 X78.153061 Y-55.602041 Z10 F1000
G01 X78.255102 Y-55.602041 Z9.568627 F1000
G01 X78.357143 Y-55.602041 Z7.254902 F1000
G01 X78.459184 Y-55.602041 Z3.764706 F1000
G01 X78.561224 Y-55.602041 Z1.843137 F1000
G01 X78.663265 Y-55.602041 Z1.803922 F1000
G01 X78.765306 Y-55.602041 Z1.803922 F1000
G01 X78.867347 Y-55.602041 Z1.333333 F1000
G01 X79.479592 Y-55.602041 Z1.333333 F1000
G01 X79.581633 Y-55.602041 Z1.647059 F1000
G01 X79.887755 Y-55.602041 Z1.647059 F1000
G01 X79.989796 Y-55.602041 Z1.72549 F1000
G01 X80.295918 Y-55.602041 Z1.72549 F1000
G01 X80.397959 Y-55.602041 Z1.764706 F1000
G01 X80.5 Y-55.602041 Z2.039216 F1000
G01 X80.602041 Y-55.602041 Z2.039216 F1000
G01 X80.704082 Y-55.602041 Z2.431373 F1000
G01 X80.806122 Y-55.602041 Z5.607843 F1000
G01 X80.908163 Y-55.602041 Z8.823529 F1000
G01 X81.010204 Y-55.602041 Z10 F1000
G01 X83.663265 Y-55.602041 Z10 F1000
G01 X83.765306 Y-55.602041 Z9.960784 F1000
G01 X99.581633 Y-55.602041 Z9.960784 F1000
G01 X99.581633 Y-55.704082 Z9.960784 F1000
G01 X99.581633 Y-55.806122 Z9.960784 F1000
G01 X99.581633 Y-55.908163 Z9.960784 F1000
G01 X99.581633 Y-56.010204 Z9.960784 F1000
G01 X99.581633 Y-56.112245 Z9.960784 F1000
G01 X84.581633 Y-56.112245 Z9.960784 F1000
G01 X84.479592 Y-56.112245 Z10 F1000
G01 X81.622449 Y-56.112245 Z10 F1000
G01 X81.520408 Y-56.112245 Z9.686275 F1000
G01 X81.418367 Y-56.112245 Z5.843137 F1000
G01 X81.316327 Y-56.112245 Z2.156863 F1000
G01 X81.214286 Y-56.112245 Z1.803922 F1000
G01 X81.112245 Y-56.112245 Z1.333333 F1000
G01 X80.5 Y-56.112245 Z1.333333 F1000
G01 X80.397959 Y-56.112245 Z1.529412 F1000
G01 X79.581633 Y-56.112245 Z1.529412 F1000
G01 X79.479592 Y-56.112245 Z1.647059 F1000
G01 X79.27551 Y-56.112245 Z1.647059 F1000
G01 X79.173469 Y-56.112245 Z4.156863 F1000
G01 X79.071429 Y-56.112245 Z7.843137 F1000
G01 X78.969388 Y-56.112245 Z9.882353 F1000
G01 X78.867347 Y-56.112245 Z10 F1000
G01 X76.316327 Y-56.112245 Z10 F1000
G01 X76.214286 Y-56.112245 Z9.960784 F1000
G01 X60.091837 Y-56.112245 Z9.960784 F1000
G01 X59.989796 Y-56.112245 Z10 F1000
G01 X58.153061 Y-56.112245 Z10 F1000
G01 X58.05102 Y-56.112245 Z7.843137 F1000
G01 X57.94898 Y-56.112245 Z2.784314 F1000
G01 X57.846939 Y-56.112245 Z2 F1000
G01 X57.642857 Y-56.112245 Z2 F1000
G01 X57.540816 Y-56.112245 Z1.529412 F1000
G01 X57.438776 Y-56.112245 Z1.333333 F1000
G01 X56.826531 Y-56.112245 Z1.333333 F1000
G01 X56.72449 Y-56.112245 Z1.647059 F1000
G01 X56.622449 Y-56.112245 Z1.72549 F1000
G01 X56.520408 Y-56.112245 Z1.72549 F1000
G01 X56.418367 Y-56.112245 Z2.196078 F1000
G01 X56.316327 Y-56.112245 Z5.490196 F1000
G01 X56.214286 Y-56.112245 Z9.137255 F1000
G01 X56.112245 Y-56.112245 Z10 F1000
G01 X52.642857 Y-56.112245 Z10 F1000
G01 X52.540816 Y-56.112245 Z9.960784 F1000
G01 X47.030612 Y-56.112245 Z9.960784 F1000
G01 X46.928571 Y-56.112245 Z10 F1000
G01 X43.867347 Y-56.112245 Z10 F1000
G01 X43.765306 Y-56.112245 Z8.235294 F1000
G01 X43.663265 Y-56.112245 Z3.215686 F1000
G01 X43.561224 Y-56.112245 Z1.764706 F1000
G01 X43.459184 Y-56.112245 Z1.568627 F1000
G01 X43.05102 Y-56.112245 Z1.568627 F1000
G01 X42.94898 Y-56.112245 Z1.490196 F1000
G01 X42.846939 Y-56.112245 Z1.607843 F1000
G01 X42.642857 Y-56.112245 Z1.607843 F1000
G01 X42.540816 Y-56.112245 Z1.686275 F1000
G01 X42.132653 Y-56.112245 Z1.686275 F1000
G01 X42.030612 Y-56.112245 Z2.196078 F1000
G01 X41.928571 Y-56.112245 Z7.254902 F1000
G01 X41.826531 Y-56.112245 Z10 F1000
G01 X39.581633 Y-56.112245 Z10 F1000
G01 X39.479592 Y-56.112245 Z9.960784 F1000
G01 X24.27551 Y-56.112245 Z9.960784 F1000
G01 X24.173469 Y-56.112245 Z10 F1000
G01 X21.112245 Y-56.112245 Z10 F1000
G01 X21.010204 Y-56.112245 Z8 F1000
G01 X20.908163 Y-56.112245 Z5.098039 F1000
G01 X20.806122 Y-56.112245 Z1.764706 F1000
G01 X20.091837 Y-56.112245 Z1.764706 F1000
G01 X19.989796 Y-56.112245 Z1.333333 F1000
G01 X19.377551 Y-56.112245 Z1.333333 F1000
G01 X19.27551 Y-56.112245 Z1.72549 F1000
G01 X18.867347 Y-56.112245 Z1.72549 F1000
G01 X18.765306 Y-56.112245 Z1.960784 F1000
G01 X18.663265 Y-56.112245 Z5.294118 F1000
G01 X18.561224 Y-56.112245 Z9.058824 F1000
G01 X18.459184 Y-56.112245 Z10 F1000
G01 X16.010204 Y-56.112245 Z10 F1000
G01 X15.908163 Y-56.112245 Z9.960784 F1000
G01 X0.5 Y-56.112245 Z9.960784 F1000
G01 X0.5 Y-56.214286 Z9.960784 F1000
G01 X0.5 Y-56.316327 Z9.960784 F1000
G01 X0.5 Y-56.418367 Z9.960784 F1000
G01 X0.5 Y-56.520408 Z9.960784 F1000
G01 X0.5 Y-56.622449 Z9.960784 F1000
G01 X15.908163 Y-56.622449 Z9.960784 F1000
G01 X16.010204 Y-56.622449 Z10 F1000
G01 X17.744898 Y-56.622449 Z10 F1000
G01 X17.846939 Y-56.622449 Z9.803922 F1000
G01 X17.94898 Y-56.622449 Z9.372549 F1000
G01 X18.05102 Y-56.622449 Z7.372549 F1000
G01 X18.153061 Y-56.622449 Z3.098039 F1000
G01 X18.255102 Y-56.622449 Z1.686275 F1000
G01 X18.765306 Y-56.622449 Z1.686275 F1000
G01 X18.867347 Y-56.622449 Z1.411765 F1000
G01 X19.27551 Y-56.622449 Z1.411765 F1000
G01 X19.377551 Y-56.622449 Z1.333333 F1000
G01 X19.989796 Y-56.622449 Z1.333333 F1000
G01 X20.091837 Y-56.622449 Z1.764706 F1000
G01 X20.193878 Y-56.622449 Z3.764706 F1000
G01 X20.295918 Y-56.622449 Z7.372549 F1000
G01 X20.397959 Y-56.622449 Z9.45098 F1000
G01 X20.5 Y-56.622449 Z9.960784 F1000
G01 X20.602041 Y-56.622449 Z9.960784 F1000
G01 X20.704082 Y-56.622449 Z10 F1000
G01 X24.173469 Y-56.622449 Z10 F1000
G01 X24.27551 Y-56.622449 Z9.960784 F1000
G01 X39.479592 Y-56.622449 Z9.960784 F1000
G01 X39.581633 Y-56.622449 Z10 F1000
G01 X42.234694 Y-56.622449 Z10 F1000
G01 X42.336735 Y-56.622449 Z7.372549 F1000
G01 X42.438776 Y-56.622449 Z2.745098 F1000
G01 X42.540816 Y-56.622449 Z1.686275 F1000
G01 X42.642857 Y-56.622449 Z1.647059 F1000
G01 X42.744898 Y-56.622449 Z1.647059 F1000
G01 X42.846939 Y-56.622449 Z1.607843 F1000
G01 X42.94898 Y-56.622449 Z1.490196 F1000
G01 X43.05102 Y-56.622449 Z1.568627 F1000
G01 X43.663265 Y-56.622449 Z1.568627 F1000
G01 X43.765306 Y-56.622449 Z1.607843 F1000
G01 X43.969388 Y-56.622449 Z1.607843 F1000
G01 X44.071429 Y-56.622449 Z1.843137 F1000
G01 X44.173469 Y-56.622449 Z4.039216 F1000
G01 X44.27551 Y-56.622449 Z7.647059 F1000
G01 X44.377551 Y-56.622449 Z9.215686 F1000
G01 X44.479592 Y-56.622449 Z9.764706 F1000
G01 X44.581633 Y-56.622449 Z9.803922 F1000
G01 X44.683673 Y-56.622449 Z10 F1000
G01 X46.928571 Y-56.622449 Z10 F1000
G01 X47.030612 Y-56.622449 Z9.960784 F1000
G01 X52.540816 Y-56.622449 Z9.960784 F1000
G01 X52.642857 Y-56.622449 Z10 F1000
G01 X55.5 Y-56.622449 Z10 F1000
G01 X55.602041 Y-56.622449 Z9.960784 F1000
G01 X55.704082 Y-56.622449 Z9.764706 F1000
G01 X55.806122 Y-56.622449 Z6.54902 F1000
G01 X55.908163 Y-56.622449 Z2.54902 F1000
G01 X56.010204 Y-56.622449 Z1.72549 F1000
G01 X56.622449 Y-56.622449 Z1.72549 F1000
G01 X56.72449 Y-56.622449 Z1.607843 F1000
G01 X56.826531 Y-56.622449 Z1.333333 F1000
G01 X57.438776 Y-56.622449 Z1.333333 F1000
G01 X57.540816 Y-56.622449 Z3.45098 F1000
G01 X57.642857 Y-56.622449 Z8.196078 F1000
G01 X57.744898 Y-56.622449 Z9.882353 F1000
G01 X57.846939 Y-56.622449 Z10 F1000
G01 X59.989796 Y-56.622449 Z10 F1000
G01 X60.091837 Y-56.622449 Z9.960784 F1000
G01 X76.316327 Y-56.622449 Z9.960784 F1000
G01 X76.418367 Y-56.622449 Z10 F1000
G01 X79.479592 Y-56.622449 Z10 F1000
G01 X79.581633 Y-56.622449 Z9.882353 F1000
G01 X79.683673 Y-56.622449 Z9.647059 F1000
G01 X79.785714 Y-56.622449 Z5.882353 F1000
G01 X79.887755 Y-56.622449 Z2.352941 F1000
G01 X79.989796 Y-56.622449 Z1.607843 F1000
G01 X80.091837 Y-56.622449 Z1.607843 F1000
G01 X80.193878 Y-56.622449 Z1.529412 F1000
G01 X80.397959 Y-56.622449 Z1.529412 F1000
G01 X80.5 Y-56.622449 Z1.333333 F1000
G01 X81.112245 Y-56.622449 Z1.333333 F1000
G01 X81.214286 Y-56.622449 Z1.568627 F1000
G01 X81.316327 Y-56.622449 Z1.72549 F1000
G01 X81.826531 Y-56.622449 Z1.72549 F1000
G01 X81.928571 Y-56.622449 Z3.490196 F1000
G01 X82.030612 Y-56.622449 Z7.490196 F1000
G01 X82.132653 Y-56.622449 Z9.568627 F1000
G01 X82.234694 Y-56.622449 Z10 F1000
G01 X84.479592 Y-56.622449 Z10 F1000
G01 X84.581633 Y-56.622449 Z9.960784 F1000
G01 X99.581633 Y-56.622449 Z9.960784 F1000
G01 X99.581633 Y-56.72449 Z9.960784 F1000
G01 X99.581633 Y-56.826531 Z9.960784 F1000
G01 X99.581633 Y-56.928571 Z9.960784 F1000
G01 X99.581633 Y-57.030612 Z9.960784 F1000
G01 X99.581633 Y-57.132653 Z9.960784 F1000
G01 X85.397959 Y-57.132653 Z9.960784 F1000
G01 X85.295918 Y-57.132653 Z10 F1000
G01 X82.642857 Y-57.132653 Z10 F1000
G01 X82.540816 Y-57.132653 Z6.980392 F1000
G01 X82.438776 Y-57.132653 Z2.627451 F1000
G01 X82.336735 Y-57.132653 Z1.960784 F1000
G01 X82.132653 Y-57.132653 Z1.960784 F1000
G01 X82.030612 Y-57.132653 Z1.686275 F1000
G01 X81.928571 Y-57.132653 Z1.333333 F1000
G01 X81.316327 Y-57.132653 Z1.333333 F1000
G01 X81.214286 Y-57.132653 Z1.529412 F1000
G01 X80.908163 Y-57.132653 Z1.529412 F1000
G01 X80.806122 Y-57.132653 Z1.607843 F1000
G01 X80.704082 Y-57.132653 Z1.607843 F1000
G01 X80.602041 Y-57.132653 Z1.72549 F1000
G01 X80.5 Y-57.132653 Z2.666667 F1000
G01 X80.397959 Y-57.132653 Z6.862745 F1000
G01 X80.295918 Y-57.132653 Z8.862745 F1000
G01 X80.193878 Y-57.132653 Z10 F1000
G01 X77.132653 Y-57.132653 Z10 F1000
G01 X77.030612 Y-57.132653 Z9.960784 F1000
G01 X59.27551 Y-57.132653 Z9.960784 F1000
G01 X59.173469 Y-57.132653 Z10 F1000
G01 X57.438776 Y-57.132653 Z10 F1000
G01 X57.336735 Y-57.132653 Z7.843137 F1000
G01 X57.234694 Y-57.132653 Z2.352941 F1000
G01 X57.132653 Y-57.132653 Z1.647059 F1000
G01 X57.030612 Y-57.132653 Z1.647059 F1000
G01 X56.928571 Y-57.132653 Z1.529412 F1000
G01 X56.72449 Y-57.132653 Z1.529412 F1000
G01 X56.622449 Y-57.132653 Z1.333333 F1000
G01 X56.010204 Y-57.132653 Z1.333333 F1000
G01 X55.908163 Y-57.132653 Z1.529412 F1000
G01 X55.704082 Y-57.132653 Z1.529412 F1000
G01 X55.602041 Y-57.132653 Z2.117647 F1000
G01 X55.397959 Y-57.132653 Z2.117647 F1000
G01 X55.295918 Y-57.132653 Z2.27451 F1000
G01 X55.193878 Y-57.132653 Z5.176471 F1000
G01 X55.091837 Y-57.132653 Z8.54902 F1000
G01 X54.989796 Y-57.132653 Z9.686275 F1000
G01 X54.887755 Y-57.132653 Z10 F1000
G01 X50.193878 Y-57.132653 Z10 F1000
G01 X50.091837 Y-57.132653 Z9.960784 F1000
G01 X49.989796 Y-57.132653 Z9.960784 F1000
G01 X49.887755 Y-57.132653 Z10 F1000
G01 X45.091837 Y-57.132653 Z10 F1000
G01 X44.989796 Y-57.132653 Z8.509804 F1000
G01 X44.887755 Y-57.132653 Z5.411765 F1000
G01 X44.785714 Y-57.132653 Z2.54902 F1000
G01 X44.683673 Y-57.132653 Z1.686275 F1000
G01 X44.479592 Y-57.132653 Z1.686275 F1000
G01 X44.377551 Y-57.132653 Z1.372549 F1000
G01 X43.867347 Y-57.132653 Z1.372549 F1000
G01 X43.765306 Y-57.132653 Z1.333333 F1000
G01 X42.94898 Y-57.132653 Z1.333333 F1000
G01 X42.846939 Y-57.132653 Z1.607843 F1000
G01 X42.744898 Y-57.132653 Z1.882353 F1000
G01 X42.642857 Y-57.132653 Z6.862745 F1000
G01 X42.540816 Y-57.132653 Z10 F1000
G01 X40.397959 Y-57.132653 Z10 F1000
G01 X40.295918 Y-57.132653 Z9.960784 F1000
G01 X22.642857 Y-57.132653 Z9.960784 F1000
G01 X22.540816 Y-57.132653 Z10 F1000
G01 X19.887755 Y-57.132653 Z10 F1000
G01 X19.785714 Y-57.132653 Z9.803922 F1000
G01 X19.683673 Y-57.132653 Z7.72549 F1000
G01 X19.581633 Y-57.132653 Z3.607843 F1000
G01 X19.479592 Y-57.132653 Z1.764706 F1000
G01 X19.377551 Y-57.132653 Z1.764706 F1000
G01 X19.27551 Y-57.132653 Z1.647059 F1000
G01 X19.173469 Y-57.132653 Z1.333333 F1000
G01 X18.561224 Y-57.132653 Z1.333333 F1000
G01 X18.459184 Y-57.132653 Z1.45098 F1000
G01 X17.744898 Y-57.132653 Z1.45098 F1000
G01 X17.642857 Y-57.132653 Z2.039216 F1000
G01 X17.540816 Y-57.132653 Z6.431373 F1000
G01 X17.438776 Y-57.132653 Z9.803922 F1000
G01 X17.336735 Y-57.132653 Z10 F1000
G01 X15.193878 Y-57.132653 Z10 F1000
G01 X15.091837 Y-57.132653 Z9.960784 F1000
G01 X0.5 Y-57.132653 Z9.960784 F1000
G01 X0.5 Y-57.234694 Z9.960784 F1000
G01 X0.5 Y-57.336735 Z9.960784 F1000
G01 X0.5 Y-57.438776 Z9.960784 F1000
G01 X0.5 Y-57.540816 Z9.960784 F1000
G01 X0.5 Y-57.642857 Z9.960784 F1000
G01 X14.27551 Y-57.642857 Z9.960784 F1000
G01 X14.377551 Y-57.642857 Z10 F1000
G01 X16.928571 Y-57.642857 Z10 F1000
G01 X17.030612 Y-57.642857 Z6.862745 F1000
G01 X17.132653 Y-57.642857 Z2.941176 F1000
G01 X17.234694 Y-57.642857 Z1.72549 F1000
G01 X17.438776 Y-57.642857 Z1.72549 F1000
G01 X17.540816 Y-57.642857 Z1.647059 F1000
G01 X17.642857 Y-57.642857 Z1.647059 F1000
G01 X17.744898 Y-57.642857 Z1.333333 F1000
G01 X18.153061 Y-57.642857 Z1.333333 F1000
G01 X18.255102 Y-57.642857 Z1.372549 F1000
G01 X18.357143 Y-57.642857 Z1.411765 F1000
G01 X18.459184 Y-57.642857 Z1.45098 F1000
G01 X18.561224 Y-57.642857 Z1.72549 F1000
G01 X18.765306 Y-57.642857 Z1.72549 F1000
G01 X18.867347 Y-57.642857 Z1.882353 F1000
G01 X18.969388 Y-57.642857 Z2.235294 F1000
G01 X19.071429 Y-57.642857 Z5.960784 F1000
G01 X19.173469 Y-57.642857 Z9.254902 F1000
G01 X19.27551 Y-57.642857 Z9.647059 F1000
G01 X19.377551 Y-57.642857 Z9.686275 F1000
G01 X19.479592 Y-57.642857 Z10 F1000
G01 X21.72449 Y-57.642857 Z10 F1000
G01 X21.826531 Y-57.642857 Z9.960784 F1000
G01 X41.112245 Y-57.642857 Z9.960784 F1000
G01 X41.214286 Y-57.642857 Z10 F1000
G01 X42.540816 Y-57.642857 Z10 F1000
G01 X42.642857 Y-57.642857 Z6.862745 F1000
G01 X42.744898 Y-57.642857 Z1.882353 F1000
G01 X42.846939 Y-57.642857 Z1.568627 F1000
G01 X42.94898 Y-57.642857 Z1.333333 F1000
G01 X45.193878 Y-57.642857 Z1.333333 F1000
G01 X45.295918 Y-57.642857 Z1.529412 F1000
G01 X45.5 Y-57.642857 Z1.529412 F1000
G01 X45.602041 Y-57.642857 Z1.72549 F1000
G01 X45.704082 Y-57.642857 Z2.862745 F1000
G01 X45.806122 Y-57.642857 Z5.137255 F1000
G01 X45.908163 Y-57.642857 Z8 F1000
G01 X46.010204 Y-57.642857 Z10 F1000
G01 X53.663265 Y-57.642857 Z10 F1000
G01 X53.765306 Y-57.642857 Z9.843137 F1000
G01 X53.969388 Y-57.642857 Z9.843137 F1000
G01 X54.071429 Y-57.642857 Z8.941176 F1000
G01 X54.173469 Y-57.642857 Z6.823529 F1000
G01 X54.27551 Y-57.642857 Z4.862745 F1000
G01 X54.377551 Y-57.642857 Z1.921569 F1000
G01 X54.479592 Y-57.642857 Z1.686275 F1000
G01 X54.581633 Y-57.642857 Z1.45098 F1000
G01 X55.091837 Y-57.642857 Z1.45098 F1000
G01 X55.193878 Y-57.642857 Z1.333333 F1000
G01 X56.622449 Y-57.642857 Z1.333333 F1000
G01 X56.72449 Y-57.642857 Z1.529412 F1000
G01 X56.826531 Y-57.642857 Z1.843137 F1000
G01 X57.132653 Y-57.642857 Z1.843137 F1000
G01 X57.234694 Y-57.642857 Z2.352941 F1000
G01 X57.336735 Y-57.642857 Z7.843137 F1000
G01 X57.438776 Y-57.642857 Z10 F1000
G01 X59.173469 Y-57.642857 Z10 F1000
G01 X59.27551 Y-57.642857 Z9.960784 F1000
G01 X78.663265 Y-57.642857 Z9.960784 F1000
G01 X78.765306 Y-57.642857 Z10 F1000
G01 X80.806122 Y-57.642857 Z10 F1000
G01 X80.908163 Y-57.642857 Z8.784314 F1000
G01 X81.010204 Y-57.642857 Z5.254902 F1000
G01 X81.112245 Y-57.642857 Z2.235294 F1000
G01 X81.214286 Y-57.642857 Z1.686275 F1000
G01 X81.316327 Y-57.642857 Z1.686275 F1000
G01 X81.418367 Y-57.642857 Z1.647059 F1000
G01 X82.030612 Y-57.642857 Z1.647059 F1000
G01 X82.132653 Y-57.642857 Z1.333333 F1000
G01 X82.744898 Y-57.642857 Z1.333333 F1000
G01 X82.846939 Y-57.642857 Z1.72549 F1000
G01 X82.94898 Y-57.642857 Z3.647059 F1000
G01 X83.05102 Y-57.642857 Z7.764706 F1000
G01 X83.153061 Y-57.642857 Z10 F1000
G01 X86.112245 Y-57.642857 Z10 F1000
G01 X86.214286 Y-57.642857 Z9.960784 F1000
G01 X99.581633 Y-57.642857 Z9.960784 F1000
G01 X99.581633 Y-57.744898 Z9.960784 F1000
G01 X99.581633 Y-57.846939 Z9.960784 F1000
G01 X99.581633 Y-57.94898 Z9.960784 F1000
G01 X99.581633 Y-58.05102 Z9.960784 F1000
G01 X99.581633 Y-58.153061 Z9.960784 F1000
G01 X86.214286 Y-58.153061 Z9.960784 F1000
G01 X86.112245 Y-58.153061 Z10 F1000
G01 X83.765306 Y-58.153061 Z10 F1000
G01 X83.663265 Y-58.153061 Z9.882353 F1000
G01 X83.561224 Y-58.153061 Z9.72549 F1000
G01 X83.459184 Y-58.153061 Z6.352941 F1000
G01 X83.357143 Y-58.153061 Z2.196078 F1000
G01 X83.255102 Y-58.153061 Z1.803922 F1000
G01 X83.153061 Y-58.153061 Z1.72549 F1000
G01 X83.05102 Y-58.153061 Z1.647059 F1000
G01 X82.94898 Y-58.153061 Z1.647059 F1000
G01 X82.846939 Y-58.153061 Z1.607843 F1000
G01 X82.744898 Y-58.153061 Z1.333333 F1000
G01 X82.132653 Y-58.153061 Z1.333333 F1000
G01 X82.030612 Y-58.153061 Z1.72549 F1000
G01 X81.826531 Y-58.153061 Z1.72549 F1000
G01 X81.72449 Y-58.153061 Z1.764706 F1000
G01 X81.622449 Y-58.153061 Z2.54902 F1000
G01 X81.520408 Y-58.153061 Z6.039216 F1000
G01 X81.418367 Y-58.153061 Z9.058824 F1000
G01 X81.316327 Y-58.153061 Z10 F1000
G01 X78.765306 Y-58.153061 Z10 F1000
G01 X78.663265 Y-58.153061 Z9.960784 F1000
G01 X59.27551 Y-58.153061 Z9.960784 F1000
G01 X59.173469 Y-58.153061 Z10 F1000
G01 X57.540816 Y-58.153061 Z10 F1000
G01 X57.438776 Y-58.153061 Z9.882353 F1000
G01 X57.336735 Y-58.153061 Z5.294118 F1000
G01 X57.234694 Y-58.153061 Z1.843137 F1000
G01 X56.826531 Y-58.153061 Z1.843137 F1000
G01 X56.72449 Y-58.153061 Z1.45098 F1000
G01 X56.622449 Y-58.153061 Z1.333333 F1000
G01 X55.193878 Y-58.153061 Z1.333333 F1000
G01 X55.091837 Y-58.153061 Z1.45098 F1000
G01 X54.377551 Y-58.153061 Z1.45098 F1000
G01 X54.27551 Y-58.153061 Z1.647059 F1000
G01 X53.969388 Y-58.153061 Z1.647059 F1000
G01 X53.867347 Y-58.153061 Z1.803922 F1000
G01 X53.05102 Y-58.153061 Z1.803922 F1000
G01 X52.94898 Y-58.153061 Z2.156863 F1000
G01 X52.846939 Y-58.153061 Z3.764706 F1000
G01 X52.744898 Y-58.153061 Z5.058824 F1000
G01 X52.642857 Y-58.153061 Z7.764706 F1000
G01 X52.540816 Y-58.153061 Z8.352941 F1000
G01 X52.438776 Y-58.153061 Z9.137255 F1000
G01 X52.336735 Y-58.153061 Z9.72549 F1000
G01 X52.234694 Y-58.153061 Z9.921569 F1000
G01 X51.72449 Y-58.153061 Z9.921569 F1000
G01 X51.622449 Y-58.153061 Z10 F1000
G01 X48.255102 Y-58.153061 Z10 F1000
G01 X48.153061 Y-58.153061 Z9.921569 F1000
G01 X47.94898 Y-58.153061 Z9.921569 F1000
G01 X47.846939 Y-58.153061 Z9.843137 F1000
G01 X47.642857 Y-58.153061 Z9.843137 F1000
G01 X47.540816 Y-58.153061 Z9.254902 F1000
G01 X47.438776 Y-58.153061 Z8.313725 F1000
G01 X47.336735 Y-58.153061 Z7.098039 F1000
G01 X47.234694 Y-58.153061 Z5.647059 F1000
G01 X47.132653 Y-58.153061 Z3.921569 F1000
G01 X47.030612 Y-58.153061 Z2.156863 F1000
G01 X46.928571 Y-58.153061 Z1.764706 F1000
G01 X46.112245 Y-58.153061 Z1.764706 F1000
G01 X46.010204 Y-58.153061 Z1.529412 F1000
G01 X45.295918 Y-58.153061 Z1.529412 F1000
G01 X45.193878 Y-58.153061 Z1.333333 F1000
G01 X42.94898 Y-58.153061 Z1.333333 F1000
G01 X42.846939 Y-58.153061 Z1.490196 F1000
G01 X42.744898 Y-58.153061 Z1.764706 F1000
G01 X42.642857 Y-58.153061 Z4 F1000
G01 X42.540816 Y-58.153061 Z9.764706 F1000
G01 X42.438776 Y-58.153061 Z10 F1000
G01 X41.214286 Y-58.153061 Z10 F1000
G01 X41.112245 Y-58.153061 Z9.960784 F1000
G01 X21.826531 Y-58.153061 Z9.960784 F1000
G01 X21.72449 Y-58.153061 Z10 F1000
G01 X18.765306 Y-58.153061 Z10 F1000
G01 X18.663265 Y-58.153061 Z9.882353 F1000
G01 X18.561224 Y-58.153061 Z6.313725 F1000
G01 X18.459184 Y-58.153061 Z2.352941 F1000
G01 X18.357143 Y-58.153061 Z1.607843 F1000
G01 X18.255102 Y-58.153061 Z1.529412 F1000
G01 X18.153061 Y-58.153061 Z1.411765 F1000
G01 X18.05102 Y-58.153061 Z1.372549 F1000
G01 X17.744898 Y-58.153061 Z1.372549 F1000
G01 X17.642857 Y-58.153061 Z1.647059 F1000
G01 X17.540816 Y-58.153061 Z1.647059 F1000
G01 X17.438776 Y-58.153061 Z1.72549 F1000
G01 X16.826531 Y-58.153061 Z1.72549 F1000
G01 X16.72449 Y-58.153061 Z1.960784 F1000
G01 X16.622449 Y-58.153061 Z5.529412 F1000
G01 X16.520408 Y-58.153061 Z9.333333 F1000
G01 X16.418367 Y-58.153061 Z10 F1000
G01 X14.377551 Y-58.153061 Z10 F1000
G01 X14.27551 Y-58.153061 Z9.960784 F1000
G01 X0.5 Y-58.153061 Z9.960784 F1000
G01 X0.5 Y-58.255102 Z9.960784 F1000
G01 X0.5 Y-58.357143 Z9.960784 F1000
G01 X0.5 Y-58.459184 Z9.960784 F1000
G01 X0.5 Y-58.561224 Z9.960784 F1000
G01 X0.5 Y-58.663265 Z9.960784 F1000
G01 X13.867347 Y-58.663265 Z9.960784 F1000
G01 X13.969388 Y-58.663265 Z10 F1000
G01 X16.010204 Y-58.663265 Z10 F1000
G01 X16.112245 Y-58.663265 Z9.294118 F1000
G01 X16.214286 Y-58.663265 Z4.941176 F1000
G01 X16.316327 Y-58.663265 Z1.647059 F1000
G01 X16.520408 Y-58.663265 Z1.647059 F1000
G01 X16.622449 Y-58.663265 Z1.568627 F1000
G01 X16.826531 Y-58.663265 Z1.568627 F1000
G01 X16.928571 Y-58.663265 Z1.333333 F1000
G01 X17.540816 Y-58.663265 Z1.333333 F1000
G01 X17.642857 Y-58.663265 Z1.529412 F1000
G01 X17.744898 Y-58.663265 Z1.568627 F1000
G01 X17.846939 Y-58.663265 Z1.72549 F1000
G01 X17.94898 Y-58.663265 Z1.803922 F1000
G01 X18.05102 Y-58.663265 Z5.333333 F1000
G01 X18.153061 Y-58.663265 Z9.764706 F1000
G01 X18.255102 Y-58.663265 Z9.921569 F1000
G01 X18.357143 Y-58.663265 Z10 F1000
G01 X20.908163 Y-58.663265 Z10 F1000
G01 X21.010204 Y-58.663265 Z9.960784 F1000
G01 X40.295918 Y-58.663265 Z9.960784 F1000
G01 X40.397959 Y-58.663265 Z10 F1000
G01 X42.336735 Y-58.663265 Z10 F1000
G01 X42.438776 Y-58.663265 Z8.196078 F1000
G01 X42.540816 Y-58.663265 Z2.54902 F1000
G01 X42.642857 Y-58.663265 Z1.647059 F1000
G01 X42.744898 Y-58.663265 Z1.490196 F1000
G01 X42.846939 Y-58.663265 Z1.490196 F1000
G01 X42.94898 Y-58.663265 Z1.333333 F1000
G01 X47.642857 Y-58.663265 Z1.333333 F1000
G01 X47.744898 Y-58.663265 Z1.45098 F1000
G01 X48.459184 Y-58.663265 Z1.45098 F1000
G01 X48.561224 Y-58.663265 Z1.529412 F1000
G01 X49.479592 Y-58.663265 Z1.529412 F1000
G01 X49.581633 Y-58.663265 Z1.490196 F1000
G01 X49.683673 Y-58.663265 Z1.45098 F1000
G01 X50.091837 Y-58.663265 Z1.45098 F1000
G01 X50.193878 Y-58.663265 Z1.490196 F1000
G01 X50.704082 Y-58.663265 Z1.490196 F1000
G01 X50.806122 Y-58.663265 Z1.529412 F1000
G01 X50.908163 Y-58.663265 Z1.568627 F1000
G01 X51.826531 Y-58.663265 Z1.568627 F1000
G01 X51.928571 Y-58.663265 Z1.333333 F1000
G01 X56.622449 Y-58.663265 Z1.333333 F1000
G01 X56.72449 Y-58.663265 Z1.372549 F1000
G01 X56.826531 Y-58.663265 Z1.764706 F1000
G01 X57.336735 Y-58.663265 Z1.764706 F1000
G01 X57.438776 Y-58.663265 Z3.607843 F1000
G01 X57.540816 Y-58.663265 Z9.215686 F1000
G01 X57.642857 Y-58.663265 Z10 F1000
G01 X59.173469 Y-58.663265 Z10 F1000
G01 X59.27551 Y-58.663265 Z9.960784 F1000
G01 X79.479592 Y-58.663265 Z9.960784 F1000
G01 X79.581633 Y-58.663265 Z10 F1000
G01 X81.826531 Y-58.663265 Z10 F1000
G01 X81.928571 Y-58.663265 Z8.588235 F1000
G01 X82.030612 Y-58.663265 Z4.54902 F1000
G01 X82.132653 Y-58.663265 Z1.686275 F1000
G01 X82.234694 Y-58.663265 Z1.686275 F1000
G01 X82.336735 Y-58.663265 Z1.568627 F1000
G01 X82.846939 Y-58.663265 Z1.568627 F1000
G01 X82.94898 Y-58.663265 Z1.333333 F1000
G01 X83.561224 Y-58.663265 Z1.333333 F1000
G01 X83.663265 Y-58.663265 Z1.647059 F1000
G01 X83.765306 Y-58.663265 Z1.72549 F1000
G01 X83.867347 Y-58.663265 Z6.470588 F1000
G01 X83.969388 Y-58.663265 Z9.803922 F1000
G01 X84.071429 Y-58.663265 Z10 F1000
G01 X86.112245 Y-58.663265 Z10 F1000
G01 X86.214286 Y-58.663265 Z9.960784 F1000
G01 X99.581633 Y-58.663265 Z9.960784 F1000
G01 X99.581633 Y-58.765306 Z9.960784 F1000
G01 X99.581633 Y-58.867347 Z9.960784 F1000
G01 X99.581633 Y-58.969388 Z9.960784 F1000
G01 X99.581633 Y-59.071429 Z9.960784 F1000
G01 X99.581633 Y-59.173469 Z9.960784 F1000
G01 X87.030612 Y-59.173469 Z9.960784 F1000
G01 X86.928571 Y-59.173469 Z10 F1000
G01 X84.377551 Y-59.173469 Z10 F1000
G01 X84.27551 Y-59.173469 Z7.45098 F1000
G01 X84.173469 Y-59.173469 Z2.54902 F1000
G01 X84.071429 Y-59.173469 Z1.72549 F1000
G01 X83.765306 Y-59.173469 Z1.72549 F1000
G01 X83.663265 Y-59.173469 Z1.647059 F1000
G01 X82.846939 Y-59.173469 Z1.647059 F1000
G01 X82.744898 Y-59.173469 Z2 F1000
G01 X82.540816 Y-59.173469 Z2 F1000
G01 X82.438776 Y-59.173469 Z6.509804 F1000
G01 X82.336735 Y-59.173469 Z9.490196 F1000
G01 X82.234694 Y-59.173469 Z10 F1000
G01 X79.581633 Y-59.173469 Z10 F1000
G01 X79.479592 Y-59.173469 Z9.960784 F1000
G01 X59.27551 Y-59.173469 Z9.960784 F1000
G01 X59.173469 Y-59.173469 Z10 F1000
G01 X57.846939 Y-59.173469 Z10 F1000
G01 X57.744898 Y-59.173469 Z9.607843 F1000
G01 X57.642857 Y-59.173469 Z7.647059 F1000
G01 X57.540816 Y-59.173469 Z1.764706 F1000
G01 X56.826531 Y-59.173469 Z1.764706 F1000
G01 X56.72449 Y-59.173469 Z1.333333 F1000
G01 X55.091837 Y-59.173469 Z1.333333 F1000
G01 X54.989796 Y-59.173469 Z1.843137 F1000
G01 X54.071429 Y-59.173469 Z1.843137 F1000
G01 X53.969388 Y-59.173469 Z1.803922 F1000
G01 X53.765306 Y-59.173469 Z1.803922 F1000
G01 X53.663265 Y-59.173469 Z1.568627 F1000
G01 X52.540816 Y-59.173469 Z1.568627 F1000
G01 X52.438776 Y-59.173469 Z1.45098 F1000
G01 X52.336735 Y-59.173469 Z1.333333 F1000
G01 X51.010204 Y-59.173469 Z1.333333 F1000
G01 X50.908163 Y-59.173469 Z1.372549 F1000
G01 X50.806122 Y-59.173469 Z1.411765 F1000
G01 X50.704082 Y-59.173469 Z1.45098 F1000
G01 X49.581633 Y-59.173469 Z1.45098 F1000
G01 X49.479592 Y-59.173469 Z1.411765 F1000
G01 X49.173469 Y-59.173469 Z1.411765 F1000
G01 X49.071429 Y-59.173469 Z1.45098 F1000
G01 X48.153061 Y-59.173469 Z1.45098 F1000
G01 X48.05102 Y-59.173469 Z1.411765 F1000
G01 X47.642857 Y-59.173469 Z1.411765 F1000
G01 X47.540816 Y-59.173469 Z1.372549 F1000
G01 X47.438776 Y-59.173469 Z1.372549 F1000
G01 X47.336735 Y-59.173469 Z1.411765 F1000
G01 X47.030612 Y-59.173469 Z1.411765 F1000
G01 X46.928571 Y-59.173469 Z1.529412 F1000
G01 X46.010204 Y-59.173469 Z1.529412 F1000
G01 X45.908163 Y-59.173469 Z1.490196 F1000
G01 X45.602041 Y-59.173469 Z1.490196 F1000
G01 X45.5 Y-59.173469 Z1.529412 F1000
G01 X44.581633 Y-59.173469 Z1.529412 F1000
G01 X44.479592 Y-59.173469 Z1.333333 F1000
G01 X42.94898 Y-59.173469 Z1.333333 F1000
G01 X42.846939 Y-59.173469 Z1.490196 F1000
G01 X42.744898 Y-59.173469 Z1.490196 F1000
G01 X42.642857 Y-59.173469 Z1.647059 F1000
G01 X42.540816 Y-59.173469 Z1.764706 F1000
G01 X42.438776 Y-59.173469 Z1.764706 F1000
G01 X42.336735 Y-59.173469 Z6.27451 F1000
G01 X42.234694 Y-59.173469 Z9.960784 F1000
G01 X42.132653 Y-59.173469 Z10 F1000
G01 X40.397959 Y-59.173469 Z10 F1000
G01 X40.295918 Y-59.173469 Z9.960784 F1000
G01 X20.806122 Y-59.173469 Z9.960784 F1000
G01 X20.704082 Y-59.173469 Z10 F1000
G01 X17.846939 Y-59.173469 Z10 F1000
G01 X17.744898 Y-59.173469 Z9.137255 F1000
G01 X17.642857 Y-59.173469 Z7.803922 F1000
G01 X17.540816 Y-59.173469 Z2.078431 F1000
G01 X17.438776 Y-59.173469 Z1.607843 F1000
G01 X17.336735 Y-59.173469 Z1.372549 F1000
G01 X17.030612 Y-59.173469 Z1.372549 F1000
G01 X16.928571 Y-59.173469 Z1.333333 F1000
G01 X16.826531 Y-59.173469 Z1.529412 F1000
G01 X16.622449 Y-59.173469 Z1.529412 F1000
G01 X16.520408 Y-59.173469 Z1.607843 F1000
G01 X16.010204 Y-59.173469 Z1.607843 F1000
G01 X15.908163 Y-59.173469 Z1.843137 F1000
G01 X15.806122 Y-59.173469 Z6.627451 F1000
G01 X15.704082 Y-59.173469 Z9.960784 F1000
G01 X15.602041 Y-59.173469 Z10 F1000
G01 X13.561224 Y-59.173469 Z10 F1000
G01 X13.459184 Y-59.173469 Z9.960784 F1000
G01 X0.5 Y-59.173469 Z9.960784 F1000
G01 X0.5 Y-59.27551 Z9.960784 F1000
G01 X0.5 Y-59.377551 Z9.960784 F1000
G01 X0.5 Y-59.479592 Z9.960784 F1000
G01 X0.5 Y-59.581633 Z9.960784 F1000
G01 X0.5 Y-59.683673 Z9.960784 F1000
G01 X13.459184 Y-59.683673 Z9.960784 F1000
G01 X13.561224 Y-59.683673 Z10 F1000
G01 X15.091837 Y-59.683673 Z10 F1000
G01 X15.193878 Y-59.683673 Z9.882353 F1000
G01 X15.295918 Y-59.683673 Z9.882353 F1000
G01 X15.397959 Y-59.683673 Z8.980392 F1000
G01 X15.5 Y-59.683673 Z4.196078 F1000
G01 X15.602041 Y-59.683673 Z1.764706 F1000
G01 X15.806122 Y-59.683673 Z1.764706 F1000
G01 X15.908163 Y-59.683673 Z1.45098 F1000
G01 X16.010204 Y-59.683673 Z1.45098 F1000
G01 X16.112245 Y-59.683673 Z1.333333 F1000
G01 X16.72449 Y-59.683673 Z1.333333 F1000
G01 X16.826531 Y-59.683673 Z1.529412 F1000
G01 X16.928571 Y-59.683673 Z1.72549 F1000
G01 X17.030612 Y-59.683673 Z1.72549 F1000
G01 X17.132653 Y-59.683673 Z2.156863 F1000
G01 X17.234694 Y-59.683673 Z6.470588 F1000
G01 X17.336735 Y-59.683673 Z9.568627 F1000
G01 X17.438776 Y-59.683673 Z10 F1000
G01 X20.091837 Y-59.683673 Z10 F1000
G01 X20.193878 Y-59.683673 Z9.960784 F1000
G01 X40.295918 Y-59.683673 Z9.960784 F1000
G01 X40.397959 Y-59.683673 Z10 F1000
G01 X42.030612 Y-59.683673 Z10 F1000
G01 X42.132653 Y-59.683673 Z8 F1000
G01 X42.234694 Y-59.683673 Z2.27451 F1000
G01 X42.336735 Y-59.683673 Z1.764706 F1000
G01 X42.540816 Y-59.683673 Z1.764706 F1000
G01 X42.642857 Y-59.683673 Z1.45098 F1000
G01 X42.846939 Y-59.683673 Z1.45098 F1000
G01 X42.94898 Y-59.683673 Z1.333333 F1000
G01 X44.377551 Y-59.683673 Z1.333333 F1000
G01 X44.479592 Y-59.683673 Z1.686275 F1000
G01 X44.785714 Y-59.683673 Z1.686275 F1000
G01 X44.887755 Y-59.683673 Z1.72549 F1000
G01 X45.193878 Y-59.683673 Z1.72549 F1000
G01 X45.295918 Y-59.683673 Z4.313725 F1000
G01 X45.397959 Y-59.683673 Z7.686275 F1000
G01 X45.5 Y-59.683673 Z10 F1000
G01 X46.520408 Y-59.683673 Z10 F1000
G01 X46.622449 Y-59.683673 Z9.764706 F1000
G01 X46.72449 Y-59.683673 Z9.098039 F1000
G01 X46.826531 Y-59.683673 Z7.843137 F1000
G01 X46.928571 Y-59.683673 Z6.352941 F1000
G01 X47.030612 Y-59.683673 Z2.980392 F1000
G01 X47.132653 Y-59.683673 Z2.431373 F1000
G01 X47.234694 Y-59.683673 Z1.764706 F1000
G01 X47.744898 Y-59.683673 Z1.764706 F1000
G01 X47.846939 Y-59.683673 Z1.411765 F1000
G01 X48.561224 Y-59.683673 Z1.411765 F1000
G01 X48.663265 Y-59.683673 Z1.333333 F1000
G01 X51.72449 Y-59.683673 Z1.333333 F1000
G01 X51.826531 Y-59.683673 Z1.568627 F1000
G01 X52.540816 Y-59.683673 Z1.568627 F1000
G01 X52.642857 Y-59.683673 Z1.921569 F1000
G01 X52.744898 Y-59.683673 Z1.921569 F1000
G01 X52.846939 Y-59.683673 Z2.078431 F1000
G01 X52.94898 Y-59.683673 Z3.921569 F1000
G01 X53.05102 Y-59.683673 Z6.352941 F1000
G01 X53.153061 Y-59.683673 Z8.392157 F1000
G01 X53.255102 Y-59.683673 Z9.529412 F1000
G01 X53.357143 Y-59.683673 Z9.921569 F1000
G01 X53.459184 Y-59.683673 Z10 F1000
G01 X54.479592 Y-59.683673 Z10 F1000
G01 X54.581633 Y-59.683673 Z8.235294 F1000
G01 X54.683673 Y-59.683673 Z3.176471 F1000
G01 X54.785714 Y-59.683673 Z1.960784 F1000
G01 X54.989796 Y-59.683673 Z1.960784 F1000
G01 X55.091837 Y-59.683673 Z1.372549 F1000
G01 X55.193878 Y-59.683673 Z1.333333 F1000
G01 X57.438776 Y-59.683673 Z1.333333 F1000
G01 X57.540816 Y-59.683673 Z1.686275 F1000
G01 X57.642857 Y-59.683673 Z1.764706 F1000
G01 X57.744898 Y-59.683673 Z2.666667 F1000
G01 X57.846939 Y-59.683673 Z8.862745 F1000
G01 X57.94898 Y-59.683673 Z10 F1000
G01 X59.173469 Y-59.683673 Z10 F1000
G01 X59.27551 Y-59.683673 Z9.960784 F1000
G01 X80.295918 Y-59.683673 Z9.960784 F1000
G01 X80.397959 Y-59.683673 Z10 F1000
G01 X82.642857 Y-59.683673 Z10 F1000
G01 X82.744898 Y-59.683673 Z9.294118 F1000
G01 X82.846939 Y-59.683673 Z5.921569 F1000
G01 X82.94898 Y-59.683673 Z1.647059 F1000
G01 X83.561224 Y-59.683673 Z1.647059 F1000
G01 X83.663265 Y-59.683673 Z1.568627 F1000
G01 X83.867347 Y-59.683673 Z1.568627 F1000
G01 X83.969388 Y-59.683673 Z1.607843 F1000
G01 X84.479592 Y-59.683673 Z1.607843 F1000
G01 X84.581633 Y-59.683673 Z4.784314 F1000
G01 X84.683673 Y-59.683673 Z9.294118 F1000
G01 X84.785714 Y-59.683673 Z10 F1000
G01 X86.928571 Y-59.683673 Z10 F1000
G01 X87.030612 Y-59.683673 Z9.960784 F1000
G01 X99.581633 Y-59.683673 Z9.960784 F1000
G01 X99.581633 Y-59.785714 Z9.960784 F1000
G01 X99.581633 Y-59.887755 Z9.960784 F1000
G01 X99.581633 Y-59.989796 Z9.960784 F1000
G01 X99.581633 Y-60.091837 Z9.960784 F1000
G01 X99.581633 Y-60.193878 Z9.960784 F1000
G01 X87.030612 Y-60.193878 Z9.960784 F1000
G01 X86.928571 Y-60.193878 Z10 F1000
G01 X85.295918 Y-60.193878 Z10 F1000
G01 X85.193878 Y-60.193878 Z9.882353 F1000
G01 X85.091837 Y-60.193878 Z9.72549 F1000
G01 X84.989796 Y-60.193878 Z9.372549 F1000
G01 X84.887755 Y-60.193878 Z4.196078 F1000
G01 X84.785714 Y-60.193878 Z1.843137 F1000
G01 X84.581633 Y-60.193878 Z1.843137 F1000
G01 X84.479592 Y-60.193878 Z1.568627 F1000
G01 X84.377551 Y-60.193878 Z1.333333 F1000
G01 X83.765306 Y-60.193878 Z1.333333 F1000
G01 X83.663265 Y-60.193878 Z1.568627 F1000
G01 X83.561224 Y-60.193878 Z1.803922 F1000
G01 X83.357143 Y-60.193878 Z1.803922 F1000
G01 X83.255102 Y-60.193878 Z2.941176 F1000
G01 X83.153061 Y-60.193878 Z8.196078 F1000
G01 X83.05102 Y-60.193878 Z10 F1000
G01 X81.214286 Y-60.193878 Z10 F1000
G01 X81.112245 Y-60.193878 Z9.960784 F1000
G01 X60.091837 Y-60.193878 Z9.960784 F1000
G01 X59.989796 Y-60.193878 Z10 F1000
G01 X58.153061 Y-60.193878 Z10 F1000
G01 X58.05102 Y-60.193878 Z8.705882 F1000
G01 X57.94898 Y-60.193878 Z4.078431 F1000
G01 X57.846939 Y-60.193878 Z1.764706 F1000
G01 X57.642857 Y-60.193878 Z1.764706 F1000
G01 X57.540816 Y-60.193878 Z1.45098 F1000
G01 X57.438776 Y-60.193878 Z1.333333 F1000
G01 X56.010204 Y-60.193878 Z1.333333 F1000
G01 X55.908163 Y-60.193878 Z1.529412 F1000
G01 X55.806122 Y-60.193878 Z1.647059 F1000
G01 X55.602041 Y-60.193878 Z1.647059 F1000
G01 X55.5 Y-60.193878 Z1.72549 F1000
G01 X55.193878 Y-60.193878 Z1.72549 F1000
G01 X55.091837 Y-60.193878 Z2.352941 F1000
G01 X54.989796 Y-60.193878 Z7.254902 F1000
G01 X54.887755 Y-60.193878 Z10 F1000
G01 X51.520408 Y-60.193878 Z10 F1000
G01 X51.418367 Y-60.193878 Z9.686275 F1000
G01 X51.316327 Y-60.193878 Z9.333333 F1000
G01 X51.214286 Y-60.193878 Z8.823529 F1000
G01 X51.112245 Y-60.193878 Z8.235294 F1000
G01 X51.010204 Y-60.193878 Z7.843137 F1000
G01 X50.908163 Y-60.193878 Z6.352941 F1000
G01 X50.806122 Y-60.193878 Z6 F1000
G01 X50.704082 Y-60.193878 Z5.411765 F1000
G01 X50.602041 Y-60.193878 Z4.784314 F1000
G01 X50.5 Y-60.193878 Z4.156863 F1000
G01 X50.397959 Y-60.193878 Z3.568627 F1000
G01 X50.295918 Y-60.193878 Z3.098039 F1000
G01 X50.193878 Y-60.193878 Z2.823529 F1000
G01 X50.091837 Y-60.193878 Z2.27451 F1000
G01 X49.989796 Y-60.193878 Z2.196078 F1000
G01 X49.887755 Y-60.193878 Z2.196078 F1000
G01 X49.785714 Y-60.193878 Z2.509804 F1000
G01 X49.683673 Y-60.193878 Z2.901961 F1000
G01 X49.581633 Y-60.193878 Z3.254902 F1000
G01 X49.479592 Y-60.193878 Z3.490196 F1000
G01 X49.377551 Y-60.193878 Z4.509804 F1000
G01 X49.27551 Y-60.193878 Z4.941176 F1000
G01 X49.173469 Y-60.193878 Z5.647059 F1000
G01 X49.071429 Y-60.193878 Z6.470588 F1000
G01 X48.969388 Y-60.193878 Z7.372549 F1000
G01 X48.867347 Y-60.193878 Z8.352941 F1000
G01 X48.765306 Y-60.193878 Z9.254902 F1000
G01 X48.663265 Y-60.193878 Z9.803922 F1000
G01 X48.561224 Y-60.193878 Z9.803922 F1000
G01 X48.459184 Y-60.193878 Z9.843137 F1000
G01 X48.357143 Y-60.193878 Z10 F1000
G01 X45.5 Y-60.193878 Z10 F1000
G01 X45.397959 Y-60.193878 Z9.960784 F1000
G01 X45.091837 Y-60.193878 Z9.960784 F1000
G01 X44.989796 Y-60.193878 Z8.352941 F1000
G01 X44.887755 Y-60.193878 Z3.019608 F1000
G01 X44.785714 Y-60.193878 Z1.72549 F1000
G01 X44.581633 Y-60.193878 Z1.72549 F1000
G01 X44.479592 Y-60.193878 Z1.686275 F1000
G01 X44.377551 Y-60.193878 Z1.333333 F1000
G01 X42.132653 Y-60.193878 Z1.333333 F1000
G01 X42.030612 Y-60.193878 Z2.901961 F1000
G01 X41.928571 Y-60.193878 Z8.039216 F1000
G01 X41.826531 Y-60.193878 Z10 F1000
G01 X40.397959 Y-60.193878 Z10 F1000
G01 X40.295918 Y-60.193878 Z9.960784 F1000
G01 X19.377551 Y-60.193878 Z9.960784 F1000
G01 X19.27551 Y-60.193878 Z10 F1000
G01 X17.234694 Y-60.193878 Z10 F1000
G01 X17.132653 Y-60.193878 Z9.921569 F1000
G01 X17.030612 Y-60.193878 Z9.921569 F1000
G01 X16.928571 Y-60.193878 Z9.058824 F1000
G01 X16.826531 Y-60.193878 Z3.764706 F1000
G01 X16.72449 Y-60.193878 Z1.764706 F1000
G01 X16.418367 Y-60.193878 Z1.764706 F1000
G01 X16.316327 Y-60.193878 Z1.607843 F1000
G01 X16.214286 Y-60.193878 Z1.607843 F1000
G01 X16.112245 Y-60.193878 Z1.529412 F1000
G01 X16.010204 Y-60.193878 Z1.490196 F1000
G01 X15.908163 Y-60.193878 Z1.333333 F1000
G01 X15.295918 Y-60.193878 Z1.333333 F1000
G01 X15.193878 Y-60.193878 Z4 F1000
G01 X15.091837 Y-60.193878 Z7.882353 F1000
G01 X14.989796 Y-60.193878 Z10 F1000
G01 X12.744898 Y-60.193878 Z10 F1000
G01 X12.642857 Y-60.193878 Z9.960784 F1000
G01 X0.5 Y-60.193878 Z9.960784 F1000
G01 X0.5 Y-60.295918 Z9.960784 F1000
G01 X0.5 Y-60.397959 Z9.960784 F1000
G01 X0.5 Y-60.5 Z9.960784 F1000
G01 X0.5 Y-60.602041 Z9.960784 F1000
G01 X0.5 Y-60.704082 Z9.960784 F1000
G01 X12.642857 Y-60.704082 Z9.960784 F1000
G01 X12.744898 Y-60.704082 Z10 F1000
G01 X14.683673 Y-60.704082 Z10 F1000
G01 X14.785714 Y-60.704082 Z8.784314 F1000
G01 X14.887755 Y-60.704082 Z4.627451 F1000
G01 X14.989796 Y-60.704082 Z1.568627 F1000
G01 X15.091837 Y-60.704082 Z1.568627 F1000
G01 X15.193878 Y-60.704082 Z1.490196 F1000
G01 X15.295918 Y-60.704082 Z1.333333 F1000
G01 X15.908163 Y-60.704082 Z1.333333 F1000
G01 X16.010204 Y-60.704082 Z1.568627 F1000
G01 X16.112245 Y-60.704082 Z1.568627 F1000
G01 X16.214286 Y-60.704082 Z1.607843 F1000
G01 X16.316327 Y-60.704082 Z1.607843 F1000
G01 X16.418367 Y-60.704082 Z1.764706 F1000
G01 X16.520408 Y-60.704082 Z4.54902 F1000
G01 X16.622449 Y-60.704082 Z9.294118 F1000
G01 X16.72449 Y-60.704082 Z10 F1000
G01 X19.173469 Y-60.704082 Z10 F1000
G01 X19.27551 Y-60.704082 Z9.960784 F1000
G01 X40.295918 Y-60.704082 Z9.960784 F1000
G01 X40.397959 Y-60.704082 Z10 F1000
G01 X41.622449 Y-60.704082 Z10 F1000
G01 X41.72449 Y-60.704082 Z7.803922 F1000
G01 X41.826531 Y-60.704082 Z2.745098 F1000
G01 X41.928571 Y-60.704082 Z1.960784 F1000
G01 X42.030612 Y-60.704082 Z1.490196 F1000
G01 X42.132653 Y-60.704082 Z1.333333 F1000
G01 X44.377551 Y-60.704082 Z1.333333 F1000
G01 X44.479592 Y-60.704082 Z1.529412 F1000
G01 X44.581633 Y-60.704082 Z5.882353 F1000
G01 X44.683673 Y-60.704082 Z9.45098 F1000
G01 X44.785714 Y-60.704082 Z9.960784 F1000
G01 X44.887755 Y-60.704082 Z10 F1000
G01 X54.989796 Y-60.704082 Z10 F1000
G01 X55.091837 Y-60.704082 Z9.960784 F1000
G01 X55.193878 Y-60.704082 Z9.921569 F1000
G01 X55.295918 Y-60.704082 Z9.215686 F1000
G01 X55.397959 Y-60.704082 Z4.313725 F1000
G01 X55.5 Y-60.704082 Z1.764706 F1000
G01 X55.704082 Y-60.704082 Z1.764706 F1000
G01 X55.806122 Y-60.704082 Z1.647059 F1000
G01 X55.908163 Y-60.704082 Z1.529412 F1000
G01 X56.010204 Y-60.704082 Z1.333333 F1000
G01 X57.438776 Y-60.704082 Z1.333333 F1000
G01 X57.540816 Y-60.704082 Z1.45098 F1000
G01 X57.642857 Y-60.704082 Z1.607843 F1000
G01 X58.05102 Y-60.704082 Z1.607843 F1000
G01 X58.153061 Y-60.704082 Z3.647059 F1000
G01 X58.255102 Y-60.704082 Z8.54902 F1000
G01 X58.357143 Y-60.704082 Z9.960784 F1000
G01 X58.459184 Y-60.704082 Z10 F1000
G01 X59.989796 Y-60.704082 Z10 F1000
G01 X60.091837 Y-60.704082 Z9.960784 F1000
G01 X81.112245 Y-60.704082 Z9.960784 F1000
G01 X81.214286 Y-60.704082 Z10 F1000
G01 X83.255102 Y-60.704082 Z10 F1000
G01 X83.357143 Y-60.704082 Z9.882353 F1000
G01 X83.459184 Y-60.704082 Z9.019608 F1000
G01 X83.561224 Y-60.704082 Z3.568627 F1000
G01 X83.663265 Y-60.704082 Z1.647059 F1000
G01 X83.765306 Y-60.704082 Z1.333333 F1000
G01 X84.377551 Y-60.704082 Z1.333333 F1000
G01 X84.479592 Y-60.704082 Z1.45098 F1000
G01 X84.785714 Y-60.704082 Z1.45098 F1000
G01 X84.887755 Y-60.704082 Z1.921569 F1000
G01 X85.091837 Y-60.704082 Z1.921569 F1000
G01 X85.193878 Y-60.704082 Z5.45098 F1000
G01 X85.295918 Y-60.704082 Z9.294118 F1000
G01 X85.397959 Y-60.704082 Z10 F1000
G01 X86.928571 Y-60.704082 Z10 F1000
G01 X87.030612 Y-60.704082 Z9.960784 F1000
G01 X99.581633 Y-60.704082 Z9.960784 F1000
G01 X99.581633 Y-60.806122 Z9.960784 F1000
G01 X99.581633 Y-60.908163 Z9.960784 F1000
G01 X99.581633 Y-61.010204 Z9.960784 F1000
G01 X99.581633 Y-61.112245 Z9.960784 F1000
G01 X99.581633 Y-61.214286 Z9.960784 F1000
G01 X87.744898 Y-61.214286 Z9.960784 F1000
G01 X87.642857 Y-61.214286 Z10 F1000
G01 X85.704082 Y-61.214286 Z10 F1000
G01 X85.602041 Y-61.214286 Z9.960784 F1000
G01 X85.5 Y-61.214286 Z8.392157 F1000
G01 X85.397959 Y-61.214286 Z2.509804 F1000
G01 X85.295918 Y-61.214286 Z1.411765 F1000
G01 X85.193878 Y-61.214286 Z1.333333 F1000
G01 X84.581633 Y-61.214286 Z1.333333 F1000
G01 X84.479592 Y-61.214286 Z1.372549 F1000
G01 X84.377551 Y-61.214286 Z1.372549 F1000
G01 X84.27551 Y-61.214286 Z1.607843 F1000
G01 X83.969388 Y-61.214286 Z1.607843 F1000
G01 X83.867347 Y-61.214286 Z2.862745 F1000
G01 X83.765306 Y-61.214286 Z7.960784 F1000
G01 X83.663265 Y-61.214286 Z9.921569 F1000
G01 X83.561224 Y-61.214286 Z10 F1000
G01 X82.030612 Y-61.214286 Z10 F1000
G01 X81.928571 Y-61.214286 Z9.960784 F1000
G01 X60.091837 Y-61.214286 Z9.960784 F1000
G01 X59.989796 Y-61.214286 Z10 F1000
G01 X58.561224 Y-61.214286 Z10 F1000
G01 X58.459184 Y-61.214286 Z7.960784 F1000
G01 X58.357143 Y-61.214286 Z2.392157 F1000
G01 X58.255102 Y-61.214286 Z1.529412 F1000
G01 X57.94898 Y-61.214286 Z1.529412 F1000
G01 X57.846939 Y-61.214286 Z1.490196 F1000
G01 X57.744898 Y-61.214286 Z1.490196 F1000
G01 X57.642857 Y-61.214286 Z1.45098 F1000
G01 X57.540816 Y-61.214286 Z1.45098 F1000
G01 X57.438776 Y-61.214286 Z1.333333 F1000
G01 X56.010204 Y-61.214286 Z1.333333 F1000
G01 X55.908163 Y-61.214286 Z1.686275 F1000
G01 X55.806122 Y-61.214286 Z1.803922 F1000
G01 X55.704082 Y-61.214286 Z5.921569 F1000
G01 X55.602041 Y-61.214286 Z10 F1000
G01 X44.377551 Y-61.214286 Z10 F1000
G01 X44.27551 Y-61.214286 Z6.862745 F1000
G01 X44.173469 Y-61.214286 Z2.313725 F1000
G01 X44.071429 Y-61.214286 Z1.686275 F1000
G01 X43.765306 Y-61.214286 Z1.686275 F1000
G01 X43.663265 Y-61.214286 Z1.568627 F1000
G01 X43.561224 Y-61.214286 Z1.333333 F1000
G01 X42.132653 Y-61.214286 Z1.333333 F1000
G01 X42.030612 Y-61.214286 Z1.607843 F1000
G01 X41.928571 Y-61.214286 Z1.686275 F1000
G01 X41.826531 Y-61.214286 Z1.764706 F1000
G01 X41.622449 Y-61.214286 Z1.764706 F1000
G01 X41.520408 Y-61.214286 Z7.098039 F1000
G01 X41.418367 Y-61.214286 Z10 F1000
G01 X39.581633 Y-61.214286 Z10 F1000
G01 X39.479592 Y-61.214286 Z9.960784 F1000
G01 X18.561224 Y-61.214286 Z9.960784 F1000
G01 X18.459184 Y-61.214286 Z10 F1000
G01 X16.418367 Y-61.214286 Z10 F1000
G01 X16.316327 Y-61.214286 Z9.019608 F1000
G01 X16.214286 Y-61.214286 Z2.901961 F1000
G01 X16.112245 Y-61.214286 Z1.72549 F1000
G01 X16.010204 Y-61.214286 Z1.568627 F1000
G01 X15.908163 Y-61.214286 Z1.333333 F1000
G01 X15.193878 Y-61.214286 Z1.333333 F1000
G01 X15.091837 Y-61.214286 Z1.568627 F1000
G01 X14.785714 Y-61.214286 Z1.568627 F1000
G01 X14.683673 Y-61.214286 Z1.607843 F1000
G01 X14.581633 Y-61.214286 Z7.45098 F1000
G01 X14.479592 Y-61.214286 Z9.607843 F1000
G01 X14.377551 Y-61.214286 Z10 F1000
G01 X12.744898 Y-61.214286 Z10 F1000
G01 X12.642857 Y-61.214286 Z9.960784 F1000
G01 X0.5 Y-61.214286 Z9.960784 F1000
G01 X0.5 Y-61.316327 Z9.960784 F1000
G01 X0.5 Y-61.418367 Z9.960784 F1000
G01 X0.5 Y-61.520408 Z9.960784 F1000
G01 X0.5 Y-61.622449 Z9.960784 F1000
G01 X0.5 Y-61.72449 Z9.960784 F1000
G01 X12.642857 Y-61.72449 Z9.960784 F1000
G01 X12.744898 Y-61.72449 Z10 F1000
G01 X14.173469 Y-61.72449 Z10 F1000
G01 X14.27551 Y-61.72449 Z9.647059 F1000
G01 X14.377551 Y-61.72449 Z5.607843 F1000
G01 X14.479592 Y-61.72449 Z1.333333 F1000
G01 X15.193878 Y-61.72449 Z1.333333 F1000
G01 X15.295918 Y-61.72449 Z1.72549 F1000
G01 X15.5 Y-61.72449 Z1.72549 F1000
G01 X15.602041 Y-61.72449 Z1.960784 F1000
G01 X15.908163 Y-61.72449 Z1.960784 F1000
G01 X16.010204 Y-61.72449 Z5.294118 F1000
G01 X16.112245 Y-61.72449 Z9.372549 F1000
G01 X16.214286 Y-61.72449 Z9.960784 F1000
G01 X16.316327 Y-61.72449 Z10 F1000
G01 X17.642857 Y-61.72449 Z10 F1000
G01 X17.744898 Y-61.72449 Z9.960784 F1000
G01 X38.663265 Y-61.72449 Z9.960784 F1000
G01 X38.765306 Y-61.72449 Z10 F1000
G01 X41.214286 Y-61.72449 Z10 F1000
G01 X41.316327 Y-61.72449 Z4.666667 F1000
G01 X41.418367 Y-61.72449 Z1.686275 F1000
G01 X41.928571 Y-61.72449 Z1.686275 F1000
G01 X42.030612 Y-61.72449 Z1.607843 F1000
G01 X42.132653 Y-61.72449 Z1.333333 F1000
G01 X42.744898 Y-61.72449 Z1.333333 F1000
G01 X42.846939 Y-61.72449 Z1.568627 F1000
G01 X43.663265 Y-61.72449 Z1.568627 F1000
G01 X43.765306 Y-61.72449 Z1.686275 F1000
G01 X43.867347 Y-61.72449 Z2.392157 F1000
G01 X43.969388 Y-61.72449 Z7.058824 F1000
G01 X44.071429 Y-61.72449 Z9.686275 F1000
G01 X44.173469 Y-61.72449 Z10 F1000
G01 X46.112245 Y-61.72449 Z10 F1000
G01 X46.214286 Y-61.72449 Z9.960784 F1000
G01 X54.173469 Y-61.72449 Z9.960784 F1000
G01 X54.27551 Y-61.72449 Z10 F1000
G01 X55.704082 Y-61.72449 Z10 F1000
G01 X55.806122 Y-61.72449 Z9.960784 F1000
G01 X55.908163 Y-61.72449 Z9.607843 F1000
G01 X56.010204 Y-61.72449 Z6.27451 F1000
G01 X56.112245 Y-61.72449 Z1.843137 F1000
G01 X56.214286 Y-61.72449 Z1.72549 F1000
G01 X56.418367 Y-61.72449 Z1.72549 F1000
G01 X56.520408 Y-61.72449 Z1.647059 F1000
G01 X56.72449 Y-61.72449 Z1.647059 F1000
G01 X56.826531 Y-61.72449 Z1.333333 F1000
G01 X58.255102 Y-61.72449 Z1.333333 F1000
G01 X58.357143 Y-61.72449 Z1.490196 F1000
G01 X58.459184 Y-61.72449 Z1.72549 F1000
G01 X58.561224 Y-61.72449 Z1.72549 F1000
G01 X58.663265 Y-61.72449 Z6 F1000
G01 X58.765306 Y-61.72449 Z9.843137 F1000
G01 X58.867347 Y-61.72449 Z10 F1000
G01 X60.806122 Y-61.72449 Z10 F1000
G01 X60.908163 Y-61.72449 Z9.960784 F1000
G01 X81.928571 Y-61.72449 Z9.960784 F1000
G01 X82.030612 Y-61.72449 Z10 F1000
G01 X83.867347 Y-61.72449 Z10 F1000
G01 X83.969388 Y-61.72449 Z9.098039 F1000
G01 X84.071429 Y-61.72449 Z4.27451 F1000
G01 X84.173469 Y-61.72449 Z1.607843 F1000
G01 X84.27551 Y-61.72449 Z1.607843 F1000
G01 X84.377551 Y-61.72449 Z1.490196 F1000
G01 X84.479592 Y-61.72449 Z1.490196 F1000
G01 X84.581633 Y-61.72449 Z1.333333 F1000
G01 X85.193878 Y-61.72449 Z1.333333 F1000
G01 X85.295918 Y-61.72449 Z1.45098 F1000
G01 X85.397959 Y-61.72449 Z1.490196 F1000
G01 X85.5 Y-61.72449 Z1.607843 F1000
G01 X85.602041 Y-61.72449 Z1.764706 F1000
G01 X85.704082 Y-61.72449 Z6.745098 F1000
G01 X85.806122 Y-61.72449 Z9.882353 F1000
G01 X85.908163 Y-61.72449 Z9.882353 F1000
G01 X86.010204 Y-61.72449 Z10 F1000
G01 X87.642857 Y-61.72449 Z10 F1000
G01 X87.744898 Y-61.72449 Z9.960784 F1000
G01 X99.581633 Y-61.72449 Z9.960784 F1000
G01 X99.581633 Y-61.826531 Z9.960784 F1000
G01 X99.581633 Y-61.928571 Z9.960784 F1000
G01 X99.581633 Y-62.030612 Z9.960784 F1000
G01 X99.581633 Y-62.132653 Z9.960784 F1000
G01 X99.581633 Y-62.234694 Z9.960784 F1000
G01 X87.846939 Y-62.234694 Z9.960784 F1000
G01 X87.744898 Y-62.234694 Z10 F1000
G01 X86.010204 Y-62.234694 Z10 F1000
G01 X85.908163 Y-62.234694 Z7.372549 F1000
G01 X85.806122 Y-62.234694 Z1.764706 F1000
G01 X85.602041 Y-62.234694 Z1.764706 F1000
G01 X85.5 Y-62.234694 Z1.607843 F1000
G01 X85.397959 Y-62.234694 Z1.568627 F1000
G01 X85.295918 Y-62.234694 Z1.568627 F1000
G01 X85.193878 Y-62.234694 Z1.333333 F1000
G01 X84.581633 Y-62.234694 Z1.333333 F1000
G01 X84.479592 Y-62.234694 Z1.490196 F1000
G01 X84.377551 Y-62.234694 Z1.490196 F1000
G01 X84.27551 Y-62.234694 Z4.470588 F1000
G01 X84.173469 Y-62.234694 Z9.490196 F1000
G01 X84.071429 Y-62.234694 Z10 F1000
G01 X82.030612 Y-62.234694 Z10 F1000
G01 X81.928571 Y-62.234694 Z9.960784 F1000
G01 X60.908163 Y-62.234694 Z9.960784 F1000
G01 X60.806122 Y-62.234694 Z10 F1000
G01 X59.071429 Y-62.234694 Z10 F1000
G01 X58.969388 Y-62.234694 Z8.666667 F1000
G01 X58.867347 Y-62.234694 Z2.901961 F1000
G01 X58.765306 Y-62.234694 Z1.764706 F1000
G01 X58.663265 Y-62.234694 Z1.72549 F1000
G01 X58.459184 Y-62.234694 Z1.72549 F1000
G01 X58.357143 Y-62.234694 Z1.647059 F1000
G01 X58.255102 Y-62.234694 Z1.333333 F1000
G01 X56.826531 Y-62.234694 Z1.333333 F1000
G01 X56.72449 Y-62.234694 Z1.647059 F1000
G01 X56.622449 Y-62.234694 Z1.764706 F1000
G01 X56.418367 Y-62.234694 Z1.764706 F1000
G01 X56.316327 Y-62.234694 Z5.529412 F1000
G01 X56.214286 Y-62.234694 Z9.882353 F1000
G01 X56.112245 Y-62.234694 Z10 F1000
G01 X54.27551 Y-62.234694 Z10 F1000
G01 X54.173469 Y-62.234694 Z9.960784 F1000
G01 X46.214286 Y-62.234694 Z9.960784 F1000
G01 X46.112245 Y-62.234694 Z10 F1000
G01 X43.765306 Y-62.234694 Z10 F1000
G01 X43.663265 Y-62.234694 Z6.588235 F1000
G01 X43.561224 Y-62.234694 Z2.196078 F1000
G01 X43.459184 Y-62.234694 Z1.568627 F1000
G01 X42.846939 Y-62.234694 Z1.568627 F1000
G01 X42.744898 Y-62.234694 Z1.333333 F1000
G01 X42.132653 Y-62.234694 Z1.333333 F1000
G01 X42.030612 Y-62.234694 Z1.372549 F1000
G01 X41.928571 Y-62.234694 Z1.372549 F1000
G01 X41.826531 Y-62.234694 Z1.490196 F1000
G01 X41.72449 Y-62.234694 Z1.529412 F1000
G01 X41.520408 Y-62.234694 Z1.529412 F1000
G01 X41.418367 Y-62.234694 Z1.647059 F1000
G01 X41.214286 Y-62.234694 Z1.647059 F1000
G01 X41.112245 Y-62.234694 Z2.352941 F1000
G01 X41.010204 Y-62.234694 Z7.882353 F1000
G01 X40.908163 Y-62.234694 Z9.882353 F1000
G01 X40.806122 Y-62.234694 Z10 F1000
G01 X38.765306 Y-62.234694 Z10 F1000
G01 X38.663265 Y-62.234694 Z9.960784 F1000
G01 X17.744898 Y-62.234694 Z9.960784 F1000
G01 X17.642857 Y-62.234694 Z10 F1000
G01 X16.010204 Y-62.234694 Z10 F1000
G01 X15.908163 Y-62.234694 Z9.843137 F1000
G01 X15.806122 Y-62.234694 Z5.607843 F1000
G01 X15.704082 Y-62.234694 Z1.960784 F1000
G01 X15.602041 Y-62.234694 Z1.960784 F1000
G01 X15.5 Y-62.234694 Z1.72549 F1000
G01 X15.295918 Y-62.234694 Z1.72549 F1000
G01 X15.193878 Y-62.234694 Z1.490196 F1000
G01 X15.091837 Y-62.234694 Z1.333333 F1000
G01 X14.479592 Y-62.234694 Z1.333333 F1000
G01 X14.377551 Y-62.234694 Z1.568627 F1000
G01 X14.27551 Y-62.234694 Z1.843137 F1000
G01 X14.173469 Y-62.234694 Z5.882353 F1000
G01 X14.071429 Y-62.234694 Z10 F1000
G01 X12.744898 Y-62.234694 Z10 F1000
G01 X12.642857 Y-62.234694 Z9.960784 F1000
G01 X0.5 Y-62.234694 Z9.960784 F1000
G01 X0.5 Y-62.336735 Z9.960784 F1000
G01 X0.5 Y-62.438776 Z9.960784 F1000
G01 X0.5 Y-62.540816 Z9.960784 F1000
G01 X0.5 Y-62.642857 Z9.960784 F1000
G01 X0.5 Y-62.744898 Z9.960784 F1000
G01 X12.642857 Y-62.744898 Z9.960784 F1000
G01 X12.744898 Y-62.744898 Z10 F1000
G01 X13.765306 Y-62.744898 Z10 F1000
G01 X13.867347 Y-62.744898 Z9.843137 F1000
G01 X13.969388 Y-62.744898 Z7.72549 F1000
G01 X14.071429 Y-62.744898 Z2.117647 F1000
G01 X14.173469 Y-62.744898 Z1.843137 F1000
G01 X14.27551 Y-62.744898 Z1.843137 F1000
G01 X14.377551 Y-62.744898 Z1.411765 F1000
G01 X14.479592 Y-62.744898 Z1.333333 F1000
G01 X15.091837 Y-62.744898 Z1.333333 F1000
G01 X15.193878 Y-62.744898 Z1.568627 F1000
G01 X15.295918 Y-62.744898 Z1.607843 F1000
G01 X15.397959 Y-62.744898 Z1.607843 F1000
G01 X15.5 Y-62.744898 Z1.686275 F1000
G01 X15.602041 Y-62.744898 Z3.372549 F1000
G01 X15.704082 Y-62.744898 Z9.333333 F1000
G01 X15.806122 Y-62.744898 Z10 F1000
G01 X17.642857 Y-62.744898 Z10 F1000
G01 X17.744898 Y-62.744898 Z9.960784 F1000
G01 X38.663265 Y-62.744898 Z9.960784 F1000
G01 X38.765306 Y-62.744898 Z10 F1000
G01 X40.5 Y-62.744898 Z10 F1000
G01 X40.602041 Y-62.744898 Z9.960784 F1000
G01 X40.704082 Y-62.744898 Z9.058824 F1000
G01 X40.806122 Y-62.744898 Z3.45098 F1000
G01 X40.908163 Y-62.744898 Z1.607843 F1000
G01 X41.010204 Y-62.744898 Z1.607843 F1000
G01 X41.112245 Y-62.744898 Z1.490196 F1000
G01 X41.214286 Y-62.744898 Z1.490196 F1000
G01 X41.316327 Y-62.744898 Z1.333333 F1000
G01 X42.744898 Y-62.744898 Z1.333333 F1000
G01 X42.846939 Y-62.744898 Z1.45098 F1000
G01 X42.94898 Y-62.744898 Z1.568627 F1000
G01 X43.05102 Y-62.744898 Z1.568627 F1000
G01 X43.153061 Y-62.744898 Z1.647059 F1000
G01 X43.255102 Y-62.744898 Z1.647059 F1000
G01 X43.357143 Y-62.744898 Z4.470588 F1000
G01 X43.459184 Y-62.744898 Z9.098039 F1000
G01 X43.561224 Y-62.744898 Z10 F1000
G01 X45.295918 Y-62.744898 Z10 F1000
G01 X45.397959 Y-62.744898 Z9.960784 F1000
G01 X54.173469 Y-62.744898 Z9.960784 F1000
G01 X54.27551 Y-62.744898 Z10 F1000
G01 X56.418367 Y-62.744898 Z10 F1000
G01 X56.520408 Y-62.744898 Z8.745098 F1000
G01 X56.622449 Y-62.744898 Z3.843137 F1000
G01 X56.72449 Y-62.744898 Z1.568627 F1000
G01 X56.826531 Y-62.744898 Z1.490196 F1000
G01 X57.132653 Y-62.744898 Z1.490196 F1000
G01 X57.234694 Y-62.744898 Z1.45098 F1000
G01 X57.336735 Y-62.744898 Z1.45098 F1000
G01 X57.438776 Y-62.744898 Z1.411765 F1000
G01 X57.540816 Y-62.744898 Z1.372549 F1000
G01 X57.642857 Y-62.744898 Z1.333333 F1000
G01 X58.255102 Y-62.744898 Z1.333333 F1000
G01 X58.357143 Y-62.744898 Z1.647059 F1000
G01 X59.071429 Y-62.744898 Z1.647059 F1000
G01 X59.173469 Y-62.744898 Z4.705882 F1000
G01 X59.27551 Y-62.744898 Z9.019608 F1000
G01 X59.377551 Y-62.744898 Z10 F1000
G01 X61.622449 Y-62.744898 Z10 F1000
G01 X61.72449 Y-62.744898 Z9.960784 F1000
G01 X82.744898 Y-62.744898 Z9.960784 F1000
G01 X82.846939 Y-62.744898 Z10 F1000
G01 X84.173469 Y-62.744898 Z10 F1000
G01 X84.27551 Y-62.744898 Z9.803922 F1000
G01 X84.377551 Y-62.744898 Z8.666667 F1000
G01 X84.479592 Y-62.744898 Z2.627451 F1000
G01 X84.581633 Y-62.744898 Z1.568627 F1000
G01 X85.091837 Y-62.744898 Z1.568627 F1000
G01 X85.193878 Y-62.744898 Z1.45098 F1000
G01 X85.295918 Y-62.744898 Z1.568627 F1000
G01 X85.602041 Y-62.744898 Z1.568627 F1000
G01 X85.704082 Y-62.744898 Z1.607843 F1000
G01 X85.908163 Y-62.744898 Z1.607843 F1000
G01 X86.010204 Y-62.744898 Z2.862745 F1000
G01 X86.112245 Y-62.744898 Z8.313725 F1000
G01 X86.214286 Y-62.744898 Z10 F1000
G01 X87.744898 Y-62.744898 Z10 F1000
G01 X87.846939 Y-62.744898 Z9.960784 F1000
G01 X99.581633 Y-62.744898 Z9.960784 F1000
G01 X99.581633 Y-62.846939 Z9.960784 F1000
G01 X99.581633 Y-62.94898 Z9.960784 F1000
G01 X99.581633 Y-63.05102 Z9.960784 F1000
G01 X99.581633 Y-63.153061 Z9.960784 F1000
G01 X99.581633 Y-63.255102 Z9.960784 F1000
G01 X87.846939 Y-63.255102 Z9.960784 F1000
G01 X87.744898 Y-63.255102 Z10 F1000
G01 X86.316327 Y-63.255102 Z10 F1000
G01 X86.214286 Y-63.255102 Z6.588235 F1000
G01 X86.112245 Y-63.255102 Z1.607843 F1000
G01 X85.704082 Y-63.255102 Z1.607843 F1000
G01 X85.602041 Y-63.255102 Z1.490196 F1000
G01 X85.397959 Y-63.255102 Z1.490196 F1000
G01 X85.295918 Y-63.255102 Z1.372549 F1000
G01 X85.193878 Y-63.255102 Z1.647059 F1000
G01 X84.785714 Y-63.255102 Z1.647059 F1000
G01 X84.683673 Y-63.255102 Z1.72549 F1000
G01 X84.581633 Y-63.255102 Z4.196078 F1000
G01 X84.479592 Y-63.255102 Z9.764706 F1000
G01 X84.377551 Y-63.255102 Z10 F1000
G01 X82.846939 Y-63.255102 Z10 F1000
G01 X82.744898 Y-63.255102 Z9.960784 F1000
G01 X61.72449 Y-63.255102 Z9.960784 F1000
G01 X61.622449 Y-63.255102 Z10 F1000
G01 X59.683673 Y-63.255102 Z10 F1000
G01 X59.581633 Y-63.255102 Z9.921569 F1000
G01 X59.479592 Y-63.255102 Z6.313725 F1000
G01 X59.377551 Y-63.255102 Z1.764706 F1000
G01 X59.27551 Y-63.255102 Z1.764706 F1000
G01 X59.173469 Y-63.255102 Z1.647059 F1000
G01 X58.459184 Y-63.255102 Z1.647059 F1000
G01 X58.357143 Y-63.255102 Z1.333333 F1000
G01 X57.642857 Y-63.255102 Z1.333333 F1000
G01 X57.540816 Y-63.255102 Z1.529412 F1000
G01 X57.336735 Y-63.255102 Z1.529412 F1000
G01 X57.234694 Y-63.255102 Z1.568627 F1000
G01 X57.030612 Y-63.255102 Z1.568627 F1000
G01 X56.928571 Y-63.255102 Z1.803922 F1000
G01 X56.826531 Y-63.255102 Z6.823529 F1000
G01 X56.72449 Y-63.255102 Z9.921569 F1000
G01 X56.622449 Y-63.255102 Z9.921569 F1000
G01 X56.520408 Y-63.255102 Z10 F1000
G01 X54.377551 Y-63.255102 Z10 F1000
G01 X54.27551 Y-63.255102 Z9.960784 F1000
G01 X45.397959 Y-63.255102 Z9.960784 F1000
G01 X45.295918 Y-63.255102 Z10 F1000
G01 X43.459184 Y-63.255102 Z10 F1000
G01 X43.357143 Y-63.255102 Z9.921569 F1000
G01 X43.255102 Y-63.255102 Z9.72549 F1000
G01 X43.153061 Y-63.255102 Z8.235294 F1000
G01 X43.05102 Y-63.255102 Z1.960784 F1000
G01 X42.94898 Y-63.255102 Z1.607843 F1000
G01 X42.846939 Y-63.255102 Z1.529412 F1000
G01 X42.744898 Y-63.255102 Z1.490196 F1000
G01 X42.540816 Y-63.255102 Z1.490196 F1000
G01 X42.438776 Y-63.255102 Z1.411765 F1000
G01 X42.234694 Y-63.255102 Z1.411765 F1000
G01 X42.132653 Y-63.255102 Z1.372549 F1000
G01 X42.030612 Y-63.255102 Z1.333333 F1000
G01 X41.316327 Y-63.255102 Z1.333333 F1000
G01 X41.214286 Y-63.255102 Z1.411765 F1000
G01 X41.010204 Y-63.255102 Z1.411765 F1000
G01 X40.908163 Y-63.255102 Z1.45098 F1000
G01 X40.806122 Y-63.255102 Z1.647059 F1000
G01 X40.602041 Y-63.255102 Z1.647059 F1000
G01 X40.5 Y-63.255102 Z4.784314 F1000
G01 X40.397959 Y-63.255102 Z9.72549 F1000
G01 X40.295918 Y-63.255102 Z9.764706 F1000
G01 X40.193878 Y-63.255102 Z10 F1000
G01 X37.94898 Y-63.255102 Z10 F1000
G01 X37.846939 Y-63.255102 Z9.960784 F1000
G01 X17.744898 Y-63.255102 Z9.960784 F1000
G01 X17.642857 Y-63.255102 Z10 F1000
G01 X15.806122 Y-63.255102 Z10 F1000
G01 X15.704082 Y-63.255102 Z9.960784 F1000
G01 X15.602041 Y-63.255102 Z9.921569 F1000
G01 X15.5 Y-63.255102 Z5.45098 F1000
G01 X15.397959 Y-63.255102 Z1.686275 F1000
G01 X15.295918 Y-63.255102 Z1.686275 F1000
G01 X15.193878 Y-63.255102 Z1.568627 F1000
G01 X15.091837 Y-63.255102 Z1.333333 F1000
G01 X14.479592 Y-63.255102 Z1.333333 F1000
G01 X14.377551 Y-63.255102 Z1.529412 F1000
G01 X14.27551 Y-63.255102 Z1.529412 F1000
G01 X14.173469 Y-63.255102 Z1.568627 F1000
G01 X13.969388 Y-63.255102 Z1.568627 F1000
G01 X13.867347 Y-63.255102 Z5.372549 F1000
G01 X13.765306 Y-63.255102 Z10 F1000
G01 X12.132653 Y-63.255102 Z10 F1000
G01 X12.030612 Y-63.255102 Z9.960784 F1000
G01 X0.5 Y-63.255102 Z9.960784 F1000
G01 X0.5 Y-63.357143 Z9.960784 F1000
G01 X0.5 Y-63.459184 Z9.960784 F1000
G01 X0.5 Y-63.561224 Z9.960784 F1000
G01 X0.5 Y-63.663265 Z9.960784 F1000
G01 X0.5 Y-63.765306 Z9.960784 F1000
G01 X11.928571 Y-63.765306 Z9.960784 F1000
G01 X12.030612 Y-63.765306 Z10 F1000
G01 X13.459184 Y-63.765306 Z10 F1000
G01 X13.561224 Y-63.765306 Z9.960784 F1000
G01 X13.663265 Y-63.765306 Z9.764706 F1000
G01 X13.765306 Y-63.765306 Z3.921569 F1000
G01 X13.867347 Y-63.765306 Z1.568627 F1000
G01 X14.173469 Y-63.765306 Z1.568627 F1000
G01 X14.27551 Y-63.765306 Z1.529412 F1000
G01 X14.377551 Y-63.765306 Z1.529412 F1000
G01 X14.479592 Y-63.765306 Z1.333333 F1000
G01 X15.091837 Y-63.765306 Z1.333333 F1000
G01 X15.193878 Y-63.765306 Z1.372549 F1000
G01 X15.295918 Y-63.765306 Z1.686275 F1000
G01 X15.397959 Y-63.765306 Z4.901961 F1000
G01 X15.5 Y-63.765306 Z9.921569 F1000
G01 X15.602041 Y-63.765306 Z9.960784 F1000
G01 X15.704082 Y-63.765306 Z10 F1000
G01 X16.826531 Y-63.765306 Z10 F1000
G01 X16.928571 Y-63.765306 Z9.960784 F1000
G01 X37.846939 Y-63.765306 Z9.960784 F1000
G01 X37.94898 Y-63.765306 Z10 F1000
G01 X39.989796 Y-63.765306 Z10 F1000
G01 X40.091837 Y-63.765306 Z9.372549 F1000
G01 X40.193878 Y-63.765306 Z4.588235 F1000
G01 X40.295918 Y-63.765306 Z1.72549 F1000
G01 X40.397959 Y-63.765306 Z1.647059 F1000
G01 X40.5 Y-63.765306 Z1.411765 F1000
G01 X41.214286 Y-63.765306 Z1.411765 F1000
G01 X41.316327 Y-63.765306 Z1.333333 F1000
G01 X41.928571 Y-63.765306 Z1.333333 F1000
G01 X42.030612 Y-63.765306 Z1.529412 F1000
G01 X42.744898 Y-63.765306 Z1.529412 F1000
G01 X42.846939 Y-63.765306 Z3.764706 F1000
G01 X42.94898 Y-63.765306 Z9.058824 F1000
G01 X43.05102 Y-63.765306 Z10 F1000
G01 X45.295918 Y-63.765306 Z10 F1000
G01 X45.397959 Y-63.765306 Z9.960784 F1000
G01 X54.989796 Y-63.765306 Z9.960784 F1000
G01 X55.091837 Y-63.765306 Z10 F1000
G01 X56.520408 Y-63.765306 Z10 F1000
G01 X56.622449 Y-63.765306 Z9.960784 F1000
G01 X56.928571 Y-63.765306 Z9.960784 F1000
G01 X57.030612 Y-63.765306 Z8.27451 F1000
G01 X57.132653 Y-63.765306 Z2.823529 F1000
G01 X57.234694 Y-63.765306 Z1.568627 F1000
G01 X57.336735 Y-63.765306 Z1.529412 F1000
G01 X57.540816 Y-63.765306 Z1.529412 F1000
G01 X57.642857 Y-63.765306 Z1.333333 F1000
G01 X59.071429 Y-63.765306 Z1.333333 F1000
G01 X59.173469 Y-63.765306 Z1.490196 F1000
G01 X59.27551 Y-63.765306 Z1.764706 F1000
G01 X59.683673 Y-63.765306 Z1.764706 F1000
G01 X59.785714 Y-63.765306 Z6.156863 F1000
G01 X59.887755 Y-63.765306 Z9.215686 F1000
G01 X59.989796 Y-63.765306 Z10 F1000
G01 X61.622449 Y-63.765306 Z10 F1000
G01 X61.72449 Y-63.765306 Z9.960784 F1000
G01 X82.744898 Y-63.765306 Z9.960784 F1000
G01 X82.846939 Y-63.765306 Z10 F1000
G01 X84.377551 Y-63.765306 Z10 F1000
G01 X84.479592 Y-63.765306 Z9.921569 F1000
G01 X84.581633 Y-63.765306 Z9.372549 F1000
G01 X84.683673 Y-63.765306 Z3.960784 F1000
G01 X84.785714 Y-63.765306 Z1.686275 F1000
G01 X85.091837 Y-63.765306 Z1.686275 F1000
G01 X85.193878 Y-63.765306 Z1.647059 F1000
G01 X85.295918 Y-63.765306 Z1.372549 F1000
G01 X85.397959 Y-63.765306 Z1.333333 F1000
G01 X86.010204 Y-63.765306 Z1.333333 F1000
G01 X86.112245 Y-63.765306 Z1.45098 F1000
G01 X86.214286 Y-63.765306 Z1.45098 F1000
G01 X86.316327 Y-63.765306 Z5.607843 F1000
G01 X86.418367 Y-63.765306 Z9.568627 F1000
G01 X86.520408 Y-63.765306 Z10 F1000
G01 X87.744898 Y-63.765306 Z10 F1000
G01 X87.846939 Y-63.765306 Z9.960784 F1000
G01 X99.581633 Y-63.765306 Z9.960784 F1000
G01 X99.581633 Y-63.867347 Z9.960784 F1000
G01 X99.581633 Y-63.969388 Z9.960784 F1000
G01 X99.581633 Y-64.071429 Z9.960784 F1000
G01 X99.581633 Y-64.173469 Z9.960784 F1000
G01 X99.581633 Y-64.27551 Z9.960784 F1000
G01 X87.846939 Y-64.27551 Z9.960784 F1000
G01 X87.744898 Y-64.27551 Z10 F1000
G01 X86.622449 Y-64.27551 Z10 F1000
G01 X86.520408 Y-64.27551 Z9.803922 F1000
G01 X86.418367 Y-64.27551 Z6.27451 F1000
G01 X86.316327 Y-64.27551 Z1.647059 F1000
G01 X86.214286 Y-64.27551 Z1.411765 F1000
G01 X86.112245 Y-64.27551 Z1.411765 F1000
G01 X86.010204 Y-64.27551 Z1.333333 F1000
G01 X85.397959 Y-64.27551 Z1.333333 F1000
G01 X85.295918 Y-64.27551 Z1.372549 F1000
G01 X85.193878 Y-64.27551 Z1.607843 F1000
G01 X85.091837 Y-64.27551 Z1.686275 F1000
G01 X84.785714 Y-64.27551 Z1.686275 F1000
G01 X84.683673 Y-64.27551 Z7.490196 F1000
G01 X84.581633 Y-64.27551 Z9.921569 F1000
G01 X84.479592 Y-64.27551 Z9.960784 F1000
G01 X62.540816 Y-64.27551 Z9.960784 F1000
G01 X62.438776 Y-64.27551 Z10 F1000
G01 X60.295918 Y-64.27551 Z10 F1000
G01 X60.193878 Y-64.27551 Z9.764706 F1000
G01 X60.091837 Y-64.27551 Z4.588235 F1000
G01 X59.989796 Y-64.27551 Z1.686275 F1000
G01 X59.887755 Y-64.27551 Z1.333333 F1000
G01 X57.642857 Y-64.27551 Z1.333333 F1000
G01 X57.540816 Y-64.27551 Z1.490196 F1000
G01 X57.438776 Y-64.27551 Z1.921569 F1000
G01 X57.336735 Y-64.27551 Z4.156863 F1000
G01 X57.234694 Y-64.27551 Z8.980392 F1000
G01 X57.132653 Y-64.27551 Z9.921569 F1000
G01 X57.030612 Y-64.27551 Z10 F1000
G01 X55.091837 Y-64.27551 Z10 F1000
G01 X54.989796 Y-64.27551 Z9.960784 F1000
G01 X44.581633 Y-64.27551 Z9.960784 F1000
G01 X44.479592 Y-64.27551 Z10 F1000
G01 X43.05102 Y-64.27551 Z10 F1000
G01 X42.94898 Y-64.27551 Z9.960784 F1000
G01 X42.846939 Y-64.27551 Z9.960784 F1000
G01 X42.744898 Y-64.27551 Z9.764706 F1000
G01 X42.642857 Y-64.27551 Z5.176471 F1000
G01 X42.540816 Y-64.27551 Z1.843137 F1000
G01 X42.336735 Y-64.27551 Z1.843137 F1000
G01 X42.234694 Y-64.27551 Z1.529412 F1000
G01 X42.030612 Y-64.27551 Z1.529412 F1000
G01 X41.928571 Y-64.27551 Z1.333333 F1000
G01 X40.5 Y-64.27551 Z1.333333 F1000
G01 X40.397959 Y-64.27551 Z1.647059 F1000
G01 X40.193878 Y-64.27551 Z1.647059 F1000
G01 X40.091837 Y-64.27551 Z1.843137 F1000
G01 X39.989796 Y-64.27551 Z1.843137 F1000
G01 X39.887755 Y-64.27551 Z4.313725 F1000
G01 X39.785714 Y-64.27551 Z8.313725 F1000
G01 X39.683673 Y-64.27551 Z10 F1000
G01 X37.132653 Y-64.27551 Z10 F1000
G01 X37.030612 Y-64.27551 Z9.960784 F1000
G01 X16.928571 Y-64.27551 Z9.960784 F1000
G01 X16.826531 Y-64.27551 Z10 F1000
G01 X15.5 Y-64.27551 Z10 F1000
G01 X15.397959 Y-64.27551 Z8.509804 F1000
G01 X15.295918 Y-64.27551 Z2.431373 F1000
G01 X15.193878 Y-64.27551 Z1.372549 F1000
G01 X15.091837 Y-64.27551 Z1.333333 F1000
G01 X14.479592 Y-64.27551 Z1.333333 F1000
G01 X14.377551 Y-64.27551 Z1.411765 F1000
G01 X14.27551 Y-64.27551 Z1.45098 F1000
G01 X14.173469 Y-64.27551 Z1.529412 F1000
G01 X14.071429 Y-64.27551 Z1.529412 F1000
G01 X13.969388 Y-64.27551 Z1.568627 F1000
G01 X13.765306 Y-64.27551 Z1.568627 F1000
G01 X13.663265 Y-64.27551 Z4.901961 F1000
G01 X13.561224 Y-64.27551 Z9.764706 F1000
G01 X13.459184 Y-64.27551 Z10 F1000
G01 X12.030612 Y-64.27551 Z10 F1000
G01 X11.928571 Y-64.27551 Z9.960784 F1000
G01 X0.5 Y-64.27551 Z9.960784 F1000
G01 X0.5 Y-64.377551 Z9.960784 F1000
G01 X0.5 Y-64.479592 Z9.960784 F1000
G01 X0.5 Y-64.581633 Z9.960784 F1000
G01 X0.5 Y-64.683673 Z9.960784 F1000
G01 X0.5 Y-64.785714 Z9.960784 F1000
G01 X11.928571 Y-64.785714 Z9.960784 F1000
G01 X12.030612 Y-64.785714 Z10 F1000
G01 X13.459184 Y-64.785714 Z10 F1000
G01 X13.561224 Y-64.785714 Z7.098039 F1000
G01 X13.663265 Y-64.785714 Z1.568627 F1000
G01 X13.765306 Y-64.785714 Z1.45098 F1000
G01 X14.27551 Y-64.785714 Z1.45098 F1000
G01 X14.377551 Y-64.785714 Z1.333333 F1000
G01 X15.091837 Y-64.785714 Z1.333333 F1000
G01 X15.193878 Y-64.785714 Z1.372549 F1000
G01 X15.295918 Y-64.785714 Z3.607843 F1000
G01 X15.397959 Y-64.785714 Z9.176471 F1000
G01 X15.5 Y-64.785714 Z10 F1000
G01 X16.826531 Y-64.785714 Z10 F1000
G01 X16.928571 Y-64.785714 Z9.960784 F1000
G01 X37.030612 Y-64.785714 Z9.960784 F1000
G01 X37.132653 Y-64.785714 Z10 F1000
G01 X39.27551 Y-64.785714 Z10 F1000
G01 X39.377551 Y-64.785714 Z9.960784 F1000
G01 X39.479592 Y-64.785714 Z7.137255 F1000
G01 X39.581633 Y-64.785714 Z2.901961 F1000
G01 X39.683673 Y-64.785714 Z1.647059 F1000
G01 X39.887755 Y-64.785714 Z1.647059 F1000
G01 X39.989796 Y-64.785714 Z1.607843 F1000
G01 X40.295918 Y-64.785714 Z1.607843 F1000
G01 X40.397959 Y-64.785714 Z1.411765 F1000
G01 X40.5 Y-64.785714 Z1.333333 F1000
G01 X41.928571 Y-64.785714 Z1.333333 F1000
G01 X42.030612 Y-64.785714 Z1.607843 F1000
G01 X42.132653 Y-64.785714 Z1.803922 F1000
G01 X42.234694 Y-64.785714 Z1.803922 F1000
G01 X42.336735 Y-64.785714 Z1.843137 F1000
G01 X42.438776 Y-64.785714 Z5.686275 F1000
G01 X42.540816 Y-64.785714 Z9.686275 F1000
G01 X42.642857 Y-64.785714 Z10 F1000
G01 X44.479592 Y-64.785714 Z10 F1000
G01 X44.581633 Y-64.785714 Z9.960784 F1000
G01 X54.989796 Y-64.785714 Z9.960784 F1000
G01 X55.091837 Y-64.785714 Z10 F1000
G01 X57.336735 Y-64.785714 Z10 F1000
G01 X57.438776 Y-64.785714 Z9.686275 F1000
G01 X57.540816 Y-64.785714 Z4.431373 F1000
G01 X57.642857 Y-64.785714 Z1.333333 F1000
G01 X59.887755 Y-64.785714 Z1.333333 F1000
G01 X59.989796 Y-64.785714 Z1.568627 F1000
G01 X60.091837 Y-64.785714 Z1.72549 F1000
G01 X60.295918 Y-64.785714 Z1.72549 F1000
G01 X60.397959 Y-64.785714 Z3.254902 F1000
G01 X60.5 Y-64.785714 Z8.627451 F1000
G01 X60.602041 Y-64.785714 Z10 F1000
G01 X62.438776 Y-64.785714 Z10 F1000
G01 X62.540816 Y-64.785714 Z9.960784 F1000
G01 X83.561224 Y-64.785714 Z9.960784 F1000
G01 X83.663265 Y-64.785714 Z10 F1000
G01 X84.581633 Y-64.785714 Z10 F1000
G01 X84.683673 Y-64.785714 Z8.862745 F1000
G01 X84.785714 Y-64.785714 Z2.54902 F1000
G01 X84.887755 Y-64.785714 Z1.568627 F1000
G01 X85.295918 Y-64.785714 Z1.568627 F1000
G01 X85.397959 Y-64.785714 Z1.333333 F1000
G01 X86.010204 Y-64.785714 Z1.333333 F1000
G01 X86.112245 Y-64.785714 Z1.411765 F1000
G01 X86.214286 Y-64.785714 Z1.411765 F1000
G01 X86.316327 Y-64.785714 Z1.647059 F1000
G01 X86.418367 Y-64.785714 Z2.392157 F1000
G01 X86.520408 Y-64.785714 Z8 F1000
G01 X86.622449 Y-64.785714 Z10 F1000
G01 X87.744898 Y-64.785714 Z10 F1000
G01 X87.846939 Y-64.785714 Z9.960784 F1000
G01 X99.581633 Y-64.785714 Z9.960784 F1000
G01 X99.581633 Y-64.887755 Z9.960784 F1000
G01 X99.581633 Y-64.989796 Z9.960784 F1000
G01 X99.581633 Y-65.091837 Z9.960784 F1000
G01 X99.581633 Y-65.193878 Z9.960784 F1000
G01 X99.581633 Y-65.295918 Z9.960784 F1000
G01 X87.846939 Y-65.295918 Z9.960784 F1000
G01 X87.744898 Y-65.295918 Z10 F1000
G01 X86.72449 Y-65.295918 Z10 F1000
G01 X86.622449 Y-65.295918 Z9.882353 F1000
G01 X86.520408 Y-65.295918 Z6.313725 F1000
G01 X86.418367 Y-65.295918 Z1.568627 F1000
G01 X86.316327 Y-65.295918 Z1.529412 F1000
G01 X86.112245 Y-65.295918 Z1.529412 F1000
G01 X86.010204 Y-65.295918 Z1.333333 F1000
G01 X85.397959 Y-65.295918 Z1.333333 F1000
G01 X85.295918 Y-65.295918 Z1.568627 F1000
G01 X84.887755 Y-65.295918 Z1.568627 F1000
G01 X84.785714 Y-65.295918 Z2.54902 F1000
G01 X84.683673 Y-65.295918 Z8.862745 F1000
G01 X84.581633 Y-65.295918 Z10 F1000
G01 X83.663265 Y-65.295918 Z10 F1000
G01 X83.561224 Y-65.295918 Z9.960784 F1000
G01 X63.357143 Y-65.295918 Z9.960784 F1000
G01 X63.255102 Y-65.295918 Z10 F1000
G01 X61.010204 Y-65.295918 Z10 F1000
G01 X60.908163 Y-65.295918 Z9.764706 F1000
G01 X60.806122 Y-65.295918 Z6.078431 F1000
G01 X60.704082 Y-65.295918 Z2 F1000
G01 X60.602041 Y-65.295918 Z1.647059 F1000
G01 X60.091837 Y-65.295918 Z1.647059 F1000
G01 X59.989796 Y-65.295918 Z1.568627 F1000
G01 X59.887755 Y-65.295918 Z1.333333 F1000
G01 X58.459184 Y-65.295918 Z1.333333 F1000
G01 X58.357143 Y-65.295918 Z1.490196 F1000
G01 X58.255102 Y-65.295918 Z1.568627 F1000
G01 X58.153061 Y-65.295918 Z1.647059 F1000
G01 X57.94898 Y-65.295918 Z1.647059 F1000
G01 X57.846939 Y-65.295918 Z1.882353 F1000
G01 X57.744898 Y-65.295918 Z4.54902 F1000
G01 X57.642857 Y-65.295918 Z9.529412 F1000
G01 X57.540816 Y-65.295918 Z10 F1000
G01 X55.908163 Y-65.295918 Z10 F1000
G01 X55.806122 Y-65.295918 Z9.960784 F1000
G01 X43.765306 Y-65.295918 Z9.960784 F1000
G01 X43.663265 Y-65.295918 Z10 F1000
G01 X42.540816 Y-65.295918 Z10 F1000
G01 X42.438776 Y-65.295918 Z9.882353 F1000
G01 X42.336735 Y-65.295918 Z9.647059 F1000
G01 X42.234694 Y-65.295918 Z5.568627 F1000
G01 X42.132653 Y-65.295918 Z1.803922 F1000
G01 X42.030612 Y-65.295918 Z1.607843 F1000
G01 X41.928571 Y-65.295918 Z1.333333 F1000
G01 X39.683673 Y-65.295918 Z1.333333 F1000
G01 X39.581633 Y-65.295918 Z1.411765 F1000
G01 X39.479592 Y-65.295918 Z1.647059 F1000
G01 X39.377551 Y-65.295918 Z1.686275 F1000
G01 X39.27551 Y-65.295918 Z1.686275 F1000
G01 X39.173469 Y-65.295918 Z5.294118 F1000
G01 X39.071429 Y-65.295918 Z9.529412 F1000
G01 X38.969388 Y-65.295918 Z9.843137 F1000
G01 X38.867347 Y-65.295918 Z10 F1000
G01 X37.132653 Y-65.295918 Z10 F1000
G01 X37.030612 Y-65.295918 Z9.960784 F1000
G01 X16.928571 Y-65.295918 Z9.960784 F1000
G01 X16.826531 Y-65.295918 Z10 F1000
G01 X15.5 Y-65.295918 Z10 F1000
G01 X15.397959 Y-65.295918 Z9.333333 F1000
G01 X15.295918 Y-65.295918 Z3.607843 F1000
G01 X15.193878 Y-65.295918 Z1.372549 F1000
G01 X15.091837 Y-65.295918 Z1.333333 F1000
G01 X13.663265 Y-65.295918 Z1.333333 F1000
G01 X13.561224 Y-65.295918 Z4.745098 F1000
G01 X13.459184 Y-65.295918 Z9.843137 F1000
G01 X13.357143 Y-65.295918 Z10 F1000
G01 X12.030612 Y-65.295918 Z10 F1000
G01 X11.928571 Y-65.295918 Z9.960784 F1000
G01 X0.5 Y-65.295918 Z9.960784 F1000
G01 X0.5 Y-65.397959 Z9.960784 F1000
G01 X0.5 Y-65.5 Z9.960784 F1000
G01 X0.5 Y-65.602041 Z9.960784 F1000
G01 X0.5 Y-65.704082 Z9.960784 F1000
G01 X0.5 Y-65.806122 Z9.960784 F1000
G01 X11.928571 Y-65.806122 Z9.960784 F1000
G01 X12.030612 Y-65.806122 Z10 F1000
G01 X13.459184 Y-65.806122 Z10 F1000
G01 X13.561224 Y-65.806122 Z7.058824 F1000
G01 X13.663265 Y-65.806122 Z1.647059 F1000
G01 X13.765306 Y-65.806122 Z1.411765 F1000
G01 X14.377551 Y-65.806122 Z1.411765 F1000
G01 X14.479592 Y-65.806122 Z1.333333 F1000
G01 X15.091837 Y-65.806122 Z1.333333 F1000
G01 X15.193878 Y-65.806122 Z1.372549 F1000
G01 X15.295918 Y-65.806122 Z3.607843 F1000
G01 X15.397959 Y-65.806122 Z9.333333 F1000
G01 X15.5 Y-65.806122 Z10 F1000
G01 X16.826531 Y-65.806122 Z10 F1000
G01 X16.928571 Y-65.806122 Z9.960784 F1000
G01 X36.214286 Y-65.806122 Z9.960784 F1000
G01 X36.316327 Y-65.806122 Z10 F1000
G01 X38.561224 Y-65.806122 Z10 F1000
G01 X38.663265 Y-65.806122 Z9.333333 F1000
G01 X38.765306 Y-65.806122 Z7.529412 F1000
G01 X38.867347 Y-65.806122 Z1.921569 F1000
G01 X38.969388 Y-65.806122 Z1.686275 F1000
G01 X39.071429 Y-65.806122 Z1.45098 F1000
G01 X39.581633 Y-65.806122 Z1.45098 F1000
G01 X39.683673 Y-65.806122 Z1.333333 F1000
G01 X41.112245 Y-65.806122 Z1.333333 F1000
G01 X41.214286 Y-65.806122 Z1.607843 F1000
G01 X41.418367 Y-65.806122 Z1.607843 F1000
G01 X41.520408 Y-65.806122 Z1.803922 F1000
G01 X41.928571 Y-65.806122 Z1.803922 F1000
G01 X42.030612 Y-65.806122 Z4.666667 F1000
G01 X42.132653 Y-65.806122 Z9.215686 F1000
G01 X42.234694 Y-65.806122 Z10 F1000
G01 X43.663265 Y-65.806122 Z10 F1000
G01 X43.765306 Y-65.806122 Z9.960784 F1000
G01 X55.806122 Y-65.806122 Z9.960784 F1000
G01 X55.908163 Y-65.806122 Z10 F1000
G01 X57.744898 Y-65.806122 Z10 F1000
G01 X57.846939 Y-65.806122 Z8.745098 F1000
G01 X57.94898 Y-65.806122 Z3.686275 F1000
G01 X58.05102 Y-65.806122 Z1.647059 F1000
G01 X58.357143 Y-65.806122 Z1.647059 F1000
G01 X58.459184 Y-65.806122 Z1.333333 F1000
G01 X60.704082 Y-65.806122 Z1.333333 F1000
G01 X60.806122 Y-65.806122 Z1.45098 F1000
G01 X60.908163 Y-65.806122 Z1.529412 F1000
G01 X61.010204 Y-65.806122 Z1.529412 F1000
G01 X61.112245 Y-65.806122 Z3.215686 F1000
G01 X61.214286 Y-65.806122 Z7.764706 F1000
G01 X61.316327 Y-65.806122 Z10 F1000
G01 X64.071429 Y-65.806122 Z10 F1000
G01 X64.173469 Y-65.806122 Z9.960784 F1000
G01 X82.744898 Y-65.806122 Z9.960784 F1000
G01 X82.846939 Y-65.806122 Z10 F1000
G01 X84.581633 Y-65.806122 Z10 F1000
G01 X84.683673 Y-65.806122 Z8.862745 F1000
G01 X84.785714 Y-65.806122 Z2.470588 F1000
G01 X84.887755 Y-65.806122 Z1.647059 F1000
G01 X84.989796 Y-65.806122 Z1.568627 F1000
G01 X85.193878 Y-65.806122 Z1.568627 F1000
G01 X85.295918 Y-65.806122 Z1.529412 F1000
G01 X85.397959 Y-65.806122 Z1.333333 F1000
G01 X86.010204 Y-65.806122 Z1.333333 F1000
G01 X86.112245 Y-65.806122 Z1.529412 F1000
G01 X86.214286 Y-65.806122 Z1.529412 F1000
G01 X86.316327 Y-65.806122 Z1.686275 F1000
G01 X86.418367 Y-65.806122 Z2.196078 F1000
G01 X86.520408 Y-65.806122 Z8.039216 F1000
G01 X86.622449 Y-65.806122 Z10 F1000
G01 X87.642857 Y-65.806122 Z10 F1000
G01 X87.744898 Y-65.806122 Z9.960784 F1000
G01 X99.581633 Y-65.806122 Z9.960784 F1000
G01 X99.581633 Y-65.908163 Z9.960784 F1000
G01 X99.581633 Y-66.010204 Z9.960784 F1000
G01 X99.581633 Y-66.112245 Z9.960784 F1000
G01 X99.581633 Y-66.214286 Z9.960784 F1000
G01 X99.581633 Y-66.316327 Z9.960784 F1000
G01 X87.846939 Y-66.316327 Z9.960784 F1000
G01 X87.744898 Y-66.316327 Z10 F1000
G01 X86.622449 Y-66.316327 Z10 F1000
G01 X86.520408 Y-66.316327 Z9.843137 F1000
G01 X86.418367 Y-66.316327 Z6.078431 F1000
G01 X86.316327 Y-66.316327 Z1.686275 F1000
G01 X86.214286 Y-66.316327 Z1.568627 F1000
G01 X86.112245 Y-66.316327 Z1.411765 F1000
G01 X86.010204 Y-66.316327 Z1.333333 F1000
G01 X85.397959 Y-66.316327 Z1.333333 F1000
G01 X85.295918 Y-66.316327 Z1.45098 F1000
G01 X85.193878 Y-66.316327 Z1.568627 F1000
G01 X84.989796 Y-66.316327 Z1.568627 F1000
G01 X84.887755 Y-66.316327 Z1.647059 F1000
G01 X84.785714 Y-66.316327 Z1.647059 F1000
G01 X84.683673 Y-66.316327 Z7.490196 F1000
G01 X84.581633 Y-66.316327 Z10 F1000
G01 X82.846939 Y-66.316327 Z10 F1000
G01 X82.744898 Y-66.316327 Z9.960784 F1000
G01 X64.173469 Y-66.316327 Z9.960784 F1000
G01 X64.071429 Y-66.316327 Z10 F1000
G01 X61.72449 Y-66.316327 Z10 F1000
G01 X61.622449 Y-66.316327 Z8.823529 F1000
G01 X61.520408 Y-66.316327 Z4.078431 F1000
G01 X61.418367 Y-66.316327 Z1.843137 F1000
G01 X61.214286 Y-66.316327 Z1.843137 F1000
G01 X61.112245 Y-66.316327 Z1.529412 F1000
G01 X60.908163 Y-66.316327 Z1.529412 F1000
G01 X60.806122 Y-66.316327 Z1.411765 F1000
G01 X60.704082 Y-66.316327 Z1.333333 F1000
G01 X58.459184 Y-66.316327 Z1.333333 F1000
G01 X58.357143 Y-66.316327 Z1.647059 F1000
G01 X58.255102 Y-66.316327 Z1.647059 F1000
G01 X58.153061 Y-66.316327 Z2.862745 F1000
G01 X58.05102 Y-66.316327 Z7.960784 F1000
G01 X57.94898 Y-66.316327 Z10 F1000
G01 X55.908163 Y-66.316327 Z10 F1000
G01 X55.806122 Y-66.316327 Z9.960784 F1000
G01 X43.765306 Y-66.316327 Z9.960784 F1000
G01 X43.663265 Y-66.316327 Z10 F1000
G01 X42.132653 Y-66.316327 Z10 F1000
G01 X42.030612 Y-66.316327 Z9.960784 F1000
G01 X41.928571 Y-66.316327 Z8.980392 F1000
G01 X41.826531 Y-66.316327 Z3.960784 F1000
G01 X41.72449 Y-66.316327 Z1.843137 F1000
G01 X41.622449 Y-66.316327 Z1.803922 F1000
G01 X41.520408 Y-66.316327 Z1.803922 F1000
G01 X41.418367 Y-66.316327 Z1.647059 F1000
G01 X41.316327 Y-66.316327 Z1.607843 F1000
G01 X41.214286 Y-66.316327 Z1.607843 F1000
G01 X41.112245 Y-66.316327 Z1.333333 F1000
G01 X39.683673 Y-66.316327 Z1.333333 F1000
G01 X39.581633 Y-66.316327 Z1.45098 F1000
G01 X38.765306 Y-66.316327 Z1.45098 F1000
G01 X38.663265 Y-66.316327 Z1.568627 F1000
G01 X38.561224 Y-66.316327 Z1.686275 F1000
G01 X38.459184 Y-66.316327 Z3.529412 F1000
G01 X38.357143 Y-66.316327 Z8.509804 F1000
G01 X38.255102 Y-66.316327 Z10 F1000
G01 X36.316327 Y-66.316327 Z10 F1000
G01 X36.214286 Y-66.316327 Z9.960784 F1000
G01 X16.928571 Y-66.316327 Z9.960784 F1000
G01 X16.826531 Y-66.316327 Z10 F1000
G01 X15.5 Y-66.316327 Z10 F1000
G01 X15.397959 Y-66.316327 Z8.313725 F1000
G01 X15.295918 Y-66.316327 Z2.313725 F1000
G01 X15.193878 Y-66.316327 Z1.333333 F1000
G01 X14.479592 Y-66.316327 Z1.333333 F1000
G01 X14.377551 Y-66.316327 Z1.45098 F1000
G01 X14.27551 Y-66.316327 Z1.45098 F1000
G01 X14.173469 Y-66.316327 Z1.490196 F1000
G01 X14.071429 Y-66.316327 Z1.490196 F1000
G01 X13.969388 Y-66.316327 Z1.568627 F1000
G01 X13.765306 Y-66.316327 Z1.568627 F1000
G01 X13.663265 Y-66.316327 Z4.823529 F1000
G01 X13.561224 Y-66.316327 Z9.764706 F1000
G01 X13.459184 Y-66.316327 Z10 F1000
G01 X12.030612 Y-66.316327 Z10 F1000
G01 X11.928571 Y-66.316327 Z9.960784 F1000
G01 X0.5 Y-66.316327 Z9.960784 F1000
G01 X0.5 Y-66.418367 Z9.960784 F1000
G01 X0.5 Y-66.520408 Z9.960784 F1000
G01 X0.5 Y-66.622449 Z9.960784 F1000
G01 X0.5 Y-66.72449 Z9.960784 F1000
G01 X0.5 Y-66.826531 Z9.960784 F1000
G01 X11.928571 Y-66.826531 Z9.960784 F1000
G01 X12.030612 Y-66.826531 Z10 F1000
G01 X13.459184 Y-66.826531 Z10 F1000
G01 X13.561224 Y-66.826531 Z9.921569 F1000
G01 X13.663265 Y-66.826531 Z9.568627 F1000
G01 X13.765306 Y-66.826531 Z3.764706 F1000
G01 X13.867347 Y-66.826531 Z1.647059 F1000
G01 X13.969388 Y-66.826531 Z1.647059 F1000
G01 X14.071429 Y-66.826531 Z1.529412 F1000
G01 X14.377551 Y-66.826531 Z1.529412 F1000
G01 X14.479592 Y-66.826531 Z1.333333 F1000
G01 X15.091837 Y-66.826531 Z1.333333 F1000
G01 X15.193878 Y-66.826531 Z1.529412 F1000
G01 X15.295918 Y-66.826531 Z1.568627 F1000
G01 X15.397959 Y-66.826531 Z4.745098 F1000
G01 X15.5 Y-66.826531 Z9.803922 F1000
G01 X15.602041 Y-66.826531 Z10 F1000
G01 X16.826531 Y-66.826531 Z10 F1000
G01 X16.928571 Y-66.826531 Z9.960784 F1000
G01 X35.397959 Y-66.826531 Z9.960784 F1000
G01 X35.5 Y-66.826531 Z10 F1000
G01 X37.744898 Y-66.826531 Z10 F1000
G01 X37.846939 Y-66.826531 Z9.72549 F1000
G01 X37.94898 Y-66.826531 Z8.54902 F1000
G01 X38.05102 Y-66.826531 Z3.294118 F1000
G01 X38.153061 Y-66.826531 Z1.686275 F1000
G01 X38.357143 Y-66.826531 Z1.686275 F1000
G01 X38.459184 Y-66.826531 Z1.568627 F1000
G01 X38.663265 Y-66.826531 Z1.568627 F1000
G01 X38.765306 Y-66.826531 Z1.411765 F1000
G01 X38.867347 Y-66.826531 Z1.333333 F1000
G01 X41.112245 Y-66.826531 Z1.333333 F1000
G01 X41.214286 Y-66.826531 Z1.45098 F1000
G01 X41.316327 Y-66.826531 Z1.647059 F1000
G01 X41.520408 Y-66.826531 Z1.647059 F1000
G01 X41.622449 Y-66.826531 Z2.117647 F1000
G01 X41.72449 Y-66.826531 Z7.568627 F1000
G01 X41.826531 Y-66.826531 Z9.882353 F1000
G01 X41.928571 Y-66.826531 Z10 F1000
G01 X43.663265 Y-66.826531 Z10 F1000
G01 X43.765306 Y-66.826531 Z9.960784 F1000
G01 X56.622449 Y-66.826531 Z9.960784 F1000
G01 X56.72449 Y-66.826531 Z10 F1000
G01 X58.153061 Y-66.826531 Z10 F1000
G01 X58.255102 Y-66.826531 Z6.352941 F1000
G01 X58.357143 Y-66.826531 Z1.529412 F1000
G01 X58.459184 Y-66.826531 Z1.411765 F1000
G01 X59.173469 Y-66.826531 Z1.411765 F1000
G01 X59.27551 Y-66.826531 Z1.333333 F1000
G01 X61.520408 Y-66.826531 Z1.333333 F1000
G01 X61.622449 Y-66.826531 Z1.647059 F1000
G01 X61.72449 Y-66.826531 Z2.039216 F1000
G01 X61.826531 Y-66.826531 Z2.039216 F1000
G01 X61.928571 Y-66.826531 Z4.392157 F1000
G01 X62.030612 Y-66.826531 Z8.745098 F1000
G01 X62.132653 Y-66.826531 Z10 F1000
G01 X64.785714 Y-66.826531 Z10 F1000
G01 X64.887755 Y-66.826531 Z9.960784 F1000
G01 X82.744898 Y-66.826531 Z9.960784 F1000
G01 X82.846939 Y-66.826531 Z10 F1000
G01 X84.377551 Y-66.826531 Z10 F1000
G01 X84.479592 Y-66.826531 Z9.960784 F1000
G01 X84.581633 Y-66.826531 Z9.411765 F1000
G01 X84.683673 Y-66.826531 Z3.647059 F1000
G01 X84.785714 Y-66.826531 Z1.647059 F1000
G01 X84.989796 Y-66.826531 Z1.647059 F1000
G01 X85.091837 Y-66.826531 Z1.568627 F1000
G01 X85.193878 Y-66.826531 Z1.490196 F1000
G01 X85.295918 Y-66.826531 Z1.490196 F1000
G01 X85.397959 Y-66.826531 Z1.333333 F1000
G01 X86.010204 Y-66.826531 Z1.333333 F1000
G01 X86.112245 Y-66.826531 Z1.411765 F1000
G01 X86.214286 Y-66.826531 Z1.568627 F1000
G01 X86.316327 Y-66.826531 Z5.215686 F1000
G01 X86.418367 Y-66.826531 Z9.647059 F1000
G01 X86.520408 Y-66.826531 Z10 F1000
G01 X87.744898 Y-66.826531 Z10 F1000
G01 X87.846939 Y-66.826531 Z9.960784 F1000
G01 X99.581633 Y-66.826531 Z9.960784 F1000
G01 X99.581633 Y-66.928571 Z9.960784 F1000
G01 X99.581633 Y-67.030612 Z9.960784 F1000
G01 X99.581633 Y-67.132653 Z9.960784 F1000
G01 X99.581633 Y-67.234694 Z9.960784 F1000
G01 X99.581633 Y-67.336735 Z9.960784 F1000
G01 X87.846939 Y-67.336735 Z9.960784 F1000
G01 X87.744898 Y-67.336735 Z10 F1000
G01 X86.316327 Y-67.336735 Z10 F1000
G01 X86.214286 Y-67.336735 Z6.196078 F1000
G01 X86.112245 Y-67.336735 Z1.568627 F1000
G01 X85.397959 Y-67.336735 Z1.568627 F1000
G01 X85.295918 Y-67.336735 Z1.529412 F1000
G01 X85.091837 Y-67.336735 Z1.529412 F1000
G01 X84.989796 Y-67.336735 Z1.647059 F1000
G01 X84.785714 Y-67.336735 Z1.647059 F1000
G01 X84.683673 Y-67.336735 Z1.72549 F1000
G01 X84.581633 Y-67.336735 Z4.156863 F1000
G01 X84.479592 Y-67.336735 Z9.803922 F1000
G01 X84.377551 Y-67.336735 Z10 F1000
G01 X82.846939 Y-67.336735 Z10 F1000
G01 X82.744898 Y-67.336735 Z9.960784 F1000
G01 X64.989796 Y-67.336735 Z9.960784 F1000
G01 X64.887755 Y-67.336735 Z10 F1000
G01 X62.642857 Y-67.336735 Z10 F1000
G01 X62.540816 Y-67.336735 Z9.411765 F1000
G01 X62.438776 Y-67.336735 Z9.176471 F1000
G01 X62.336735 Y-67.336735 Z3.529412 F1000
G01 X62.234694 Y-67.336735 Z1.686275 F1000
G01 X62.132653 Y-67.336735 Z1.607843 F1000
G01 X61.72449 Y-67.336735 Z1.607843 F1000
G01 X61.622449 Y-67.336735 Z1.333333 F1000
G01 X59.27551 Y-67.336735 Z1.333333 F1000
G01 X59.173469 Y-67.336735 Z1.411765 F1000
G01 X59.071429 Y-67.336735 Z1.411765 F1000
G01 X58.969388 Y-67.336735 Z1.568627 F1000
G01 X58.765306 Y-67.336735 Z1.568627 F1000
G01 X58.663265 Y-67.336735 Z1.72549 F1000
G01 X58.561224 Y-67.336735 Z1.72549 F1000
G01 X58.459184 Y-67.336735 Z3.921569 F1000
G01 X58.357143 Y-67.336735 Z9.568627 F1000
G01 X58.255102 Y-67.336735 Z10 F1000
G01 X56.72449 Y-67.336735 Z10 F1000
G01 X56.622449 Y-67.336735 Z9.960784 F1000
G01 X43.765306 Y-67.336735 Z9.960784 F1000
G01 X43.663265 Y-67.336735 Z10 F1000
G01 X41.72449 Y-67.336735 Z10 F1000
G01 X41.622449 Y-67.336735 Z9.843137 F1000
G01 X41.520408 Y-67.336735 Z4.705882 F1000
G01 X41.418367 Y-67.336735 Z1.647059 F1000
G01 X41.316327 Y-67.336735 Z1.647059 F1000
G01 X41.214286 Y-67.336735 Z1.45098 F1000
G01 X41.112245 Y-67.336735 Z1.333333 F1000
G01 X38.765306 Y-67.336735 Z1.333333 F1000
G01 X38.663265 Y-67.336735 Z1.372549 F1000
G01 X38.459184 Y-67.336735 Z1.372549 F1000
G01 X38.357143 Y-67.336735 Z1.686275 F1000
G01 X37.744898 Y-67.336735 Z1.686275 F1000
G01 X37.642857 Y-67.336735 Z3.019608 F1000
G01 X37.540816 Y-67.336735 Z8.235294 F1000
G01 X37.438776 Y-67.336735 Z10 F1000
G01 X34.683673 Y-67.336735 Z10 F1000
G01 X34.581633 Y-67.336735 Z9.960784 F1000
G01 X17.744898 Y-67.336735 Z9.960784 F1000
G01 X17.642857 Y-67.336735 Z10 F1000
G01 X15.704082 Y-67.336735 Z10 F1000
G01 X15.602041 Y-67.336735 Z9.843137 F1000
G01 X15.5 Y-67.336735 Z5.411765 F1000
G01 X15.397959 Y-67.336735 Z1.72549 F1000
G01 X15.295918 Y-67.336735 Z1.568627 F1000
G01 X15.193878 Y-67.336735 Z1.529412 F1000
G01 X15.091837 Y-67.336735 Z1.333333 F1000
G01 X14.479592 Y-67.336735 Z1.333333 F1000
G01 X14.377551 Y-67.336735 Z1.529412 F1000
G01 X14.071429 Y-67.336735 Z1.529412 F1000
G01 X13.969388 Y-67.336735 Z1.647059 F1000
G01 X13.867347 Y-67.336735 Z4.901961 F1000
G01 X13.765306 Y-67.336735 Z9.764706 F1000
G01 X13.663265 Y-67.336735 Z10 F1000
G01 X12.132653 Y-67.336735 Z10 F1000
G01 X12.030612 Y-67.336735 Z9.960784 F1000
G01 X0.5 Y-67.336735 Z9.960784 F1000
G01 X0.5 Y-67.438776 Z9.960784 F1000
G01 X0.5 Y-67.540816 Z9.960784 F1000
G01 X0.5 Y-67.642857 Z9.960784 F1000
G01 X0.5 Y-67.744898 Z9.960784 F1000
G01 X0.5 Y-67.846939 Z9.960784 F1000
G01 X12.132653 Y-67.846939 Z9.960784 F1000
G01 X12.234694 Y-67.846939 Z10 F1000
G01 X13.765306 Y-67.846939 Z10 F1000
G01 X13.867347 Y-67.846939 Z9.882353 F1000
G01 X13.969388 Y-67.846939 Z7.529412 F1000
G01 X14.071429 Y-67.846939 Z1.843137 F1000
G01 X14.173469 Y-67.846939 Z1.607843 F1000
G01 X14.27551 Y-67.846939 Z1.607843 F1000
G01 X14.377551 Y-67.846939 Z1.372549 F1000
G01 X14.479592 Y-67.846939 Z1.333333 F1000
G01 X15.091837 Y-67.846939 Z1.333333 F1000
G01 X15.193878 Y-67.846939 Z1.490196 F1000
G01 X15.295918 Y-67.846939 Z1.490196 F1000
G01 X15.397959 Y-67.846939 Z1.72549 F1000
G01 X15.5 Y-67.846939 Z1.72549 F1000
G01 X15.602041 Y-67.846939 Z3.45098 F1000
G01 X15.704082 Y-67.846939 Z9.411765 F1000
G01 X15.806122 Y-67.846939 Z9.803922 F1000
G01 X15.908163 Y-67.846939 Z10 F1000
G01 X17.642857 Y-67.846939 Z10 F1000
G01 X17.744898 Y-67.846939 Z9.960784 F1000
G01 X34.581633 Y-67.846939 Z9.960784 F1000
G01 X34.683673 Y-67.846939 Z10 F1000
G01 X36.928571 Y-67.846939 Z10 F1000
G01 X37.030612 Y-67.846939 Z9.019608 F1000
G01 X37.132653 Y-67.846939 Z6.54902 F1000
G01 X37.234694 Y-67.846939 Z2.039216 F1000
G01 X37.336735 Y-67.846939 Z1.764706 F1000
G01 X37.540816 Y-67.846939 Z1.764706 F1000
G01 X37.642857 Y-67.846939 Z1.568627 F1000
G01 X37.846939 Y-67.846939 Z1.568627 F1000
G01 X37.94898 Y-67.846939 Z1.45098 F1000
G01 X38.05102 Y-67.846939 Z1.333333 F1000
G01 X41.112245 Y-67.846939 Z1.333333 F1000
G01 X41.214286 Y-67.846939 Z1.490196 F1000
G01 X41.316327 Y-67.846939 Z1.764706 F1000
G01 X41.418367 Y-67.846939 Z8.078431 F1000
G01 X41.520408 Y-67.846939 Z10 F1000
G01 X42.846939 Y-67.846939 Z10 F1000
G01 X42.94898 Y-67.846939 Z9.960784 F1000
G01 X56.622449 Y-67.846939 Z9.960784 F1000
G01 X56.72449 Y-67.846939 Z10 F1000
G01 X58.459184 Y-67.846939 Z10 F1000
G01 X58.561224 Y-67.846939 Z6.509804 F1000
G01 X58.663265 Y-67.846939 Z1.72549 F1000
G01 X58.765306 Y-67.846939 Z1.607843 F1000
G01 X58.867347 Y-67.846939 Z1.607843 F1000
G01 X58.969388 Y-67.846939 Z1.568627 F1000
G01 X59.071429 Y-67.846939 Z1.45098 F1000
G01 X59.173469 Y-67.846939 Z1.45098 F1000
G01 X59.27551 Y-67.846939 Z1.333333 F1000
G01 X62.336735 Y-67.846939 Z1.333333 F1000
G01 X62.438776 Y-67.846939 Z1.607843 F1000
G01 X62.540816 Y-67.846939 Z1.921569 F1000
G01 X62.642857 Y-67.846939 Z1.921569 F1000
G01 X62.744898 Y-67.846939 Z2.901961 F1000
G01 X62.846939 Y-67.846939 Z7.254902 F1000
G01 X62.94898 Y-67.846939 Z10 F1000
G01 X64.887755 Y-67.846939 Z10 F1000
G01 X64.989796 Y-67.846939 Z9.960784 F1000
G01 X82.744898 Y-67.846939 Z9.960784 F1000
G01 X82.846939 Y-67.846939 Z10 F1000
G01 X84.173469 Y-67.846939 Z10 F1000
G01 X84.27551 Y-67.846939 Z9.882353 F1000
G01 X84.377551 Y-67.846939 Z8.745098 F1000
G01 X84.479592 Y-67.846939 Z2.705882 F1000
G01 X84.581633 Y-67.846939 Z1.529412 F1000
G01 X85.193878 Y-67.846939 Z1.529412 F1000
G01 X85.295918 Y-67.846939 Z1.607843 F1000
G01 X85.908163 Y-67.846939 Z1.607843 F1000
G01 X86.010204 Y-67.846939 Z2.588235 F1000
G01 X86.112245 Y-67.846939 Z8.313725 F1000
G01 X86.214286 Y-67.846939 Z10 F1000
G01 X87.744898 Y-67.846939 Z10 F1000
G01 X87.846939 Y-67.846939 Z9.960784 F1000
G01 X99.581633 Y-67.846939 Z9.960784 F1000
G01 X99.581633 Y-67.94898 Z9.960784 F1000
G01 X99.581633 Y-68.05102 Z9.960784 F1000
G01 X99.581633 Y-68.153061 Z9.960784 F1000
G01 X99.581633 Y-68.255102 Z9.960784 F1000
G01 X99.581633 Y-68.357143 Z9.960784 F1000
G01 X87.846939 Y-68.357143 Z9.960784 F1000
G01 X87.744898 Y-68.357143 Z10 F1000
G01 X86.010204 Y-68.357143 Z10 F1000
G01 X85.908163 Y-68.357143 Z6.352941 F1000
G01 X85.806122 Y-68.357143 Z1.72549 F1000
G01 X85.397959 Y-68.357143 Z1.72549 F1000
G01 X85.295918 Y-68.357143 Z1.607843 F1000
G01 X85.193878 Y-68.357143 Z1.333333 F1000
G01 X84.581633 Y-68.357143 Z1.333333 F1000
G01 X84.479592 Y-68.357143 Z1.647059 F1000
G01 X84.377551 Y-68.357143 Z1.72549 F1000
G01 X84.27551 Y-68.357143 Z5.019608 F1000
G01 X84.173469 Y-68.357143 Z9.72549 F1000
G01 X84.071429 Y-68.357143 Z9.921569 F1000
G01 X83.969388 Y-68.357143 Z9.960784 F1000
G01 X83.867347 Y-68.357143 Z10 F1000
G01 X82.030612 Y-68.357143 Z10 F1000
G01 X81.928571 Y-68.357143 Z9.960784 F1000
G01 X65.704082 Y-68.357143 Z9.960784 F1000
G01 X65.602041 Y-68.357143 Z10 F1000
G01 X63.459184 Y-68.357143 Z10 F1000
G01 X63.357143 Y-68.357143 Z8.980392 F1000
G01 X63.255102 Y-68.357143 Z4.784314 F1000
G01 X63.153061 Y-68.357143 Z1.921569 F1000
G01 X63.05102 Y-68.357143 Z1.686275 F1000
G01 X62.438776 Y-68.357143 Z1.686275 F1000
G01 X62.336735 Y-68.357143 Z1.411765 F1000
G01 X62.234694 Y-68.357143 Z1.529412 F1000
G01 X61.72449 Y-68.357143 Z1.529412 F1000
G01 X61.622449 Y-68.357143 Z1.607843 F1000
G01 X60.704082 Y-68.357143 Z1.607843 F1000
G01 X60.602041 Y-68.357143 Z1.568627 F1000
G01 X60.091837 Y-68.357143 Z1.568627 F1000
G01 X59.989796 Y-68.357143 Z1.372549 F1000
G01 X59.887755 Y-68.357143 Z1.333333 F1000
G01 X59.27551 Y-68.357143 Z1.333333 F1000
G01 X59.173469 Y-68.357143 Z1.568627 F1000
G01 X58.969388 Y-68.357143 Z1.568627 F1000
G01 X58.867347 Y-68.357143 Z1.607843 F1000
G01 X58.765306 Y-68.357143 Z2.705882 F1000
G01 X58.663265 Y-68.357143 Z8.509804 F1000
G01 X58.561224 Y-68.357143 Z10 F1000
G01 X56.72449 Y-68.357143 Z10 F1000
G01 X56.622449 Y-68.357143 Z9.960784 F1000
G01 X42.94898 Y-68.357143 Z9.960784 F1000
G01 X42.846939 Y-68.357143 Z10 F1000
G01 X41.418367 Y-68.357143 Z10 F1000
G01 X41.316327 Y-68.357143 Z8.862745 F1000
G01 X41.214286 Y-68.357143 Z3.882353 F1000
G01 X41.112245 Y-68.357143 Z1.607843 F1000
G01 X41.010204 Y-68.357143 Z1.607843 F1000
G01 X40.908163 Y-68.357143 Z1.529412 F1000
G01 X40.704082 Y-68.357143 Z1.529412 F1000
G01 X40.602041 Y-68.357143 Z1.372549 F1000
G01 X40.397959 Y-68.357143 Z1.372549 F1000
G01 X40.295918 Y-68.357143 Z1.333333 F1000
G01 X39.683673 Y-68.357143 Z1.333333 F1000
G01 X39.581633 Y-68.357143 Z1.686275 F1000
G01 X39.479592 Y-68.357143 Z1.686275 F1000
G01 X39.377551 Y-68.357143 Z1.843137 F1000
G01 X38.255102 Y-68.357143 Z1.843137 F1000
G01 X38.153061 Y-68.357143 Z1.490196 F1000
G01 X37.94898 Y-68.357143 Z1.490196 F1000
G01 X37.846939 Y-68.357143 Z1.333333 F1000
G01 X37.234694 Y-68.357143 Z1.333333 F1000
G01 X37.132653 Y-68.357143 Z1.607843 F1000
G01 X37.030612 Y-68.357143 Z1.921569 F1000
G01 X36.826531 Y-68.357143 Z1.921569 F1000
G01 X36.72449 Y-68.357143 Z4.117647 F1000
G01 X36.622449 Y-68.357143 Z8.784314 F1000
G01 X36.520408 Y-68.357143 Z10 F1000
G01 X33.969388 Y-68.357143 Z10 F1000
G01 X33.867347 Y-68.357143 Z9.960784 F1000
G01 X17.744898 Y-68.357143 Z9.960784 F1000
G01 X17.642857 Y-68.357143 Z10 F1000
G01 X16.112245 Y-68.357143 Z10 F1000
G01 X16.010204 Y-68.357143 Z9.960784 F1000
G01 X15.908163 Y-68.357143 Z9.764706 F1000
G01 X15.806122 Y-68.357143 Z6.352941 F1000
G01 X15.704082 Y-68.357143 Z1.568627 F1000
G01 X15.5 Y-68.357143 Z1.568627 F1000
G01 X15.397959 Y-68.357143 Z1.529412 F1000
G01 X15.193878 Y-68.357143 Z1.529412 F1000
G01 X15.091837 Y-68.357143 Z1.333333 F1000
G01 X14.479592 Y-68.357143 Z1.333333 F1000
G01 X14.377551 Y-68.357143 Z1.529412 F1000
G01 X14.27551 Y-68.357143 Z1.803922 F1000
G01 X14.173469 Y-68.357143 Z5.411765 F1000
G01 X14.071429 Y-68.357143 Z9.529412 F1000
G01 X13.969388 Y-68.357143 Z10 F1000
G01 X12.744898 Y-68.357143 Z10 F1000
G01 X12.642857 Y-68.357143 Z9.960784 F1000
G01 X0.5 Y-68.357143 Z9.960784 F1000
G01 X0.5 Y-68.459184 Z9.960784 F1000
G01 X0.5 Y-68.561224 Z9.960784 F1000
G01 X0.5 Y-68.663265 Z9.960784 F1000
G01 X0.5 Y-68.765306 Z9.960784 F1000
G01 X0.5 Y-68.867347 Z9.960784 F1000
G01 X12.642857 Y-68.867347 Z9.960784 F1000
G01 X12.744898 Y-68.867347 Z10 F1000
G01 X14.27551 Y-68.867347 Z10 F1000
G01 X14.377551 Y-68.867347 Z4.470588 F1000
G01 X14.479592 Y-68.867347 Z1.333333 F1000
G01 X15.091837 Y-68.867347 Z1.333333 F1000
G01 X15.193878 Y-68.867347 Z1.529412 F1000
G01 X15.397959 Y-68.867347 Z1.529412 F1000
G01 X15.5 Y-68.867347 Z1.568627 F1000
G01 X15.704082 Y-68.867347 Z1.568627 F1000
G01 X15.806122 Y-68.867347 Z1.764706 F1000
G01 X15.908163 Y-68.867347 Z1.764706 F1000
G01 X16.010204 Y-68.867347 Z5.921569 F1000
G01 X16.112245 Y-68.867347 Z9.647059 F1000
G01 X16.214286 Y-68.867347 Z9.921569 F1000
G01 X16.316327 Y-68.867347 Z10 F1000
G01 X17.642857 Y-68.867347 Z10 F1000
G01 X17.744898 Y-68.867347 Z9.960784 F1000
G01 X33.765306 Y-68.867347 Z9.960784 F1000
G01 X33.867347 Y-68.867347 Z10 F1000
G01 X36.010204 Y-68.867347 Z10 F1000
G01 X36.112245 Y-68.867347 Z9.098039 F1000
G01 X36.214286 Y-68.867347 Z5.372549 F1000
G01 X36.316327 Y-68.867347 Z1.843137 F1000
G01 X36.418367 Y-68.867347 Z1.72549 F1000
G01 X36.826531 Y-68.867347 Z1.72549 F1000
G01 X36.928571 Y-68.867347 Z1.686275 F1000
G01 X37.030612 Y-68.867347 Z1.686275 F1000
G01 X37.132653 Y-68.867347 Z1.607843 F1000
G01 X37.234694 Y-68.867347 Z1.333333 F1000
G01 X37.846939 Y-68.867347 Z1.333333 F1000
G01 X37.94898 Y-68.867347 Z1.607843 F1000
G01 X38.05102 Y-68.867347 Z3.019608 F1000
G01 X38.153061 Y-68.867347 Z6.431373 F1000
G01 X38.255102 Y-68.867347 Z9.686275 F1000
G01 X39.173469 Y-68.867347 Z9.686275 F1000
G01 X39.27551 Y-68.867347 Z5.764706 F1000
G01 X39.377551 Y-68.867347 Z1.843137 F1000
G01 X39.479592 Y-68.867347 Z1.764706 F1000
G01 X39.581633 Y-68.867347 Z1.686275 F1000
G01 X39.683673 Y-68.867347 Z1.333333 F1000
G01 X40.295918 Y-68.867347 Z1.333333 F1000
G01 X40.397959 Y-68.867347 Z1.529412 F1000
G01 X40.5 Y-68.867347 Z1.529412 F1000
G01 X40.602041 Y-68.867347 Z1.607843 F1000
G01 X41.010204 Y-68.867347 Z1.607843 F1000
G01 X41.112245 Y-68.867347 Z5.294118 F1000
G01 X41.214286 Y-68.867347 Z10 F1000
G01 X42.846939 Y-68.867347 Z10 F1000
G01 X42.94898 Y-68.867347 Z9.960784 F1000
G01 X56.826531 Y-68.867347 Z9.960784 F1000
G01 X56.928571 Y-68.867347 Z10 F1000
G01 X58.663265 Y-68.867347 Z10 F1000
G01 X58.765306 Y-68.867347 Z9.294118 F1000
G01 X58.867347 Y-68.867347 Z4.27451 F1000
G01 X58.969388 Y-68.867347 Z1.568627 F1000
G01 X59.173469 Y-68.867347 Z1.568627 F1000
G01 X59.27551 Y-68.867347 Z1.333333 F1000
G01 X59.887755 Y-68.867347 Z1.333333 F1000
G01 X59.989796 Y-68.867347 Z1.72549 F1000
G01 X60.295918 Y-68.867347 Z1.72549 F1000
G01 X60.397959 Y-68.867347 Z1.843137 F1000
G01 X60.5 Y-68.867347 Z1.843137 F1000
G01 X60.602041 Y-68.867347 Z2.27451 F1000
G01 X60.704082 Y-68.867347 Z6.588235 F1000
G01 X60.806122 Y-68.867347 Z9.960784 F1000
G01 X61.72449 Y-68.867347 Z9.960784 F1000
G01 X61.826531 Y-68.867347 Z5.176471 F1000
G01 X61.928571 Y-68.867347 Z2 F1000
G01 X62.030612 Y-68.867347 Z1.607843 F1000
G01 X62.336735 Y-68.867347 Z1.607843 F1000
G01 X62.438776 Y-68.867347 Z1.686275 F1000
G01 X63.561224 Y-68.867347 Z1.686275 F1000
G01 X63.663265 Y-68.867347 Z2.156863 F1000
G01 X63.765306 Y-68.867347 Z6.156863 F1000
G01 X63.867347 Y-68.867347 Z9.647059 F1000
G01 X63.969388 Y-68.867347 Z9.843137 F1000
G01 X64.071429 Y-68.867347 Z10 F1000
G01 X65.704082 Y-68.867347 Z10 F1000
G01 X65.806122 Y-68.867347 Z9.960784 F1000
G01 X81.928571 Y-68.867347 Z9.960784 F1000
G01 X82.030612 Y-68.867347 Z10 F1000
G01 X83.867347 Y-68.867347 Z10 F1000
G01 X83.969388 Y-68.867347 Z9.45098 F1000
G01 X84.071429 Y-68.867347 Z5.176471 F1000
G01 X84.173469 Y-68.867347 Z1.647059 F1000
G01 X84.479592 Y-68.867347 Z1.647059 F1000
G01 X84.581633 Y-68.867347 Z1.333333 F1000
G01 X85.193878 Y-68.867347 Z1.333333 F1000
G01 X85.295918 Y-68.867347 Z1.529412 F1000
G01 X85.397959 Y-68.867347 Z1.72549 F1000
G01 X85.602041 Y-68.867347 Z1.72549 F1000
G01 X85.704082 Y-68.867347 Z5.960784 F1000
G01 X85.806122 Y-68.867347 Z9.803922 F1000
G01 X85.908163 Y-68.867347 Z10 F1000
G01 X87.744898 Y-68.867347 Z10 F1000
G01 X87.846939 Y-68.867347 Z9.960784 F1000
G01 X99.581633 Y-68.867347 Z9.960784 F1000
G01 X99.581633 Y-68.969388 Z9.960784 F1000
G01 X99.581633 Y-69.071429 Z9.960784 F1000
G01 X99.581633 Y-69.173469 Z9.960784 F1000
G01 X99.581633 Y-69.27551 Z9.960784 F1000
G01 X99.581633 Y-69.377551 Z9.960784 F1000
G01 X87.030612 Y-69.377551 Z9.960784 F1000
G01 X86.928571 Y-69.377551 Z10 F1000
G01 X85.806122 Y-69.377551 Z10 F1000
G01 X85.704082 Y-69.377551 Z9.882353 F1000
G01 X85.602041 Y-69.377551 Z9.764706 F1000
G01 X85.5 Y-69.377551 Z7.529412 F1000
G01 X85.397959 Y-69.377551 Z1.921569 F1000
G01 X85.295918 Y-69.377551 Z1.529412 F1000
G01 X85.193878 Y-69.377551 Z1.333333 F1000
G01 X84.581633 Y-69.377551 Z1.333333 F1000
G01 X84.479592 Y-69.377551 Z1.490196 F1000
G01 X84.377551 Y-69.377551 Z1.490196 F1000
G01 X84.27551 Y-69.377551 Z1.529412 F1000
G01 X84.173469 Y-69.377551 Z1.568627 F1000
G01 X83.969388 Y-69.377551 Z1.568627 F1000
G01 X83.867347 Y-69.377551 Z3.372549 F1000
G01 X83.765306 Y-69.377551 Z8.941176 F1000
G01 X83.663265 Y-69.377551 Z9.843137 F1000
G01 X83.561224 Y-69.377551 Z10 F1000
G01 X82.030612 Y-69.377551 Z10 F1000
G01 X81.928571 Y-69.377551 Z9.960784 F1000
G01 X67.132653 Y-69.377551 Z9.960784 F1000
G01 X67.030612 Y-69.377551 Z10 F1000
G01 X64.479592 Y-69.377551 Z10 F1000
G01 X64.377551 Y-69.377551 Z9.607843 F1000
G01 X64.27551 Y-69.377551 Z5.960784 F1000
G01 X64.173469 Y-69.377551 Z2.156863 F1000
G01 X64.071429 Y-69.377551 Z1.686275 F1000
G01 X63.969388 Y-69.377551 Z1.686275 F1000
G01 X63.867347 Y-69.377551 Z1.607843 F1000
G01 X63.357143 Y-69.377551 Z1.607843 F1000
G01 X63.255102 Y-69.377551 Z1.647059 F1000
G01 X62.438776 Y-69.377551 Z1.647059 F1000
G01 X62.336735 Y-69.377551 Z3.803922 F1000
G01 X62.234694 Y-69.377551 Z8.078431 F1000
G01 X62.132653 Y-69.377551 Z10 F1000
G01 X60.908163 Y-69.377551 Z10 F1000
G01 X60.806122 Y-69.377551 Z9.960784 F1000
G01 X60.704082 Y-69.377551 Z6.588235 F1000
G01 X60.602041 Y-69.377551 Z2.27451 F1000
G01 X60.5 Y-69.377551 Z1.843137 F1000
G01 X60.397959 Y-69.377551 Z1.843137 F1000
G01 X60.295918 Y-69.377551 Z1.72549 F1000
G01 X59.989796 Y-69.377551 Z1.72549 F1000
G01 X59.887755 Y-69.377551 Z1.333333 F1000
G01 X59.27551 Y-69.377551 Z1.333333 F1000
G01 X59.173469 Y-69.377551 Z1.529412 F1000
G01 X59.071429 Y-69.377551 Z1.529412 F1000
G01 X58.969388 Y-69.377551 Z5.333333 F1000
G01 X58.867347 Y-69.377551 Z10 F1000
G01 X57.540816 Y-69.377551 Z10 F1000
G01 X57.438776 Y-69.377551 Z9.960784 F1000
G01 X42.94898 Y-69.377551 Z9.960784 F1000
G01 X42.846939 Y-69.377551 Z10 F1000
G01 X41.112245 Y-69.377551 Z10 F1000
G01 X41.010204 Y-69.377551 Z6.745098 F1000
G01 X40.908163 Y-69.377551 Z1.647059 F1000
G01 X40.5 Y-69.377551 Z1.647059 F1000
G01 X40.397959 Y-69.377551 Z1.529412 F1000
G01 X40.295918 Y-69.377551 Z1.333333 F1000
G01 X39.683673 Y-69.377551 Z1.333333 F1000
G01 X39.581633 Y-69.377551 Z1.607843 F1000
G01 X39.479592 Y-69.377551 Z1.764706 F1000
G01 X39.377551 Y-69.377551 Z1.803922 F1000
G01 X39.27551 Y-69.377551 Z5.764706 F1000
G01 X39.173469 Y-69.377551 Z9.686275 F1000
G01 X39.071429 Y-69.377551 Z10 F1000
G01 X37.94898 Y-69.377551 Z10 F1000
G01 X37.846939 Y-69.377551 Z9.882353 F1000
G01 X37.744898 Y-69.377551 Z9.137255 F1000
G01 X37.642857 Y-69.377551 Z4.588235 F1000
G01 X37.540816 Y-69.377551 Z1.843137 F1000
G01 X37.336735 Y-69.377551 Z1.843137 F1000
G01 X37.234694 Y-69.377551 Z1.647059 F1000
G01 X37.132653 Y-69.377551 Z1.647059 F1000
G01 X37.030612 Y-69.377551 Z1.333333 F1000
G01 X36.418367 Y-69.377551 Z1.333333 F1000
G01 X36.316327 Y-69.377551 Z1.843137 F1000
G01 X35.908163 Y-69.377551 Z1.843137 F1000
G01 X35.806122 Y-69.377551 Z1.882353 F1000
G01 X35.704082 Y-69.377551 Z5.529412 F1000
G01 X35.602041 Y-69.377551 Z9.215686 F1000
G01 X35.5 Y-69.377551 Z9.686275 F1000
G01 X35.397959 Y-69.377551 Z10 F1000
G01 X33.05102 Y-69.377551 Z10 F1000
G01 X32.94898 Y-69.377551 Z9.960784 F1000
G01 X18.561224 Y-69.377551 Z9.960784 F1000
G01 X18.459184 Y-69.377551 Z10 F1000
G01 X16.622449 Y-69.377551 Z10 F1000
G01 X16.520408 Y-69.377551 Z9.843137 F1000
G01 X16.418367 Y-69.377551 Z9.803922 F1000
G01 X16.316327 Y-69.377551 Z9.372549 F1000
G01 X16.214286 Y-69.377551 Z4.235294 F1000
G01 X16.112245 Y-69.377551 Z1.568627 F1000
G01 X16.010204 Y-69.377551 Z1.568627 F1000
G01 X15.908163 Y-69.377551 Z1.333333 F1000
G01 X15.295918 Y-69.377551 Z1.333333 F1000
G01 X15.193878 Y-69.377551 Z1.45098 F1000
G01 X15.091837 Y-69.377551 Z1.45098 F1000
G01 X14.989796 Y-69.377551 Z1.686275 F1000
G01 X14.683673 Y-69.377551 Z1.686275 F1000
G01 X14.581633 Y-69.377551 Z6.54902 F1000
G01 X14.479592 Y-69.377551 Z9.803922 F1000
G01 X14.377551 Y-69.377551 Z10 F1000
G01 X12.744898 Y-69.377551 Z10 F1000
G01 X12.642857 Y-69.377551 Z9.960784 F1000
G01 X0.5 Y-69.377551 Z9.960784 F1000
G01 X0.5 Y-69.479592 Z9.960784 F1000
G01 X0.5 Y-69.581633 Z9.960784 F1000
G01 X0.5 Y-69.683673 Z9.960784 F1000
G01 X0.5 Y-69.785714 Z9.960784 F1000
G01 X0.5 Y-69.887755 Z9.960784 F1000
G01 X12.642857 Y-69.887755 Z9.960784 F1000
G01 X12.744898 Y-69.887755 Z10 F1000
G01 X14.683673 Y-69.887755 Z10 F1000
G01 X14.785714 Y-69.887755 Z8.078431 F1000
G01 X14.887755 Y-69.887755 Z3.843137 F1000
G01 X14.989796 Y-69.887755 Z1.686275 F1000
G01 X15.091837 Y-69.887755 Z1.529412 F1000
G01 X15.193878 Y-69.887755 Z1.529412 F1000
G01 X15.295918 Y-69.887755 Z1.333333 F1000
G01 X15.908163 Y-69.887755 Z1.333333 F1000
G01 X16.010204 Y-69.887755 Z1.568627 F1000
G01 X16.112245 Y-69.887755 Z1.568627 F1000
G01 X16.214286 Y-69.887755 Z1.607843 F1000
G01 X16.316327 Y-69.887755 Z1.764706 F1000
G01 X16.418367 Y-69.887755 Z1.764706 F1000
G01 X16.520408 Y-69.887755 Z5.686275 F1000
G01 X16.622449 Y-69.887755 Z10 F1000
G01 X18.459184 Y-69.887755 Z10 F1000
G01 X18.561224 Y-69.887755 Z9.960784 F1000
G01 X32.132653 Y-69.887755 Z9.960784 F1000
G01 X32.234694 Y-69.887755 Z10 F1000
G01 X34.989796 Y-69.887755 Z10 F1000
G01 X35.091837 Y-69.887755 Z8.431373 F1000
G01 X35.193878 Y-69.887755 Z4.54902 F1000
G01 X35.295918 Y-69.887755 Z1.607843 F1000
G01 X35.397959 Y-69.887755 Z1.607843 F1000
G01 X35.5 Y-69.887755 Z1.490196 F1000
G01 X35.602041 Y-69.887755 Z1.333333 F1000
G01 X36.214286 Y-69.887755 Z1.333333 F1000
G01 X36.316327 Y-69.887755 Z1.568627 F1000
G01 X36.418367 Y-69.887755 Z1.607843 F1000
G01 X36.520408 Y-69.887755 Z1.647059 F1000
G01 X36.622449 Y-69.887755 Z1.921569 F1000
G01 X37.030612 Y-69.887755 Z1.921569 F1000
G01 X37.132653 Y-69.887755 Z4.196078 F1000
G01 X37.234694 Y-69.887755 Z7.176471 F1000
G01 X37.336735 Y-69.887755 Z9.647059 F1000
G01 X37.438776 Y-69.887755 Z9.960784 F1000
G01 X37.540816 Y-69.887755 Z9.960784 F1000
G01 X37.642857 Y-69.887755 Z10 F1000
G01 X39.071429 Y-69.887755 Z10 F1000
G01 X39.173469 Y-69.887755 Z8.901961 F1000
G01 X39.27551 Y-69.887755 Z2.470588 F1000
G01 X39.377551 Y-69.887755 Z1.607843 F1000
G01 X39.581633 Y-69.887755 Z1.607843 F1000
G01 X39.683673 Y-69.887755 Z1.333333 F1000
G01 X40.295918 Y-69.887755 Z1.333333 F1000
G01 X40.397959 Y-69.887755 Z1.45098 F1000
G01 X40.5 Y-69.887755 Z1.647059 F1000
G01 X40.704082 Y-69.887755 Z1.647059 F1000
G01 X40.806122 Y-69.887755 Z2 F1000
G01 X40.908163 Y-69.887755 Z6.823529 F1000
G01 X41.010204 Y-69.887755 Z10 F1000
G01 X42.030612 Y-69.887755 Z10 F1000
G01 X42.132653 Y-69.887755 Z9.960784 F1000
G01 X57.438776 Y-69.887755 Z9.960784 F1000
G01 X57.540816 Y-69.887755 Z10 F1000
G01 X58.969388 Y-69.887755 Z10 F1000
G01 X59.071429 Y-69.887755 Z5.803922 F1000
G01 X59.173469 Y-69.887755 Z1.568627 F1000
G01 X59.27551 Y-69.887755 Z1.45098 F1000
G01 X59.377551 Y-69.887755 Z1.411765 F1000
G01 X59.479592 Y-69.887755 Z1.333333 F1000
G01 X59.887755 Y-69.887755 Z1.333333 F1000
G01 X59.989796 Y-69.887755 Z1.490196 F1000
G01 X60.091837 Y-69.887755 Z1.568627 F1000
G01 X60.295918 Y-69.887755 Z1.568627 F1000
G01 X60.397959 Y-69.887755 Z1.647059 F1000
G01 X60.602041 Y-69.887755 Z1.647059 F1000
G01 X60.704082 Y-69.887755 Z3.72549 F1000
G01 X60.806122 Y-69.887755 Z9.647059 F1000
G01 X60.908163 Y-69.887755 Z10 F1000
G01 X62.336735 Y-69.887755 Z10 F1000
G01 X62.438776 Y-69.887755 Z9.843137 F1000
G01 X62.540816 Y-69.887755 Z9.843137 F1000
G01 X62.642857 Y-69.887755 Z9.647059 F1000
G01 X62.744898 Y-69.887755 Z7.490196 F1000
G01 X62.846939 Y-69.887755 Z3.333333 F1000
G01 X62.94898 Y-69.887755 Z1.921569 F1000
G01 X63.05102 Y-69.887755 Z1.803922 F1000
G01 X63.153061 Y-69.887755 Z1.803922 F1000
G01 X63.255102 Y-69.887755 Z1.72549 F1000
G01 X63.357143 Y-69.887755 Z1.686275 F1000
G01 X64.071429 Y-69.887755 Z1.686275 F1000
G01 X64.173469 Y-69.887755 Z1.568627 F1000
G01 X64.27551 Y-69.887755 Z1.686275 F1000
G01 X64.581633 Y-69.887755 Z1.686275 F1000
G01 X64.683673 Y-69.887755 Z2.588235 F1000
G01 X64.785714 Y-69.887755 Z4.980392 F1000
G01 X64.887755 Y-69.887755 Z9.490196 F1000
G01 X64.989796 Y-69.887755 Z9.764706 F1000
G01 X65.091837 Y-69.887755 Z10 F1000
G01 X68.153061 Y-69.887755 Z10 F1000
G01 X68.255102 Y-69.887755 Z9.960784 F1000
G01 X81.112245 Y-69.887755 Z9.960784 F1000
G01 X81.214286 Y-69.887755 Z10 F1000
G01 X83.357143 Y-69.887755 Z10 F1000
G01 X83.459184 Y-69.887755 Z9.254902 F1000
G01 X83.561224 Y-69.887755 Z6.235294 F1000
G01 X83.663265 Y-69.887755 Z1.647059 F1000
G01 X83.765306 Y-69.887755 Z1.333333 F1000
G01 X84.377551 Y-69.887755 Z1.333333 F1000
G01 X84.479592 Y-69.887755 Z1.490196 F1000
G01 X84.581633 Y-69.887755 Z1.490196 F1000
G01 X84.683673 Y-69.887755 Z1.607843 F1000
G01 X85.091837 Y-69.887755 Z1.607843 F1000
G01 X85.193878 Y-69.887755 Z4.431373 F1000
G01 X85.295918 Y-69.887755 Z9.058824 F1000
G01 X85.397959 Y-69.887755 Z9.803922 F1000
G01 X85.5 Y-69.887755 Z10 F1000
G01 X86.928571 Y-69.887755 Z10 F1000
G01 X87.030612 Y-69.887755 Z9.960784 F1000
G01 X99.581633 Y-69.887755 Z9.960784 F1000
G01 X99.581633 Y-69.989796 Z9.960784 F1000
G01 X99.581633 Y-70.091837 Z9.960784 F1000
G01 X99.581633 Y-70.193878 Z9.960784 F1000
G01 X99.581633 Y-70.295918 Z9.960784 F1000
G01 X99.581633 Y-70.397959 Z9.960784 F1000
G01 X87.030612 Y-70.397959 Z9.960784 F1000
G01 X86.928571 Y-70.397959 Z10 F1000
G01 X85.091837 Y-70.397959 Z10 F1000
G01 X84.989796 Y-70.397959 Z8.078431 F1000
G01 X84.887755 Y-70.397959 Z3.490196 F1000
G01 X84.785714 Y-70.397959 Z1.686275 F1000
G01 X84.581633 Y-70.397959 Z1.686275 F1000
G01 X84.479592 Y-70.397959 Z1.490196 F1000
G01 X84.377551 Y-70.397959 Z1.333333 F1000
G01 X83.765306 Y-70.397959 Z1.333333 F1000
G01 X83.663265 Y-70.397959 Z1.647059 F1000
G01 X83.561224 Y-70.397959 Z1.764706 F1000
G01 X83.459184 Y-70.397959 Z1.803922 F1000
G01 X83.357143 Y-70.397959 Z1.803922 F1000
G01 X83.255102 Y-70.397959 Z4.784314 F1000
G01 X83.153061 Y-70.397959 Z9.803922 F1000
G01 X83.05102 Y-70.397959 Z10 F1000
G01 X81.214286 Y-70.397959 Z10 F1000
G01 X81.112245 Y-70.397959 Z9.960784 F1000
G01 X68.255102 Y-70.397959 Z9.960784 F1000
G01 X68.153061 Y-70.397959 Z10 F1000
G01 X65.602041 Y-70.397959 Z10 F1000
G01 X65.5 Y-70.397959 Z9.843137 F1000
G01 X65.397959 Y-70.397959 Z7.490196 F1000
G01 X65.295918 Y-70.397959 Z3.803922 F1000
G01 X65.193878 Y-70.397959 Z1.764706 F1000
G01 X64.989796 Y-70.397959 Z1.764706 F1000
G01 X64.887755 Y-70.397959 Z1.686275 F1000
G01 X64.27551 Y-70.397959 Z1.686275 F1000
G01 X64.173469 Y-70.397959 Z1.568627 F1000
G01 X64.071429 Y-70.397959 Z1.686275 F1000
G01 X63.867347 Y-70.397959 Z1.686275 F1000
G01 X63.765306 Y-70.397959 Z1.764706 F1000
G01 X63.663265 Y-70.397959 Z1.843137 F1000
G01 X63.459184 Y-70.397959 Z1.843137 F1000
G01 X63.357143 Y-70.397959 Z3.215686 F1000
G01 X63.255102 Y-70.397959 Z6.941176 F1000
G01 X63.153061 Y-70.397959 Z9.686275 F1000
G01 X63.05102 Y-70.397959 Z10 F1000
G01 X61.112245 Y-70.397959 Z10 F1000
G01 X61.010204 Y-70.397959 Z9.921569 F1000
G01 X60.908163 Y-70.397959 Z8.941176 F1000
G01 X60.806122 Y-70.397959 Z3.686275 F1000
G01 X60.704082 Y-70.397959 Z1.568627 F1000
G01 X60.295918 Y-70.397959 Z1.568627 F1000
G01 X60.193878 Y-70.397959 Z1.45098 F1000
G01 X60.091837 Y-70.397959 Z1.411765 F1000
G01 X59.989796 Y-70.397959 Z1.372549 F1000
G01 X59.887755 Y-70.397959 Z1.372549 F1000
G01 X59.785714 Y-70.397959 Z1.411765 F1000
G01 X59.377551 Y-70.397959 Z1.411765 F1000
G01 X59.27551 Y-70.397959 Z1.45098 F1000
G01 X59.173469 Y-70.397959 Z6.431373 F1000
G01 X59.071429 Y-70.397959 Z10 F1000
G01 X57.540816 Y-70.397959 Z10 F1000
G01 X57.438776 Y-70.397959 Z9.960784 F1000
G01 X42.030612 Y-70.397959 Z9.960784 F1000
G01 X41.928571 Y-70.397959 Z10 F1000
G01 X40.908163 Y-70.397959 Z10 F1000
G01 X40.806122 Y-70.397959 Z7.803922 F1000
G01 X40.704082 Y-70.397959 Z1.882353 F1000
G01 X40.602041 Y-70.397959 Z1.568627 F1000
G01 X40.5 Y-70.397959 Z1.568627 F1000
G01 X40.397959 Y-70.397959 Z1.45098 F1000
G01 X40.295918 Y-70.397959 Z1.333333 F1000
G01 X39.683673 Y-70.397959 Z1.333333 F1000
G01 X39.581633 Y-70.397959 Z1.411765 F1000
G01 X39.479592 Y-70.397959 Z1.411765 F1000
G01 X39.377551 Y-70.397959 Z1.607843 F1000
G01 X39.27551 Y-70.397959 Z1.607843 F1000
G01 X39.173469 Y-70.397959 Z2.823529 F1000
G01 X39.071429 Y-70.397959 Z8.470588 F1000
G01 X38.969388 Y-70.397959 Z10 F1000
G01 X36.826531 Y-70.397959 Z10 F1000
G01 X36.72449 Y-70.397959 Z7.882353 F1000
G01 X36.622449 Y-70.397959 Z3.372549 F1000
G01 X36.520408 Y-70.397959 Z1.686275 F1000
G01 X36.418367 Y-70.397959 Z1.607843 F1000
G01 X36.316327 Y-70.397959 Z1.568627 F1000
G01 X36.214286 Y-70.397959 Z1.333333 F1000
G01 X35.5 Y-70.397959 Z1.333333 F1000
G01 X35.397959 Y-70.397959 Z1.490196 F1000
G01 X35.295918 Y-70.397959 Z1.490196 F1000
G01 X35.193878 Y-70.397959 Z1.568627 F1000
G01 X34.887755 Y-70.397959 Z1.568627 F1000
G01 X34.785714 Y-70.397959 Z1.921569 F1000
G01 X34.683673 Y-70.397959 Z3.372549 F1000
G01 X34.581633 Y-70.397959 Z6.588235 F1000
G01 X34.479592 Y-70.397959 Z9.764706 F1000
G01 X34.377551 Y-70.397959 Z10 F1000
G01 X32.234694 Y-70.397959 Z10 F1000
G01 X32.132653 Y-70.397959 Z9.960784 F1000
G01 X19.377551 Y-70.397959 Z9.960784 F1000
G01 X19.27551 Y-70.397959 Z10 F1000
G01 X17.030612 Y-70.397959 Z10 F1000
G01 X16.928571 Y-70.397959 Z9.372549 F1000
G01 X16.826531 Y-70.397959 Z6.392157 F1000
G01 X16.72449 Y-70.397959 Z1.764706 F1000
G01 X16.316327 Y-70.397959 Z1.764706 F1000
G01 X16.214286 Y-70.397959 Z1.529412 F1000
G01 X16.112245 Y-70.397959 Z1.529412 F1000
G01 X16.010204 Y-70.397959 Z1.490196 F1000
G01 X15.908163 Y-70.397959 Z1.333333 F1000
G01 X15.295918 Y-70.397959 Z1.333333 F1000
G01 X15.193878 Y-70.397959 Z2.823529 F1000
G01 X15.091837 Y-70.397959 Z7.215686 F1000
G01 X14.989796 Y-70.397959 Z10 F1000
G01 X12.744898 Y-70.397959 Z10 F1000
G01 X12.642857 Y-70.397959 Z9.960784 F1000
G01 X0.5 Y-70.397959 Z9.960784 F1000
G01 X0.5 Y-70.5 Z9.960784 F1000
G01 X0.5 Y-70.602041 Z9.960784 F1000
G01 X0.5 Y-70.704082 Z9.960784 F1000
G01 X0.5 Y-70.806122 Z9.960784 F1000
G01 X0.5 Y-70.908163 Z9.960784 F1000
G01 X13.459184 Y-70.908163 Z9.960784 F1000
G01 X13.561224 Y-70.908163 Z10 F1000
G01 X15.091837 Y-70.908163 Z10 F1000
G01 X15.193878 Y-70.908163 Z9.803922 F1000
G01 X15.295918 Y-70.908163 Z9.647059 F1000
G01 X15.397959 Y-70.908163 Z7.843137 F1000
G01 X15.5 Y-70.908163 Z2.470588 F1000
G01 X15.602041 Y-70.908163 Z2.078431 F1000
G01 X15.704082 Y-70.908163 Z2.078431 F1000
G01 X15.806122 Y-70.908163 Z1.843137 F1000
G01 X15.908163 Y-70.908163 Z1.843137 F1000
G01 X16.010204 Y-70.908163 Z1.372549 F1000
G01 X16.112245 Y-70.908163 Z1.333333 F1000
G01 X16.72449 Y-70.908163 Z1.333333 F1000
G01 X16.826531 Y-70.908163 Z1.607843 F1000
G01 X16.928571 Y-70.908163 Z1.686275 F1000
G01 X17.030612 Y-70.908163 Z1.764706 F1000
G01 X17.132653 Y-70.908163 Z4.627451 F1000
G01 X17.234694 Y-70.908163 Z8.823529 F1000
G01 X17.336735 Y-70.908163 Z9.803922 F1000
G01 X17.438776 Y-70.908163 Z10 F1000
G01 X20.091837 Y-70.908163 Z10 F1000
G01 X20.193878 Y-70.908163 Z9.960784 F1000
G01 X30.5 Y-70.908163 Z9.960784 F1000
G01 X30.602041 Y-70.908163 Z10 F1000
G01 X33.663265 Y-70.908163 Z10 F1000
G01 X33.765306 Y-70.908163 Z9.960784 F1000
G01 X33.867347 Y-70.908163 Z9.882353 F1000
G01 X33.969388 Y-70.908163 Z7.294118 F1000
G01 X34.071429 Y-70.908163 Z4.313725 F1000
G01 X34.173469 Y-70.908163 Z1.568627 F1000
G01 X34.479592 Y-70.908163 Z1.568627 F1000
G01 X34.581633 Y-70.908163 Z1.529412 F1000
G01 X34.683673 Y-70.908163 Z1.529412 F1000
G01 X34.785714 Y-70.908163 Z1.333333 F1000
G01 X35.397959 Y-70.908163 Z1.333333 F1000
G01 X35.5 Y-70.908163 Z1.960784 F1000
G01 X36.010204 Y-70.908163 Z1.960784 F1000
G01 X36.112245 Y-70.908163 Z4.196078 F1000
G01 X36.214286 Y-70.908163 Z8.627451 F1000
G01 X36.316327 Y-70.908163 Z9.72549 F1000
G01 X36.418367 Y-70.908163 Z10 F1000
G01 X38.867347 Y-70.908163 Z10 F1000
G01 X38.969388 Y-70.908163 Z8.470588 F1000
G01 X39.071429 Y-70.908163 Z2.745098 F1000
G01 X39.173469 Y-70.908163 Z1.647059 F1000
G01 X39.377551 Y-70.908163 Z1.647059 F1000
G01 X39.479592 Y-70.908163 Z1.45098 F1000
G01 X39.581633 Y-70.908163 Z1.45098 F1000
G01 X39.683673 Y-70.908163 Z1.333333 F1000
G01 X40.295918 Y-70.908163 Z1.333333 F1000
G01 X40.397959 Y-70.908163 Z1.490196 F1000
G01 X40.5 Y-70.908163 Z1.686275 F1000
G01 X40.602041 Y-70.908163 Z1.686275 F1000
G01 X40.704082 Y-70.908163 Z7.254902 F1000
G01 X40.806122 Y-70.908163 Z9.921569 F1000
G01 X40.908163 Y-70.908163 Z10 F1000
G01 X42.030612 Y-70.908163 Z10 F1000
G01 X42.132653 Y-70.908163 Z9.960784 F1000
G01 X57.438776 Y-70.908163 Z9.960784 F1000
G01 X57.540816 Y-70.908163 Z10 F1000
G01 X59.071429 Y-70.908163 Z10 F1000
G01 X59.173469 Y-70.908163 Z9.882353 F1000
G01 X59.27551 Y-70.908163 Z5.921569 F1000
G01 X59.377551 Y-70.908163 Z1.72549 F1000
G01 X59.479592 Y-70.908163 Z1.72549 F1000
G01 X59.581633 Y-70.908163 Z1.529412 F1000
G01 X59.683673 Y-70.908163 Z1.529412 F1000
G01 X59.785714 Y-70.908163 Z1.490196 F1000
G01 X59.887755 Y-70.908163 Z1.490196 F1000
G01 X59.989796 Y-70.908163 Z1.411765 F1000
G01 X60.091837 Y-70.908163 Z1.333333 F1000
G01 X60.704082 Y-70.908163 Z1.333333 F1000
G01 X60.806122 Y-70.908163 Z1.411765 F1000
G01 X60.908163 Y-70.908163 Z3.607843 F1000
G01 X61.010204 Y-70.908163 Z9.294118 F1000
G01 X61.112245 Y-70.908163 Z9.921569 F1000
G01 X61.214286 Y-70.908163 Z10 F1000
G01 X63.357143 Y-70.908163 Z10 F1000
G01 X63.459184 Y-70.908163 Z9.921569 F1000
G01 X63.561224 Y-70.908163 Z9.921569 F1000
G01 X63.663265 Y-70.908163 Z9.843137 F1000
G01 X63.765306 Y-70.908163 Z8.039216 F1000
G01 X63.867347 Y-70.908163 Z3.686275 F1000
G01 X63.969388 Y-70.908163 Z1.921569 F1000
G01 X64.071429 Y-70.908163 Z1.647059 F1000
G01 X64.173469 Y-70.908163 Z1.607843 F1000
G01 X64.479592 Y-70.908163 Z1.607843 F1000
G01 X64.581633 Y-70.908163 Z1.529412 F1000
G01 X64.785714 Y-70.908163 Z1.529412 F1000
G01 X64.887755 Y-70.908163 Z1.411765 F1000
G01 X64.989796 Y-70.908163 Z1.372549 F1000
G01 X65.602041 Y-70.908163 Z1.372549 F1000
G01 X65.704082 Y-70.908163 Z1.490196 F1000
G01 X65.806122 Y-70.908163 Z1.921569 F1000
G01 X65.908163 Y-70.908163 Z4.117647 F1000
G01 X66.010204 Y-70.908163 Z8.078431 F1000
G01 X66.112245 Y-70.908163 Z10 F1000
G01 X69.27551 Y-70.908163 Z10 F1000
G01 X69.377551 Y-70.908163 Z9.960784 F1000
G01 X80.295918 Y-70.908163 Z9.960784 F1000
G01 X80.397959 Y-70.908163 Z10 F1000
G01 X82.642857 Y-70.908163 Z10 F1000
G01 X82.744898 Y-70.908163 Z9.921569 F1000
G01 X82.846939 Y-70.908163 Z8.431373 F1000
G01 X82.94898 Y-70.908163 Z3.215686 F1000
G01 X83.05102 Y-70.908163 Z1.607843 F1000
G01 X83.357143 Y-70.908163 Z1.607843 F1000
G01 X83.459184 Y-70.908163 Z1.45098 F1000
G01 X83.561224 Y-70.908163 Z1.45098 F1000
G01 X83.663265 Y-70.908163 Z1.607843 F1000
G01 X83.867347 Y-70.908163 Z1.607843 F1000
G01 X83.969388 Y-70.908163 Z1.647059 F1000
G01 X84.479592 Y-70.908163 Z1.647059 F1000
G01 X84.581633 Y-70.908163 Z3.372549 F1000
G01 X84.683673 Y-70.908163 Z8.392157 F1000
G01 X84.785714 Y-70.908163 Z9.764706 F1000
G01 X84.887755 Y-70.908163 Z10 F1000
G01 X86.928571 Y-70.908163 Z10 F1000
G01 X87.030612 Y-70.908163 Z9.960784 F1000
G01 X99.581633 Y-70.908163 Z9.960784 F1000
G01 X99.581633 Y-71.010204 Z9.960784 F1000
G01 X99.581633 Y-71.112245 Z9.960784 F1000
G01 X99.581633 Y-71.214286 Z9.960784 F1000
G01 X99.581633 Y-71.316327 Z9.960784 F1000
G01 X99.581633 Y-71.418367 Z9.960784 F1000
G01 X86.928571 Y-71.418367 Z9.960784 F1000
G01 X86.826531 Y-71.418367 Z10 F1000
G01 X84.581633 Y-71.418367 Z10 F1000
G01 X84.479592 Y-71.418367 Z9.843137 F1000
G01 X84.377551 Y-71.418367 Z9.72549 F1000
G01 X84.27551 Y-71.418367 Z4.823529 F1000
G01 X84.173469 Y-71.418367 Z1.921569 F1000
G01 X84.071429 Y-71.418367 Z1.921569 F1000
G01 X83.969388 Y-71.418367 Z1.72549 F1000
G01 X83.765306 Y-71.418367 Z1.72549 F1000
G01 X83.663265 Y-71.418367 Z1.607843 F1000
G01 X83.561224 Y-71.418367 Z1.372549 F1000
G01 X83.459184 Y-71.418367 Z1.411765 F1000
G01 X83.357143 Y-71.418367 Z1.607843 F1000
G01 X82.94898 Y-71.418367 Z1.607843 F1000
G01 X82.846939 Y-71.418367 Z1.764706 F1000
G01 X82.744898 Y-71.418367 Z1.960784 F1000
G01 X82.642857 Y-71.418367 Z1.960784 F1000
G01 X82.540816 Y-71.418367 Z4.941176 F1000
G01 X82.438776 Y-71.418367 Z9.647059 F1000
G01 X82.336735 Y-71.418367 Z9.803922 F1000
G01 X82.234694 Y-71.418367 Z10 F1000
G01 X79.683673 Y-71.418367 Z10 F1000
G01 X79.581633 Y-71.418367 Z9.960784 F1000
G01 X70.602041 Y-71.418367 Z9.960784 F1000
G01 X70.5 Y-71.418367 Z10 F1000
G01 X66.826531 Y-71.418367 Z10 F1000
G01 X66.72449 Y-71.418367 Z9.960784 F1000
G01 X66.622449 Y-71.418367 Z7.215686 F1000
G01 X66.520408 Y-71.418367 Z3.764706 F1000
G01 X66.418367 Y-71.418367 Z1.529412 F1000
G01 X66.010204 Y-71.418367 Z1.529412 F1000
G01 X65.908163 Y-71.418367 Z1.490196 F1000
G01 X65.704082 Y-71.418367 Z1.490196 F1000
G01 X65.602041 Y-71.418367 Z1.45098 F1000
G01 X65.091837 Y-71.418367 Z1.45098 F1000
G01 X64.989796 Y-71.418367 Z1.607843 F1000
G01 X64.785714 Y-71.418367 Z1.607843 F1000
G01 X64.683673 Y-71.418367 Z1.647059 F1000
G01 X64.581633 Y-71.418367 Z1.647059 F1000
G01 X64.479592 Y-71.418367 Z1.921569 F1000
G01 X64.377551 Y-71.418367 Z5.72549 F1000
G01 X64.27551 Y-71.418367 Z9.176471 F1000
G01 X64.173469 Y-71.418367 Z9.882353 F1000
G01 X64.071429 Y-71.418367 Z10 F1000
G01 X61.214286 Y-71.418367 Z10 F1000
G01 X61.112245 Y-71.418367 Z9.686275 F1000
G01 X61.010204 Y-71.418367 Z4.235294 F1000
G01 X60.908163 Y-71.418367 Z1.764706 F1000
G01 X60.806122 Y-71.418367 Z1.45098 F1000
G01 X60.704082 Y-71.418367 Z1.333333 F1000
G01 X60.091837 Y-71.418367 Z1.333333 F1000
G01 X59.989796 Y-71.418367 Z1.529412 F1000
G01 X59.887755 Y-71.418367 Z1.568627 F1000
G01 X59.581633 Y-71.418367 Z1.568627 F1000
G01 X59.479592 Y-71.418367 Z1.72549 F1000
G01 X59.377551 Y-71.418367 Z4.509804 F1000
G01 X59.27551 Y-71.418367 Z9.921569 F1000
G01 X59.173469 Y-71.418367 Z10 F1000
G01 X57.540816 Y-71.418367 Z10 F1000
G01 X57.438776 Y-71.418367 Z9.960784 F1000
G01 X42.132653 Y-71.418367 Z9.960784 F1000
G01 X42.030612 Y-71.418367 Z10 F1000
G01 X40.704082 Y-71.418367 Z10 F1000
G01 X40.602041 Y-71.418367 Z5.921569 F1000
G01 X40.5 Y-71.418367 Z1.686275 F1000
G01 X40.397959 Y-71.418367 Z1.490196 F1000
G01 X40.295918 Y-71.418367 Z1.333333 F1000
G01 X39.683673 Y-71.418367 Z1.333333 F1000
G01 X39.581633 Y-71.418367 Z1.45098 F1000
G01 X39.479592 Y-71.418367 Z1.45098 F1000
G01 X39.377551 Y-71.418367 Z1.647059 F1000
G01 X39.071429 Y-71.418367 Z1.647059 F1000
G01 X38.969388 Y-71.418367 Z3.411765 F1000
G01 X38.867347 Y-71.418367 Z8.901961 F1000
G01 X38.765306 Y-71.418367 Z10 F1000
G01 X35.908163 Y-71.418367 Z10 F1000
G01 X35.806122 Y-71.418367 Z9.764706 F1000
G01 X35.704082 Y-71.418367 Z9.490196 F1000
G01 X35.602041 Y-71.418367 Z6.627451 F1000
G01 X35.5 Y-71.418367 Z2.156863 F1000
G01 X35.397959 Y-71.418367 Z1.647059 F1000
G01 X34.683673 Y-71.418367 Z1.647059 F1000
G01 X34.581633 Y-71.418367 Z1.333333 F1000
G01 X34.479592 Y-71.418367 Z1.333333 F1000
G01 X34.377551 Y-71.418367 Z1.529412 F1000
G01 X33.867347 Y-71.418367 Z1.529412 F1000
G01 X33.765306 Y-71.418367 Z1.647059 F1000
G01 X33.561224 Y-71.418367 Z1.647059 F1000
G01 X33.459184 Y-71.418367 Z3.411765 F1000
G01 X33.357143 Y-71.418367 Z7.058824 F1000
G01 X33.255102 Y-71.418367 Z9.411765 F1000
G01 X33.153061 Y-71.418367 Z9.882353 F1000
G01 X33.05102 Y-71.418367 Z9.960784 F1000
G01 X32.94898 Y-71.418367 Z10 F1000
G01 X29.785714 Y-71.418367 Z10 F1000
G01 X29.683673 Y-71.418367 Z9.960784 F1000
G01 X21.010204 Y-71.418367 Z9.960784 F1000
G01 X20.908163 Y-71.418367 Z10 F1000
G01 X17.846939 Y-71.418367 Z10 F1000
G01 X17.744898 Y-71.418367 Z9.686275 F1000
G01 X17.642857 Y-71.418367 Z9.686275 F1000
G01 X17.540816 Y-71.418367 Z6.509804 F1000
G01 X17.438776 Y-71.418367 Z1.843137 F1000
G01 X17.336735 Y-71.418367 Z1.647059 F1000
G01 X17.030612 Y-71.418367 Z1.647059 F1000
G01 X16.928571 Y-71.418367 Z1.411765 F1000
G01 X16.826531 Y-71.418367 Z1.411765 F1000
G01 X16.72449 Y-71.418367 Z1.568627 F1000
G01 X16.418367 Y-71.418367 Z1.568627 F1000
G01 X16.316327 Y-71.418367 Z1.647059 F1000
G01 X16.010204 Y-71.418367 Z1.647059 F1000
G01 X15.908163 Y-71.418367 Z1.843137 F1000
G01 X15.806122 Y-71.418367 Z4.078431 F1000
G01 X15.704082 Y-71.418367 Z8.784314 F1000
G01 X15.602041 Y-71.418367 Z10 F1000
G01 X13.561224 Y-71.418367 Z10 F1000
G01 X13.459184 Y-71.418367 Z9.960784 F1000
G01 X0.5 Y-71.418367 Z9.960784 F1000
G01 X0.5 Y-71.520408 Z9.960784 F1000
G01 X0.5 Y-71.622449 Z9.960784 F1000
G01 X0.5 Y-71.72449 Z9.960784 F1000
G01 X0.5 Y-71.826531 Z9.960784 F1000
G01 X0.5 Y-71.928571 Z9.960784 F1000
G01 X13.459184 Y-71.928571 Z9.960784 F1000
G01 X13.561224 Y-71.928571 Z10 F1000
G01 X15.908163 Y-71.928571 Z10 F1000
G01 X16.010204 Y-71.928571 Z9.921569 F1000
G01 X16.112245 Y-71.928571 Z6.901961 F1000
G01 X16.214286 Y-71.928571 Z2.54902 F1000
G01 X16.316327 Y-71.928571 Z1.72549 F1000
G01 X16.72449 Y-71.928571 Z1.72549 F1000
G01 X16.826531 Y-71.928571 Z1.686275 F1000
G01 X16.928571 Y-71.928571 Z1.372549 F1000
G01 X17.540816 Y-71.928571 Z1.372549 F1000
G01 X17.642857 Y-71.928571 Z1.607843 F1000
G01 X17.744898 Y-71.928571 Z1.764706 F1000
G01 X17.846939 Y-71.928571 Z1.843137 F1000
G01 X17.94898 Y-71.928571 Z5.607843 F1000
G01 X18.05102 Y-71.928571 Z9.921569 F1000
G01 X18.153061 Y-71.928571 Z10 F1000
G01 X20.908163 Y-71.928571 Z10 F1000
G01 X21.010204 Y-71.928571 Z9.960784 F1000
G01 X29.683673 Y-71.928571 Z9.960784 F1000
G01 X29.785714 Y-71.928571 Z10 F1000
G01 X32.336735 Y-71.928571 Z10 F1000
G01 X32.438776 Y-71.928571 Z9.882353 F1000
G01 X32.540816 Y-71.928571 Z9.882353 F1000
G01 X32.642857 Y-71.928571 Z8.509804 F1000
G01 X32.744898 Y-71.928571 Z4.039216 F1000
G01 X32.846939 Y-71.928571 Z1.568627 F1000
G01 X33.05102 Y-71.928571 Z1.568627 F1000
G01 X33.153061 Y-71.928571 Z1.529412 F1000
G01 X33.765306 Y-71.928571 Z1.529412 F1000
G01 X33.867347 Y-71.928571 Z1.333333 F1000
G01 X34.581633 Y-71.928571 Z1.333333 F1000
G01 X34.683673 Y-71.928571 Z1.647059 F1000
G01 X34.785714 Y-71.928571 Z2.196078 F1000
G01 X34.887755 Y-71.928571 Z2.196078 F1000
G01 X34.989796 Y-71.928571 Z5.176471 F1000
G01 X35.091837 Y-71.928571 Z8.862745 F1000
G01 X35.193878 Y-71.928571 Z10 F1000
G01 X38.663265 Y-71.928571 Z10 F1000
G01 X38.765306 Y-71.928571 Z9.529412 F1000
G01 X38.867347 Y-71.928571 Z4.039216 F1000
G01 X38.969388 Y-71.928571 Z1.529412 F1000
G01 X39.27551 Y-71.928571 Z1.529412 F1000
G01 X39.377551 Y-71.928571 Z1.45098 F1000
G01 X39.581633 Y-71.928571 Z1.45098 F1000
G01 X39.683673 Y-71.928571 Z1.333333 F1000
G01 X40.295918 Y-71.928571 Z1.333333 F1000
G01 X40.397959 Y-71.928571 Z1.490196 F1000
G01 X40.5 Y-71.928571 Z4.196078 F1000
G01 X40.602041 Y-71.928571 Z9.686275 F1000
G01 X40.704082 Y-71.928571 Z10 F1000
G01 X42.030612 Y-71.928571 Z10 F1000
G01 X42.132653 Y-71.928571 Z9.960784 F1000
G01 X57.438776 Y-71.928571 Z9.960784 F1000
G01 X57.540816 Y-71.928571 Z10 F1000
G01 X59.27551 Y-71.928571 Z10 F1000
G01 X59.377551 Y-71.928571 Z9.137255 F1000
G01 X59.479592 Y-71.928571 Z2.980392 F1000
G01 X59.581633 Y-71.928571 Z1.568627 F1000
G01 X59.887755 Y-71.928571 Z1.568627 F1000
G01 X59.989796 Y-71.928571 Z1.529412 F1000
G01 X60.091837 Y-71.928571 Z1.333333 F1000
G01 X60.704082 Y-71.928571 Z1.333333 F1000
G01 X60.806122 Y-71.928571 Z1.45098 F1000
G01 X60.908163 Y-71.928571 Z1.45098 F1000
G01 X61.010204 Y-71.928571 Z1.72549 F1000
G01 X61.112245 Y-71.928571 Z5.372549 F1000
G01 X61.214286 Y-71.928571 Z9.843137 F1000
G01 X61.316327 Y-71.928571 Z10 F1000
G01 X64.683673 Y-71.928571 Z10 F1000
G01 X64.785714 Y-71.928571 Z9.647059 F1000
G01 X64.887755 Y-71.928571 Z8.352941 F1000
G01 X64.989796 Y-71.928571 Z4.313725 F1000
G01 X65.091837 Y-71.928571 Z2.117647 F1000
G01 X65.193878 Y-71.928571 Z1.607843 F1000
G01 X65.397959 Y-71.928571 Z1.607843 F1000
G01 X65.5 Y-71.928571 Z1.568627 F1000
G01 X65.704082 Y-71.928571 Z1.568627 F1000
G01 X65.806122 Y-71.928571 Z1.333333 F1000
G01 X66.418367 Y-71.928571 Z1.333333 F1000
G01 X66.520408 Y-71.928571 Z1.843137 F1000
G01 X67.030612 Y-71.928571 Z1.843137 F1000
G01 X67.132653 Y-71.928571 Z2.352941 F1000
G01 X67.234694 Y-71.928571 Z4.941176 F1000
G01 X67.336735 Y-71.928571 Z8.431373 F1000
G01 X67.438776 Y-71.928571 Z9.529412 F1000
G01 X67.540816 Y-71.928571 Z10 F1000
G01 X70.602041 Y-71.928571 Z10 F1000
G01 X70.704082 Y-71.928571 Z9.960784 F1000
G01 X79.479592 Y-71.928571 Z9.960784 F1000
G01 X79.581633 Y-71.928571 Z10 F1000
G01 X81.928571 Y-71.928571 Z10 F1000
G01 X82.030612 Y-71.928571 Z9.098039 F1000
G01 X82.132653 Y-71.928571 Z4.901961 F1000
G01 X82.234694 Y-71.928571 Z1.843137 F1000
G01 X82.744898 Y-71.928571 Z1.843137 F1000
G01 X82.846939 Y-71.928571 Z1.764706 F1000
G01 X82.94898 Y-71.928571 Z1.333333 F1000
G01 X83.561224 Y-71.928571 Z1.333333 F1000
G01 X83.663265 Y-71.928571 Z1.529412 F1000
G01 X83.765306 Y-71.928571 Z2.039216 F1000
G01 X83.867347 Y-71.928571 Z3.176471 F1000
G01 X83.969388 Y-71.928571 Z7.686275 F1000
G01 X84.071429 Y-71.928571 Z10 F1000
G01 X86.112245 Y-71.928571 Z10 F1000
G01 X86.214286 Y-71.928571 Z9.960784 F1000
G01 X99.581633 Y-71.928571 Z9.960784 F1000
G01 X99.581633 Y-72.030612 Z9.960784 F1000
G01 X99.581633 Y-72.132653 Z9.960784 F1000
G01 X99.581633 Y-72.234694 Z9.960784 F1000
G01 X99.581633 Y-72.336735 Z9.960784 F1000
G01 X99.581633 Y-72.438776 Z9.960784 F1000
G01 X86.214286 Y-72.438776 Z9.960784 F1000
G01 X86.112245 Y-72.438776 Z10 F1000
G01 X83.663265 Y-72.438776 Z10 F1000
G01 X83.561224 Y-72.438776 Z7.019608 F1000
G01 X83.459184 Y-72.438776 Z2.313725 F1000
G01 X83.357143 Y-72.438776 Z1.647059 F1000
G01 X83.255102 Y-72.438776 Z1.647059 F1000
G01 X83.153061 Y-72.438776 Z1.607843 F1000
G01 X83.05102 Y-72.438776 Z1.568627 F1000
G01 X82.94898 Y-72.438776 Z1.568627 F1000
G01 X82.846939 Y-72.438776 Z1.372549 F1000
G01 X82.744898 Y-72.438776 Z1.333333 F1000
G01 X82.132653 Y-72.438776 Z1.333333 F1000
G01 X82.030612 Y-72.438776 Z1.607843 F1000
G01 X81.928571 Y-72.438776 Z1.607843 F1000
G01 X81.826531 Y-72.438776 Z1.686275 F1000
G01 X81.72449 Y-72.438776 Z2.823529 F1000
G01 X81.622449 Y-72.438776 Z7.372549 F1000
G01 X81.520408 Y-72.438776 Z9.921569 F1000
G01 X81.418367 Y-72.438776 Z9.921569 F1000
G01 X81.316327 Y-72.438776 Z10 F1000
G01 X77.94898 Y-72.438776 Z10 F1000
G01 X77.846939 Y-72.438776 Z9.960784 F1000
G01 X72.336735 Y-72.438776 Z9.960784 F1000
G01 X72.234694 Y-72.438776 Z10 F1000
G01 X68.357143 Y-72.438776 Z10 F1000
G01 X68.255102 Y-72.438776 Z9.960784 F1000
G01 X68.153061 Y-72.438776 Z9.960784 F1000
G01 X68.05102 Y-72.438776 Z7.803922 F1000
G01 X67.94898 Y-72.438776 Z4.431373 F1000
G01 X67.846939 Y-72.438776 Z1.803922 F1000
G01 X67.744898 Y-72.438776 Z1.647059 F1000
G01 X67.336735 Y-72.438776 Z1.647059 F1000
G01 X67.234694 Y-72.438776 Z1.333333 F1000
G01 X66.622449 Y-72.438776 Z1.333333 F1000
G01 X66.520408 Y-72.438776 Z1.764706 F1000
G01 X65.806122 Y-72.438776 Z1.764706 F1000
G01 X65.704082 Y-72.438776 Z2.039216 F1000
G01 X65.602041 Y-72.438776 Z4.745098 F1000
G01 X65.5 Y-72.438776 Z8.235294 F1000
G01 X65.397959 Y-72.438776 Z10 F1000
G01 X63.255102 Y-72.438776 Z10 F1000
G01 X63.153061 Y-72.438776 Z9.960784 F1000
G01 X62.438776 Y-72.438776 Z9.960784 F1000
G01 X62.336735 Y-72.438776 Z10 F1000
G01 X61.418367 Y-72.438776 Z10 F1000
G01 X61.316327 Y-72.438776 Z9.921569 F1000
G01 X61.214286 Y-72.438776 Z7.176471 F1000
G01 X61.112245 Y-72.438776 Z1.568627 F1000
G01 X61.010204 Y-72.438776 Z1.568627 F1000
G01 X60.908163 Y-72.438776 Z1.45098 F1000
G01 X60.806122 Y-72.438776 Z1.45098 F1000
G01 X60.704082 Y-72.438776 Z1.333333 F1000
G01 X60.091837 Y-72.438776 Z1.333333 F1000
G01 X59.989796 Y-72.438776 Z1.45098 F1000
G01 X59.887755 Y-72.438776 Z1.568627 F1000
G01 X59.683673 Y-72.438776 Z1.568627 F1000
G01 X59.581633 Y-72.438776 Z1.843137 F1000
G01 X59.479592 Y-72.438776 Z7.176471 F1000
G01 X59.377551 Y-72.438776 Z10 F1000
G01 X58.357143 Y-72.438776 Z10 F1000
G01 X58.255102 Y-72.438776 Z9.960784 F1000
G01 X42.132653 Y-72.438776 Z9.960784 F1000
G01 X42.030612 Y-72.438776 Z10 F1000
G01 X40.602041 Y-72.438776 Z10 F1000
G01 X40.5 Y-72.438776 Z8.27451 F1000
G01 X40.397959 Y-72.438776 Z2.235294 F1000
G01 X40.295918 Y-72.438776 Z1.333333 F1000
G01 X38.867347 Y-72.438776 Z1.333333 F1000
G01 X38.765306 Y-72.438776 Z6 F1000
G01 X38.663265 Y-72.438776 Z9.960784 F1000
G01 X38.561224 Y-72.438776 Z10 F1000
G01 X34.581633 Y-72.438776 Z10 F1000
G01 X34.479592 Y-72.438776 Z8.54902 F1000
G01 X34.377551 Y-72.438776 Z5.607843 F1000
G01 X34.27551 Y-72.438776 Z2.392157 F1000
G01 X34.173469 Y-72.438776 Z1.764706 F1000
G01 X33.969388 Y-72.438776 Z1.764706 F1000
G01 X33.867347 Y-72.438776 Z1.72549 F1000
G01 X33.255102 Y-72.438776 Z1.72549 F1000
G01 X33.153061 Y-72.438776 Z1.490196 F1000
G01 X33.05102 Y-72.438776 Z1.490196 F1000
G01 X32.94898 Y-72.438776 Z1.333333 F1000
G01 X32.336735 Y-72.438776 Z1.333333 F1000
G01 X32.234694 Y-72.438776 Z1.921569 F1000
G01 X32.132653 Y-72.438776 Z1.921569 F1000
G01 X32.030612 Y-72.438776 Z3.176471 F1000
G01 X31.928571 Y-72.438776 Z7.176471 F1000
G01 X31.826531 Y-72.438776 Z9.843137 F1000
G01 X31.72449 Y-72.438776 Z9.921569 F1000
G01 X31.622449 Y-72.438776 Z10 F1000
G01 X27.336735 Y-72.438776 Z10 F1000
G01 X27.234694 Y-72.438776 Z9.960784 F1000
G01 X21.826531 Y-72.438776 Z9.960784 F1000
G01 X21.72449 Y-72.438776 Z10 F1000
G01 X18.561224 Y-72.438776 Z10 F1000
G01 X18.459184 Y-72.438776 Z7.803922 F1000
G01 X18.357143 Y-72.438776 Z3.764706 F1000
G01 X18.255102 Y-72.438776 Z1.686275 F1000
G01 X17.744898 Y-72.438776 Z1.686275 F1000
G01 X17.642857 Y-72.438776 Z1.607843 F1000
G01 X16.928571 Y-72.438776 Z1.607843 F1000
G01 X16.826531 Y-72.438776 Z1.686275 F1000
G01 X16.72449 Y-72.438776 Z1.72549 F1000
G01 X16.622449 Y-72.438776 Z2.117647 F1000
G01 X16.520408 Y-72.438776 Z6 F1000
G01 X16.418367 Y-72.438776 Z10 F1000
G01 X14.377551 Y-72.438776 Z10 F1000
G01 X14.27551 Y-72.438776 Z9.960784 F1000
G01 X0.5 Y-72.438776 Z9.960784 F1000
G01 X0.5 Y-72.540816 Z9.960784 F1000
G01 X0.5 Y-72.642857 Z9.960784 F1000
G01 X0.5 Y-72.744898 Z9.960784 F1000
G01 X0.5 Y-72.846939 Z9.960784 F1000
G01 X0.5 Y-72.94898 Z9.960784 F1000
G01 X14.27551 Y-72.94898 Z9.960784 F1000
G01 X14.377551 Y-72.94898 Z10 F1000
G01 X16.826531 Y-72.94898 Z10 F1000
G01 X16.928571 Y-72.94898 Z7.098039 F1000
G01 X17.030612 Y-72.94898 Z2.54902 F1000
G01 X17.132653 Y-72.94898 Z1.686275 F1000
G01 X17.540816 Y-72.94898 Z1.686275 F1000
G01 X17.642857 Y-72.94898 Z1.607843 F1000
G01 X18.357143 Y-72.94898 Z1.607843 F1000
G01 X18.459184 Y-72.94898 Z1.686275 F1000
G01 X18.561224 Y-72.94898 Z1.803922 F1000
G01 X18.663265 Y-72.94898 Z1.803922 F1000
G01 X18.765306 Y-72.94898 Z1.882353 F1000
G01 X18.867347 Y-72.94898 Z3.333333 F1000
G01 X18.969388 Y-72.94898 Z7.333333 F1000
G01 X19.071429 Y-72.94898 Z9.529412 F1000
G01 X19.173469 Y-72.94898 Z9.803922 F1000
G01 X19.27551 Y-72.94898 Z9.921569 F1000
G01 X19.377551 Y-72.94898 Z9.921569 F1000
G01 X19.479592 Y-72.94898 Z10 F1000
G01 X21.72449 Y-72.94898 Z10 F1000
G01 X21.826531 Y-72.94898 Z9.960784 F1000
G01 X27.234694 Y-72.94898 Z9.960784 F1000
G01 X27.336735 Y-72.94898 Z10 F1000
G01 X30.704082 Y-72.94898 Z10 F1000
G01 X30.806122 Y-72.94898 Z9.960784 F1000
G01 X30.908163 Y-72.94898 Z9.686275 F1000
G01 X31.010204 Y-72.94898 Z9.568627 F1000
G01 X31.112245 Y-72.94898 Z7.333333 F1000
G01 X31.214286 Y-72.94898 Z3.686275 F1000
G01 X31.316327 Y-72.94898 Z1.568627 F1000
G01 X31.826531 Y-72.94898 Z1.568627 F1000
G01 X31.928571 Y-72.94898 Z1.490196 F1000
G01 X32.030612 Y-72.94898 Z1.45098 F1000
G01 X32.234694 Y-72.94898 Z1.45098 F1000
G01 X32.336735 Y-72.94898 Z1.333333 F1000
G01 X32.94898 Y-72.94898 Z1.333333 F1000
G01 X33.05102 Y-72.94898 Z1.607843 F1000
G01 X33.153061 Y-72.94898 Z1.607843 F1000
G01 X33.255102 Y-72.94898 Z1.72549 F1000
G01 X33.561224 Y-72.94898 Z1.72549 F1000
G01 X33.663265 Y-72.94898 Z3.843137 F1000
G01 X33.765306 Y-72.94898 Z7.294118 F1000
G01 X33.867347 Y-72.94898 Z9.803922 F1000
G01 X33.969388 Y-72.94898 Z10 F1000
G01 X38.561224 Y-72.94898 Z10 F1000
G01 X38.663265 Y-72.94898 Z8.117647 F1000
G01 X38.765306 Y-72.94898 Z1.960784 F1000
G01 X38.867347 Y-72.94898 Z1.333333 F1000
G01 X40.295918 Y-72.94898 Z1.333333 F1000
G01 X40.397959 Y-72.94898 Z5.372549 F1000
G01 X40.5 Y-72.94898 Z10 F1000
G01 X42.030612 Y-72.94898 Z10 F1000
G01 X42.132653 Y-72.94898 Z9.960784 F1000
G01 X58.255102 Y-72.94898 Z9.960784 F1000
G01 X58.357143 Y-72.94898 Z10 F1000
G01 X59.377551 Y-72.94898 Z10 F1000
G01 X59.479592 Y-72.94898 Z9.294118 F1000
G01 X59.581633 Y-72.94898 Z4.235294 F1000
G01 X59.683673 Y-72.94898 Z1.568627 F1000
G01 X59.989796 Y-72.94898 Z1.568627 F1000
G01 X60.091837 Y-72.94898 Z1.333333 F1000
G01 X60.704082 Y-72.94898 Z1.333333 F1000
G01 X60.806122 Y-72.94898 Z1.490196 F1000
G01 X61.112245 Y-72.94898 Z1.490196 F1000
G01 X61.214286 Y-72.94898 Z2.666667 F1000
G01 X61.316327 Y-72.94898 Z8.705882 F1000
G01 X61.418367 Y-72.94898 Z10 F1000
G01 X62.336735 Y-72.94898 Z10 F1000
G01 X62.438776 Y-72.94898 Z9.960784 F1000
G01 X63.153061 Y-72.94898 Z9.960784 F1000
G01 X63.255102 Y-72.94898 Z10 F1000
G01 X65.908163 Y-72.94898 Z10 F1000
G01 X66.010204 Y-72.94898 Z9.686275 F1000
G01 X66.112245 Y-72.94898 Z9.372549 F1000
G01 X66.214286 Y-72.94898 Z6.862745 F1000
G01 X66.316327 Y-72.94898 Z3.215686 F1000
G01 X66.418367 Y-72.94898 Z1.764706 F1000
G01 X66.520408 Y-72.94898 Z1.764706 F1000
G01 X66.622449 Y-72.94898 Z1.333333 F1000
G01 X67.234694 Y-72.94898 Z1.333333 F1000
G01 X67.336735 Y-72.94898 Z1.568627 F1000
G01 X67.744898 Y-72.94898 Z1.568627 F1000
G01 X67.846939 Y-72.94898 Z1.647059 F1000
G01 X67.94898 Y-72.94898 Z1.647059 F1000
G01 X68.05102 Y-72.94898 Z1.882353 F1000
G01 X68.561224 Y-72.94898 Z1.882353 F1000
G01 X68.663265 Y-72.94898 Z2.117647 F1000
G01 X68.765306 Y-72.94898 Z4.784314 F1000
G01 X68.867347 Y-72.94898 Z7.960784 F1000
G01 X68.969388 Y-72.94898 Z9.019608 F1000
G01 X69.071429 Y-72.94898 Z9.72549 F1000
G01 X69.173469 Y-72.94898 Z10 F1000
G01 X72.234694 Y-72.94898 Z10 F1000
G01 X72.336735 Y-72.94898 Z9.960784 F1000
G01 X77.846939 Y-72.94898 Z9.960784 F1000
G01 X77.94898 Y-72.94898 Z10 F1000
G01 X80.806122 Y-72.94898 Z10 F1000
G01 X80.908163 Y-72.94898 Z9.803922 F1000
G01 X81.010204 Y-72.94898 Z9.607843 F1000
G01 X81.112245 Y-72.94898 Z6.392157 F1000
G01 X81.214286 Y-72.94898 Z2.392157 F1000
G01 X81.316327 Y-72.94898 Z1.921569 F1000
G01 X81.72449 Y-72.94898 Z1.921569 F1000
G01 X81.826531 Y-72.94898 Z1.568627 F1000
G01 X81.928571 Y-72.94898 Z1.568627 F1000
G01 X82.030612 Y-72.94898 Z1.490196 F1000
G01 X82.132653 Y-72.94898 Z1.333333 F1000
G01 X82.744898 Y-72.94898 Z1.333333 F1000
G01 X82.846939 Y-72.94898 Z1.372549 F1000
G01 X82.94898 Y-72.94898 Z1.686275 F1000
G01 X83.05102 Y-72.94898 Z2.705882 F1000
G01 X83.153061 Y-72.94898 Z7.686275 F1000
G01 X83.255102 Y-72.94898 Z10 F1000
G01 X86.112245 Y-72.94898 Z10 F1000
G01 X86.214286 Y-72.94898 Z9.960784 F1000
G01 X99.581633 Y-72.94898 Z9.960784 F1000
G01 X99.581633 Y-73.05102 Z9.960784 F1000
G01 X99.581633 Y-73.153061 Z9.960784 F1000
G01 X99.581633 Y-73.255102 Z9.960784 F1000
G01 X99.581633 Y-73.357143 Z9.960784 F1000
G01 X99.581633 Y-73.459184 Z9.960784 F1000
G01 X85.397959 Y-73.459184 Z9.960784 F1000
G01 X85.295918 Y-73.459184 Z10 F1000
G01 X83.05102 Y-73.459184 Z10 F1000
G01 X82.94898 Y-73.459184 Z9.921569 F1000
G01 X82.846939 Y-73.459184 Z9.921569 F1000
G01 X82.744898 Y-73.459184 Z9.803922 F1000
G01 X82.642857 Y-73.459184 Z6 F1000
G01 X82.540816 Y-73.459184 Z2.039216 F1000
G01 X82.438776 Y-73.459184 Z1.882353 F1000
G01 X82.132653 Y-73.459184 Z1.882353 F1000
G01 X82.030612 Y-73.459184 Z1.411765 F1000
G01 X81.928571 Y-73.459184 Z1.333333 F1000
G01 X81.316327 Y-73.459184 Z1.333333 F1000
G01 X81.214286 Y-73.459184 Z1.45098 F1000
G01 X81.010204 Y-73.459184 Z1.45098 F1000
G01 X80.908163 Y-73.459184 Z1.921569 F1000
G01 X80.704082 Y-73.459184 Z1.921569 F1000
G01 X80.602041 Y-73.459184 Z2.980392 F1000
G01 X80.5 Y-73.459184 Z6.27451 F1000
G01 X80.397959 Y-73.459184 Z9.72549 F1000
G01 X80.295918 Y-73.459184 Z9.72549 F1000
G01 X80.193878 Y-73.459184 Z10 F1000
G01 X76.316327 Y-73.459184 Z10 F1000
G01 X76.214286 Y-73.459184 Z9.960784 F1000
G01 X74.785714 Y-73.459184 Z9.960784 F1000
G01 X74.683673 Y-73.459184 Z10 F1000
G01 X70.295918 Y-73.459184 Z10 F1000
G01 X70.193878 Y-73.459184 Z9.921569 F1000
G01 X69.989796 Y-73.459184 Z9.921569 F1000
G01 X69.887755 Y-73.459184 Z9.294118 F1000
G01 X69.785714 Y-73.459184 Z8.392157 F1000
G01 X69.683673 Y-73.459184 Z4.54902 F1000
G01 X69.581633 Y-73.459184 Z2.862745 F1000
G01 X69.479592 Y-73.459184 Z1.72549 F1000
G01 X68.969388 Y-73.459184 Z1.72549 F1000
G01 X68.867347 Y-73.459184 Z1.333333 F1000
G01 X68.255102 Y-73.459184 Z1.333333 F1000
G01 X68.153061 Y-73.459184 Z1.568627 F1000
G01 X67.336735 Y-73.459184 Z1.568627 F1000
G01 X67.234694 Y-73.459184 Z1.843137 F1000
G01 X67.132653 Y-73.459184 Z1.843137 F1000
G01 X67.030612 Y-73.459184 Z2.392157 F1000
G01 X66.928571 Y-73.459184 Z6.509804 F1000
G01 X66.826531 Y-73.459184 Z9.215686 F1000
G01 X66.72449 Y-73.459184 Z9.686275 F1000
G01 X66.622449 Y-73.459184 Z10 F1000
G01 X64.071429 Y-73.459184 Z10 F1000
G01 X63.969388 Y-73.459184 Z9.960784 F1000
G01 X62.540816 Y-73.459184 Z9.960784 F1000
G01 X62.438776 Y-73.459184 Z10 F1000
G01 X61.520408 Y-73.459184 Z10 F1000
G01 X61.418367 Y-73.459184 Z9.882353 F1000
G01 X61.316327 Y-73.459184 Z5.607843 F1000
G01 X61.214286 Y-73.459184 Z1.529412 F1000
G01 X60.908163 Y-73.459184 Z1.529412 F1000
G01 X60.806122 Y-73.459184 Z1.490196 F1000
G01 X60.704082 Y-73.459184 Z1.333333 F1000
G01 X60.091837 Y-73.459184 Z1.333333 F1000
G01 X59.989796 Y-73.459184 Z1.568627 F1000
G01 X59.785714 Y-73.459184 Z1.568627 F1000
G01 X59.683673 Y-73.459184 Z1.921569 F1000
G01 X59.581633 Y-73.459184 Z7.176471 F1000
G01 X59.479592 Y-73.459184 Z9.882353 F1000
G01 X59.377551 Y-73.459184 Z10 F1000
G01 X58.459184 Y-73.459184 Z10 F1000
G01 X58.357143 Y-73.459184 Z9.960784 F1000
G01 X42.132653 Y-73.459184 Z9.960784 F1000
G01 X42.030612 Y-73.459184 Z10 F1000
G01 X40.5 Y-73.459184 Z10 F1000
G01 X40.397959 Y-73.459184 Z8.352941 F1000
G01 X40.295918 Y-73.459184 Z2.431373 F1000
G01 X40.193878 Y-73.459184 Z1.490196 F1000
G01 X39.785714 Y-73.459184 Z1.490196 F1000
G01 X39.683673 Y-73.459184 Z1.372549 F1000
G01 X39.581633 Y-73.459184 Z1.372549 F1000
G01 X39.479592 Y-73.459184 Z1.333333 F1000
G01 X38.765306 Y-73.459184 Z1.333333 F1000
G01 X38.663265 Y-73.459184 Z4.509804 F1000
G01 X38.561224 Y-73.459184 Z9.45098 F1000
G01 X38.459184 Y-73.459184 Z10 F1000
G01 X37.132653 Y-73.459184 Z10 F1000
G01 X37.030612 Y-73.459184 Z9.960784 F1000
G01 X36.418367 Y-73.459184 Z9.960784 F1000
G01 X36.316327 Y-73.459184 Z10 F1000
G01 X33.255102 Y-73.459184 Z10 F1000
G01 X33.153061 Y-73.459184 Z9.098039 F1000
G01 X33.05102 Y-73.459184 Z7.372549 F1000
G01 X32.94898 Y-73.459184 Z3.254902 F1000
G01 X32.846939 Y-73.459184 Z1.803922 F1000
G01 X32.234694 Y-73.459184 Z1.803922 F1000
G01 X32.132653 Y-73.459184 Z1.333333 F1000
G01 X31.520408 Y-73.459184 Z1.333333 F1000
G01 X31.418367 Y-73.459184 Z1.568627 F1000
G01 X30.704082 Y-73.459184 Z1.568627 F1000
G01 X30.602041 Y-73.459184 Z1.686275 F1000
G01 X30.397959 Y-73.459184 Z1.686275 F1000
G01 X30.295918 Y-73.459184 Z4.235294 F1000
G01 X30.193878 Y-73.459184 Z7.72549 F1000
G01 X30.091837 Y-73.459184 Z10 F1000
G01 X24.989796 Y-73.459184 Z10 F1000
G01 X24.887755 Y-73.459184 Z9.960784 F1000
G01 X24.27551 Y-73.459184 Z9.960784 F1000
G01 X24.173469 Y-73.459184 Z10 F1000
G01 X19.785714 Y-73.459184 Z10 F1000
G01 X19.683673 Y-73.459184 Z9.372549 F1000
G01 X19.581633 Y-73.459184 Z6.588235 F1000
G01 X19.479592 Y-73.459184 Z3.411765 F1000
G01 X19.377551 Y-73.459184 Z1.647059 F1000
G01 X18.663265 Y-73.459184 Z1.647059 F1000
G01 X18.561224 Y-73.459184 Z1.568627 F1000
G01 X18.459184 Y-73.459184 Z1.529412 F1000
G01 X18.255102 Y-73.459184 Z1.529412 F1000
G01 X18.153061 Y-73.459184 Z1.607843 F1000
G01 X18.05102 Y-73.459184 Z1.607843 F1000
G01 X17.94898 Y-73.459184 Z1.72549 F1000
G01 X17.540816 Y-73.459184 Z1.72549 F1000
G01 X17.438776 Y-73.459184 Z5.098039 F1000
G01 X17.336735 Y-73.459184 Z9.137255 F1000
G01 X17.234694 Y-73.459184 Z10 F1000
G01 X15.193878 Y-73.459184 Z10 F1000
G01 X15.091837 Y-73.459184 Z9.960784 F1000
G01 X0.5 Y-73.459184 Z9.960784 F1000
G01 X0.5 Y-73.561224 Z9.960784 F1000
G01 X0.5 Y-73.663265 Z9.960784 F1000
G01 X0.5 Y-73.765306 Z9.960784 F1000
G01 X0.5 Y-73.867347 Z9.960784 F1000
G01 X0.5 Y-73.969388 Z9.960784 F1000
G01 X15.908163 Y-73.969388 Z9.960784 F1000
G01 X16.010204 Y-73.969388 Z10 F1000
G01 X17.438776 Y-73.969388 Z10 F1000
G01 X17.540816 Y-73.969388 Z9.960784 F1000
G01 X17.642857 Y-73.969388 Z9.960784 F1000
G01 X17.744898 Y-73.969388 Z9.686275 F1000
G01 X17.846939 Y-73.969388 Z9.607843 F1000
G01 X17.94898 Y-73.969388 Z6 F1000
G01 X18.05102 Y-73.969388 Z1.764706 F1000
G01 X18.153061 Y-73.969388 Z1.607843 F1000
G01 X18.255102 Y-73.969388 Z1.568627 F1000
G01 X18.459184 Y-73.969388 Z1.568627 F1000
G01 X18.561224 Y-73.969388 Z1.490196 F1000
G01 X18.663265 Y-73.969388 Z1.490196 F1000
G01 X18.765306 Y-73.969388 Z1.45098 F1000
G01 X19.27551 Y-73.969388 Z1.45098 F1000
G01 X19.377551 Y-73.969388 Z1.333333 F1000
G01 X19.989796 Y-73.969388 Z1.333333 F1000
G01 X20.091837 Y-73.969388 Z1.803922 F1000
G01 X20.193878 Y-73.969388 Z2.196078 F1000
G01 X20.295918 Y-73.969388 Z4.862745 F1000
G01 X20.397959 Y-73.969388 Z7.843137 F1000
G01 X20.5 Y-73.969388 Z9.686275 F1000
G01 X20.602041 Y-73.969388 Z10 F1000
G01 X28.663265 Y-73.969388 Z10 F1000
G01 X28.765306 Y-73.969388 Z9.921569 F1000
G01 X28.867347 Y-73.969388 Z9.843137 F1000
G01 X28.969388 Y-73.969388 Z9.568627 F1000
G01 X29.071429 Y-73.969388 Z8.745098 F1000
G01 X29.173469 Y-73.969388 Z6.392157 F1000
G01 X29.27551 Y-73.969388 Z3.529412 F1000
G01 X29.377551 Y-73.969388 Z1.764706 F1000
G01 X29.479592 Y-73.969388 Z1.686275 F1000
G01 X29.785714 Y-73.969388 Z1.686275 F1000
G01 X29.887755 Y-73.969388 Z1.333333 F1000
G01 X30.5 Y-73.969388 Z1.333333 F1000
G01 X30.602041 Y-73.969388 Z1.647059 F1000
G01 X31.520408 Y-73.969388 Z1.647059 F1000
G01 X31.622449 Y-73.969388 Z1.607843 F1000
G01 X31.826531 Y-73.969388 Z1.607843 F1000
G01 X31.928571 Y-73.969388 Z1.529412 F1000
G01 X32.030612 Y-73.969388 Z1.529412 F1000
G01 X32.132653 Y-73.969388 Z1.921569 F1000
G01 X32.234694 Y-73.969388 Z5.568627 F1000
G01 X32.336735 Y-73.969388 Z7.372549 F1000
G01 X32.438776 Y-73.969388 Z9.215686 F1000
G01 X32.540816 Y-73.969388 Z9.882353 F1000
G01 X32.642857 Y-73.969388 Z9.882353 F1000
G01 X32.744898 Y-73.969388 Z9.921569 F1000
G01 X32.846939 Y-73.969388 Z10 F1000
G01 X34.683673 Y-73.969388 Z10 F1000
G01 X34.785714 Y-73.969388 Z9.960784 F1000
G01 X37.030612 Y-73.969388 Z9.960784 F1000
G01 X37.132653 Y-73.969388 Z10 F1000
G01 X38.459184 Y-73.969388 Z10 F1000
G01 X38.561224 Y-73.969388 Z7.568627 F1000
G01 X38.663265 Y-73.969388 Z1.686275 F1000
G01 X38.765306 Y-73.969388 Z1.45098 F1000
G01 X38.867347 Y-73.969388 Z1.333333 F1000
G01 X39.479592 Y-73.969388 Z1.333333 F1000
G01 X39.581633 Y-73.969388 Z1.372549 F1000
G01 X39.683673 Y-73.969388 Z1.411765 F1000
G01 X39.785714 Y-73.969388 Z1.529412 F1000
G01 X40.193878 Y-73.969388 Z1.529412 F1000
G01 X40.295918 Y-73.969388 Z4.313725 F1000
G01 X40.397959 Y-73.969388 Z9.686275 F1000
G01 X40.5 Y-73.969388 Z9.882353 F1000
G01 X40.602041 Y-73.969388 Z10 F1000
G01 X42.030612 Y-73.969388 Z10 F1000
G01 X42.132653 Y-73.969388 Z9.960784 F1000
G01 X58.357143 Y-73.969388 Z9.960784 F1000
G01 X58.459184 Y-73.969388 Z10 F1000
G01 X59.377551 Y-73.969388 Z10 F1000
G01 X59.479592 Y-73.969388 Z9.921569 F1000
G01 X59.581633 Y-73.969388 Z9.098039 F1000
G01 X59.683673 Y-73.969388 Z3.176471 F1000
G01 X59.785714 Y-73.969388 Z1.529412 F1000
G01 X59.887755 Y-73.969388 Z1.529412 F1000
G01 X59.989796 Y-73.969388 Z1.45098 F1000
G01 X60.091837 Y-73.969388 Z1.333333 F1000
G01 X60.704082 Y-73.969388 Z1.333333 F1000
G01 X60.806122 Y-73.969388 Z1.45098 F1000
G01 X60.908163 Y-73.969388 Z1.529412 F1000
G01 X61.214286 Y-73.969388 Z1.529412 F1000
G01 X61.316327 Y-73.969388 Z2.470588 F1000
G01 X61.418367 Y-73.969388 Z8.392157 F1000
G01 X61.520408 Y-73.969388 Z10 F1000
G01 X62.438776 Y-73.969388 Z10 F1000
G01 X62.540816 Y-73.969388 Z9.960784 F1000
G01 X64.785714 Y-73.969388 Z9.960784 F1000
G01 X64.887755 Y-73.969388 Z10 F1000
G01 X67.132653 Y-73.969388 Z10 F1000
G01 X67.234694 Y-73.969388 Z9.921569 F1000
G01 X67.540816 Y-73.969388 Z9.921569 F1000
G01 X67.642857 Y-73.969388 Z8.078431 F1000
G01 X67.744898 Y-73.969388 Z4.039216 F1000
G01 X67.846939 Y-73.969388 Z1.686275 F1000
G01 X68.969388 Y-73.969388 Z1.686275 F1000
G01 X69.071429 Y-73.969388 Z1.333333 F1000
G01 X70.5 Y-73.969388 Z1.333333 F1000
G01 X70.602041 Y-73.969388 Z1.803922 F1000
G01 X70.704082 Y-73.969388 Z3.921569 F1000
G01 X70.806122 Y-73.969388 Z6.862745 F1000
G01 X70.908163 Y-73.969388 Z8.980392 F1000
G01 X71.010204 Y-73.969388 Z9.803922 F1000
G01 X71.112245 Y-73.969388 Z9.882353 F1000
G01 X71.214286 Y-73.969388 Z9.882353 F1000
G01 X71.316327 Y-73.969388 Z9.960784 F1000
G01 X71.520408 Y-73.969388 Z9.960784 F1000
G01 X71.622449 Y-73.969388 Z10 F1000
G01 X79.27551 Y-73.969388 Z10 F1000
G01 X79.377551 Y-73.969388 Z9.803922 F1000
G01 X79.479592 Y-73.969388 Z9.803922 F1000
G01 X79.581633 Y-73.969388 Z9.411765 F1000
G01 X79.683673 Y-73.969388 Z6.980392 F1000
G01 X79.785714 Y-73.969388 Z4.27451 F1000
G01 X79.887755 Y-73.969388 Z2 F1000
G01 X80.397959 Y-73.969388 Z2 F1000
G01 X80.5 Y-73.969388 Z1.333333 F1000
G01 X81.112245 Y-73.969388 Z1.333333 F1000
G01 X81.214286 Y-73.969388 Z1.686275 F1000
G01 X81.928571 Y-73.969388 Z1.686275 F1000
G01 X82.030612 Y-73.969388 Z2.862745 F1000
G01 X82.132653 Y-73.969388 Z6.666667 F1000
G01 X82.234694 Y-73.969388 Z9.647059 F1000
G01 X82.336735 Y-73.969388 Z9.647059 F1000
G01 X82.438776 Y-73.969388 Z10 F1000
G01 X84.479592 Y-73.969388 Z10 F1000
G01 X84.581633 Y-73.969388 Z9.960784 F1000
G01 X99.581633 Y-73.969388 Z9.960784 F1000
G01 X99.581633 Y-74.071429 Z9.960784 F1000
G01 X99.581633 Y-74.173469 Z9.960784 F1000
G01 X99.581633 Y-74.27551 Z9.960784 F1000
G01 X99.581633 Y-74.377551 Z9.960784 F1000
G01 X99.581633 Y-74.479592 Z9.960784 F1000
G01 X84.581633 Y-74.479592 Z9.960784 F1000
G01 X84.479592 Y-74.479592 Z10 F1000
G01 X81.826531 Y-74.479592 Z10 F1000
G01 X81.72449 Y-74.479592 Z9.960784 F1000
G01 X81.622449 Y-74.479592 Z9.647059 F1000
G01 X81.520408 Y-74.479592 Z6.431373 F1000
G01 X81.418367 Y-74.479592 Z2.196078 F1000
G01 X81.316327 Y-74.479592 Z1.921569 F1000
G01 X81.214286 Y-74.479592 Z1.921569 F1000
G01 X81.112245 Y-74.479592 Z1.333333 F1000
G01 X80.5 Y-74.479592 Z1.333333 F1000
G01 X80.397959 Y-74.479592 Z2 F1000
G01 X79.479592 Y-74.479592 Z2 F1000
G01 X79.377551 Y-74.479592 Z1.803922 F1000
G01 X78.969388 Y-74.479592 Z1.803922 F1000
G01 X78.867347 Y-74.479592 Z2.196078 F1000
G01 X78.765306 Y-74.479592 Z3.333333 F1000
G01 X78.663265 Y-74.479592 Z5.490196 F1000
G01 X78.561224 Y-74.479592 Z8.156863 F1000
G01 X78.459184 Y-74.479592 Z9.803922 F1000
G01 X78.357143 Y-74.479592 Z10 F1000
G01 X72.540816 Y-74.479592 Z10 F1000
G01 X72.438776 Y-74.479592 Z9.647059 F1000
G01 X72.336735 Y-74.479592 Z8.745098 F1000
G01 X72.234694 Y-74.479592 Z8.078431 F1000
G01 X72.132653 Y-74.479592 Z5.176471 F1000
G01 X72.030612 Y-74.479592 Z3.921569 F1000
G01 X71.928571 Y-74.479592 Z2.313725 F1000
G01 X71.826531 Y-74.479592 Z1.72549 F1000
G01 X70.806122 Y-74.479592 Z1.72549 F1000
G01 X70.704082 Y-74.479592 Z1.568627 F1000
G01 X70.602041 Y-74.479592 Z1.333333 F1000
G01 X69.071429 Y-74.479592 Z1.333333 F1000
G01 X68.969388 Y-74.479592 Z1.686275 F1000
G01 X68.867347 Y-74.479592 Z1.686275 F1000
G01 X68.765306 Y-74.479592 Z1.803922 F1000
G01 X68.663265 Y-74.479592 Z2.156863 F1000
G01 X68.561224 Y-74.479592 Z5.019608 F1000
G01 X68.459184 Y-74.479592 Z8.392157 F1000
G01 X68.357143 Y-74.479592 Z10 F1000
G01 X64.887755 Y-74.479592 Z10 F1000
G01 X64.785714 Y-74.479592 Z9.960784 F1000
G01 X61.520408 Y-74.479592 Z9.960784 F1000
G01 X61.418367 Y-74.479592 Z6.117647 F1000
G01 X61.316327 Y-74.479592 Z1.568627 F1000
G01 X61.010204 Y-74.479592 Z1.568627 F1000
G01 X60.908163 Y-74.479592 Z1.45098 F1000
G01 X60.806122 Y-74.479592 Z1.45098 F1000
G01 X60.704082 Y-74.479592 Z1.333333 F1000
G01 X60.091837 Y-74.479592 Z1.333333 F1000
G01 X59.989796 Y-74.479592 Z1.45098 F1000
G01 X59.887755 Y-74.479592 Z1.529412 F1000
G01 X59.785714 Y-74.479592 Z1.529412 F1000
G01 X59.683673 Y-74.479592 Z4.392157 F1000
G01 X59.581633 Y-74.479592 Z10 F1000
G01 X58.357143 Y-74.479592 Z10 F1000
G01 X58.255102 Y-74.479592 Z9.960784 F1000
G01 X42.132653 Y-74.479592 Z9.960784 F1000
G01 X42.030612 Y-74.479592 Z10 F1000
G01 X40.397959 Y-74.479592 Z10 F1000
G01 X40.295918 Y-74.479592 Z5.921569 F1000
G01 X40.193878 Y-74.479592 Z1.607843 F1000
G01 X40.091837 Y-74.479592 Z1.529412 F1000
G01 X39.785714 Y-74.479592 Z1.529412 F1000
G01 X39.683673 Y-74.479592 Z1.411765 F1000
G01 X39.581633 Y-74.479592 Z1.372549 F1000
G01 X39.479592 Y-74.479592 Z1.333333 F1000
G01 X38.867347 Y-74.479592 Z1.333333 F1000
G01 X38.765306 Y-74.479592 Z1.45098 F1000
G01 X38.663265 Y-74.479592 Z1.45098 F1000
G01 X38.561224 Y-74.479592 Z5.019608 F1000
G01 X38.459184 Y-74.479592 Z9.72549 F1000
G01 X38.357143 Y-74.479592 Z10 F1000
G01 X37.132653 Y-74.479592 Z10 F1000
G01 X37.030612 Y-74.479592 Z9.960784 F1000
G01 X34.785714 Y-74.479592 Z9.960784 F1000
G01 X34.683673 Y-74.479592 Z10 F1000
G01 X31.622449 Y-74.479592 Z10 F1000
G01 X31.520408 Y-74.479592 Z8.54902 F1000
G01 X31.418367 Y-74.479592 Z4.823529 F1000
G01 X31.316327 Y-74.479592 Z2.196078 F1000
G01 X31.214286 Y-74.479592 Z1.764706 F1000
G01 X31.112245 Y-74.479592 Z1.764706 F1000
G01 X31.010204 Y-74.479592 Z1.686275 F1000
G01 X30.806122 Y-74.479592 Z1.686275 F1000
G01 X30.704082 Y-74.479592 Z1.647059 F1000
G01 X30.602041 Y-74.479592 Z1.647059 F1000
G01 X30.5 Y-74.479592 Z1.333333 F1000
G01 X29.887755 Y-74.479592 Z1.333333 F1000
G01 X29.785714 Y-74.479592 Z1.490196 F1000
G01 X29.683673 Y-74.479592 Z1.607843 F1000
G01 X29.071429 Y-74.479592 Z1.607843 F1000
G01 X28.969388 Y-74.479592 Z1.72549 F1000
G01 X28.05102 Y-74.479592 Z1.72549 F1000
G01 X27.94898 Y-74.479592 Z3.176471 F1000
G01 X27.846939 Y-74.479592 Z5.098039 F1000
G01 X27.744898 Y-74.479592 Z7.176471 F1000
G01 X27.642857 Y-74.479592 Z8.823529 F1000
G01 X27.540816 Y-74.479592 Z9.607843 F1000
G01 X27.438776 Y-74.479592 Z9.686275 F1000
G01 X27.336735 Y-74.479592 Z9.921569 F1000
G01 X27.234694 Y-74.479592 Z10 F1000
G01 X21.72449 Y-74.479592 Z10 F1000
G01 X21.622449 Y-74.479592 Z9.686275 F1000
G01 X21.520408 Y-74.479592 Z8.666667 F1000
G01 X21.418367 Y-74.479592 Z6.627451 F1000
G01 X21.316327 Y-74.479592 Z4 F1000
G01 X21.214286 Y-74.479592 Z2 F1000
G01 X20.908163 Y-74.479592 Z2 F1000
G01 X20.806122 Y-74.479592 Z1.607843 F1000
G01 X20.091837 Y-74.479592 Z1.607843 F1000
G01 X19.989796 Y-74.479592 Z1.333333 F1000
G01 X19.377551 Y-74.479592 Z1.333333 F1000
G01 X19.27551 Y-74.479592 Z1.45098 F1000
G01 X19.071429 Y-74.479592 Z1.45098 F1000
G01 X18.969388 Y-74.479592 Z1.529412 F1000
G01 X18.765306 Y-74.479592 Z1.529412 F1000
G01 X18.663265 Y-74.479592 Z2.980392 F1000
G01 X18.561224 Y-74.479592 Z5.058824 F1000
G01 X18.459184 Y-74.479592 Z9.372549 F1000
G01 X18.357143 Y-74.479592 Z9.372549 F1000
G01 X18.255102 Y-74.479592 Z10 F1000
G01 X16.010204 Y-74.479592 Z10 F1000
G01 X15.908163 Y-74.479592 Z9.960784 F1000
G01 X0.5 Y-74.479592 Z9.960784 F1000
G01 X0.5 Y-74.581633 Z9.960784 F1000
G01 X0.5 Y-74.683673 Z9.960784 F1000
G01 X0.5 Y-74.785714 Z9.960784 F1000
G01 X0.5 Y-74.887755 Z9.960784 F1000
G01 X0.5 Y-74.989796 Z9.960784 F1000
G01 X16.72449 Y-74.989796 Z9.960784 F1000
G01 X16.826531 Y-74.989796 Z10 F1000
G01 X18.969388 Y-74.989796 Z10 F1000
G01 X19.071429 Y-74.989796 Z9.803922 F1000
G01 X19.173469 Y-74.989796 Z7.529412 F1000
G01 X19.27551 Y-74.989796 Z4.745098 F1000
G01 X19.377551 Y-74.989796 Z1.882353 F1000
G01 X19.887755 Y-74.989796 Z1.882353 F1000
G01 X19.989796 Y-74.989796 Z1.647059 F1000
G01 X20.091837 Y-74.989796 Z1.647059 F1000
G01 X20.193878 Y-74.989796 Z1.333333 F1000
G01 X21.622449 Y-74.989796 Z1.333333 F1000
G01 X21.72449 Y-74.989796 Z1.647059 F1000
G01 X22.642857 Y-74.989796 Z1.647059 F1000
G01 X22.744898 Y-74.989796 Z1.607843 F1000
G01 X23.153061 Y-74.989796 Z1.607843 F1000
G01 X23.255102 Y-74.989796 Z1.647059 F1000
G01 X23.357143 Y-74.989796 Z2.352941 F1000
G01 X23.459184 Y-74.989796 Z2.54902 F1000
G01 X23.561224 Y-74.989796 Z2.862745 F1000
G01 X23.663265 Y-74.989796 Z3.176471 F1000
G01 X23.765306 Y-74.989796 Z3.372549 F1000
G01 X23.867347 Y-74.989796 Z3.45098 F1000
G01 X24.071429 Y-74.989796 Z3.45098 F1000
G01 X24.173469 Y-74.989796 Z3.490196 F1000
G01 X25.091837 Y-74.989796 Z3.490196 F1000
G01 X25.193878 Y-74.989796 Z3.411765 F1000
G01 X25.295918 Y-74.989796 Z3.254902 F1000
G01 X25.397959 Y-74.989796 Z3.058824 F1000
G01 X25.5 Y-74.989796 Z2.745098 F1000
G01 X25.602041 Y-74.989796 Z2.431373 F1000
G01 X25.704082 Y-74.989796 Z2.156863 F1000
G01 X25.806122 Y-74.989796 Z2.039216 F1000
G01 X25.908163 Y-74.989796 Z1.72549 F1000
G01 X26.010204 Y-74.989796 Z1.647059 F1000
G01 X26.112245 Y-74.989796 Z1.607843 F1000
G01 X26.316327 Y-74.989796 Z1.607843 F1000
G01 X26.418367 Y-74.989796 Z1.647059 F1000
G01 X27.336735 Y-74.989796 Z1.647059 F1000
G01 X27.438776 Y-74.989796 Z1.333333 F1000
G01 X28.867347 Y-74.989796 Z1.333333 F1000
G01 X28.969388 Y-74.989796 Z1.568627 F1000
G01 X29.071429 Y-74.989796 Z1.568627 F1000
G01 X29.173469 Y-74.989796 Z1.647059 F1000
G01 X30.295918 Y-74.989796 Z1.647059 F1000
G01 X30.397959 Y-74.989796 Z3.490196 F1000
G01 X30.5 Y-74.989796 Z5.568627 F1000
G01 X30.602041 Y-74.989796 Z8.117647 F1000
G01 X30.704082 Y-74.989796 Z9.686275 F1000
G01 X30.806122 Y-74.989796 Z10 F1000
G01 X33.867347 Y-74.989796 Z10 F1000
G01 X33.969388 Y-74.989796 Z9.960784 F1000
G01 X37.030612 Y-74.989796 Z9.960784 F1000
G01 X37.132653 Y-74.989796 Z10 F1000
G01 X38.357143 Y-74.989796 Z10 F1000
G01 X38.459184 Y-74.989796 Z9.372549 F1000
G01 X38.561224 Y-74.989796 Z3.215686 F1000
G01 X38.663265 Y-74.989796 Z1.490196 F1000
G01 X38.765306 Y-74.989796 Z1.45098 F1000
G01 X38.867347 Y-74.989796 Z1.333333 F1000
G01 X39.479592 Y-74.989796 Z1.333333 F1000
G01 X39.581633 Y-74.989796 Z1.45098 F1000
G01 X39.887755 Y-74.989796 Z1.45098 F1000
G01 X39.989796 Y-74.989796 Z1.490196 F1000
G01 X40.091837 Y-74.989796 Z1.490196 F1000
G01 X40.193878 Y-74.989796 Z1.647059 F1000
G01 X40.295918 Y-74.989796 Z7.137255 F1000
G01 X40.397959 Y-74.989796 Z10 F1000
G01 X42.030612 Y-74.989796 Z10 F1000
G01 X42.132653 Y-74.989796 Z9.960784 F1000
G01 X58.255102 Y-74.989796 Z9.960784 F1000
G01 X58.357143 Y-74.989796 Z10 F1000
G01 X59.581633 Y-74.989796 Z10 F1000
G01 X59.683673 Y-74.989796 Z5.647059 F1000
G01 X59.785714 Y-74.989796 Z1.529412 F1000
G01 X59.887755 Y-74.989796 Z1.45098 F1000
G01 X59.989796 Y-74.989796 Z1.45098 F1000
G01 X60.091837 Y-74.989796 Z1.333333 F1000
G01 X60.704082 Y-74.989796 Z1.333333 F1000
G01 X60.806122 Y-74.989796 Z1.372549 F1000
G01 X60.908163 Y-74.989796 Z1.45098 F1000
G01 X61.010204 Y-74.989796 Z1.568627 F1000
G01 X61.112245 Y-74.989796 Z1.568627 F1000
G01 X61.214286 Y-74.989796 Z1.607843 F1000
G01 X61.316327 Y-74.989796 Z1.607843 F1000
G01 X61.418367 Y-74.989796 Z4.431373 F1000
G01 X61.520408 Y-74.989796 Z9.607843 F1000
G01 X61.622449 Y-74.989796 Z9.960784 F1000
G01 X65.602041 Y-74.989796 Z9.960784 F1000
G01 X65.704082 Y-74.989796 Z10 F1000
G01 X69.27551 Y-74.989796 Z10 F1000
G01 X69.377551 Y-74.989796 Z8.27451 F1000
G01 X69.479592 Y-74.989796 Z5.058824 F1000
G01 X69.581633 Y-74.989796 Z2.352941 F1000
G01 X69.683673 Y-74.989796 Z1.686275 F1000
G01 X70.295918 Y-74.989796 Z1.686275 F1000
G01 X70.397959 Y-74.989796 Z1.568627 F1000
G01 X70.602041 Y-74.989796 Z1.568627 F1000
G01 X70.704082 Y-74.989796 Z1.333333 F1000
G01 X72.94898 Y-74.989796 Z1.333333 F1000
G01 X73.05102 Y-74.989796 Z1.686275 F1000
G01 X73.969388 Y-74.989796 Z1.686275 F1000
G01 X74.071429 Y-74.989796 Z1.647059 F1000
G01 X74.173469 Y-74.989796 Z1.882353 F1000
G01 X74.27551 Y-74.989796 Z2.117647 F1000
G01 X74.377551 Y-74.989796 Z2.313725 F1000
G01 X74.479592 Y-74.989796 Z2.54902 F1000
G01 X74.581633 Y-74.989796 Z2.666667 F1000
G01 X74.683673 Y-74.989796 Z3.333333 F1000
G01 X74.785714 Y-74.989796 Z3.333333 F1000
G01 X74.887755 Y-74.989796 Z3.372549 F1000
G01 X76.112245 Y-74.989796 Z3.372549 F1000
G01 X76.214286 Y-74.989796 Z3.333333 F1000
G01 X76.316327 Y-74.989796 Z3.333333 F1000
G01 X76.418367 Y-74.989796 Z2.901961 F1000
G01 X76.520408 Y-74.989796 Z2.784314 F1000
G01 X76.622449 Y-74.989796 Z2.54902 F1000
G01 X76.72449 Y-74.989796 Z2.313725 F1000
G01 X76.826531 Y-74.989796 Z2.078431 F1000
G01 X76.928571 Y-74.989796 Z1.803922 F1000
G01 X77.030612 Y-74.989796 Z1.686275 F1000
G01 X77.234694 Y-74.989796 Z1.686275 F1000
G01 X77.336735 Y-74.989796 Z1.607843 F1000
G01 X77.94898 Y-74.989796 Z1.607843 F1000
G01 X78.05102 Y-74.989796 Z1.333333 F1000
G01 X79.479592 Y-74.989796 Z1.333333 F1000
G01 X79.581633 Y-74.989796 Z1.568627 F1000
G01 X80.397959 Y-74.989796 Z1.568627 F1000
G01 X80.5 Y-74.989796 Z1.607843 F1000
G01 X80.602041 Y-74.989796 Z1.607843 F1000
G01 X80.704082 Y-74.989796 Z2.039216 F1000
G01 X80.806122 Y-74.989796 Z5.45098 F1000
G01 X80.908163 Y-74.989796 Z8.627451 F1000
G01 X81.010204 Y-74.989796 Z9.882353 F1000
G01 X81.112245 Y-74.989796 Z9.921569 F1000
G01 X81.214286 Y-74.989796 Z10 F1000
G01 X83.663265 Y-74.989796 Z10 F1000
G01 X83.765306 Y-74.989796 Z9.960784 F1000
G01 X99.581633 Y-74.989796 Z9.960784 F1000
G01 X99.581633 Y-75.091837 Z9.960784 F1000
G01 X99.581633 Y-75.193878 Z9.960784 F1000
G01 X99.581633 Y-75.295918 Z9.960784 F1000
G01 X99.581633 Y-75.397959 Z9.960784 F1000
G01 X99.581633 Y-75.5 Z9.960784 F1000
G01 X83.663265 Y-75.5 Z9.960784 F1000
G01 X83.561224 Y-75.5 Z10 F1000
G01 X80.5 Y-75.5 Z10 F1000
G01 X80.397959 Y-75.5 Z9.960784 F1000
G01 X80.295918 Y-75.5 Z9.843137 F1000
G01 X80.193878 Y-75.5 Z9.843137 F1000
G01 X80.091837 Y-75.5 Z8.627451 F1000
G01 X79.989796 Y-75.5 Z5.72549 F1000
G01 X79.887755 Y-75.5 Z2.784314 F1000
G01 X79.785714 Y-75.5 Z1.647059 F1000
G01 X79.581633 Y-75.5 Z1.647059 F1000
G01 X79.479592 Y-75.5 Z1.529412 F1000
G01 X78.255102 Y-75.5 Z1.529412 F1000
G01 X78.153061 Y-75.5 Z1.45098 F1000
G01 X78.05102 Y-75.5 Z1.333333 F1000
G01 X77.94898 Y-75.5 Z1.45098 F1000
G01 X76.010204 Y-75.5 Z1.45098 F1000
G01 X75.908163 Y-75.5 Z1.411765 F1000
G01 X75.806122 Y-75.5 Z1.372549 F1000
G01 X74.173469 Y-75.5 Z1.372549 F1000
G01 X74.071429 Y-75.5 Z1.45098 F1000
G01 X73.969388 Y-75.5 Z1.568627 F1000
G01 X73.05102 Y-75.5 Z1.568627 F1000
G01 X72.94898 Y-75.5 Z1.372549 F1000
G01 X72.540816 Y-75.5 Z1.372549 F1000
G01 X72.438776 Y-75.5 Z1.45098 F1000
G01 X72.336735 Y-75.5 Z1.568627 F1000
G01 X71.520408 Y-75.5 Z1.568627 F1000
G01 X71.418367 Y-75.5 Z1.607843 F1000
G01 X70.806122 Y-75.5 Z1.607843 F1000
G01 X70.704082 Y-75.5 Z1.921569 F1000
G01 X70.602041 Y-75.5 Z3.960784 F1000
G01 X70.5 Y-75.5 Z6.196078 F1000
G01 X70.397959 Y-75.5 Z8.627451 F1000
G01 X70.295918 Y-75.5 Z9.843137 F1000
G01 X70.193878 Y-75.5 Z10 F1000
G01 X65.704082 Y-75.5 Z10 F1000
G01 X65.602041 Y-75.5 Z9.960784 F1000
G01 X61.622449 Y-75.5 Z9.960784 F1000
G01 X61.520408 Y-75.5 Z9.254902 F1000
G01 X61.418367 Y-75.5 Z2.784314 F1000
G01 X61.316327 Y-75.5 Z1.607843 F1000
G01 X61.214286 Y-75.5 Z1.607843 F1000
G01 X61.112245 Y-75.5 Z1.568627 F1000
G01 X61.010204 Y-75.5 Z1.568627 F1000
G01 X60.908163 Y-75.5 Z1.490196 F1000
G01 X60.806122 Y-75.5 Z1.411765 F1000
G01 X60.704082 Y-75.5 Z1.333333 F1000
G01 X60.091837 Y-75.5 Z1.333333 F1000
G01 X59.989796 Y-75.5 Z1.372549 F1000
G01 X59.887755 Y-75.5 Z1.411765 F1000
G01 X59.785714 Y-75.5 Z1.529412 F1000
G01 X59.683673 Y-75.5 Z6.039216 F1000
G01 X59.581633 Y-75.5 Z10 F1000
G01 X58.357143 Y-75.5 Z10 F1000
G01 X58.255102 Y-75.5 Z9.960784 F1000
G01 X42.030612 Y-75.5 Z9.960784 F1000
G01 X41.928571 Y-75.5 Z10 F1000
G01 X40.397959 Y-75.5 Z10 F1000
G01 X40.295918 Y-75.5 Z7.333333 F1000
G01 X40.193878 Y-75.5 Z1.686275 F1000
G01 X40.091837 Y-75.5 Z1.490196 F1000
G01 X39.581633 Y-75.5 Z1.490196 F1000
G01 X39.479592 Y-75.5 Z1.333333 F1000
G01 X38.867347 Y-75.5 Z1.333333 F1000
G01 X38.765306 Y-75.5 Z1.372549 F1000
G01 X38.663265 Y-75.5 Z1.490196 F1000
G01 X38.561224 Y-75.5 Z2.156863 F1000
G01 X38.459184 Y-75.5 Z8.156863 F1000
G01 X38.357143 Y-75.5 Z10 F1000
G01 X37.132653 Y-75.5 Z10 F1000
G01 X37.030612 Y-75.5 Z9.960784 F1000
G01 X33.663265 Y-75.5 Z9.960784 F1000
G01 X33.561224 Y-75.5 Z10 F1000
G01 X29.989796 Y-75.5 Z10 F1000
G01 X29.887755 Y-75.5 Z9.882353 F1000
G01 X29.683673 Y-75.5 Z9.882353 F1000
G01 X29.581633 Y-75.5 Z8.980392 F1000
G01 X29.479592 Y-75.5 Z6.980392 F1000
G01 X29.377551 Y-75.5 Z4.313725 F1000
G01 X29.27551 Y-75.5 Z2.156863 F1000
G01 X29.173469 Y-75.5 Z1.647059 F1000
G01 X29.071429 Y-75.5 Z1.568627 F1000
G01 X28.969388 Y-75.5 Z1.568627 F1000
G01 X28.867347 Y-75.5 Z1.411765 F1000
G01 X28.255102 Y-75.5 Z1.411765 F1000
G01 X28.153061 Y-75.5 Z1.333333 F1000
G01 X27.94898 Y-75.5 Z1.333333 F1000
G01 X27.846939 Y-75.5 Z1.372549 F1000
G01 X27.234694 Y-75.5 Z1.372549 F1000
G01 X27.132653 Y-75.5 Z1.411765 F1000
G01 X26.520408 Y-75.5 Z1.411765 F1000
G01 X26.418367 Y-75.5 Z1.45098 F1000
G01 X25.397959 Y-75.5 Z1.45098 F1000
G01 X25.295918 Y-75.5 Z1.372549 F1000
G01 X25.193878 Y-75.5 Z1.372549 F1000
G01 X25.091837 Y-75.5 Z1.411765 F1000
G01 X24.071429 Y-75.5 Z1.411765 F1000
G01 X23.969388 Y-75.5 Z1.45098 F1000
G01 X23.867347 Y-75.5 Z1.490196 F1000
G01 X23.459184 Y-75.5 Z1.490196 F1000
G01 X23.357143 Y-75.5 Z1.529412 F1000
G01 X22.438776 Y-75.5 Z1.529412 F1000
G01 X22.336735 Y-75.5 Z1.45098 F1000
G01 X22.234694 Y-75.5 Z1.490196 F1000
G01 X21.72449 Y-75.5 Z1.490196 F1000
G01 X21.622449 Y-75.5 Z1.529412 F1000
G01 X21.520408 Y-75.5 Z1.647059 F1000
G01 X20.295918 Y-75.5 Z1.647059 F1000
G01 X20.193878 Y-75.5 Z2.196078 F1000
G01 X20.091837 Y-75.5 Z5.686275 F1000
G01 X19.989796 Y-75.5 Z7.960784 F1000
G01 X19.887755 Y-75.5 Z9.921569 F1000
G01 X19.785714 Y-75.5 Z10 F1000
G01 X16.826531 Y-75.5 Z10 F1000
G01 X16.72449 Y-75.5 Z9.960784 F1000
G01 X0.5 Y-75.5 Z9.960784 F1000
G01 X0.5 Y-75.602041 Z9.960784 F1000
G01 X0.5 Y-75.704082 Z9.960784 F1000
G01 X0.5 Y-75.806122 Z9.960784 F1000
G01 X0.5 Y-75.908163 Z9.960784 F1000
G01 X0.5 Y-76.010204 Z9.960784 F1000
G01 X17.540816 Y-76.010204 Z9.960784 F1000
G01 X17.642857 Y-76.010204 Z10 F1000
G01 X20.806122 Y-76.010204 Z10 F1000
G01 X20.908163 Y-76.010204 Z9.803922 F1000
G01 X21.010204 Y-76.010204 Z8.588235 F1000
G01 X21.112245 Y-76.010204 Z6.392157 F1000
G01 X21.214286 Y-76.010204 Z3.568627 F1000
G01 X21.316327 Y-76.010204 Z1.72549 F1000
G01 X21.418367 Y-76.010204 Z1.72549 F1000
G01 X21.520408 Y-76.010204 Z1.686275 F1000
G01 X21.72449 Y-76.010204 Z1.686275 F1000
G01 X21.826531 Y-76.010204 Z1.490196 F1000
G01 X22.540816 Y-76.010204 Z1.490196 F1000
G01 X22.642857 Y-76.010204 Z1.333333 F1000
G01 X26.418367 Y-76.010204 Z1.333333 F1000
G01 X26.520408 Y-76.010204 Z1.411765 F1000
G01 X27.234694 Y-76.010204 Z1.411765 F1000
G01 X27.336735 Y-76.010204 Z1.490196 F1000
G01 X27.438776 Y-76.010204 Z1.568627 F1000
G01 X27.744898 Y-76.010204 Z1.568627 F1000
G01 X27.846939 Y-76.010204 Z2.078431 F1000
G01 X27.94898 Y-76.010204 Z3.019608 F1000
G01 X28.05102 Y-76.010204 Z3.647059 F1000
G01 X28.153061 Y-76.010204 Z6.352941 F1000
G01 X28.255102 Y-76.010204 Z8.117647 F1000
G01 X28.357143 Y-76.010204 Z9.529412 F1000
G01 X28.459184 Y-76.010204 Z9.568627 F1000
G01 X28.561224 Y-76.010204 Z9.568627 F1000
G01 X28.663265 Y-76.010204 Z9.764706 F1000
G01 X28.765306 Y-76.010204 Z10 F1000
G01 X33.05102 Y-76.010204 Z10 F1000
G01 X33.153061 Y-76.010204 Z9.960784 F1000
G01 X37.132653 Y-76.010204 Z9.960784 F1000
G01 X37.234694 Y-76.010204 Z10 F1000
G01 X38.357143 Y-76.010204 Z10 F1000
G01 X38.459184 Y-76.010204 Z7.568627 F1000
G01 X38.561224 Y-76.010204 Z1.960784 F1000
G01 X38.663265 Y-76.010204 Z1.372549 F1000
G01 X38.765306 Y-76.010204 Z1.372549 F1000
G01 X38.867347 Y-76.010204 Z1.333333 F1000
G01 X39.479592 Y-76.010204 Z1.333333 F1000
G01 X39.581633 Y-76.010204 Z1.490196 F1000
G01 X40.091837 Y-76.010204 Z1.490196 F1000
G01 X40.193878 Y-76.010204 Z1.686275 F1000
G01 X40.295918 Y-76.010204 Z7.333333 F1000
G01 X40.397959 Y-76.010204 Z9.960784 F1000
G01 X58.255102 Y-76.010204 Z9.960784 F1000
G01 X58.357143 Y-76.010204 Z10 F1000
G01 X59.581633 Y-76.010204 Z10 F1000
G01 X59.683673 Y-76.010204 Z6.039216 F1000
G01 X59.785714 Y-76.010204 Z1.529412 F1000
G01 X59.887755 Y-76.010204 Z1.333333 F1000
G01 X60.704082 Y-76.010204 Z1.333333 F1000
G01 X60.806122 Y-76.010204 Z1.411765 F1000
G01 X60.908163 Y-76.010204 Z1.490196 F1000
G01 X61.316327 Y-76.010204 Z1.490196 F1000
G01 X61.418367 Y-76.010204 Z2.627451 F1000
G01 X61.520408 Y-76.010204 Z8.666667 F1000
G01 X61.622449 Y-76.010204 Z9.960784 F1000
G01 X67.234694 Y-76.010204 Z9.960784 F1000
G01 X67.336735 Y-76.010204 Z10 F1000
G01 X71.316327 Y-76.010204 Z10 F1000
G01 X71.418367 Y-76.010204 Z9.647059 F1000
G01 X71.520408 Y-76.010204 Z9.647059 F1000
G01 X71.622449 Y-76.010204 Z9.254902 F1000
G01 X71.72449 Y-76.010204 Z8.078431 F1000
G01 X71.826531 Y-76.010204 Z6 F1000
G01 X71.928571 Y-76.010204 Z3.529412 F1000
G01 X72.030612 Y-76.010204 Z1.843137 F1000
G01 X72.234694 Y-76.010204 Z1.843137 F1000
G01 X72.336735 Y-76.010204 Z1.568627 F1000
G01 X73.05102 Y-76.010204 Z1.568627 F1000
G01 X73.153061 Y-76.010204 Z1.333333 F1000
G01 X77.846939 Y-76.010204 Z1.333333 F1000
G01 X77.94898 Y-76.010204 Z1.568627 F1000
G01 X78.05102 Y-76.010204 Z1.568627 F1000
G01 X78.153061 Y-76.010204 Z1.686275 F1000
G01 X78.663265 Y-76.010204 Z1.686275 F1000
G01 X78.765306 Y-76.010204 Z2.392157 F1000
G01 X78.867347 Y-76.010204 Z4.54902 F1000
G01 X78.969388 Y-76.010204 Z7.294118 F1000
G01 X79.071429 Y-76.010204 Z9.058824 F1000
G01 X79.173469 Y-76.010204 Z9.72549 F1000
G01 X79.27551 Y-76.010204 Z9.843137 F1000
G01 X79.377551 Y-76.010204 Z9.921569 F1000
G01 X79.479592 Y-76.010204 Z10 F1000
G01 X82.846939 Y-76.010204 Z10 F1000
G01 X82.94898 Y-76.010204 Z9.960784 F1000
G01 X99.581633 Y-76.010204 Z9.960784 F1000
G01 X99.581633 Y-76.112245 Z9.960784 F1000
G01 X99.581633 Y-76.214286 Z9.960784 F1000
G01 X99.581633 Y-76.316327 Z9.960784 F1000
G01 X99.581633 Y-76.418367 Z9.960784 F1000
G01 X99.581633 Y-76.520408 Z9.960784 F1000
G01 X81.316327 Y-76.520408 Z9.960784 F1000
G01 X81.214286 Y-76.520408 Z10 F1000
G01 X78.765306 Y-76.520408 Z10 F1000
G01 X78.663265 Y-76.520408 Z9.960784 F1000
G01 X77.94898 Y-76.520408 Z9.960784 F1000
G01 X77.846939 Y-76.520408 Z9.882353 F1000
G01 X77.744898 Y-76.520408 Z9.882353 F1000
G01 X77.642857 Y-76.520408 Z9.803922 F1000
G01 X77.540816 Y-76.520408 Z9.45098 F1000
G01 X77.438776 Y-76.520408 Z8.470588 F1000
G01 X77.336735 Y-76.520408 Z6.901961 F1000
G01 X77.234694 Y-76.520408 Z5.098039 F1000
G01 X77.132653 Y-76.520408 Z3.921569 F1000
G01 X77.030612 Y-76.520408 Z2.431373 F1000
G01 X76.928571 Y-76.520408 Z2.117647 F1000
G01 X76.826531 Y-76.520408 Z1.882353 F1000
G01 X76.214286 Y-76.520408 Z1.882353 F1000
G01 X76.112245 Y-76.520408 Z1.686275 F1000
G01 X76.010204 Y-76.520408 Z1.647059 F1000
G01 X75.5 Y-76.520408 Z1.647059 F1000
G01 X75.397959 Y-76.520408 Z1.490196 F1000
G01 X74.887755 Y-76.520408 Z1.490196 F1000
G01 X74.785714 Y-76.520408 Z1.529412 F1000
G01 X74.27551 Y-76.520408 Z1.529412 F1000
G01 X74.173469 Y-76.520408 Z1.803922 F1000
G01 X74.071429 Y-76.520408 Z2.117647 F1000
G01 X73.969388 Y-76.520408 Z2.352941 F1000
G01 X73.867347 Y-76.520408 Z3.882353 F1000
G01 X73.765306 Y-76.520408 Z4.980392 F1000
G01 X73.663265 Y-76.520408 Z6.627451 F1000
G01 X73.561224 Y-76.520408 Z8.117647 F1000
G01 X73.459184 Y-76.520408 Z8.980392 F1000
G01 X73.357143 Y-76.520408 Z9.372549 F1000
G01 X73.255102 Y-76.520408 Z9.529412 F1000
G01 X73.153061 Y-76.520408 Z9.568627 F1000
G01 X73.05102 Y-76.520408 Z10 F1000
G01 X68.969388 Y-76.520408 Z10 F1000
G01 X68.867347 Y-76.520408 Z9.960784 F1000
G01 X61.622449 Y-76.520408 Z9.960784 F1000
G01 X61.520408 Y-76.520408 Z9.411765 F1000
G01 X61.418367 Y-76.520408 Z3.490196 F1000
G01 X61.316327 Y-76.520408 Z1.568627 F1000
G01 X61.010204 Y-76.520408 Z1.568627 F1000
G01 X60.908163 Y-76.520408 Z1.45098 F1000
G01 X60.806122 Y-76.520408 Z1.411765 F1000
G01 X60.704082 Y-76.520408 Z1.333333 F1000
G01 X59.989796 Y-76.520408 Z1.333333 F1000
G01 X59.887755 Y-76.520408 Z1.568627 F1000
G01 X59.785714 Y-76.520408 Z1.568627 F1000
G01 X59.683673 Y-76.520408 Z5.960784 F1000
G01 X59.581633 Y-76.520408 Z10 F1000
G01 X58.357143 Y-76.520408 Z10 F1000
G01 X58.255102 Y-76.520408 Z9.960784 F1000
G01 X42.132653 Y-76.520408 Z9.960784 F1000
G01 X42.030612 Y-76.520408 Z10 F1000
G01 X40.397959 Y-76.520408 Z10 F1000
G01 X40.295918 Y-76.520408 Z7.294118 F1000
G01 X40.193878 Y-76.520408 Z1.607843 F1000
G01 X39.989796 Y-76.520408 Z1.607843 F1000
G01 X39.887755 Y-76.520408 Z1.568627 F1000
G01 X39.683673 Y-76.520408 Z1.568627 F1000
G01 X39.581633 Y-76.520408 Z1.490196 F1000
G01 X39.479592 Y-76.520408 Z1.333333 F1000
G01 X38.867347 Y-76.520408 Z1.333333 F1000
G01 X38.765306 Y-76.520408 Z1.411765 F1000
G01 X38.663265 Y-76.520408 Z1.490196 F1000
G01 X38.561224 Y-76.520408 Z2.588235 F1000
G01 X38.459184 Y-76.520408 Z8.588235 F1000
G01 X38.357143 Y-76.520408 Z10 F1000
G01 X37.132653 Y-76.520408 Z10 F1000
G01 X37.030612 Y-76.520408 Z9.960784 F1000
G01 X31.520408 Y-76.520408 Z9.960784 F1000
G01 X31.418367 Y-76.520408 Z10 F1000
G01 X26.928571 Y-76.520408 Z10 F1000
G01 X26.826531 Y-76.520408 Z9.960784 F1000
G01 X26.72449 Y-76.520408 Z9.764706 F1000
G01 X26.622449 Y-76.520408 Z9.490196 F1000
G01 X26.520408 Y-76.520408 Z9.294118 F1000
G01 X26.418367 Y-76.520408 Z8.039216 F1000
G01 X26.316327 Y-76.520408 Z6.941176 F1000
G01 X26.214286 Y-76.520408 Z5.411765 F1000
G01 X26.112245 Y-76.520408 Z4.039216 F1000
G01 X26.010204 Y-76.520408 Z3.098039 F1000
G01 X25.908163 Y-76.520408 Z2.431373 F1000
G01 X25.806122 Y-76.520408 Z1.882353 F1000
G01 X25.704082 Y-76.520408 Z1.529412 F1000
G01 X25.602041 Y-76.520408 Z1.490196 F1000
G01 X25.295918 Y-76.520408 Z1.490196 F1000
G01 X25.193878 Y-76.520408 Z1.529412 F1000
G01 X25.091837 Y-76.520408 Z1.568627 F1000
G01 X24.173469 Y-76.520408 Z1.568627 F1000
G01 X24.071429 Y-76.520408 Z1.529412 F1000
G01 X23.969388 Y-76.520408 Z1.490196 F1000
G01 X23.459184 Y-76.520408 Z1.490196 F1000
G01 X23.357143 Y-76.520408 Z1.568627 F1000
G01 X23.255102 Y-76.520408 Z1.568627 F1000
G01 X23.153061 Y-76.520408 Z1.882353 F1000
G01 X23.05102 Y-76.520408 Z2.54902 F1000
G01 X22.94898 Y-76.520408 Z3.529412 F1000
G01 X22.846939 Y-76.520408 Z5.019608 F1000
G01 X22.744898 Y-76.520408 Z6.745098 F1000
G01 X22.642857 Y-76.520408 Z7.921569 F1000
G01 X22.540816 Y-76.520408 Z9.098039 F1000
G01 X22.438776 Y-76.520408 Z9.411765 F1000
G01 X22.336735 Y-76.520408 Z9.764706 F1000
G01 X22.234694 Y-76.520408 Z10 F1000
G01 X18.459184 Y-76.520408 Z10 F1000
G01 X18.357143 Y-76.520408 Z9.960784 F1000
G01 X0.5 Y-76.520408 Z9.960784 F1000
G01 X0.5 Y-76.622449 Z9.960784 F1000
G01 X0.5 Y-76.72449 Z9.960784 F1000
G01 X0.5 Y-76.826531 Z9.960784 F1000
G01 X0.5 Y-76.928571 Z9.960784 F1000
G01 X0.5 Y-77.030612 Z9.960784 F1000
G01 X18.357143 Y-77.030612 Z9.960784 F1000
G01 X18.459184 Y-77.030612 Z10 F1000
G01 X31.418367 Y-77.030612 Z10 F1000
G01 X31.520408 Y-77.030612 Z9.960784 F1000
G01 X37.030612 Y-77.030612 Z9.960784 F1000
G01 X37.132653 Y-77.030612 Z10 F1000
G01 X38.357143 Y-77.030612 Z10 F1000
G01 X38.459184 Y-77.030612 Z9.764706 F1000
G01 X38.561224 Y-77.030612 Z3.568627 F1000
G01 X38.663265 Y-77.030612 Z1.490196 F1000
G01 X38.765306 Y-77.030612 Z1.411765 F1000
G01 X38.867347 Y-77.030612 Z1.333333 F1000
G01 X39.479592 Y-77.030612 Z1.333333 F1000
G01 X39.581633 Y-77.030612 Z1.45098 F1000
G01 X39.683673 Y-77.030612 Z1.568627 F1000
G01 X39.887755 Y-77.030612 Z1.568627 F1000
G01 X39.989796 Y-77.030612 Z1.607843 F1000
G01 X40.193878 Y-77.030612 Z1.607843 F1000
G01 X40.295918 Y-77.030612 Z6.470588 F1000
G01 X40.397959 Y-77.030612 Z10 F1000
G01 X42.030612 Y-77.030612 Z10 F1000
G01 X42.132653 Y-77.030612 Z9.960784 F1000
G01 X58.357143 Y-77.030612 Z9.960784 F1000
G01 X58.459184 Y-77.030612 Z10 F1000
G01 X59.581633 Y-77.030612 Z10 F1000
G01 X59.683673 Y-77.030612 Z5.372549 F1000
G01 X59.785714 Y-77.030612 Z1.568627 F1000
G01 X59.887755 Y-77.030612 Z1.568627 F1000
G01 X59.989796 Y-77.030612 Z1.529412 F1000
G01 X60.091837 Y-77.030612 Z1.333333 F1000
G01 X60.704082 Y-77.030612 Z1.333333 F1000
G01 X60.806122 Y-77.030612 Z1.45098 F1000
G01 X60.908163 Y-77.030612 Z1.45098 F1000
G01 X61.010204 Y-77.030612 Z1.568627 F1000
G01 X61.316327 Y-77.030612 Z1.568627 F1000
G01 X61.418367 Y-77.030612 Z5.254902 F1000
G01 X61.520408 Y-77.030612 Z9.921569 F1000
G01 X61.622449 Y-77.030612 Z9.960784 F1000
G01 X68.867347 Y-77.030612 Z9.960784 F1000
G01 X68.969388 Y-77.030612 Z10 F1000
G01 X81.214286 Y-77.030612 Z10 F1000
G01 X81.316327 Y-77.030612 Z9.960784 F1000
G01 X99.581633 Y-77.030612 Z9.960784 F1000
G01 X99.581633 Y-77.132653 Z9.960784 F1000
G01 X99.581633 Y-77.234694 Z9.960784 F1000
G01 X99.581633 Y-77.336735 Z9.960784 F1000
G01 X99.581633 Y-77.438776 Z9.960784 F1000
G01 X99.581633 Y-77.540816 Z9.960784 F1000
G01 X79.683673 Y-77.540816 Z9.960784 F1000
G01 X79.581633 Y-77.540816 Z10 F1000
G01 X70.602041 Y-77.540816 Z10 F1000
G01 X70.5 Y-77.540816 Z9.960784 F1000
G01 X62.540816 Y-77.540816 Z9.960784 F1000
G01 X62.438776 Y-77.540816 Z10 F1000
G01 X61.520408 Y-77.540816 Z10 F1000
G01 X61.418367 Y-77.540816 Z7.607843 F1000
G01 X61.316327 Y-77.540816 Z2.078431 F1000
G01 X61.214286 Y-77.540816 Z1.568627 F1000
G01 X61.112245 Y-77.540816 Z1.568627 F1000
G01 X61.010204 Y-77.540816 Z1.490196 F1000
G01 X60.806122 Y-77.540816 Z1.490196 F1000
G01 X60.704082 Y-77.540816 Z1.333333 F1000
G01 X60.091837 Y-77.540816 Z1.333333 F1000
G01 X59.989796 Y-77.540816 Z1.529412 F1000
G01 X59.887755 Y-77.540816 Z1.529412 F1000
G01 X59.785714 Y-77.540816 Z1.607843 F1000
G01 X59.683673 Y-77.540816 Z3.843137 F1000
G01 X59.581633 Y-77.540816 Z9.568627 F1000
G01 X59.479592 Y-77.540816 Z10 F1000
G01 X58.459184 Y-77.540816 Z10 F1000
G01 X58.357143 Y-77.540816 Z9.960784 F1000
G01 X42.132653 Y-77.540816 Z9.960784 F1000
G01 X42.030612 Y-77.540816 Z10 F1000
G01 X40.5 Y-77.540816 Z10 F1000
G01 X40.397959 Y-77.540816 Z9.921569 F1000
G01 X40.295918 Y-77.540816 Z5.137255 F1000
G01 X40.193878 Y-77.540816 Z1.686275 F1000
G01 X40.091837 Y-77.540816 Z1.529412 F1000
G01 X39.989796 Y-77.540816 Z1.490196 F1000
G01 X39.683673 Y-77.540816 Z1.490196 F1000
G01 X39.581633 Y-77.540816 Z1.45098 F1000
G01 X39.479592 Y-77.540816 Z1.333333 F1000
G01 X38.867347 Y-77.540816 Z1.333333 F1000
G01 X38.765306 Y-77.540816 Z1.411765 F1000
G01 X38.663265 Y-77.540816 Z1.529412 F1000
G01 X38.561224 Y-77.540816 Z6.745098 F1000
G01 X38.459184 Y-77.540816 Z9.921569 F1000
G01 X38.357143 Y-77.540816 Z10 F1000
G01 X37.132653 Y-77.540816 Z10 F1000
G01 X37.030612 Y-77.540816 Z9.960784 F1000
G01 X29.071429 Y-77.540816 Z9.960784 F1000
G01 X28.969388 Y-77.540816 Z10 F1000
G01 X20.908163 Y-77.540816 Z10 F1000
G01 X20.806122 Y-77.540816 Z9.960784 F1000
G01 X0.5 Y-77.540816 Z9.960784 F1000
G01 X0.5 Y-77.642857 Z9.960784 F1000
G01 X0.5 Y-77.744898 Z9.960784 F1000
G01 X0.5 Y-77.846939 Z9.960784 F1000
G01 X0.5 Y-77.94898 Z9.960784 F1000
G01 X0.5 Y-78.05102 Z9.960784 F1000
G01 X37.030612 Y-78.05102 Z9.960784 F1000
G01 X37.132653 Y-78.05102 Z10 F1000
G01 X38.459184 Y-78.05102 Z10 F1000
G01 X38.561224 Y-78.05102 Z9.372549 F1000
G01 X38.663265 Y-78.05102 Z2.980392 F1000
G01 X38.765306 Y-78.05102 Z1.372549 F1000
G01 X38.867347 Y-78.05102 Z1.333333 F1000
G01 X39.479592 Y-78.05102 Z1.333333 F1000
G01 X39.581633 Y-78.05102 Z1.411765 F1000
G01 X39.683673 Y-78.05102 Z1.490196 F1000
G01 X40.091837 Y-78.05102 Z1.490196 F1000
G01 X40.193878 Y-78.05102 Z1.686275 F1000
G01 X40.295918 Y-78.05102 Z2.784314 F1000
G01 X40.397959 Y-78.05102 Z9.215686 F1000
G01 X40.5 Y-78.05102 Z10 F1000
G01 X42.030612 Y-78.05102 Z10 F1000
G01 X42.132653 Y-78.05102 Z9.960784 F1000
G01 X58.255102 Y-78.05102 Z9.960784 F1000
G01 X58.357143 Y-78.05102 Z10 F1000
G01 X59.479592 Y-78.05102 Z10 F1000
G01 X59.581633 Y-78.05102 Z8.156863 F1000
G01 X59.683673 Y-78.05102 Z2.27451 F1000
G01 X59.785714 Y-78.05102 Z1.686275 F1000
G01 X59.887755 Y-78.05102 Z1.490196 F1000
G01 X59.989796 Y-78.05102 Z1.490196 F1000
G01 X60.091837 Y-78.05102 Z1.333333 F1000
G01 X60.704082 Y-78.05102 Z1.333333 F1000
G01 X60.806122 Y-78.05102 Z1.490196 F1000
G01 X61.010204 Y-78.05102 Z1.490196 F1000
G01 X61.112245 Y-78.05102 Z1.568627 F1000
G01 X61.214286 Y-78.05102 Z1.568627 F1000
G01 X61.316327 Y-78.05102 Z4.235294 F1000
G01 X61.418367 Y-78.05102 Z9.686275 F1000
G01 X61.520408 Y-78.05102 Z10 F1000
G01 X62.438776 Y-78.05102 Z10 F1000
G01 X62.540816 Y-78.05102 Z9.960784 F1000
G01 X99.581633 Y-78.05102 Z9.960784 F1000
G01 X99.581633 Y-78.153061 Z9.960784 F1000
G01 X99.581633 Y-78.255102 Z9.960784 F1000
G01 X99.581633 Y-78.357143 Z9.960784 F1000
G01 X99.581633 Y-78.459184 Z9.960784 F1000
G01 X99.581633 Y-78.561224 Z9.960784 F1000
G01 X62.540816 Y-78.561224 Z9.960784 F1000
G01 X62.438776 Y-78.561224 Z10 F1000
G01 X61.520408 Y-78.561224 Z10 F1000
G01 X61.418367 Y-78.561224 Z9.921569 F1000
G01 X61.316327 Y-78.561224 Z8.705882 F1000
G01 X61.214286 Y-78.561224 Z2.352941 F1000
G01 X61.112245 Y-78.561224 Z1.568627 F1000
G01 X61.010204 Y-78.561224 Z1.45098 F1000
G01 X60.908163 Y-78.561224 Z1.45098 F1000
G01 X60.806122 Y-78.561224 Z1.411765 F1000
G01 X60.704082 Y-78.561224 Z1.333333 F1000
G01 X60.091837 Y-78.561224 Z1.333333 F1000
G01 X59.989796 Y-78.561224 Z1.490196 F1000
G01 X59.887755 Y-78.561224 Z1.490196 F1000
G01 X59.785714 Y-78.561224 Z1.686275 F1000
G01 X59.683673 Y-78.561224 Z1.686275 F1000
G01 X59.581633 Y-78.561224 Z5.176471 F1000
G01 X59.479592 Y-78.561224 Z9.803922 F1000
G01 X59.377551 Y-78.561224 Z9.921569 F1000
G01 X59.27551 Y-78.561224 Z10 F1000
G01 X58.357143 Y-78.561224 Z10 F1000
G01 X58.255102 Y-78.561224 Z9.960784 F1000
G01 X42.132653 Y-78.561224 Z9.960784 F1000
G01 X42.030612 Y-78.561224 Z10 F1000
G01 X40.5 Y-78.561224 Z10 F1000
G01 X40.397959 Y-78.561224 Z6.392157 F1000
G01 X40.295918 Y-78.561224 Z1.490196 F1000
G01 X39.683673 Y-78.561224 Z1.490196 F1000
G01 X39.581633 Y-78.561224 Z1.333333 F1000
G01 X38.867347 Y-78.561224 Z1.333333 F1000
G01 X38.765306 Y-78.561224 Z1.803922 F1000
G01 X38.663265 Y-78.561224 Z7.568627 F1000
G01 X38.561224 Y-78.561224 Z9.882353 F1000
G01 X38.459184 Y-78.561224 Z10 F1000
G01 X37.132653 Y-78.561224 Z10 F1000
G01 X37.030612 Y-78.561224 Z9.960784 F1000
G01 X0.5 Y-78.561224 Z9.960784 F1000
G01 X0.5 Y-78.663265 Z9.960784 F1000
G01 X0.5 Y-78.765306 Z9.960784 F1000
G01 X0.5 Y-78.867347 Z9.960784 F1000
G01 X0.5 Y-78.969388 Z9.960784 F1000
G01 X0.5 Y-79.071429 Z9.960784 F1000
G01 X37.030612 Y-79.071429 Z9.960784 F1000
G01 X37.132653 Y-79.071429 Z10 F1000
G01 X38.561224 Y-79.071429 Z10 F1000
G01 X38.663265 Y-79.071429 Z9.803922 F1000
G01 X38.765306 Y-79.071429 Z5.882353 F1000
G01 X38.867347 Y-79.071429 Z1.568627 F1000
G01 X39.377551 Y-79.071429 Z1.568627 F1000
G01 X39.479592 Y-79.071429 Z1.411765 F1000
G01 X39.581633 Y-79.071429 Z1.333333 F1000
G01 X40.295918 Y-79.071429 Z1.333333 F1000
G01 X40.397959 Y-79.071429 Z2.470588 F1000
G01 X40.5 Y-79.071429 Z8.901961 F1000
G01 X40.602041 Y-79.071429 Z10 F1000
G01 X42.030612 Y-79.071429 Z10 F1000
G01 X42.132653 Y-79.071429 Z9.960784 F1000
G01 X58.255102 Y-79.071429 Z9.960784 F1000
G01 X58.357143 Y-79.071429 Z10 F1000
G01 X59.27551 Y-79.071429 Z10 F1000
G01 X59.377551 Y-79.071429 Z9.882353 F1000
G01 X59.479592 Y-79.071429 Z7.882353 F1000
G01 X59.581633 Y-79.071429 Z2 F1000
G01 X59.683673 Y-79.071429 Z1.803922 F1000
G01 X59.785714 Y-79.071429 Z1.568627 F1000
G01 X59.989796 Y-79.071429 Z1.568627 F1000
G01 X60.091837 Y-79.071429 Z1.333333 F1000
G01 X60.704082 Y-79.071429 Z1.333333 F1000
G01 X60.806122 Y-79.071429 Z1.411765 F1000
G01 X60.908163 Y-79.071429 Z1.45098 F1000
G01 X61.010204 Y-79.071429 Z1.490196 F1000
G01 X61.112245 Y-79.071429 Z1.490196 F1000
G01 X61.214286 Y-79.071429 Z7.372549 F1000
G01 X61.316327 Y-79.071429 Z9.960784 F1000
G01 X61.418367 Y-79.071429 Z10 F1000
G01 X62.336735 Y-79.071429 Z10 F1000
G01 X62.438776 Y-79.071429 Z9.960784 F1000
G01 X99.581633 Y-79.071429 Z9.960784 F1000
G01 X99.581633 Y-79.173469 Z9.960784 F1000
G01 X99.581633 Y-79.27551 Z9.960784 F1000
G01 X99.581633 Y-79.377551 Z9.960784 F1000
G01 X99.581633 Y-79.479592 Z9.960784 F1000
G01 X99.581633 Y-79.581633 Z9.960784 F1000
G01 X62.540816 Y-79.581633 Z9.960784 F1000
G01 X62.438776 Y-79.581633 Z10 F1000
G01 X61.214286 Y-79.581633 Z10 F1000
G01 X61.112245 Y-79.581633 Z6.313725 F1000
G01 X61.010204 Y-79.581633 Z1.607843 F1000
G01 X60.908163 Y-79.581633 Z1.490196 F1000
G01 X60.806122 Y-79.581633 Z1.490196 F1000
G01 X60.704082 Y-79.581633 Z1.333333 F1000
G01 X60.091837 Y-79.581633 Z1.333333 F1000
G01 X59.989796 Y-79.581633 Z1.568627 F1000
G01 X59.887755 Y-79.581633 Z1.647059 F1000
G01 X59.785714 Y-79.581633 Z1.647059 F1000
G01 X59.683673 Y-79.581633 Z1.803922 F1000
G01 X59.581633 Y-79.581633 Z1.803922 F1000
G01 X59.479592 Y-79.581633 Z3.098039 F1000
G01 X59.377551 Y-79.581633 Z9.019608 F1000
G01 X59.27551 Y-79.581633 Z9.960784 F1000
G01 X59.071429 Y-79.581633 Z9.960784 F1000
G01 X58.969388 Y-79.581633 Z10 F1000
G01 X57.744898 Y-79.581633 Z10 F1000
G01 X57.642857 Y-79.581633 Z9.960784 F1000
G01 X42.132653 Y-79.581633 Z9.960784 F1000
G01 X42.030612 Y-79.581633 Z10 F1000
G01 X40.704082 Y-79.581633 Z10 F1000
G01 X40.602041 Y-79.581633 Z9.568627 F1000
G01 X40.5 Y-79.581633 Z4 F1000
G01 X40.397959 Y-79.581633 Z1.45098 F1000
G01 X40.295918 Y-79.581633 Z1.333333 F1000
G01 X39.581633 Y-79.581633 Z1.333333 F1000
G01 X39.479592 Y-79.581633 Z1.607843 F1000
G01 X39.27551 Y-79.581633 Z1.607843 F1000
G01 X39.173469 Y-79.581633 Z1.686275 F1000
G01 X38.969388 Y-79.581633 Z1.686275 F1000
G01 X38.867347 Y-79.581633 Z5.372549 F1000
G01 X38.765306 Y-79.581633 Z9.960784 F1000
G01 X38.663265 Y-79.581633 Z10 F1000
G01 X37.132653 Y-79.581633 Z10 F1000
G01 X37.030612 Y-79.581633 Z9.960784 F1000
G01 X0.5 Y-79.581633 Z9.960784 F1000
G01 X0.5 Y-79.683673 Z9.960784 F1000
G01 X0.5 Y-79.785714 Z9.960784 F1000
G01 X0.5 Y-79.887755 Z9.960784 F1000
G01 X0.5 Y-79.989796 Z9.960784 F1000
G01 X0.5 Y-80.091837 Z9.960784 F1000
G01 X37.030612 Y-80.091837 Z9.960784 F1000
G01 X37.132653 Y-80.091837 Z10 F1000
G01 X38.663265 Y-80.091837 Z10 F1000
G01 X38.765306 Y-80.091837 Z9.960784 F1000
G01 X38.867347 Y-80.091837 Z9.803922 F1000
G01 X38.969388 Y-80.091837 Z5.254902 F1000
G01 X39.071429 Y-80.091837 Z1.686275 F1000
G01 X39.173469 Y-80.091837 Z1.686275 F1000
G01 X39.27551 Y-80.091837 Z1.607843 F1000
G01 X39.479592 Y-80.091837 Z1.607843 F1000
G01 X39.581633 Y-80.091837 Z1.45098 F1000
G01 X39.683673 Y-80.091837 Z1.333333 F1000
G01 X40.295918 Y-80.091837 Z1.333333 F1000
G01 X40.397959 Y-80.091837 Z1.45098 F1000
G01 X40.5 Y-80.091837 Z1.686275 F1000
G01 X40.602041 Y-80.091837 Z4.666667 F1000
G01 X40.704082 Y-80.091837 Z9.568627 F1000
G01 X40.806122 Y-80.091837 Z10 F1000
G01 X41.928571 Y-80.091837 Z10 F1000
G01 X42.030612 Y-80.091837 Z9.960784 F1000
G01 X57.438776 Y-80.091837 Z9.960784 F1000
G01 X57.540816 Y-80.091837 Z10 F1000
G01 X59.071429 Y-80.091837 Z10 F1000
G01 X59.173469 Y-80.091837 Z9.960784 F1000
G01 X59.27551 Y-80.091837 Z9.215686 F1000
G01 X59.377551 Y-80.091837 Z3.607843 F1000
G01 X59.479592 Y-80.091837 Z1.686275 F1000
G01 X59.581633 Y-80.091837 Z1.686275 F1000
G01 X59.683673 Y-80.091837 Z1.647059 F1000
G01 X59.887755 Y-80.091837 Z1.647059 F1000
G01 X59.989796 Y-80.091837 Z1.411765 F1000
G01 X60.091837 Y-80.091837 Z1.333333 F1000
G01 X60.704082 Y-80.091837 Z1.333333 F1000
G01 X60.806122 Y-80.091837 Z1.529412 F1000
G01 X60.908163 Y-80.091837 Z1.529412 F1000
G01 X61.010204 Y-80.091837 Z6.431373 F1000
G01 X61.112245 Y-80.091837 Z9.843137 F1000
G01 X61.214286 Y-80.091837 Z10 F1000
G01 X62.438776 Y-80.091837 Z10 F1000
G01 X62.540816 Y-80.091837 Z9.960784 F1000
G01 X99.581633 Y-80.091837 Z9.960784 F1000
G01 X99.581633 Y-80.193878 Z9.960784 F1000
G01 X99.581633 Y-80.295918 Z9.960784 F1000
G01 X99.581633 Y-80.397959 Z9.960784 F1000
G01 X99.581633 Y-80.5 Z9.960784 F1000
G01 X99.581633 Y-80.602041 Z9.960784 F1000
G01 X62.540816 Y-80.602041 Z9.960784 F1000
G01 X62.438776 Y-80.602041 Z10 F1000
G01 X61.010204 Y-80.602041 Z10 F1000
G01 X60.908163 Y-80.602041 Z7.490196 F1000
G01 X60.806122 Y-80.602041 Z2.117647 F1000
G01 X60.704082 Y-80.602041 Z1.529412 F1000
G01 X59.683673 Y-80.602041 Z1.529412 F1000
G01 X59.581633 Y-80.602041 Z1.686275 F1000
G01 X59.377551 Y-80.602041 Z1.686275 F1000
G01 X59.27551 Y-80.602041 Z3.098039 F1000
G01 X59.173469 Y-80.602041 Z8.784314 F1000
G01 X59.071429 Y-80.602041 Z10 F1000
G01 X57.540816 Y-80.602041 Z10 F1000
G01 X57.438776 Y-80.602041 Z9.960784 F1000
G01 X42.744898 Y-80.602041 Z9.960784 F1000
G01 X42.642857 Y-80.602041 Z10 F1000
G01 X40.908163 Y-80.602041 Z10 F1000
G01 X40.806122 Y-80.602041 Z9.333333 F1000
G01 X40.704082 Y-80.602041 Z4.117647 F1000
G01 X40.602041 Y-80.602041 Z1.686275 F1000
G01 X40.5 Y-80.602041 Z1.686275 F1000
G01 X40.397959 Y-80.602041 Z1.45098 F1000
G01 X40.295918 Y-80.602041 Z1.333333 F1000
G01 X39.683673 Y-80.602041 Z1.333333 F1000
G01 X39.581633 Y-80.602041 Z1.490196 F1000
G01 X39.479592 Y-80.602041 Z1.647059 F1000
G01 X39.377551 Y-80.602041 Z1.647059 F1000
G01 X39.27551 Y-80.602041 Z1.843137 F1000
G01 X39.173469 Y-80.602041 Z1.843137 F1000
G01 X39.071429 Y-80.602041 Z6.627451 F1000
G01 X38.969388 Y-80.602041 Z10 F1000
G01 X38.05102 Y-80.602041 Z10 F1000
G01 X37.94898 Y-80.602041 Z9.960784 F1000
G01 X0.5 Y-80.602041 Z9.960784 F1000
G01 X0.5 Y-80.704082 Z9.960784 F1000
G01 X0.5 Y-80.806122 Z9.960784 F1000
G01 X0.5 Y-80.908163 Z9.960784 F1000
G01 X0.5 Y-81.010204 Z9.960784 F1000
G01 X0.5 Y-81.112245 Z9.960784 F1000
G01 X37.94898 Y-81.112245 Z9.960784 F1000
G01 X38.05102 Y-81.112245 Z10 F1000
G01 X38.969388 Y-81.112245 Z10 F1000
G01 X39.071429 Y-81.112245 Z9.843137 F1000
G01 X39.173469 Y-81.112245 Z8.666667 F1000
G01 X39.27551 Y-81.112245 Z2.588235 F1000
G01 X39.377551 Y-81.112245 Z1.647059 F1000
G01 X39.479592 Y-81.112245 Z1.647059 F1000
G01 X39.581633 Y-81.112245 Z1.490196 F1000
G01 X39.683673 Y-81.112245 Z1.333333 F1000
G01 X40.295918 Y-81.112245 Z1.333333 F1000
G01 X40.397959 Y-81.112245 Z1.45098 F1000
G01 X40.5 Y-81.112245 Z1.686275 F1000
G01 X40.704082 Y-81.112245 Z1.686275 F1000
G01 X40.806122 Y-81.112245 Z2.27451 F1000
G01 X40.908163 Y-81.112245 Z8.039216 F1000
G01 X41.010204 Y-81.112245 Z10 F1000
G01 X42.846939 Y-81.112245 Z10 F1000
G01 X42.94898 Y-81.112245 Z9.960784 F1000
G01 X57.438776 Y-81.112245 Z9.960784 F1000
G01 X57.540816 Y-81.112245 Z10 F1000
G01 X58.867347 Y-81.112245 Z10 F1000
G01 X58.969388 Y-81.112245 Z9.960784 F1000
G01 X59.071429 Y-81.112245 Z6.705882 F1000
G01 X59.173469 Y-81.112245 Z1.882353 F1000
G01 X59.27551 Y-81.112245 Z1.490196 F1000
G01 X59.683673 Y-81.112245 Z1.490196 F1000
G01 X59.785714 Y-81.112245 Z1.45098 F1000
G01 X59.887755 Y-81.112245 Z1.45098 F1000
G01 X59.989796 Y-81.112245 Z1.529412 F1000
G01 X60.193878 Y-81.112245 Z1.529412 F1000
G01 X60.295918 Y-81.112245 Z1.568627 F1000
G01 X60.5 Y-81.112245 Z1.568627 F1000
G01 X60.602041 Y-81.112245 Z1.803922 F1000
G01 X60.704082 Y-81.112245 Z3.254902 F1000
G01 X60.806122 Y-81.112245 Z9.45098 F1000
G01 X60.908163 Y-81.112245 Z10 F1000
G01 X62.438776 Y-81.112245 Z10 F1000
G01 X62.540816 Y-81.112245 Z9.960784 F1000
G01 X99.581633 Y-81.112245 Z9.960784 F1000
G01 X99.581633 Y-81.214286 Z9.960784 F1000
G01 X99.581633 Y-81.316327 Z9.960784 F1000
G01 X99.581633 Y-81.418367 Z9.960784 F1000
G01 X99.581633 Y-81.520408 Z9.960784 F1000
G01 X99.581633 Y-81.622449 Z9.960784 F1000
G01 X62.438776 Y-81.622449 Z9.960784 F1000
G01 X62.336735 Y-81.622449 Z10 F1000
G01 X60.908163 Y-81.622449 Z10 F1000
G01 X60.806122 Y-81.622449 Z9.960784 F1000
G01 X60.704082 Y-81.622449 Z9.960784 F1000
G01 X60.602041 Y-81.622449 Z7.294118 F1000
G01 X60.5 Y-81.622449 Z1.686275 F1000
G01 X60.397959 Y-81.622449 Z1.647059 F1000
G01 X60.193878 Y-81.622449 Z1.647059 F1000
G01 X60.091837 Y-81.622449 Z1.529412 F1000
G01 X59.989796 Y-81.622449 Z1.529412 F1000
G01 X59.887755 Y-81.622449 Z1.333333 F1000
G01 X59.27551 Y-81.622449 Z1.333333 F1000
G01 X59.173469 Y-81.622449 Z1.490196 F1000
G01 X59.071429 Y-81.622449 Z1.72549 F1000
G01 X58.969388 Y-81.622449 Z3.843137 F1000
G01 X58.867347 Y-81.622449 Z9.294118 F1000
G01 X58.765306 Y-81.622449 Z10 F1000
G01 X57.540816 Y-81.622449 Z10 F1000
G01 X57.438776 Y-81.622449 Z9.960784 F1000
G01 X42.94898 Y-81.622449 Z9.960784 F1000
G01 X42.846939 Y-81.622449 Z10 F1000
G01 X41.214286 Y-81.622449 Z10 F1000
G01 X41.112245 Y-81.622449 Z9.647059 F1000
G01 X41.010204 Y-81.622449 Z5.254902 F1000
G01 X40.908163 Y-81.622449 Z1.764706 F1000
G01 X40.806122 Y-81.622449 Z1.568627 F1000
G01 X40.5 Y-81.622449 Z1.568627 F1000
G01 X40.397959 Y-81.622449 Z1.45098 F1000
G01 X40.295918 Y-81.622449 Z1.333333 F1000
G01 X39.683673 Y-81.622449 Z1.333333 F1000
G01 X39.581633 Y-81.622449 Z1.490196 F1000
G01 X39.479592 Y-81.622449 Z1.568627 F1000
G01 X39.377551 Y-81.622449 Z6.078431 F1000
G01 X39.27551 Y-81.622449 Z9.960784 F1000
G01 X39.173469 Y-81.622449 Z10 F1000
G01 X37.94898 Y-81.622449 Z10 F1000
G01 X37.846939 Y-81.622449 Z9.960784 F1000
G01 X0.5 Y-81.622449 Z9.960784 F1000
G01 X0.5 Y-81.72449 Z9.960784 F1000
G01 X0.5 Y-81.826531 Z9.960784 F1000
G01 X0.5 Y-81.928571 Z9.960784 F1000
G01 X0.5 Y-82.030612 Z9.960784 F1000
G01 X0.5 Y-82.132653 Z9.960784 F1000
G01 X37.846939 Y-82.132653 Z9.960784 F1000
G01 X37.94898 Y-82.132653 Z10 F1000
G01 X39.377551 Y-82.132653 Z10 F1000
G01 X39.479592 Y-82.132653 Z9.176471 F1000
G01 X39.581633 Y-82.132653 Z4.470588 F1000
G01 X39.683673 Y-82.132653 Z1.803922 F1000
G01 X39.785714 Y-82.132653 Z1.803922 F1000
G01 X39.887755 Y-82.132653 Z1.686275 F1000
G01 X39.989796 Y-82.132653 Z1.686275 F1000
G01 X40.091837 Y-82.132653 Z1.647059 F1000
G01 X40.193878 Y-82.132653 Z1.647059 F1000
G01 X40.295918 Y-82.132653 Z1.411765 F1000
G01 X40.397959 Y-82.132653 Z1.411765 F1000
G01 X40.5 Y-82.132653 Z1.333333 F1000
G01 X41.112245 Y-82.132653 Z1.333333 F1000
G01 X41.214286 Y-82.132653 Z6.745098 F1000
G01 X41.316327 Y-82.132653 Z9.882353 F1000
G01 X41.418367 Y-82.132653 Z10 F1000
G01 X42.846939 Y-82.132653 Z10 F1000
G01 X42.94898 Y-82.132653 Z9.960784 F1000
G01 X56.72449 Y-82.132653 Z9.960784 F1000
G01 X56.826531 Y-82.132653 Z10 F1000
G01 X58.561224 Y-82.132653 Z10 F1000
G01 X58.663265 Y-82.132653 Z9.490196 F1000
G01 X58.765306 Y-82.132653 Z5.843137 F1000
G01 X58.867347 Y-82.132653 Z1.72549 F1000
G01 X59.071429 Y-82.132653 Z1.72549 F1000
G01 X59.173469 Y-82.132653 Z1.529412 F1000
G01 X59.27551 Y-82.132653 Z1.333333 F1000
G01 X59.887755 Y-82.132653 Z1.333333 F1000
G01 X59.989796 Y-82.132653 Z1.529412 F1000
G01 X60.091837 Y-82.132653 Z1.72549 F1000
G01 X60.193878 Y-82.132653 Z1.882353 F1000
G01 X60.295918 Y-82.132653 Z1.882353 F1000
G01 X60.397959 Y-82.132653 Z5.686275 F1000
G01 X60.5 Y-82.132653 Z9.529412 F1000
G01 X60.602041 Y-82.132653 Z10 F1000
G01 X61.520408 Y-82.132653 Z10 F1000
G01 X61.622449 Y-82.132653 Z9.960784 F1000
G01 X99.581633 Y-82.132653 Z9.960784 F1000
G01 X99.581633 Y-82.234694 Z9.960784 F1000
G01 X99.581633 Y-82.336735 Z9.960784 F1000
G01 X99.581633 Y-82.438776 Z9.960784 F1000
G01 X99.581633 Y-82.540816 Z9.960784 F1000
G01 X99.581633 Y-82.642857 Z9.960784 F1000
G01 X61.72449 Y-82.642857 Z9.960784 F1000
G01 X61.622449 Y-82.642857 Z10 F1000
G01 X60.5 Y-82.642857 Z10 F1000
G01 X60.397959 Y-82.642857 Z9.882353 F1000
G01 X60.295918 Y-82.642857 Z9.72549 F1000
G01 X60.193878 Y-82.642857 Z5.803922 F1000
G01 X60.091837 Y-82.642857 Z1.843137 F1000
G01 X59.989796 Y-82.642857 Z1.529412 F1000
G01 X59.887755 Y-82.642857 Z1.333333 F1000
G01 X59.27551 Y-82.642857 Z1.333333 F1000
G01 X59.173469 Y-82.642857 Z1.529412 F1000
G01 X58.969388 Y-82.642857 Z1.529412 F1000
G01 X58.867347 Y-82.642857 Z1.568627 F1000
G01 X58.663265 Y-82.642857 Z1.568627 F1000
G01 X58.561224 Y-82.642857 Z6 F1000
G01 X58.459184 Y-82.642857 Z9.72549 F1000
G01 X58.357143 Y-82.642857 Z9.960784 F1000
G01 X58.153061 Y-82.642857 Z9.960784 F1000
G01 X58.05102 Y-82.642857 Z10 F1000
G01 X56.72449 Y-82.642857 Z10 F1000
G01 X56.622449 Y-82.642857 Z9.960784 F1000
G01 X42.94898 Y-82.642857 Z9.960784 F1000
G01 X42.846939 Y-82.642857 Z10 F1000
G01 X41.520408 Y-82.642857 Z10 F1000
G01 X41.418367 Y-82.642857 Z7.098039 F1000
G01 X41.316327 Y-82.642857 Z1.764706 F1000
G01 X41.214286 Y-82.642857 Z1.764706 F1000
G01 X41.112245 Y-82.642857 Z1.333333 F1000
G01 X40.5 Y-82.642857 Z1.333333 F1000
G01 X40.397959 Y-82.642857 Z1.411765 F1000
G01 X40.295918 Y-82.642857 Z1.529412 F1000
G01 X40.193878 Y-82.642857 Z1.647059 F1000
G01 X40.091837 Y-82.642857 Z1.647059 F1000
G01 X39.989796 Y-82.642857 Z1.686275 F1000
G01 X39.887755 Y-82.642857 Z1.686275 F1000
G01 X39.785714 Y-82.642857 Z4.588235 F1000
G01 X39.683673 Y-82.642857 Z9.45098 F1000
G01 X39.581633 Y-82.642857 Z9.921569 F1000
G01 X39.479592 Y-82.642857 Z10 F1000
G01 X37.94898 Y-82.642857 Z10 F1000
G01 X37.846939 Y-82.642857 Z9.960784 F1000
G01 X0.5 Y-82.642857 Z9.960784 F1000
G01 X0.5 Y-82.744898 Z9.960784 F1000
G01 X0.5 Y-82.846939 Z9.960784 F1000
G01 X0.5 Y-82.94898 Z9.960784 F1000
G01 X0.5 Y-83.05102 Z9.960784 F1000
G01 X0.5 Y-83.153061 Z9.960784 F1000
G01 X37.846939 Y-83.153061 Z9.960784 F1000
G01 X37.94898 Y-83.153061 Z10 F1000
G01 X39.785714 Y-83.153061 Z10 F1000
G01 X39.887755 Y-83.153061 Z9.686275 F1000
G01 X39.989796 Y-83.153061 Z5.137255 F1000
G01 X40.091837 Y-83.153061 Z1.72549 F1000
G01 X40.193878 Y-83.153061 Z1.72549 F1000
G01 X40.295918 Y-83.153061 Z1.686275 F1000
G01 X40.397959 Y-83.153061 Z1.490196 F1000
G01 X40.5 Y-83.153061 Z1.333333 F1000
G01 X41.112245 Y-83.153061 Z1.333333 F1000
G01 X41.214286 Y-83.153061 Z1.529412 F1000
G01 X41.316327 Y-83.153061 Z1.568627 F1000
G01 X41.418367 Y-83.153061 Z1.568627 F1000
G01 X41.520408 Y-83.153061 Z1.72549 F1000
G01 X41.622449 Y-83.153061 Z4.352941 F1000
G01 X41.72449 Y-83.153061 Z9.647059 F1000
G01 X41.826531 Y-83.153061 Z10 F1000
G01 X43.663265 Y-83.153061 Z10 F1000
G01 X43.765306 Y-83.153061 Z9.960784 F1000
G01 X55.806122 Y-83.153061 Z9.960784 F1000
G01 X55.908163 Y-83.153061 Z10 F1000
G01 X58.05102 Y-83.153061 Z10 F1000
G01 X58.153061 Y-83.153061 Z9.921569 F1000
G01 X58.255102 Y-83.153061 Z8.980392 F1000
G01 X58.357143 Y-83.153061 Z3.686275 F1000
G01 X58.459184 Y-83.153061 Z1.568627 F1000
G01 X58.663265 Y-83.153061 Z1.568627 F1000
G01 X58.765306 Y-83.153061 Z1.490196 F1000
G01 X59.173469 Y-83.153061 Z1.490196 F1000
G01 X59.27551 Y-83.153061 Z1.372549 F1000
G01 X59.377551 Y-83.153061 Z1.647059 F1000
G01 X59.683673 Y-83.153061 Z1.647059 F1000
G01 X59.785714 Y-83.153061 Z2.196078 F1000
G01 X59.887755 Y-83.153061 Z2.196078 F1000
G01 X59.989796 Y-83.153061 Z6.509804 F1000
G01 X60.091837 Y-83.153061 Z10 F1000
G01 X61.622449 Y-83.153061 Z10 F1000
G01 X61.72449 Y-83.153061 Z9.960784 F1000
G01 X99.581633 Y-83.153061 Z9.960784 F1000
G01 X99.581633 Y-83.255102 Z9.960784 F1000
G01 X99.581633 Y-83.357143 Z9.960784 F1000
G01 X99.581633 Y-83.459184 Z9.960784 F1000
G01 X99.581633 Y-83.561224 Z9.960784 F1000
G01 X99.581633 Y-83.663265 Z9.960784 F1000
G01 X61.622449 Y-83.663265 Z9.960784 F1000
G01 X61.520408 Y-83.663265 Z10 F1000
G01 X59.989796 Y-83.663265 Z10 F1000
G01 X59.887755 Y-83.663265 Z9.960784 F1000
G01 X59.785714 Y-83.663265 Z9.019608 F1000
G01 X59.683673 Y-83.663265 Z3.686275 F1000
G01 X59.581633 Y-83.663265 Z1.647059 F1000
G01 X59.377551 Y-83.663265 Z1.647059 F1000
G01 X59.27551 Y-83.663265 Z1.607843 F1000
G01 X59.173469 Y-83.663265 Z1.529412 F1000
G01 X59.071429 Y-83.663265 Z1.372549 F1000
G01 X58.969388 Y-83.663265 Z1.372549 F1000
G01 X58.867347 Y-83.663265 Z1.411765 F1000
G01 X58.765306 Y-83.663265 Z1.490196 F1000
G01 X58.459184 Y-83.663265 Z1.490196 F1000
G01 X58.357143 Y-83.663265 Z1.686275 F1000
G01 X58.255102 Y-83.663265 Z1.764706 F1000
G01 X58.153061 Y-83.663265 Z1.764706 F1000
G01 X58.05102 Y-83.663265 Z6.156863 F1000
G01 X57.94898 Y-83.663265 Z9.921569 F1000
G01 X57.846939 Y-83.663265 Z9.921569 F1000
G01 X57.744898 Y-83.663265 Z10 F1000
G01 X55.5 Y-83.663265 Z10 F1000
G01 X55.397959 Y-83.663265 Z9.960784 F1000
G01 X44.581633 Y-83.663265 Z9.960784 F1000
G01 X44.479592 Y-83.663265 Z10 F1000
G01 X42.234694 Y-83.663265 Z10 F1000
G01 X42.132653 Y-83.663265 Z9.960784 F1000
G01 X42.030612 Y-83.663265 Z9.960784 F1000
G01 X41.928571 Y-83.663265 Z6.980392 F1000
G01 X41.826531 Y-83.663265 Z1.882353 F1000
G01 X41.72449 Y-83.663265 Z1.568627 F1000
G01 X41.622449 Y-83.663265 Z1.529412 F1000
G01 X41.214286 Y-83.663265 Z1.529412 F1000
G01 X41.112245 Y-83.663265 Z1.647059 F1000
G01 X40.397959 Y-83.663265 Z1.647059 F1000
G01 X40.295918 Y-83.663265 Z2.941176 F1000
G01 X40.193878 Y-83.663265 Z8.470588 F1000
G01 X40.091837 Y-83.663265 Z10 F1000
G01 X37.94898 Y-83.663265 Z10 F1000
G01 X37.846939 Y-83.663265 Z9.960784 F1000
G01 X0.5 Y-83.663265 Z9.960784 F1000
G01 X0.5 Y-83.765306 Z9.960784 F1000
G01 X0.5 Y-83.867347 Z9.960784 F1000
G01 X0.5 Y-83.969388 Z9.960784 F1000
G01 X0.5 Y-84.071429 Z9.960784 F1000
G01 X0.5 Y-84.173469 Z9.960784 F1000
G01 X38.663265 Y-84.173469 Z9.960784 F1000
G01 X38.765306 Y-84.173469 Z10 F1000
G01 X40.397959 Y-84.173469 Z10 F1000
G01 X40.5 Y-84.173469 Z7.058824 F1000
G01 X40.602041 Y-84.173469 Z1.764706 F1000
G01 X40.908163 Y-84.173469 Z1.764706 F1000
G01 X41.010204 Y-84.173469 Z1.647059 F1000
G01 X41.112245 Y-84.173469 Z1.647059 F1000
G01 X41.214286 Y-84.173469 Z1.372549 F1000
G01 X41.316327 Y-84.173469 Z1.490196 F1000
G01 X41.622449 Y-84.173469 Z1.490196 F1000
G01 X41.72449 Y-84.173469 Z1.568627 F1000
G01 X42.030612 Y-84.173469 Z1.568627 F1000
G01 X42.132653 Y-84.173469 Z1.803922 F1000
G01 X42.234694 Y-84.173469 Z6.156863 F1000
G01 X42.336735 Y-84.173469 Z9.568627 F1000
G01 X42.438776 Y-84.173469 Z10 F1000
G01 X44.479592 Y-84.173469 Z10 F1000
G01 X44.581633 Y-84.173469 Z9.960784 F1000
G01 X54.989796 Y-84.173469 Z9.960784 F1000
G01 X55.091837 Y-84.173469 Z10 F1000
G01 X57.540816 Y-84.173469 Z10 F1000
G01 X57.642857 Y-84.173469 Z9.254902 F1000
G01 X57.744898 Y-84.173469 Z5.098039 F1000
G01 X57.846939 Y-84.173469 Z1.803922 F1000
G01 X57.94898 Y-84.173469 Z1.803922 F1000
G01 X58.05102 Y-84.173469 Z1.72549 F1000
G01 X58.255102 Y-84.173469 Z1.72549 F1000
G01 X58.357143 Y-84.173469 Z1.529412 F1000
G01 X58.459184 Y-84.173469 Z1.333333 F1000
G01 X59.071429 Y-84.173469 Z1.333333 F1000
G01 X59.173469 Y-84.173469 Z1.647059 F1000
G01 X59.27551 Y-84.173469 Z1.647059 F1000
G01 X59.377551 Y-84.173469 Z2.352941 F1000
G01 X59.479592 Y-84.173469 Z7.843137 F1000
G01 X59.581633 Y-84.173469 Z10 F1000
G01 X61.520408 Y-84.173469 Z10 F1000
G01 X61.622449 Y-84.173469 Z9.960784 F1000
G01 X99.581633 Y-84.173469 Z9.960784 F1000
G01 X99.581633 Y-84.27551 Z9.960784 F1000
G01 X99.581633 Y-84.377551 Z9.960784 F1000
G01 X99.581633 Y-84.479592 Z9.960784 F1000
G01 X99.581633 Y-84.581633 Z9.960784 F1000
G01 X99.581633 Y-84.683673 Z9.960784 F1000
G01 X60.908163 Y-84.683673 Z9.960784 F1000
G01 X60.806122 Y-84.683673 Z10 F1000
G01 X59.377551 Y-84.683673 Z10 F1000
G01 X59.27551 Y-84.683673 Z9.843137 F1000
G01 X59.173469 Y-84.683673 Z8.27451 F1000
G01 X59.071429 Y-84.683673 Z3.254902 F1000
G01 X58.969388 Y-84.683673 Z1.72549 F1000
G01 X58.357143 Y-84.683673 Z1.72549 F1000
G01 X58.255102 Y-84.683673 Z1.333333 F1000
G01 X57.642857 Y-84.683673 Z1.333333 F1000
G01 X57.540816 Y-84.683673 Z1.72549 F1000
G01 X57.438776 Y-84.683673 Z2.431373 F1000
G01 X57.336735 Y-84.683673 Z6.705882 F1000
G01 X57.234694 Y-84.683673 Z10 F1000
G01 X54.27551 Y-84.683673 Z10 F1000
G01 X54.173469 Y-84.683673 Z9.960784 F1000
G01 X45.397959 Y-84.683673 Z9.960784 F1000
G01 X45.295918 Y-84.683673 Z10 F1000
G01 X42.744898 Y-84.683673 Z10 F1000
G01 X42.642857 Y-84.683673 Z7.372549 F1000
G01 X42.540816 Y-84.683673 Z3.72549 F1000
G01 X42.438776 Y-84.683673 Z1.764706 F1000
G01 X42.132653 Y-84.683673 Z1.764706 F1000
G01 X42.030612 Y-84.683673 Z1.529412 F1000
G01 X41.928571 Y-84.683673 Z1.333333 F1000
G01 X41.316327 Y-84.683673 Z1.333333 F1000
G01 X41.214286 Y-84.683673 Z1.647059 F1000
G01 X41.010204 Y-84.683673 Z1.647059 F1000
G01 X40.908163 Y-84.683673 Z2.745098 F1000
G01 X40.806122 Y-84.683673 Z6.862745 F1000
G01 X40.704082 Y-84.683673 Z10 F1000
G01 X38.765306 Y-84.683673 Z10 F1000
G01 X38.663265 Y-84.683673 Z9.960784 F1000
G01 X0.5 Y-84.683673 Z9.960784 F1000
G01 X0.5 Y-84.785714 Z9.960784 F1000
G01 X0.5 Y-84.887755 Z9.960784 F1000
G01 X0.5 Y-84.989796 Z9.960784 F1000
G01 X0.5 Y-85.091837 Z9.960784 F1000
G01 X0.5 Y-85.193878 Z9.960784 F1000
G01 X38.663265 Y-85.193878 Z9.960784 F1000
G01 X38.765306 Y-85.193878 Z10 F1000
G01 X41.010204 Y-85.193878 Z10 F1000
G01 X41.112245 Y-85.193878 Z9.098039 F1000
G01 X41.214286 Y-85.193878 Z4.313725 F1000
G01 X41.316327 Y-85.193878 Z1.333333 F1000
G01 X41.928571 Y-85.193878 Z1.333333 F1000
G01 X42.030612 Y-85.193878 Z1.490196 F1000
G01 X42.234694 Y-85.193878 Z1.490196 F1000
G01 X42.336735 Y-85.193878 Z1.647059 F1000
G01 X42.744898 Y-85.193878 Z1.647059 F1000
G01 X42.846939 Y-85.193878 Z1.803922 F1000
G01 X42.94898 Y-85.193878 Z2.901961 F1000
G01 X43.05102 Y-85.193878 Z6.313725 F1000
G01 X43.153061 Y-85.193878 Z9.019608 F1000
G01 X43.255102 Y-85.193878 Z9.921569 F1000
G01 X43.357143 Y-85.193878 Z10 F1000
G01 X45.295918 Y-85.193878 Z10 F1000
G01 X45.397959 Y-85.193878 Z9.960784 F1000
G01 X54.173469 Y-85.193878 Z9.960784 F1000
G01 X54.27551 Y-85.193878 Z10 F1000
G01 X56.520408 Y-85.193878 Z10 F1000
G01 X56.622449 Y-85.193878 Z9.803922 F1000
G01 X56.72449 Y-85.193878 Z9.72549 F1000
G01 X56.826531 Y-85.193878 Z8.980392 F1000
G01 X56.928571 Y-85.193878 Z5.803922 F1000
G01 X57.030612 Y-85.193878 Z2.117647 F1000
G01 X57.132653 Y-85.193878 Z1.803922 F1000
G01 X57.234694 Y-85.193878 Z1.72549 F1000
G01 X57.540816 Y-85.193878 Z1.72549 F1000
G01 X57.642857 Y-85.193878 Z1.333333 F1000
G01 X58.255102 Y-85.193878 Z1.333333 F1000
G01 X58.357143 Y-85.193878 Z1.72549 F1000
G01 X58.459184 Y-85.193878 Z1.843137 F1000
G01 X58.663265 Y-85.193878 Z1.843137 F1000
G01 X58.765306 Y-85.193878 Z5.803922 F1000
G01 X58.867347 Y-85.193878 Z9.568627 F1000
G01 X58.969388 Y-85.193878 Z9.843137 F1000
G01 X59.071429 Y-85.193878 Z10 F1000
G01 X60.806122 Y-85.193878 Z10 F1000
G01 X60.908163 Y-85.193878 Z9.960784 F1000
G01 X99.581633 Y-85.193878 Z9.960784 F1000
G01 X99.581633 Y-85.295918 Z9.960784 F1000
G01 X99.581633 Y-85.397959 Z9.960784 F1000
G01 X99.581633 Y-85.5 Z9.960784 F1000
G01 X99.581633 Y-85.602041 Z9.960784 F1000
G01 X99.581633 Y-85.704082 Z9.960784 F1000
G01 X60.908163 Y-85.704082 Z9.960784 F1000
G01 X60.806122 Y-85.704082 Z10 F1000
G01 X58.561224 Y-85.704082 Z10 F1000
G01 X58.459184 Y-85.704082 Z9.372549 F1000
G01 X58.357143 Y-85.704082 Z5.411765 F1000
G01 X58.255102 Y-85.704082 Z1.803922 F1000
G01 X57.642857 Y-85.704082 Z1.803922 F1000
G01 X57.540816 Y-85.704082 Z1.568627 F1000
G01 X57.438776 Y-85.704082 Z1.333333 F1000
G01 X56.826531 Y-85.704082 Z1.333333 F1000
G01 X56.72449 Y-85.704082 Z1.72549 F1000
G01 X56.622449 Y-85.704082 Z1.72549 F1000
G01 X56.520408 Y-85.704082 Z1.921569 F1000
G01 X56.418367 Y-85.704082 Z5.333333 F1000
G01 X56.316327 Y-85.704082 Z8.392157 F1000
G01 X56.214286 Y-85.704082 Z9.72549 F1000
G01 X56.112245 Y-85.704082 Z10 F1000
G01 X52.642857 Y-85.704082 Z10 F1000
G01 X52.540816 Y-85.704082 Z9.960784 F1000
G01 X47.030612 Y-85.704082 Z9.960784 F1000
G01 X46.928571 Y-85.704082 Z10 F1000
G01 X43.867347 Y-85.704082 Z10 F1000
G01 X43.765306 Y-85.704082 Z9.72549 F1000
G01 X43.663265 Y-85.704082 Z9.294118 F1000
G01 X43.561224 Y-85.704082 Z5.490196 F1000
G01 X43.459184 Y-85.704082 Z2.627451 F1000
G01 X43.357143 Y-85.704082 Z1.882353 F1000
G01 X43.153061 Y-85.704082 Z1.882353 F1000
G01 X43.05102 Y-85.704082 Z1.803922 F1000
G01 X42.846939 Y-85.704082 Z1.803922 F1000
G01 X42.744898 Y-85.704082 Z1.333333 F1000
G01 X42.132653 Y-85.704082 Z1.333333 F1000
G01 X42.030612 Y-85.704082 Z1.686275 F1000
G01 X41.928571 Y-85.704082 Z1.882353 F1000
G01 X41.72449 Y-85.704082 Z1.882353 F1000
G01 X41.622449 Y-85.704082 Z4.823529 F1000
G01 X41.520408 Y-85.704082 Z8.784314 F1000
G01 X41.418367 Y-85.704082 Z10 F1000
G01 X39.581633 Y-85.704082 Z10 F1000
G01 X39.479592 Y-85.704082 Z9.960784 F1000
G01 X0.5 Y-85.704082 Z9.960784 F1000
G01 X0.5 Y-85.806122 Z9.960784 F1000
G01 X0.5 Y-85.908163 Z9.960784 F1000
G01 X0.5 Y-86.010204 Z9.960784 F1000
G01 X0.5 Y-86.112245 Z9.960784 F1000
G01 X0.5 Y-86.214286 Z9.960784 F1000
G01 X39.479592 Y-86.214286 Z9.960784 F1000
G01 X39.581633 Y-86.214286 Z10 F1000
G01 X41.826531 Y-86.214286 Z10 F1000
G01 X41.928571 Y-86.214286 Z9.215686 F1000
G01 X42.030612 Y-86.214286 Z6.745098 F1000
G01 X42.132653 Y-86.214286 Z2.470588 F1000
G01 X42.234694 Y-86.214286 Z1.803922 F1000
G01 X42.540816 Y-86.214286 Z1.803922 F1000
G01 X42.642857 Y-86.214286 Z1.686275 F1000
G01 X42.744898 Y-86.214286 Z1.686275 F1000
G01 X42.846939 Y-86.214286 Z1.607843 F1000
G01 X42.94898 Y-86.214286 Z1.333333 F1000
G01 X43.561224 Y-86.214286 Z1.333333 F1000
G01 X43.663265 Y-86.214286 Z1.411765 F1000
G01 X43.765306 Y-86.214286 Z1.411765 F1000
G01 X43.867347 Y-86.214286 Z1.45098 F1000
G01 X43.969388 Y-86.214286 Z1.529412 F1000
G01 X44.071429 Y-86.214286 Z1.803922 F1000
G01 X44.173469 Y-86.214286 Z3.764706 F1000
G01 X44.27551 Y-86.214286 Z7.333333 F1000
G01 X44.377551 Y-86.214286 Z10 F1000
G01 X55.5 Y-86.214286 Z10 F1000
G01 X55.602041 Y-86.214286 Z9.372549 F1000
G01 X55.704082 Y-86.214286 Z7.137255 F1000
G01 X55.806122 Y-86.214286 Z3.686275 F1000
G01 X55.908163 Y-86.214286 Z1.882353 F1000
G01 X56.010204 Y-86.214286 Z1.333333 F1000
G01 X56.622449 Y-86.214286 Z1.333333 F1000
G01 X56.72449 Y-86.214286 Z1.45098 F1000
G01 X56.826531 Y-86.214286 Z1.568627 F1000
G01 X57.132653 Y-86.214286 Z1.568627 F1000
G01 X57.234694 Y-86.214286 Z1.647059 F1000
G01 X57.540816 Y-86.214286 Z1.647059 F1000
G01 X57.642857 Y-86.214286 Z1.803922 F1000
G01 X57.744898 Y-86.214286 Z1.803922 F1000
G01 X57.846939 Y-86.214286 Z3.098039 F1000
G01 X57.94898 Y-86.214286 Z7.529412 F1000
G01 X58.05102 Y-86.214286 Z9.529412 F1000
G01 X58.153061 Y-86.214286 Z10 F1000
G01 X59.989796 Y-86.214286 Z10 F1000
G01 X60.091837 Y-86.214286 Z9.960784 F1000
G01 X99.581633 Y-86.214286 Z9.960784 F1000
G01 X99.581633 Y-86.316327 Z9.960784 F1000
G01 X99.581633 Y-86.418367 Z9.960784 F1000
G01 X99.581633 Y-86.520408 Z9.960784 F1000
G01 X99.581633 Y-86.622449 Z9.960784 F1000
G01 X99.581633 Y-86.72449 Z9.960784 F1000
G01 X60.091837 Y-86.72449 Z9.960784 F1000
G01 X59.989796 Y-86.72449 Z10 F1000
G01 X57.540816 Y-86.72449 Z10 F1000
G01 X57.438776 Y-86.72449 Z7.843137 F1000
G01 X57.336735 Y-86.72449 Z4.078431 F1000
G01 X57.234694 Y-86.72449 Z1.882353 F1000
G01 X57.132653 Y-86.72449 Z1.803922 F1000
G01 X57.030612 Y-86.72449 Z1.803922 F1000
G01 X56.928571 Y-86.72449 Z1.568627 F1000
G01 X56.826531 Y-86.72449 Z1.568627 F1000
G01 X56.72449 Y-86.72449 Z1.45098 F1000
G01 X56.622449 Y-86.72449 Z1.333333 F1000
G01 X56.010204 Y-86.72449 Z1.333333 F1000
G01 X55.908163 Y-86.72449 Z1.607843 F1000
G01 X55.704082 Y-86.72449 Z1.607843 F1000
G01 X55.602041 Y-86.72449 Z1.72549 F1000
G01 X55.295918 Y-86.72449 Z1.72549 F1000
G01 X55.193878 Y-86.72449 Z2.117647 F1000
G01 X55.091837 Y-86.72449 Z2.117647 F1000
G01 X54.989796 Y-86.72449 Z2.941176 F1000
G01 X54.887755 Y-86.72449 Z5.529412 F1000
G01 X54.785714 Y-86.72449 Z7.843137 F1000
G01 X54.683673 Y-86.72449 Z9.411765 F1000
G01 X54.581633 Y-86.72449 Z10 F1000
G01 X45.397959 Y-86.72449 Z10 F1000
G01 X45.295918 Y-86.72449 Z9.568627 F1000
G01 X45.193878 Y-86.72449 Z8.470588 F1000
G01 X45.091837 Y-86.72449 Z6.117647 F1000
G01 X44.989796 Y-86.72449 Z3.254902 F1000
G01 X44.887755 Y-86.72449 Z1.568627 F1000
G01 X44.785714 Y-86.72449 Z1.490196 F1000
G01 X44.173469 Y-86.72449 Z1.490196 F1000
G01 X44.071429 Y-86.72449 Z1.45098 F1000
G01 X43.867347 Y-86.72449 Z1.45098 F1000
G01 X43.765306 Y-86.72449 Z1.411765 F1000
G01 X43.663265 Y-86.72449 Z1.372549 F1000
G01 X43.561224 Y-86.72449 Z1.333333 F1000
G01 X42.94898 Y-86.72449 Z1.333333 F1000
G01 X42.846939 Y-86.72449 Z1.607843 F1000
G01 X42.744898 Y-86.72449 Z1.686275 F1000
G01 X42.642857 Y-86.72449 Z3.137255 F1000
G01 X42.540816 Y-86.72449 Z6.901961 F1000
G01 X42.438776 Y-86.72449 Z10 F1000
G01 X39.785714 Y-86.72449 Z10 F1000
G01 X39.683673 Y-86.72449 Z9.960784 F1000
G01 X0.5 Y-86.72449 Z9.960784 F1000
G01 X0.5 Y-86.826531 Z9.960784 F1000
G01 X0.5 Y-86.928571 Z9.960784 F1000
G01 X0.5 Y-87.030612 Z9.960784 F1000
G01 X0.5 Y-87.132653 Z9.960784 F1000
G01 X0.5 Y-87.234694 Z9.960784 F1000
G01 X40.295918 Y-87.234694 Z9.960784 F1000
G01 X40.397959 Y-87.234694 Z10 F1000
G01 X42.94898 Y-87.234694 Z10 F1000
G01 X43.05102 Y-87.234694 Z9.490196 F1000
G01 X43.153061 Y-87.234694 Z7.333333 F1000
G01 X43.255102 Y-87.234694 Z3.960784 F1000
G01 X43.357143 Y-87.234694 Z1.686275 F1000
G01 X43.459184 Y-87.234694 Z1.686275 F1000
G01 X43.561224 Y-87.234694 Z1.72549 F1000
G01 X44.479592 Y-87.234694 Z1.72549 F1000
G01 X44.581633 Y-87.234694 Z1.333333 F1000
G01 X45.193878 Y-87.234694 Z1.333333 F1000
G01 X45.295918 Y-87.234694 Z1.72549 F1000
G01 X46.112245 Y-87.234694 Z1.72549 F1000
G01 X46.214286 Y-87.234694 Z2.588235 F1000
G01 X46.316327 Y-87.234694 Z4.627451 F1000
G01 X46.418367 Y-87.234694 Z6.627451 F1000
G01 X46.520408 Y-87.234694 Z8.156863 F1000
G01 X46.622449 Y-87.234694 Z9.176471 F1000
G01 X46.72449 Y-87.234694 Z9.843137 F1000
G01 X46.826531 Y-87.234694 Z10 F1000
G01 X52.846939 Y-87.234694 Z10 F1000
G01 X52.94898 Y-87.234694 Z9.960784 F1000
G01 X53.05102 Y-87.234694 Z9.921569 F1000
G01 X53.153061 Y-87.234694 Z9.803922 F1000
G01 X53.255102 Y-87.234694 Z9.490196 F1000
G01 X53.357143 Y-87.234694 Z9.058824 F1000
G01 X53.459184 Y-87.234694 Z8.745098 F1000
G01 X53.561224 Y-87.234694 Z6.117647 F1000
G01 X53.663265 Y-87.234694 Z4.588235 F1000
G01 X53.765306 Y-87.234694 Z2.705882 F1000
G01 X53.867347 Y-87.234694 Z1.72549 F1000
G01 X54.071429 Y-87.234694 Z1.72549 F1000
G01 X54.173469 Y-87.234694 Z1.568627 F1000
G01 X54.27551 Y-87.234694 Z1.529412 F1000
G01 X54.377551 Y-87.234694 Z1.372549 F1000
G01 X55.091837 Y-87.234694 Z1.372549 F1000
G01 X55.193878 Y-87.234694 Z1.333333 F1000
G01 X55.806122 Y-87.234694 Z1.333333 F1000
G01 X55.908163 Y-87.234694 Z1.568627 F1000
G01 X56.010204 Y-87.234694 Z1.568627 F1000
G01 X56.112245 Y-87.234694 Z1.686275 F1000
G01 X56.622449 Y-87.234694 Z1.686275 F1000
G01 X56.72449 Y-87.234694 Z4.470588 F1000
G01 X56.826531 Y-87.234694 Z7.411765 F1000
G01 X56.928571 Y-87.234694 Z9.882353 F1000
G01 X57.030612 Y-87.234694 Z10 F1000
G01 X59.173469 Y-87.234694 Z10 F1000
G01 X59.27551 Y-87.234694 Z9.960784 F1000
G01 X99.581633 Y-87.234694 Z9.960784 F1000
G01 X99.581633 Y-87.336735 Z9.960784 F1000
G01 X99.581633 Y-87.438776 Z9.960784 F1000
G01 X99.581633 Y-87.540816 Z9.960784 F1000
G01 X99.581633 Y-87.642857 Z9.960784 F1000
G01 X99.581633 Y-87.744898 Z9.960784 F1000
G01 X59.27551 Y-87.744898 Z9.960784 F1000
G01 X59.173469 Y-87.744898 Z10 F1000
G01 X56.520408 Y-87.744898 Z10 F1000
G01 X56.418367 Y-87.744898 Z9.764706 F1000
G01 X56.214286 Y-87.744898 Z9.764706 F1000
G01 X56.112245 Y-87.744898 Z8.313725 F1000
G01 X56.010204 Y-87.744898 Z5.098039 F1000
G01 X55.908163 Y-87.744898 Z2.156863 F1000
G01 X55.806122 Y-87.744898 Z1.45098 F1000
G01 X55.5 Y-87.744898 Z1.45098 F1000
G01 X55.397959 Y-87.744898 Z1.490196 F1000
G01 X54.479592 Y-87.744898 Z1.490196 F1000
G01 X54.377551 Y-87.744898 Z1.372549 F1000
G01 X54.27551 Y-87.744898 Z1.411765 F1000
G01 X53.357143 Y-87.744898 Z1.411765 F1000
G01 X53.255102 Y-87.744898 Z1.372549 F1000
G01 X53.153061 Y-87.744898 Z1.372549 F1000
G01 X53.05102 Y-87.744898 Z1.45098 F1000
G01 X52.94898 Y-87.744898 Z1.529412 F1000
G01 X52.336735 Y-87.744898 Z1.529412 F1000
G01 X52.234694 Y-87.744898 Z1.568627 F1000
G01 X51.316327 Y-87.744898 Z1.568627 F1000
G01 X51.214286 Y-87.744898 Z1.490196 F1000
G01 X51.112245 Y-87.744898 Z1.333333 F1000
G01 X50.806122 Y-87.744898 Z1.333333 F1000
G01 X50.704082 Y-87.744898 Z1.372549 F1000
G01 X50.602041 Y-87.744898 Z1.411765 F1000
G01 X49.683673 Y-87.744898 Z1.411765 F1000
G01 X49.581633 Y-87.744898 Z1.333333 F1000
G01 X49.479592 Y-87.744898 Z1.333333 F1000
G01 X49.377551 Y-87.744898 Z1.411765 F1000
G01 X47.846939 Y-87.744898 Z1.411765 F1000
G01 X47.744898 Y-87.744898 Z1.45098 F1000
G01 X46.520408 Y-87.744898 Z1.45098 F1000
G01 X46.418367 Y-87.744898 Z1.529412 F1000
G01 X45.5 Y-87.744898 Z1.529412 F1000
G01 X45.397959 Y-87.744898 Z1.411765 F1000
G01 X45.295918 Y-87.744898 Z1.411765 F1000
G01 X45.193878 Y-87.744898 Z1.45098 F1000
G01 X44.785714 Y-87.744898 Z1.45098 F1000
G01 X44.683673 Y-87.744898 Z1.490196 F1000
G01 X44.581633 Y-87.744898 Z1.529412 F1000
G01 X44.479592 Y-87.744898 Z1.72549 F1000
G01 X44.173469 Y-87.744898 Z1.72549 F1000
G01 X44.071429 Y-87.744898 Z1.921569 F1000
G01 X43.969388 Y-87.744898 Z4.117647 F1000
G01 X43.867347 Y-87.744898 Z7.294118 F1000
G01 X43.765306 Y-87.744898 Z9.647059 F1000
G01 X43.663265 Y-87.744898 Z9.921569 F1000
G01 X43.561224 Y-87.744898 Z9.921569 F1000
G01 X43.459184 Y-87.744898 Z10 F1000
G01 X40.5 Y-87.744898 Z10 F1000
G01 X40.397959 Y-87.744898 Z9.960784 F1000
G01 X0.5 Y-87.744898 Z9.960784 F1000
G01 X0.5 Y-87.846939 Z9.960784 F1000
G01 X0.5 Y-87.94898 Z9.960784 F1000
G01 X0.5 Y-88.05102 Z9.960784 F1000
G01 X0.5 Y-88.153061 Z9.960784 F1000
G01 X0.5 Y-88.255102 Z9.960784 F1000
G01 X41.112245 Y-88.255102 Z9.960784 F1000
G01 X41.214286 Y-88.255102 Z10 F1000
G01 X44.581633 Y-88.255102 Z10 F1000
G01 X44.683673 Y-88.255102 Z9.333333 F1000
G01 X44.785714 Y-88.255102 Z7.137255 F1000
G01 X44.887755 Y-88.255102 Z4.54902 F1000
G01 X44.989796 Y-88.255102 Z2.392157 F1000
G01 X45.091837 Y-88.255102 Z1.764706 F1000
G01 X45.295918 Y-88.255102 Z1.764706 F1000
G01 X45.397959 Y-88.255102 Z1.45098 F1000
G01 X46.112245 Y-88.255102 Z1.45098 F1000
G01 X46.214286 Y-88.255102 Z1.333333 F1000
G01 X54.173469 Y-88.255102 Z1.333333 F1000
G01 X54.27551 Y-88.255102 Z1.764706 F1000
G01 X54.887755 Y-88.255102 Z1.764706 F1000
G01 X54.989796 Y-88.255102 Z2.392157 F1000
G01 X55.091837 Y-88.255102 Z4.784314 F1000
G01 X55.193878 Y-88.255102 Z7.372549 F1000
G01 X55.295918 Y-88.255102 Z9.647059 F1000
G01 X55.397959 Y-88.255102 Z10 F1000
G01 X58.867347 Y-88.255102 Z10 F1000
G01 X58.969388 Y-88.255102 Z9.960784 F1000
G01 X99.581633 Y-88.255102 Z9.960784 F1000
G01 X99.581633 Y-88.357143 Z9.960784 F1000
G01 X99.581633 Y-88.459184 Z9.960784 F1000
G01 X99.581633 Y-88.561224 Z9.960784 F1000
G01 X99.581633 Y-88.663265 Z9.960784 F1000
G01 X99.581633 Y-88.765306 Z9.960784 F1000
G01 X57.642857 Y-88.765306 Z9.960784 F1000
G01 X57.540816 Y-88.765306 Z10 F1000
G01 X54.377551 Y-88.765306 Z10 F1000
G01 X54.27551 Y-88.765306 Z9.960784 F1000
G01 X54.173469 Y-88.765306 Z9.803922 F1000
G01 X54.071429 Y-88.765306 Z8.980392 F1000
G01 X53.969388 Y-88.765306 Z7.215686 F1000
G01 X53.867347 Y-88.765306 Z4.980392 F1000
G01 X53.765306 Y-88.765306 Z3.019608 F1000
G01 X53.663265 Y-88.765306 Z1.882353 F1000
G01 X53.561224 Y-88.765306 Z1.607843 F1000
G01 X53.459184 Y-88.765306 Z1.803922 F1000
G01 X52.540816 Y-88.765306 Z1.803922 F1000
G01 X52.438776 Y-88.765306 Z1.686275 F1000
G01 X51.72449 Y-88.765306 Z1.686275 F1000
G01 X51.622449 Y-88.765306 Z1.647059 F1000
G01 X51.520408 Y-88.765306 Z1.607843 F1000
G01 X51.418367 Y-88.765306 Z1.568627 F1000
G01 X51.316327 Y-88.765306 Z1.529412 F1000
G01 X51.010204 Y-88.765306 Z1.529412 F1000
G01 X50.908163 Y-88.765306 Z1.372549 F1000
G01 X48.663265 Y-88.765306 Z1.372549 F1000
G01 X48.561224 Y-88.765306 Z1.411765 F1000
G01 X48.459184 Y-88.765306 Z1.45098 F1000
G01 X47.846939 Y-88.765306 Z1.45098 F1000
G01 X47.744898 Y-88.765306 Z1.490196 F1000
G01 X47.438776 Y-88.765306 Z1.490196 F1000
G01 X47.336735 Y-88.765306 Z1.568627 F1000
G01 X46.418367 Y-88.765306 Z1.568627 F1000
G01 X46.316327 Y-88.765306 Z1.882353 F1000
G01 X46.214286 Y-88.765306 Z2.313725 F1000
G01 X46.112245 Y-88.765306 Z5.019608 F1000
G01 X46.010204 Y-88.765306 Z6.666667 F1000
G01 X45.908163 Y-88.765306 Z8.705882 F1000
G01 X45.806122 Y-88.765306 Z9.921569 F1000
G01 X45.704082 Y-88.765306 Z10 F1000
G01 X42.030612 Y-88.765306 Z10 F1000
G01 X41.928571 Y-88.765306 Z9.960784 F1000
G01 X0.5 Y-88.765306 Z9.960784 F1000
G01 X0.5 Y-88.867347 Z9.960784 F1000
G01 X0.5 Y-88.969388 Z9.960784 F1000
G01 X0.5 Y-89.071429 Z9.960784 F1000
G01 X0.5 Y-89.173469 Z9.960784 F1000
G01 X0.5 Y-89.27551 Z9.960784 F1000
G01 X41.928571 Y-89.27551 Z9.960784 F1000
G01 X42.030612 Y-89.27551 Z10 F1000
G01 X47.030612 Y-89.27551 Z10 F1000
G01 X47.132653 Y-89.27551 Z9.921569 F1000
G01 X47.438776 Y-89.27551 Z9.921569 F1000
G01 X47.540816 Y-89.27551 Z9.882353 F1000
G01 X47.642857 Y-89.27551 Z9.647059 F1000
G01 X47.744898 Y-89.27551 Z9.411765 F1000
G01 X47.846939 Y-89.27551 Z8.784314 F1000
G01 X47.94898 Y-89.27551 Z7.882353 F1000
G01 X48.05102 Y-89.27551 Z6.627451 F1000
G01 X48.153061 Y-89.27551 Z5.490196 F1000
G01 X48.255102 Y-89.27551 Z4.588235 F1000
G01 X48.357143 Y-89.27551 Z3.764706 F1000
G01 X48.459184 Y-89.27551 Z2.901961 F1000
G01 X48.561224 Y-89.27551 Z2.352941 F1000
G01 X48.663265 Y-89.27551 Z1.72549 F1000
G01 X48.765306 Y-89.27551 Z1.686275 F1000
G01 X48.867347 Y-89.27551 Z1.568627 F1000
G01 X48.969388 Y-89.27551 Z1.45098 F1000
G01 X49.377551 Y-89.27551 Z1.45098 F1000
G01 X49.479592 Y-89.27551 Z1.372549 F1000
G01 X50.908163 Y-89.27551 Z1.372549 F1000
G01 X51.010204 Y-89.27551 Z1.529412 F1000
G01 X51.112245 Y-89.27551 Z1.529412 F1000
G01 X51.214286 Y-89.27551 Z1.647059 F1000
G01 X51.316327 Y-89.27551 Z2 F1000
G01 X51.418367 Y-89.27551 Z2.509804 F1000
G01 X51.520408 Y-89.27551 Z3.254902 F1000
G01 X51.622449 Y-89.27551 Z4.039216 F1000
G01 X51.72449 Y-89.27551 Z4.588235 F1000
G01 X51.826531 Y-89.27551 Z6.039216 F1000
G01 X51.928571 Y-89.27551 Z6.784314 F1000
G01 X52.030612 Y-89.27551 Z7.921569 F1000
G01 X52.132653 Y-89.27551 Z8.862745 F1000
G01 X52.234694 Y-89.27551 Z9.411765 F1000
G01 X52.336735 Y-89.27551 Z9.647059 F1000
G01 X52.438776 Y-89.27551 Z9.803922 F1000
G01 X52.540816 Y-89.27551 Z9.882353 F1000
G01 X52.744898 Y-89.27551 Z9.882353 F1000
G01 X52.846939 Y-89.27551 Z10 F1000
G01 X57.540816 Y-89.27551 Z10 F1000
G01 X57.642857 Y-89.27551 Z9.960784 F1000
G01 X99.581633 Y-89.27551 Z9.960784 F1000
G01 X99.581633 Y-89.377551 Z9.960784 F1000
G01 X99.581633 Y-89.479592 Z9.960784 F1000
G01 X99.581633 Y-89.581633 Z9.960784 F1000
G01 X99.581633 Y-89.683673 Z9.960784 F1000
G01 X99.581633 Y-89.785714 Z9.960784 F1000
G01 X56.520408 Y-89.785714 Z9.960784 F1000
G01 X56.418367 Y-89.785714 Z10 F1000
G01 X44.173469 Y-89.785714 Z10 F1000
G01 X44.071429 Y-89.785714 Z9.960784 F1000
G01 X0.5 Y-89.785714 Z9.960784 F1000
G01 X0.5 Y-89.887755 Z9.960784 F1000
G01 X0.5 Y-89.989796 Z9.960784 F1000
G01 X0.5 Y-90.091837 Z9.960784 F1000
G01 X0.5 Y-90.193878 Z9.960784 F1000
G01 X0.5 Y-90.295918 Z9.960784 F1000
G01 X46.826531 Y-90.295918 Z9.960784 F1000
G01 X46.928571 Y-90.295918 Z10 F1000
G01 X53.459184 Y-90.295918 Z10 F1000
G01 X53.561224 Y-90.295918 Z9.960784 F1000
G01 X99.581633 Y-90.295918 Z9.960784 F1000
G01 X99.581633 Y-90.397959 Z9.960784 F1000
G01 X99.581633 Y-90.5 Z9.960784 F1000
G01 X99.581633 Y-90.602041 Z9.960784 F1000
G01 X99.581633 Y-90.704082 Z9.960784 F1000
G01 X99.581633 Y-90.806122 Z9.960784 F1000
G01 X52.744898 Y-90.806122 Z9.960784 F1000
G01 X52.642857 Y-90.806122 Z10 F1000
G01 X47.132653 Y-90.806122 Z10 F1000
G01 X47.030612 Y-90.806122 Z9.960784 F1000
G01 X0.5 Y-90.806122 Z9.960784 F1000
G01 X0.5 Y-90.908163 Z9.960784 F1000
G01 X0.5 Y-91.010204 Z9.960784 F1000
G01 X0.5 Y-91.112245 Z9.960784 F1000
G01 X0.5 Y-91.214286 Z9.960784 F1000
G01 X0.5 Y-91.316327 Z9.960784 F1000
G01 X99.581633 Y-91.316327 Z9.960784 F1000
G01 X99.581633 Y-91.418367 Z9.960784 F1000
G01 X99.581633 Y-91.520408 Z9.960784 F1000
G01 X99.581633 Y-91.622449 Z9.960784 F1000
G01 X99.581633 Y-91.72449 Z9.960784 F1000
G01 X99.581633 Y-91.826531 Z9.960784 F1000
G01 X0.5 Y-91.826531 Z9.960784 F1000
G01 X0.5 Y-91.928571 Z9.960784 F1000
G01 X0.5 Y-92.030612 Z9.960784 F1000
G01 X0.5 Y-92.132653 Z9.960784 F1000
G01 X0.5 Y-92.234694 Z9.960784 F1000
G01 X0.5 Y-92.336735 Z9.960784 F1000
G01 X99.581633 Y-92.336735 Z9.960784 F1000
G01 X99.581633 Y-92.438776 Z9.960784 F1000
G01 X99.581633 Y-92.540816 Z9.960784 F1000
G01 X99.581633 Y-92.642857 Z9.960784 F1000
G01 X99.581633 Y-92.744898 Z9.960784 F1000
G01 X99.581633 Y-92.846939 Z9.960784 F1000
G01 X0.5 Y-92.846939 Z9.960784 F1000
G01 X0.5 Y-92.94898 Z9.960784 F1000
G01 X0.5 Y-93.05102 Z9.960784 F1000
G01 X0.5 Y-93.153061 Z9.960784 F1000
G01 X0.5 Y-93.255102 Z9.960784 F1000
G01 X0.5 Y-93.357143 Z9.960784 F1000
G01 X99.581633 Y-93.357143 Z9.960784 F1000
G01 X99.581633 Y-93.459184 Z9.960784 F1000
G01 X99.581633 Y-93.561224 Z9.960784 F1000
G01 X99.581633 Y-93.663265 Z9.960784 F1000
G01 X99.581633 Y-93.765306 Z9.960784 F1000
G01 X99.581633 Y-93.867347 Z9.960784 F1000
G01 X0.5 Y-93.867347 Z9.960784 F1000
G01 X0.5 Y-93.969388 Z9.960784 F1000
G01 X0.5 Y-94.071429 Z9.960784 F1000
G01 X0.5 Y-94.173469 Z9.960784 F1000
G01 X0.5 Y-94.27551 Z9.960784 F1000
G01 X0.5 Y-94.377551 Z9.960784 F1000
G01 X99.581633 Y-94.377551 Z9.960784 F1000
G01 X99.581633 Y-94.479592 Z9.960784 F1000
G01 X99.581633 Y-94.581633 Z9.960784 F1000
G01 X99.581633 Y-94.683673 Z9.960784 F1000
G01 X99.581633 Y-94.785714 Z9.960784 F1000
G01 X99.581633 Y-94.887755 Z9.960784 F1000
G01 X0.5 Y-94.887755 Z9.960784 F1000
G01 X0.5 Y-94.989796 Z9.960784 F1000
G01 X0.5 Y-95.091837 Z9.960784 F1000
G01 X0.5 Y-95.193878 Z9.960784 F1000
G01 X0.5 Y-95.295918 Z9.960784 F1000
G01 X0.5 Y-95.397959 Z9.960784 F1000
G01 X99.581633 Y-95.397959 Z9.960784 F1000
G01 X99.581633 Y-95.5 Z9.960784 F1000
G01 X99.581633 Y-95.602041 Z9.960784 F1000
G01 X99.581633 Y-95.704082 Z9.960784 F1000
G01 X99.581633 Y-95.806122 Z9.960784 F1000
G01 X99.581633 Y-95.908163 Z9.960784 F1000
G01 X0.5 Y-95.908163 Z9.960784 F1000
G01 X0.5 Y-96.010204 Z9.960784 F1000
G01 X0.5 Y-96.112245 Z9.960784 F1000
G01 X0.5 Y-96.214286 Z9.960784 F1000
G01 X0.5 Y-96.316327 Z9.960784 F1000
G01 X0.5 Y-96.418367 Z9.960784 F1000
G01 X99.581633 Y-96.418367 Z9.960784 F1000
G01 X99.581633 Y-96.520408 Z9.960784 F1000
G01 X99.581633 Y-96.622449 Z9.960784 F1000
G01 X99.581633 Y-96.72449 Z9.960784 F1000
G01 X99.581633 Y-96.826531 Z9.960784 F1000
G01 X99.581633 Y-96.928571 Z9.960784 F1000
G01 X0.5 Y-96.928571 Z9.960784 F1000
G01 X0.5 Y-97.030612 Z9.960784 F1000
G01 X0.5 Y-97.132653 Z9.960784 F1000
G01 X0.5 Y-97.234694 Z9.960784 F1000
G01 X0.5 Y-97.336735 Z9.960784 F1000
G01 X0.5 Y-97.438776 Z9.960784 F1000
G01 X99.581633 Y-97.438776 Z9.960784 F1000
G01 X99.581633 Y-97.540816 Z9.960784 F1000
G01 X99.581633 Y-97.642857 Z9.960784 F1000
G01 X99.581633 Y-97.744898 Z9.960784 F1000
G01 X99.581633 Y-97.846939 Z9.960784 F1000
G01 X99.581633 Y-97.94898 Z9.960784 F1000
G01 X0.5 Y-97.94898 Z9.960784 F1000
G01 X0.5 Y-98.05102 Z9.960784 F1000
G01 X0.5 Y-98.153061 Z9.960784 F1000
G01 X0.5 Y-98.255102 Z9.960784 F1000
G01 X0.5 Y-98.357143 Z9.960784 F1000
G01 X0.5 Y-98.459184 Z9.960784 F1000
G01 X99.581633 Y-98.459184 Z9.960784 F1000
G01 X99.581633 Y-98.561224 Z9.960784 F1000
G01 X99.581633 Y-98.663265 Z9.960784 F1000
G01 X99.581633 Y-98.765306 Z9.960784 F1000
G01 X99.581633 Y-98.867347 Z9.960784 F1000
G01 X99.581633 Y-98.969388 Z9.960784 F1000
G01 X0.5 Y-98.969388 Z9.960784 F1000
G01 X0.5 Y-99.071429 Z9.960784 F1000
G01 X0.5 Y-99.173469 Z9.960784 F1000
G01 X0.5 Y-99.27551 Z9.960784 F1000
G01 X0.5 Y-99.377551 Z9.960784 F1000
G01 X0.5 Y-99.479592 Z9.960784 F1000
G01 X99.581633 Y-99.479592 Z9.960784 F1000
G01 X99.581633 Y-99.581633 Z9.960784 F1000
G01 X99.581633 Y-99.683673 Z9.960784 F1000
G01 X99.581633 Y-99.785714 Z9.960784 F1000
G01 X99.581633 Y-99.887755 Z9.960784 F1000
G01 X99.581633 Y-99.989796 Z9.960784 F1000
G01 X0.5 Y-99.989796 Z9.960784 F1000
G01 X0.5 Y-100.091837 Z9.960784 F1000
G01 X0.5 Y-100.193878 Z9.960784 F1000
G01 X0.5 Y-100.295918 Z9.960784 F1000
G01 X0.5 Y-100.397959 Z9.960784 F1000

G00 Z10 (EOP take Z up)
G00 X0 Y0 (Move to home)
(Generated in 4.96 sec.)
