G21 (Programming in millimeters)
G90 (Absolute programming)
G92 X0 Y0 Z10 (Tell the machine it is at 0, 0, 10)
G00 X0 Y-0.5 Z10 (Starting position)

G01 X0.566622 Y-0.5 Z10 F1000
G01 X6.096269 Y-0.5 Z10 F1000
G01 X6.162891 Y-0.5 Z9.960784 F1000
G01 X6.229514 Y-0.5 Z10 F1000
G01 X18.354763 Y-0.5 Z10 F1000
G01 X18.421386 Y-0.5 Z9.960784 F1000
G01 X18.488008 Y-0.5 Z10 F1000
G01 X21.552632 Y-0.5 Z10 F1000
G01 X21.619254 Y-0.5 Z9.960784 F1000
G01 X21.685876 Y-0.5 Z10 F1000
G01 X58.527981 Y-0.5 Z10 F1000
G01 X58.594604 Y-0.5 Z9.960784 F1000
G01 X58.727848 Y-0.5 Z9.960784 F1000
G01 X58.79447 Y-0.5 Z9.921569 F1000
G01 X59.66056 Y-0.5 Z9.921569 F1000
G01 X59.727182 Y-0.5 Z9.960784 F1000
G01 X59.860426 Y-0.5 Z9.960784 F1000
G01 X59.927049 Y-0.5 Z10 F1000
G01 X80.913058 Y-0.5 Z10 F1000
G01 X80.97968 Y-0.5 Z9.960784 F1000
G01 X81.046302 Y-0.5 Z10 F1000
G01 X92.971686 Y-0.5 Z10 F1000
G01 X93.038308 Y-0.5 Z9.960784 F1000
G01 X93.10493 Y-0.5 Z9.960784 F1000
G01 X93.171552 Y-0.5 Z10 F1000
G01 X99.500666 Y-0.5 Z10 F1000
G01 X99.500666 Y-0.566622 Z10 F1000
G01 X99.500666 Y-0.633245 Z10 F1000
G01 X99.500666 Y-0.699867 Z10 F1000
G01 X99.500666 Y-0.766489 Z10 F1000
G01 X99.500666 Y-0.833111 Z10 F1000
G01 X99.500666 Y-0.899734 Z10 F1000
G01 X99.500666 Y-0.966356 Z10 F1000
G01 X99.500666 Y-1.032978 Z10 F1000
G01 X88.507995 Y-1.032978 Z10 F1000
G01 X88.441372 Y-1.032978 Z9.960784 F1000
G01 X88.308128 Y-1.032978 Z9.960784 F1000
G01 X88.241506 Y-1.032978 Z10 F1000
G01 X83.178215 Y-1.032978 Z10 F1000
G01 X83.111592 Y-1.032978 Z9.960784 F1000
G01 X83.04497 Y-1.032978 Z10 F1000
G01 X81.046302 Y-1.032978 Z10 F1000
G01 X80.97968 Y-1.032978 Z9.960784 F1000
G01 X80.913058 Y-1.032978 Z10 F1000
G01 X72.518654 Y-1.032978 Z10 F1000
G01 X72.452032 Y-1.032978 Z9.960784 F1000
G01 X72.38541 Y-1.032978 Z10 F1000
G01 X65.923051 Y-1.032978 Z10 F1000
G01 X65.856429 Y-1.032978 Z9.960784 F1000
G01 X65.523318 Y-1.032978 Z9.960784 F1000
G01 X65.456696 Y-1.032978 Z10 F1000
G01 X59.66056 Y-1.032978 Z10 F1000
G01 X59.593937 Y-1.032978 Z9.960784 F1000
G01 X59.527315 Y-1.032978 Z9.960784 F1000
G01 X59.460693 Y-1.032978 Z9.921569 F1000
G01 X59.127582 Y-1.032978 Z9.921569 F1000
G01 X59.060959 Y-1.032978 Z9.960784 F1000
G01 X58.594604 Y-1.032978 Z9.960784 F1000
G01 X58.527981 Y-1.032978 Z10 F1000
G01 X43.204863 Y-1.032978 Z10 F1000
G01 X43.138241 Y-1.032978 Z9.960784 F1000
G01 X43.071619 Y-1.032978 Z10 F1000
G01 X34.677215 Y-1.032978 Z10 F1000
G01 X34.610593 Y-1.032978 Z9.960784 F1000
G01 X33.94437 Y-1.032978 Z9.960784 F1000
G01 X33.877748 Y-1.032978 Z10 F1000
G01 X0.433378 Y-1.032978 Z10 F1000
G01 X0.433378 Y-1.0996 Z10 F1000
G01 X0.433378 Y-1.166223 Z10 F1000
G01 X0.433378 Y-1.232845 Z10 F1000
G01 X0.433378 Y-1.299467 Z10 F1000
G01 X0.433378 Y-1.366089 Z10 F1000
G01 X0.433378 Y-1.432712 Z10 F1000
G01 X0.433378 Y-1.499334 Z10 F1000
G01 X0.433378 Y-1.565956 Z10 F1000
G01 X99.500666 Y-1.565956 Z10 F1000
G01 X99.500666 Y-1.632578 Z10 F1000
G01 X99.500666 Y-1.699201 Z10 F1000
G01 X99.500666 Y-1.765823 Z10 F1000
G01 X99.500666 Y-1.832445 Z10 F1000
G01 X99.500666 Y-1.899067 Z10 F1000
G01 X99.500666 Y-1.96569 Z10 F1000
G01 X99.500666 Y-2.032312 Z10 F1000
G01 X99.500666 Y-2.098934 Z10 F1000
G01 X0.433378 Y-2.098934 Z10 F1000
G01 X0.433378 Y-2.165556 Z10 F1000
G01 X0.433378 Y-2.232179 Z10 F1000
G01 X0.433378 Y-2.298801 Z10 F1000
G01 X0.433378 Y-2.365423 Z10 F1000
G01 X0.433378 Y-2.432045 Z10 F1000
G01 X0.433378 Y-2.498668 Z10 F1000
G01 X0.433378 Y-2.56529 Z10 F1000
G01 X0.433378 Y-2.631912 Z10 F1000
G01 X2.56529 Y-2.631912 Z10 F1000
G01 X2.631912 Y-2.631912 Z9.372549 F1000
G01 X2.698534 Y-2.631912 Z0.156863 F1000
G01 X2.765157 Y-2.631912 Z0.039216 F1000
G01 X3.098268 Y-2.631912 Z0.039216 F1000
G01 X3.16489 Y-2.631912 Z0 F1000
G01 X55.929714 Y-2.631912 Z0 F1000
G01 X55.996336 Y-2.631912 Z0.078431 F1000
G01 X56.062958 Y-2.631912 Z0.117647 F1000
G01 X56.12958 Y-2.631912 Z0.392157 F1000
G01 X56.196203 Y-2.631912 Z0.627451 F1000
G01 X56.262825 Y-2.631912 Z0.901961 F1000
G01 X56.329447 Y-2.631912 Z1.019608 F1000
G01 X56.396069 Y-2.631912 Z1.058824 F1000
G01 X56.462692 Y-2.631912 Z1.137255 F1000
G01 X57.462025 Y-2.631912 Z1.137255 F1000
G01 X57.528648 Y-2.631912 Z1.098039 F1000
G01 X57.795137 Y-2.631912 Z1.098039 F1000
G01 X57.861759 Y-2.631912 Z1.058824 F1000
G01 X57.928381 Y-2.631912 Z1.019608 F1000
G01 X58.527981 Y-2.631912 Z1.019608 F1000
G01 X58.594604 Y-2.631912 Z1.137255 F1000
G01 X58.79447 Y-2.631912 Z1.137255 F1000
G01 X58.861093 Y-2.631912 Z1.215686 F1000
G01 X59.860426 Y-2.631912 Z1.215686 F1000
G01 X59.927049 Y-2.631912 Z1.058824 F1000
G01 X59.993671 Y-2.631912 Z1.019608 F1000
G01 X60.060293 Y-2.631912 Z0.941176 F1000
G01 X60.126915 Y-2.631912 Z0.823529 F1000
G01 X60.193538 Y-2.631912 Z0.313725 F1000
G01 X60.26016 Y-2.631912 Z0.078431 F1000
G01 X60.326782 Y-2.631912 Z0.039216 F1000
G01 X60.460027 Y-2.631912 Z0.039216 F1000
G01 X60.526649 Y-2.631912 Z0 F1000
G01 X69.254164 Y-2.631912 Z0 F1000
G01 X69.320786 Y-2.631912 Z0.039216 F1000
G01 X69.387408 Y-2.631912 Z0.117647 F1000
G01 X69.454031 Y-2.631912 Z1.019608 F1000
G01 X69.853764 Y-2.631912 Z1.019608 F1000
G01 X69.920386 Y-2.631912 Z1.058824 F1000
G01 X70.120253 Y-2.631912 Z1.058824 F1000
G01 X70.186875 Y-2.631912 Z1.137255 F1000
G01 X71.186209 Y-2.631912 Z1.137255 F1000
G01 X71.252831 Y-2.631912 Z1.058824 F1000
G01 X71.319454 Y-2.631912 Z1.058824 F1000
G01 X71.386076 Y-2.631912 Z0.117647 F1000
G01 X71.452698 Y-2.631912 Z0.078431 F1000
G01 X71.51932 Y-2.631912 Z0.039216 F1000
G01 X71.852432 Y-2.631912 Z0.039216 F1000
G01 X71.919054 Y-2.631912 Z0 F1000
G01 X79.447368 Y-2.631912 Z0 F1000
G01 X79.513991 Y-2.631912 Z0.039216 F1000
G01 X79.913724 Y-2.631912 Z0.039216 F1000
G01 X79.980346 Y-2.631912 Z0.156863 F1000
G01 X80.046969 Y-2.631912 Z0.27451 F1000
G01 X80.113591 Y-2.631912 Z0.980392 F1000
G01 X80.180213 Y-2.631912 Z1.019608 F1000
G01 X80.246835 Y-2.631912 Z1.058824 F1000
G01 X80.646569 Y-2.631912 Z1.058824 F1000
G01 X80.713191 Y-2.631912 Z1.098039 F1000
G01 X81.845769 Y-2.631912 Z1.098039 F1000
G01 X81.912392 Y-2.631912 Z1.058824 F1000
G01 X81.979014 Y-2.631912 Z0.705882 F1000
G01 X82.045636 Y-2.631912 Z0.196078 F1000
G01 X82.112258 Y-2.631912 Z0.078431 F1000
G01 X82.178881 Y-2.631912 Z0.039216 F1000
G01 X82.312125 Y-2.631912 Z0.039216 F1000
G01 X82.378748 Y-2.631912 Z0 F1000
G01 X97.035643 Y-2.631912 Z0 F1000
G01 X97.102265 Y-2.631912 Z0.039216 F1000
G01 X97.168887 Y-2.631912 Z0.078431 F1000
G01 X97.23551 Y-2.631912 Z9.411765 F1000
G01 X97.302132 Y-2.631912 Z10 F1000
G01 X99.500666 Y-2.631912 Z10 F1000
G01 X99.500666 Y-2.698534 Z10 F1000
G01 X99.500666 Y-2.765157 Z10 F1000
G01 X99.500666 Y-2.831779 Z10 F1000
G01 X99.500666 Y-2.898401 Z10 F1000
G01 X99.500666 Y-2.965023 Z10 F1000
G01 X99.500666 Y-3.031646 Z10 F1000
G01 X99.500666 Y-3.098268 Z10 F1000
G01 X99.500666 Y-3.16489 Z10 F1000
G01 X97.368754 Y-3.16489 Z10 F1000
G01 X97.302132 Y-3.16489 Z9.921569 F1000
G01 X97.23551 Y-3.16489 Z9.411765 F1000
G01 X97.168887 Y-3.16489 Z0.039216 F1000
G01 X97.102265 Y-3.16489 Z0.039216 F1000
G01 X97.035643 Y-3.16489 Z0 F1000
G01 X96.769154 Y-3.16489 Z0 F1000
G01 X96.702532 Y-3.16489 Z0.039216 F1000
G01 X96.569287 Y-3.16489 Z0.039216 F1000
G01 X96.502665 Y-3.16489 Z0.117647 F1000
G01 X96.436043 Y-3.16489 Z0.196078 F1000
G01 X96.36942 Y-3.16489 Z0.196078 F1000
G01 X96.302798 Y-3.16489 Z0.352941 F1000
G01 X95.303464 Y-3.16489 Z0.352941 F1000
G01 X95.236842 Y-3.16489 Z0.235294 F1000
G01 X95.103598 Y-3.16489 Z0.235294 F1000
G01 X95.036975 Y-3.16489 Z0.156863 F1000
G01 X94.970353 Y-3.16489 Z0.078431 F1000
G01 X94.903731 Y-3.16489 Z0.078431 F1000
G01 X94.837109 Y-3.16489 Z0.039216 F1000
G01 X82.178881 Y-3.16489 Z0.039216 F1000
G01 X82.112258 Y-3.16489 Z0.078431 F1000
G01 X82.045636 Y-3.16489 Z0.196078 F1000
G01 X81.979014 Y-3.16489 Z0.666667 F1000
G01 X81.912392 Y-3.16489 Z1.019608 F1000
G01 X81.845769 Y-3.16489 Z1.058824 F1000
G01 X81.779147 Y-3.16489 Z1.098039 F1000
G01 X81.379414 Y-3.16489 Z1.098039 F1000
G01 X81.312791 Y-3.16489 Z1.137255 F1000
G01 X80.313458 Y-3.16489 Z1.137255 F1000
G01 X80.246835 Y-3.16489 Z1.058824 F1000
G01 X80.180213 Y-3.16489 Z1.019608 F1000
G01 X80.113591 Y-3.16489 Z0.980392 F1000
G01 X80.046969 Y-3.16489 Z0.27451 F1000
G01 X79.980346 Y-3.16489 Z0.156863 F1000
G01 X79.913724 Y-3.16489 Z0.039216 F1000
G01 X71.51932 Y-3.16489 Z0.039216 F1000
G01 X71.452698 Y-3.16489 Z0.078431 F1000
G01 X71.386076 Y-3.16489 Z0.117647 F1000
G01 X71.319454 Y-3.16489 Z1.019608 F1000
G01 X71.252831 Y-3.16489 Z1.058824 F1000
G01 X69.587275 Y-3.16489 Z1.058824 F1000
G01 X69.520653 Y-3.16489 Z0.980392 F1000
G01 X69.454031 Y-3.16489 Z0.980392 F1000
G01 X69.387408 Y-3.16489 Z0.117647 F1000
G01 X69.320786 Y-3.16489 Z0.078431 F1000
G01 X69.254164 Y-3.16489 Z0.039216 F1000
G01 X60.193538 Y-3.16489 Z0.039216 F1000
G01 X60.126915 Y-3.16489 Z0.078431 F1000
G01 X60.060293 Y-3.16489 Z0.117647 F1000
G01 X59.993671 Y-3.16489 Z0.196078 F1000
G01 X59.927049 Y-3.16489 Z0.196078 F1000
G01 X59.860426 Y-3.16489 Z0.470588 F1000
G01 X59.793804 Y-3.16489 Z0.901961 F1000
G01 X59.727182 Y-3.16489 Z1.098039 F1000
G01 X59.66056 Y-3.16489 Z1.098039 F1000
G01 X59.593937 Y-3.16489 Z1.137255 F1000
G01 X58.328115 Y-3.16489 Z1.137255 F1000
G01 X58.261492 Y-3.16489 Z1.019608 F1000
G01 X58.128248 Y-3.16489 Z1.019608 F1000
G01 X58.061626 Y-3.16489 Z0.980392 F1000
G01 X57.861759 Y-3.16489 Z0.980392 F1000
G01 X57.795137 Y-3.16489 Z1.058824 F1000
G01 X57.528648 Y-3.16489 Z1.058824 F1000
G01 X57.462025 Y-3.16489 Z1.137255 F1000
G01 X56.462692 Y-3.16489 Z1.137255 F1000
G01 X56.396069 Y-3.16489 Z1.058824 F1000
G01 X55.996336 Y-3.16489 Z1.058824 F1000
G01 X55.929714 Y-3.16489 Z0.823529 F1000
G01 X55.863091 Y-3.16489 Z0.352941 F1000
G01 X55.796469 Y-3.16489 Z0.078431 F1000
G01 X55.463358 Y-3.16489 Z0.078431 F1000
G01 X55.396736 Y-3.16489 Z0.039216 F1000
G01 X4.897069 Y-3.16489 Z0.039216 F1000
G01 X4.830446 Y-3.16489 Z0.117647 F1000
G01 X4.763824 Y-3.16489 Z0.156863 F1000
G01 X4.63058 Y-3.16489 Z0.156863 F1000
G01 X4.563957 Y-3.16489 Z0.196078 F1000
G01 X4.497335 Y-3.16489 Z0.196078 F1000
G01 X4.430713 Y-3.16489 Z0.27451 F1000
G01 X3.431379 Y-3.16489 Z0.27451 F1000
G01 X3.364757 Y-3.16489 Z0.117647 F1000
G01 X3.298135 Y-3.16489 Z0.078431 F1000
G01 X3.231512 Y-3.16489 Z0.039216 F1000
G01 X3.16489 Y-3.16489 Z0 F1000
G01 X3.098268 Y-3.16489 Z0.039216 F1000
G01 X2.765157 Y-3.16489 Z0.039216 F1000
G01 X2.698534 Y-3.16489 Z0.078431 F1000
G01 X2.631912 Y-3.16489 Z9.372549 F1000
G01 X2.56529 Y-3.16489 Z9.921569 F1000
G01 X2.498668 Y-3.16489 Z9.960784 F1000
G01 X2.432045 Y-3.16489 Z9.960784 F1000
G01 X2.365423 Y-3.16489 Z10 F1000
G01 X0.433378 Y-3.16489 Z10 F1000
G01 X0.433378 Y-3.231512 Z10 F1000
G01 X0.433378 Y-3.298135 Z10 F1000
G01 X0.433378 Y-3.364757 Z10 F1000
G01 X0.433378 Y-3.431379 Z10 F1000
G01 X0.433378 Y-3.498001 Z10 F1000
G01 X0.433378 Y-3.564624 Z10 F1000
G01 X0.433378 Y-3.631246 Z10 F1000
G01 X0.433378 Y-3.697868 Z10 F1000
G01 X2.365423 Y-3.697868 Z10 F1000
G01 X2.432045 Y-3.697868 Z9.960784 F1000
G01 X2.498668 Y-3.697868 Z9.960784 F1000
G01 X2.56529 Y-3.697868 Z9.921569 F1000
G01 X2.631912 Y-3.697868 Z9.372549 F1000
G01 X2.698534 Y-3.697868 Z0.039216 F1000
G01 X2.765157 Y-3.697868 Z0.039216 F1000
G01 X2.831779 Y-3.697868 Z0 F1000
G01 X3.16489 Y-3.697868 Z0 F1000
G01 X3.231512 Y-3.697868 Z0.078431 F1000
G01 X3.298135 Y-3.697868 Z0.117647 F1000
G01 X3.364757 Y-3.697868 Z0.156863 F1000
G01 X3.431379 Y-3.697868 Z0.588235 F1000
G01 X3.498001 Y-3.697868 Z0.588235 F1000
G01 X3.564624 Y-3.697868 Z10 F1000
G01 X96.302798 Y-3.697868 Z10 F1000
G01 X96.36942 Y-3.697868 Z0.352941 F1000
G01 X96.436043 Y-3.697868 Z0.313725 F1000
G01 X96.502665 Y-3.697868 Z0.117647 F1000
G01 X96.569287 Y-3.697868 Z0.039216 F1000
G01 X96.769154 Y-3.697868 Z0.039216 F1000
G01 X96.835776 Y-3.697868 Z0 F1000
G01 X97.035643 Y-3.697868 Z0 F1000
G01 X97.102265 Y-3.697868 Z0.039216 F1000
G01 X97.168887 Y-3.697868 Z0.039216 F1000
G01 X97.23551 Y-3.697868 Z9.372549 F1000
G01 X97.302132 Y-3.697868 Z9.921569 F1000
G01 X97.368754 Y-3.697868 Z9.960784 F1000
G01 X97.435376 Y-3.697868 Z9.960784 F1000
G01 X97.501999 Y-3.697868 Z10 F1000
G01 X99.500666 Y-3.697868 Z10 F1000
G01 X99.500666 Y-3.76449 Z10 F1000
G01 X99.500666 Y-3.831113 Z10 F1000
G01 X99.500666 Y-3.897735 Z10 F1000
G01 X99.500666 Y-3.964357 Z10 F1000
G01 X99.500666 Y-4.030979 Z10 F1000
G01 X99.500666 Y-4.097602 Z10 F1000
G01 X99.500666 Y-4.164224 Z10 F1000
G01 X99.500666 Y-4.230846 Z10 F1000
G01 X97.501999 Y-4.230846 Z10 F1000
G01 X97.435376 Y-4.230846 Z9.960784 F1000
G01 X97.368754 Y-4.230846 Z9.960784 F1000
G01 X97.302132 Y-4.230846 Z9.921569 F1000
G01 X97.23551 Y-4.230846 Z9.372549 F1000
G01 X97.168887 Y-4.230846 Z0.039216 F1000
G01 X97.102265 Y-4.230846 Z0.039216 F1000
G01 X97.035643 Y-4.230846 Z0 F1000
G01 X96.835776 Y-4.230846 Z0 F1000
G01 X96.769154 Y-4.230846 Z0.039216 F1000
G01 X96.569287 Y-4.230846 Z0.039216 F1000
G01 X96.502665 Y-4.230846 Z0.117647 F1000
G01 X96.436043 Y-4.230846 Z0.313725 F1000
G01 X96.36942 Y-4.230846 Z0.352941 F1000
G01 X96.302798 Y-4.230846 Z10 F1000
G01 X3.564624 Y-4.230846 Z10 F1000
G01 X3.498001 Y-4.230846 Z0.588235 F1000
G01 X3.431379 Y-4.230846 Z0.588235 F1000
G01 X3.364757 Y-4.230846 Z0.156863 F1000
G01 X3.298135 Y-4.230846 Z0.117647 F1000
G01 X3.231512 Y-4.230846 Z0.078431 F1000
G01 X3.16489 Y-4.230846 Z0 F1000
G01 X2.831779 Y-4.230846 Z0 F1000
G01 X2.765157 Y-4.230846 Z0.039216 F1000
G01 X2.698534 Y-4.230846 Z0.039216 F1000
G01 X2.631912 Y-4.230846 Z9.372549 F1000
G01 X2.56529 Y-4.230846 Z9.921569 F1000
G01 X2.498668 Y-4.230846 Z9.960784 F1000
G01 X2.432045 Y-4.230846 Z9.960784 F1000
G01 X2.365423 Y-4.230846 Z10 F1000
G01 X0.433378 Y-4.230846 Z10 F1000
G01 X0.433378 Y-4.297468 Z10 F1000
G01 X0.433378 Y-4.364091 Z10 F1000
G01 X0.433378 Y-4.430713 Z10 F1000
G01 X0.433378 Y-4.497335 Z10 F1000
G01 X0.433378 Y-4.563957 Z10 F1000
G01 X0.433378 Y-4.63058 Z10 F1000
G01 X0.433378 Y-4.697202 Z10 F1000
G01 X0.433378 Y-4.763824 Z10 F1000
G01 X2.365423 Y-4.763824 Z10 F1000
G01 X2.432045 Y-4.763824 Z9.960784 F1000
G01 X2.498668 Y-4.763824 Z9.960784 F1000
G01 X2.56529 Y-4.763824 Z9.921569 F1000
G01 X2.631912 Y-4.763824 Z9.372549 F1000
G01 X2.698534 Y-4.763824 Z0.039216 F1000
G01 X2.765157 Y-4.763824 Z0.039216 F1000
G01 X2.831779 Y-4.763824 Z0 F1000
G01 X3.16489 Y-4.763824 Z0 F1000
G01 X3.231512 Y-4.763824 Z0.039216 F1000
G01 X3.298135 Y-4.763824 Z0.039216 F1000
G01 X3.364757 Y-4.763824 Z0.156863 F1000
G01 X3.498001 Y-4.763824 Z0.156863 F1000
G01 X3.564624 Y-4.763824 Z9.921569 F1000
G01 X3.631246 Y-4.763824 Z10 F1000
G01 X96.236176 Y-4.763824 Z10 F1000
G01 X96.302798 Y-4.763824 Z9.843137 F1000
G01 X96.36942 Y-4.763824 Z0.156863 F1000
G01 X96.436043 Y-4.763824 Z0.039216 F1000
G01 X96.569287 Y-4.763824 Z0.039216 F1000
G01 X96.635909 Y-4.763824 Z0 F1000
G01 X97.035643 Y-4.763824 Z0 F1000
G01 X97.102265 Y-4.763824 Z0.039216 F1000
G01 X97.168887 Y-4.763824 Z0.039216 F1000
G01 X97.23551 Y-4.763824 Z9.372549 F1000
G01 X97.302132 Y-4.763824 Z9.921569 F1000
G01 X97.368754 Y-4.763824 Z9.960784 F1000
G01 X97.435376 Y-4.763824 Z9.960784 F1000
G01 X97.501999 Y-4.763824 Z10 F1000
G01 X99.500666 Y-4.763824 Z10 F1000
G01 X99.500666 Y-4.830446 Z10 F1000
G01 X99.500666 Y-4.897069 Z10 F1000
G01 X99.500666 Y-4.963691 Z10 F1000
G01 X99.500666 Y-5.030313 Z10 F1000
G01 X99.500666 Y-5.096935 Z10 F1000
G01 X99.500666 Y-5.163558 Z10 F1000
G01 X99.500666 Y-5.23018 Z10 F1000
G01 X99.500666 Y-5.296802 Z10 F1000
G01 X97.501999 Y-5.296802 Z10 F1000
G01 X97.435376 Y-5.296802 Z9.960784 F1000
G01 X97.368754 Y-5.296802 Z9.960784 F1000
G01 X97.302132 Y-5.296802 Z9.921569 F1000
G01 X97.23551 Y-5.296802 Z9.372549 F1000
G01 X97.168887 Y-5.296802 Z0.039216 F1000
G01 X97.102265 Y-5.296802 Z0.039216 F1000
G01 X97.035643 Y-5.296802 Z0 F1000
G01 X96.436043 Y-5.296802 Z0 F1000
G01 X96.36942 Y-5.296802 Z0.156863 F1000
G01 X96.302798 Y-5.296802 Z9.843137 F1000
G01 X96.236176 Y-5.296802 Z10 F1000
G01 X3.631246 Y-5.296802 Z10 F1000
G01 X3.564624 Y-5.296802 Z9.843137 F1000
G01 X3.498001 Y-5.296802 Z0.117647 F1000
G01 X3.431379 Y-5.296802 Z0.039216 F1000
G01 X3.298135 Y-5.296802 Z0.039216 F1000
G01 X3.231512 Y-5.296802 Z0 F1000
G01 X2.831779 Y-5.296802 Z0 F1000
G01 X2.765157 Y-5.296802 Z0.039216 F1000
G01 X2.698534 Y-5.296802 Z0.039216 F1000
G01 X2.631912 Y-5.296802 Z9.372549 F1000
G01 X2.56529 Y-5.296802 Z9.921569 F1000
G01 X2.498668 Y-5.296802 Z9.960784 F1000
G01 X2.432045 Y-5.296802 Z9.960784 F1000
G01 X2.365423 Y-5.296802 Z10 F1000
G01 X0.433378 Y-5.296802 Z10 F1000
G01 X0.433378 Y-5.363424 Z10 F1000
G01 X0.433378 Y-5.430047 Z10 F1000
G01 X0.433378 Y-5.496669 Z10 F1000
G01 X0.433378 Y-5.563291 Z10 F1000
G01 X0.433378 Y-5.629913 Z10 F1000
G01 X0.433378 Y-5.696536 Z10 F1000
G01 X0.433378 Y-5.763158 Z10 F1000
G01 X0.433378 Y-5.82978 Z10 F1000
G01 X2.365423 Y-5.82978 Z10 F1000
G01 X2.432045 Y-5.82978 Z9.960784 F1000
G01 X2.498668 Y-5.82978 Z9.960784 F1000
G01 X2.56529 Y-5.82978 Z9.921569 F1000
G01 X2.631912 Y-5.82978 Z9.372549 F1000
G01 X2.698534 Y-5.82978 Z0.039216 F1000
G01 X2.765157 Y-5.82978 Z0.039216 F1000
G01 X2.831779 Y-5.82978 Z0 F1000
G01 X3.231512 Y-5.82978 Z0 F1000
G01 X3.298135 Y-5.82978 Z0.039216 F1000
G01 X3.431379 Y-5.82978 Z0.039216 F1000
G01 X3.498001 Y-5.82978 Z0.117647 F1000
G01 X3.564624 Y-5.82978 Z9.843137 F1000
G01 X3.631246 Y-5.82978 Z10 F1000
G01 X96.236176 Y-5.82978 Z10 F1000
G01 X96.302798 Y-5.82978 Z9.843137 F1000
G01 X96.36942 Y-5.82978 Z0.156863 F1000
G01 X96.436043 Y-5.82978 Z0 F1000
G01 X97.035643 Y-5.82978 Z0 F1000
G01 X97.102265 Y-5.82978 Z0.039216 F1000
G01 X97.168887 Y-5.82978 Z0.039216 F1000
G01 X97.23551 Y-5.82978 Z9.372549 F1000
G01 X97.302132 Y-5.82978 Z9.921569 F1000
G01 X97.368754 Y-5.82978 Z9.960784 F1000
G01 X97.435376 Y-5.82978 Z9.960784 F1000
G01 X97.501999 Y-5.82978 Z10 F1000
G01 X99.500666 Y-5.82978 Z10 F1000
G01 X99.500666 Y-5.896402 Z10 F1000
G01 X99.500666 Y-5.963025 Z10 F1000
G01 X99.500666 Y-6.029647 Z10 F1000
G01 X99.500666 Y-6.096269 Z10 F1000
G01 X99.500666 Y-6.162891 Z10 F1000
G01 X99.500666 Y-6.229514 Z10 F1000
G01 X99.500666 Y-6.296136 Z10 F1000
G01 X99.500666 Y-6.362758 Z10 F1000
G01 X97.501999 Y-6.362758 Z10 F1000
G01 X97.435376 Y-6.362758 Z9.960784 F1000
G01 X97.368754 Y-6.362758 Z9.960784 F1000
G01 X97.302132 Y-6.362758 Z9.921569 F1000
G01 X97.23551 Y-6.362758 Z9.372549 F1000
G01 X97.168887 Y-6.362758 Z0.039216 F1000
G01 X97.102265 Y-6.362758 Z0.039216 F1000
G01 X97.035643 Y-6.362758 Z0 F1000
G01 X96.436043 Y-6.362758 Z0 F1000
G01 X96.36942 Y-6.362758 Z0.156863 F1000
G01 X96.302798 Y-6.362758 Z9.843137 F1000
G01 X96.236176 Y-6.362758 Z10 F1000
G01 X58.461359 Y-6.362758 Z10 F1000
G01 X58.394737 Y-6.362758 Z9.960784 F1000
G01 X58.328115 Y-6.362758 Z9.960784 F1000
G01 X58.261492 Y-6.362758 Z9.921569 F1000
G01 X58.061626 Y-6.362758 Z9.921569 F1000
G01 X57.995003 Y-6.362758 Z9.960784 F1000
G01 X57.661892 Y-6.362758 Z9.960784 F1000
G01 X57.59527 Y-6.362758 Z10 F1000
G01 X3.631246 Y-6.362758 Z10 F1000
G01 X3.564624 Y-6.362758 Z9.843137 F1000
G01 X3.498001 Y-6.362758 Z0.117647 F1000
G01 X3.431379 Y-6.362758 Z0.039216 F1000
G01 X3.298135 Y-6.362758 Z0.039216 F1000
G01 X3.231512 Y-6.362758 Z0 F1000
G01 X2.831779 Y-6.362758 Z0 F1000
G01 X2.765157 Y-6.362758 Z0.039216 F1000
G01 X2.698534 Y-6.362758 Z0.039216 F1000
G01 X2.631912 Y-6.362758 Z9.372549 F1000
G01 X2.56529 Y-6.362758 Z9.921569 F1000
G01 X2.498668 Y-6.362758 Z9.960784 F1000
G01 X2.432045 Y-6.362758 Z9.960784 F1000
G01 X2.365423 Y-6.362758 Z10 F1000
G01 X0.433378 Y-6.362758 Z10 F1000
G01 X0.433378 Y-6.42938 Z10 F1000
G01 X0.433378 Y-6.496003 Z10 F1000
G01 X0.433378 Y-6.562625 Z10 F1000
G01 X0.433378 Y-6.629247 Z10 F1000
G01 X0.433378 Y-6.695869 Z10 F1000
G01 X0.433378 Y-6.762492 Z10 F1000
G01 X0.433378 Y-6.829114 Z10 F1000
G01 X0.433378 Y-6.895736 Z10 F1000
G01 X2.365423 Y-6.895736 Z10 F1000
G01 X2.432045 Y-6.895736 Z9.960784 F1000
G01 X2.498668 Y-6.895736 Z9.960784 F1000
G01 X2.56529 Y-6.895736 Z9.921569 F1000
G01 X2.631912 Y-6.895736 Z9.372549 F1000
G01 X2.698534 Y-6.895736 Z0.039216 F1000
G01 X2.765157 Y-6.895736 Z0.039216 F1000
G01 X2.831779 Y-6.895736 Z0 F1000
G01 X3.231512 Y-6.895736 Z0 F1000
G01 X3.298135 Y-6.895736 Z0.039216 F1000
G01 X3.431379 Y-6.895736 Z0.039216 F1000
G01 X3.498001 Y-6.895736 Z0.117647 F1000
G01 X3.564624 Y-6.895736 Z9.843137 F1000
G01 X3.631246 Y-6.895736 Z10 F1000
G01 X55.463358 Y-6.895736 Z10 F1000
G01 X55.52998 Y-6.895736 Z9.960784 F1000
G01 X55.863091 Y-6.895736 Z9.960784 F1000
G01 X55.929714 Y-6.895736 Z9.921569 F1000
G01 X58.527981 Y-6.895736 Z9.921569 F1000
G01 X58.594604 Y-6.895736 Z9.960784 F1000
G01 X58.661226 Y-6.895736 Z10 F1000
G01 X96.236176 Y-6.895736 Z10 F1000
G01 X96.302798 Y-6.895736 Z9.843137 F1000
G01 X96.36942 Y-6.895736 Z0.156863 F1000
G01 X96.436043 Y-6.895736 Z0 F1000
G01 X97.035643 Y-6.895736 Z0 F1000
G01 X97.102265 Y-6.895736 Z0.039216 F1000
G01 X97.168887 Y-6.895736 Z0.039216 F1000
G01 X97.23551 Y-6.895736 Z9.372549 F1000
G01 X97.302132 Y-6.895736 Z9.921569 F1000
G01 X97.368754 Y-6.895736 Z9.960784 F1000
G01 X97.435376 Y-6.895736 Z9.960784 F1000
G01 X97.501999 Y-6.895736 Z10 F1000
G01 X99.500666 Y-6.895736 Z10 F1000
G01 X99.500666 Y-6.962358 Z10 F1000
G01 X99.500666 Y-7.028981 Z10 F1000
G01 X99.500666 Y-7.095603 Z10 F1000
G01 X99.500666 Y-7.162225 Z10 F1000
G01 X99.500666 Y-7.228847 Z10 F1000
G01 X99.500666 Y-7.29547 Z10 F1000
G01 X99.500666 Y-7.362092 Z10 F1000
G01 X99.500666 Y-7.428714 Z10 F1000
G01 X97.501999 Y-7.428714 Z10 F1000
G01 X97.435376 Y-7.428714 Z9.960784 F1000
G01 X97.302132 Y-7.428714 Z9.960784 F1000
G01 X97.23551 Y-7.428714 Z9.372549 F1000
G01 X97.168887 Y-7.428714 Z1.254902 F1000
G01 X96.635909 Y-7.428714 Z1.254902 F1000
G01 X96.569287 Y-7.428714 Z1.137255 F1000
G01 X96.502665 Y-7.428714 Z1.098039 F1000
G01 X96.436043 Y-7.428714 Z1.098039 F1000
G01 X96.36942 Y-7.428714 Z1.058824 F1000
G01 X96.302798 Y-7.428714 Z9.843137 F1000
G01 X96.236176 Y-7.428714 Z10 F1000
G01 X58.994337 Y-7.428714 Z10 F1000
G01 X58.927715 Y-7.428714 Z9.960784 F1000
G01 X58.79447 Y-7.428714 Z9.960784 F1000
G01 X58.727848 Y-7.428714 Z9.921569 F1000
G01 X55.330113 Y-7.428714 Z9.921569 F1000
G01 X55.263491 Y-7.428714 Z9.960784 F1000
G01 X55.196869 Y-7.428714 Z9.960784 F1000
G01 X55.130247 Y-7.428714 Z10 F1000
G01 X3.631246 Y-7.428714 Z10 F1000
G01 X3.564624 Y-7.428714 Z9.843137 F1000
G01 X3.498001 Y-7.428714 Z0.117647 F1000
G01 X3.431379 Y-7.428714 Z0.039216 F1000
G01 X3.298135 Y-7.428714 Z0.039216 F1000
G01 X3.231512 Y-7.428714 Z0 F1000
G01 X2.831779 Y-7.428714 Z0 F1000
G01 X2.765157 Y-7.428714 Z0.039216 F1000
G01 X2.698534 Y-7.428714 Z0.039216 F1000
G01 X2.631912 Y-7.428714 Z9.372549 F1000
G01 X2.56529 Y-7.428714 Z9.921569 F1000
G01 X2.498668 Y-7.428714 Z9.960784 F1000
G01 X2.432045 Y-7.428714 Z9.960784 F1000
G01 X2.365423 Y-7.428714 Z10 F1000
G01 X0.433378 Y-7.428714 Z10 F1000
G01 X0.433378 Y-7.495336 Z10 F1000
G01 X0.433378 Y-7.561959 Z10 F1000
G01 X0.433378 Y-7.628581 Z10 F1000
G01 X0.433378 Y-7.695203 Z10 F1000
G01 X0.433378 Y-7.761825 Z10 F1000
G01 X0.433378 Y-7.828448 Z10 F1000
G01 X0.433378 Y-7.89507 Z10 F1000
G01 X0.433378 Y-7.961692 Z10 F1000
G01 X2.365423 Y-7.961692 Z10 F1000
G01 X2.432045 Y-7.961692 Z9.960784 F1000
G01 X2.498668 Y-7.961692 Z9.960784 F1000
G01 X2.56529 Y-7.961692 Z9.921569 F1000
G01 X2.631912 Y-7.961692 Z9.372549 F1000
G01 X2.698534 Y-7.961692 Z0.039216 F1000
G01 X2.765157 Y-7.961692 Z0.039216 F1000
G01 X2.831779 Y-7.961692 Z0 F1000
G01 X3.231512 Y-7.961692 Z0 F1000
G01 X3.298135 Y-7.961692 Z0.039216 F1000
G01 X3.431379 Y-7.961692 Z0.039216 F1000
G01 X3.498001 Y-7.961692 Z0.117647 F1000
G01 X3.564624 Y-7.961692 Z9.843137 F1000
G01 X3.631246 Y-7.961692 Z10 F1000
G01 X56.12958 Y-7.961692 Z10 F1000
G01 X56.196203 Y-7.961692 Z9.960784 F1000
G01 X56.396069 Y-7.961692 Z9.960784 F1000
G01 X56.462692 Y-7.961692 Z9.921569 F1000
G01 X58.861093 Y-7.961692 Z9.921569 F1000
G01 X58.927715 Y-7.961692 Z9.960784 F1000
G01 X58.994337 Y-7.961692 Z10 F1000
G01 X96.236176 Y-7.961692 Z10 F1000
G01 X96.302798 Y-7.961692 Z9.843137 F1000
G01 X96.36942 Y-7.961692 Z1.058824 F1000
G01 X96.436043 Y-7.961692 Z1.098039 F1000
G01 X96.502665 Y-7.961692 Z1.098039 F1000
G01 X96.569287 Y-7.961692 Z1.137255 F1000
G01 X96.635909 Y-7.961692 Z1.254902 F1000
G01 X97.168887 Y-7.961692 Z1.254902 F1000
G01 X97.23551 Y-7.961692 Z9.411765 F1000
G01 X97.302132 Y-7.961692 Z9.960784 F1000
G01 X97.435376 Y-7.961692 Z9.960784 F1000
G01 X97.501999 Y-7.961692 Z10 F1000
G01 X99.500666 Y-7.961692 Z10 F1000
G01 X99.500666 Y-8.028314 Z10 F1000
G01 X99.500666 Y-8.094937 Z10 F1000
G01 X99.500666 Y-8.161559 Z10 F1000
G01 X99.500666 Y-8.228181 Z10 F1000
G01 X99.500666 Y-8.294803 Z10 F1000
G01 X99.500666 Y-8.361426 Z10 F1000
G01 X99.500666 Y-8.428048 Z10 F1000
G01 X99.500666 Y-8.49467 Z10 F1000
G01 X97.501999 Y-8.49467 Z10 F1000
G01 X97.435376 Y-8.49467 Z9.960784 F1000
G01 X97.368754 Y-8.49467 Z9.960784 F1000
G01 X97.302132 Y-8.49467 Z9.921569 F1000
G01 X97.23551 Y-8.49467 Z9.411765 F1000
G01 X97.168887 Y-8.49467 Z1.098039 F1000
G01 X96.969021 Y-8.49467 Z1.098039 F1000
G01 X96.902398 Y-8.49467 Z1.058824 F1000
G01 X96.569287 Y-8.49467 Z1.058824 F1000
G01 X96.502665 Y-8.49467 Z1.019608 F1000
G01 X96.36942 Y-8.49467 Z1.019608 F1000
G01 X96.302798 Y-8.49467 Z9.843137 F1000
G01 X96.236176 Y-8.49467 Z10 F1000
G01 X59.194204 Y-8.49467 Z10 F1000
G01 X59.127582 Y-8.49467 Z9.960784 F1000
G01 X59.060959 Y-8.49467 Z9.921569 F1000
G01 X56.462692 Y-8.49467 Z9.921569 F1000
G01 X56.396069 Y-8.49467 Z10 F1000
G01 X3.631246 Y-8.49467 Z10 F1000
G01 X3.564624 Y-8.49467 Z9.843137 F1000
G01 X3.498001 Y-8.49467 Z0.117647 F1000
G01 X3.431379 Y-8.49467 Z0.039216 F1000
G01 X3.298135 Y-8.49467 Z0.039216 F1000
G01 X3.231512 Y-8.49467 Z0 F1000
G01 X2.831779 Y-8.49467 Z0 F1000
G01 X2.765157 Y-8.49467 Z0.039216 F1000
G01 X2.698534 Y-8.49467 Z0.039216 F1000
G01 X2.631912 Y-8.49467 Z9.372549 F1000
G01 X2.56529 Y-8.49467 Z9.921569 F1000
G01 X2.498668 Y-8.49467 Z9.960784 F1000
G01 X2.432045 Y-8.49467 Z9.960784 F1000
G01 X2.365423 Y-8.49467 Z10 F1000
G01 X0.433378 Y-8.49467 Z10 F1000
G01 X0.433378 Y-8.561292 Z10 F1000
G01 X0.433378 Y-8.627915 Z10 F1000
G01 X0.433378 Y-8.694537 Z10 F1000
G01 X0.433378 Y-8.761159 Z10 F1000
G01 X0.433378 Y-8.827781 Z10 F1000
G01 X0.433378 Y-8.894404 Z10 F1000
G01 X0.433378 Y-8.961026 Z10 F1000
G01 X0.433378 Y-9.027648 Z10 F1000
G01 X2.365423 Y-9.027648 Z10 F1000
G01 X2.432045 Y-9.027648 Z9.960784 F1000
G01 X2.498668 Y-9.027648 Z9.960784 F1000
G01 X2.56529 Y-9.027648 Z9.921569 F1000
G01 X2.631912 Y-9.027648 Z9.372549 F1000
G01 X2.698534 Y-9.027648 Z0.039216 F1000
G01 X2.765157 Y-9.027648 Z0.039216 F1000
G01 X2.831779 Y-9.027648 Z0 F1000
G01 X3.231512 Y-9.027648 Z0 F1000
G01 X3.298135 Y-9.027648 Z0.039216 F1000
G01 X3.431379 Y-9.027648 Z0.039216 F1000
G01 X3.498001 Y-9.027648 Z0.117647 F1000
G01 X3.564624 Y-9.027648 Z9.843137 F1000
G01 X3.631246 Y-9.027648 Z10 F1000
G01 X56.396069 Y-9.027648 Z10 F1000
G01 X56.462692 Y-9.027648 Z9.921569 F1000
G01 X59.194204 Y-9.027648 Z9.921569 F1000
G01 X59.260826 Y-9.027648 Z9.960784 F1000
G01 X59.327448 Y-9.027648 Z10 F1000
G01 X96.236176 Y-9.027648 Z10 F1000
G01 X96.302798 Y-9.027648 Z9.843137 F1000
G01 X96.36942 Y-9.027648 Z1.019608 F1000
G01 X97.168887 Y-9.027648 Z1.019608 F1000
G01 X97.23551 Y-9.027648 Z9.372549 F1000
G01 X97.302132 Y-9.027648 Z9.921569 F1000
G01 X97.368754 Y-9.027648 Z9.960784 F1000
G01 X97.435376 Y-9.027648 Z9.960784 F1000
G01 X97.501999 Y-9.027648 Z10 F1000
G01 X99.500666 Y-9.027648 Z10 F1000
G01 X99.500666 Y-9.09427 Z10 F1000
G01 X99.500666 Y-9.160893 Z10 F1000
G01 X99.500666 Y-9.227515 Z10 F1000
G01 X99.500666 Y-9.294137 Z10 F1000
G01 X99.500666 Y-9.360759 Z10 F1000
G01 X99.500666 Y-9.427382 Z10 F1000
G01 X99.500666 Y-9.494004 Z10 F1000
G01 X99.500666 Y-9.560626 Z10 F1000
G01 X97.501999 Y-9.560626 Z10 F1000
G01 X97.435376 Y-9.560626 Z9.960784 F1000
G01 X97.368754 Y-9.560626 Z9.960784 F1000
G01 X97.302132 Y-9.560626 Z9.921569 F1000
G01 X97.23551 Y-9.560626 Z9.372549 F1000
G01 X97.168887 Y-9.560626 Z1.019608 F1000
G01 X96.36942 Y-9.560626 Z1.019608 F1000
G01 X96.302798 Y-9.560626 Z9.843137 F1000
G01 X96.236176 Y-9.560626 Z10 F1000
G01 X59.527315 Y-9.560626 Z10 F1000
G01 X59.460693 Y-9.560626 Z9.960784 F1000
G01 X59.394071 Y-9.560626 Z9.921569 F1000
G01 X59.060959 Y-9.560626 Z9.921569 F1000
G01 X58.994337 Y-9.560626 Z9.960784 F1000
G01 X58.927715 Y-9.560626 Z9.960784 F1000
G01 X58.861093 Y-9.560626 Z10 F1000
G01 X57.062292 Y-9.560626 Z10 F1000
G01 X56.99567 Y-9.560626 Z9.921569 F1000
G01 X56.329447 Y-9.560626 Z9.921569 F1000
G01 X56.262825 Y-9.560626 Z9.960784 F1000
G01 X56.196203 Y-9.560626 Z9.960784 F1000
G01 X56.12958 Y-9.560626 Z10 F1000
G01 X3.631246 Y-9.560626 Z10 F1000
G01 X3.564624 Y-9.560626 Z9.843137 F1000
G01 X3.498001 Y-9.560626 Z0.117647 F1000
G01 X3.431379 Y-9.560626 Z0.039216 F1000
G01 X2.965023 Y-9.560626 Z0.039216 F1000
G01 X2.898401 Y-9.560626 Z0.078431 F1000
G01 X2.698534 Y-9.560626 Z0.078431 F1000
G01 X2.631912 Y-9.560626 Z9.372549 F1000
G01 X2.56529 Y-9.560626 Z9.960784 F1000
G01 X2.432045 Y-9.560626 Z9.960784 F1000
G01 X2.365423 Y-9.560626 Z10 F1000
G01 X0.433378 Y-9.560626 Z10 F1000
G01 X0.433378 Y-9.627249 Z10 F1000
G01 X0.433378 Y-9.693871 Z10 F1000
G01 X0.433378 Y-9.760493 Z10 F1000
G01 X0.433378 Y-9.827115 Z10 F1000
G01 X0.433378 Y-9.893738 Z10 F1000
G01 X0.433378 Y-9.96036 Z10 F1000
G01 X0.433378 Y-10.026982 Z10 F1000
G01 X0.433378 Y-10.093604 Z10 F1000
G01 X2.56529 Y-10.093604 Z10 F1000
G01 X2.631912 Y-10.093604 Z9.333333 F1000
G01 X2.698534 Y-10.093604 Z1.098039 F1000
G01 X3.498001 Y-10.093604 Z1.098039 F1000
G01 X3.564624 Y-10.093604 Z9.882353 F1000
G01 X3.631246 Y-10.093604 Z10 F1000
G01 X55.796469 Y-10.093604 Z10 F1000
G01 X55.863091 Y-10.093604 Z9.960784 F1000
G01 X55.929714 Y-10.093604 Z9.921569 F1000
G01 X56.062958 Y-10.093604 Z9.921569 F1000
G01 X56.12958 Y-10.093604 Z9.960784 F1000
G01 X56.662558 Y-10.093604 Z9.960784 F1000
G01 X56.729181 Y-10.093604 Z10 F1000
G01 X96.236176 Y-10.093604 Z10 F1000
G01 X96.302798 Y-10.093604 Z9.843137 F1000
G01 X96.36942 Y-10.093604 Z1.019608 F1000
G01 X97.168887 Y-10.093604 Z1.019608 F1000
G01 X97.23551 Y-10.093604 Z9.372549 F1000
G01 X97.302132 Y-10.093604 Z9.921569 F1000
G01 X97.368754 Y-10.093604 Z9.960784 F1000
G01 X97.435376 Y-10.093604 Z9.960784 F1000
G01 X97.501999 Y-10.093604 Z10 F1000
G01 X99.500666 Y-10.093604 Z10 F1000
G01 X99.500666 Y-10.160227 Z10 F1000
G01 X99.500666 Y-10.226849 Z10 F1000
G01 X99.500666 Y-10.293471 Z10 F1000
G01 X99.500666 Y-10.360093 Z10 F1000
G01 X99.500666 Y-10.426716 Z10 F1000
G01 X99.500666 Y-10.493338 Z10 F1000
G01 X99.500666 Y-10.55996 Z10 F1000
G01 X99.500666 Y-10.626582 Z10 F1000
G01 X97.501999 Y-10.626582 Z10 F1000
G01 X97.435376 Y-10.626582 Z9.960784 F1000
G01 X97.368754 Y-10.626582 Z9.960784 F1000
G01 X97.302132 Y-10.626582 Z9.921569 F1000
G01 X97.23551 Y-10.626582 Z9.372549 F1000
G01 X97.168887 Y-10.626582 Z1.019608 F1000
G01 X96.36942 Y-10.626582 Z1.019608 F1000
G01 X96.302798 Y-10.626582 Z9.843137 F1000
G01 X96.236176 Y-10.626582 Z10 F1000
G01 X56.529314 Y-10.626582 Z10 F1000
G01 X56.462692 Y-10.626582 Z9.960784 F1000
G01 X56.12958 Y-10.626582 Z9.960784 F1000
G01 X56.062958 Y-10.626582 Z9.921569 F1000
G01 X55.729847 Y-10.626582 Z9.921569 F1000
G01 X55.663225 Y-10.626582 Z9.960784 F1000
G01 X55.596602 Y-10.626582 Z9.960784 F1000
G01 X55.52998 Y-10.626582 Z10 F1000
G01 X3.631246 Y-10.626582 Z10 F1000
G01 X3.564624 Y-10.626582 Z9.921569 F1000
G01 X3.498001 Y-10.626582 Z1.098039 F1000
G01 X3.16489 Y-10.626582 Z1.098039 F1000
G01 X3.098268 Y-10.626582 Z1.137255 F1000
G01 X2.698534 Y-10.626582 Z1.137255 F1000
G01 X2.631912 Y-10.626582 Z9.411765 F1000
G01 X2.56529 Y-10.626582 Z10 F1000
G01 X0.433378 Y-10.626582 Z10 F1000
G01 X0.433378 Y-10.693205 Z10 F1000
G01 X0.433378 Y-10.759827 Z10 F1000
G01 X0.433378 Y-10.826449 Z10 F1000
G01 X0.433378 Y-10.893071 Z10 F1000
G01 X0.433378 Y-10.959694 Z10 F1000
G01 X0.433378 Y-11.026316 Z10 F1000
G01 X0.433378 Y-11.092938 Z10 F1000
G01 X0.433378 Y-11.15956 Z10 F1000
G01 X2.56529 Y-11.15956 Z10 F1000
G01 X2.631912 Y-11.15956 Z9.411765 F1000
G01 X2.698534 Y-11.15956 Z1.137255 F1000
G01 X3.498001 Y-11.15956 Z1.137255 F1000
G01 X3.564624 Y-11.15956 Z9.960784 F1000
G01 X3.631246 Y-11.15956 Z10 F1000
G01 X55.130247 Y-11.15956 Z10 F1000
G01 X55.196869 Y-11.15956 Z9.960784 F1000
G01 X55.330113 Y-11.15956 Z9.960784 F1000
G01 X55.396736 Y-11.15956 Z9.921569 F1000
G01 X55.929714 Y-11.15956 Z9.921569 F1000
G01 X55.996336 Y-11.15956 Z9.960784 F1000
G01 X56.12958 Y-11.15956 Z9.960784 F1000
G01 X56.196203 Y-11.15956 Z10 F1000
G01 X64.12425 Y-11.15956 Z10 F1000
G01 X64.190873 Y-11.15956 Z9.960784 F1000
G01 X64.257495 Y-11.15956 Z10 F1000
G01 X80.913058 Y-11.15956 Z10 F1000
G01 X80.97968 Y-11.15956 Z9.960784 F1000
G01 X81.046302 Y-11.15956 Z10 F1000
G01 X96.236176 Y-11.15956 Z10 F1000
G01 X96.302798 Y-11.15956 Z9.843137 F1000
G01 X96.36942 Y-11.15956 Z1.019608 F1000
G01 X97.168887 Y-11.15956 Z1.019608 F1000
G01 X97.23551 Y-11.15956 Z9.372549 F1000
G01 X97.302132 Y-11.15956 Z9.921569 F1000
G01 X97.368754 Y-11.15956 Z9.960784 F1000
G01 X97.435376 Y-11.15956 Z9.960784 F1000
G01 X97.501999 Y-11.15956 Z10 F1000
G01 X99.500666 Y-11.15956 Z10 F1000
G01 X99.500666 Y-11.226183 Z10 F1000
G01 X99.500666 Y-11.292805 Z10 F1000
G01 X99.500666 Y-11.359427 Z10 F1000
G01 X99.500666 Y-11.426049 Z10 F1000
G01 X99.500666 Y-11.492672 Z10 F1000
G01 X99.500666 Y-11.559294 Z10 F1000
G01 X99.500666 Y-11.625916 Z10 F1000
G01 X99.500666 Y-11.692538 Z10 F1000
G01 X97.501999 Y-11.692538 Z10 F1000
G01 X97.435376 Y-11.692538 Z9.960784 F1000
G01 X97.368754 Y-11.692538 Z9.960784 F1000
G01 X97.302132 Y-11.692538 Z9.921569 F1000
G01 X97.23551 Y-11.692538 Z9.411765 F1000
G01 X97.168887 Y-11.692538 Z1.019608 F1000
G01 X96.36942 Y-11.692538 Z1.019608 F1000
G01 X96.302798 Y-11.692538 Z9.843137 F1000
G01 X96.236176 Y-11.692538 Z10 F1000
G01 X81.046302 Y-11.692538 Z10 F1000
G01 X80.97968 Y-11.692538 Z9.960784 F1000
G01 X80.913058 Y-11.692538 Z10 F1000
G01 X64.257495 Y-11.692538 Z10 F1000
G01 X64.190873 Y-11.692538 Z9.960784 F1000
G01 X64.12425 Y-11.692538 Z10 F1000
G01 X55.863091 Y-11.692538 Z10 F1000
G01 X55.796469 Y-11.692538 Z9.960784 F1000
G01 X55.729847 Y-11.692538 Z9.921569 F1000
G01 X55.063624 Y-11.692538 Z9.921569 F1000
G01 X54.997002 Y-11.692538 Z9.960784 F1000
G01 X54.863757 Y-11.692538 Z9.960784 F1000
G01 X54.797135 Y-11.692538 Z10 F1000
G01 X21.685876 Y-11.692538 Z10 F1000
G01 X21.619254 Y-11.692538 Z9.960784 F1000
G01 X21.552632 Y-11.692538 Z10 F1000
G01 X18.488008 Y-11.692538 Z10 F1000
G01 X18.421386 Y-11.692538 Z9.960784 F1000
G01 X18.354763 Y-11.692538 Z10 F1000
G01 X3.631246 Y-11.692538 Z10 F1000
G01 X3.564624 Y-11.692538 Z9.960784 F1000
G01 X3.498001 Y-11.692538 Z1.137255 F1000
G01 X2.698534 Y-11.692538 Z1.137255 F1000
G01 X2.631912 Y-11.692538 Z9.372549 F1000
G01 X2.56529 Y-11.692538 Z9.960784 F1000
G01 X2.498668 Y-11.692538 Z10 F1000
G01 X0.433378 Y-11.692538 Z10 F1000
G01 X0.433378 Y-11.759161 Z10 F1000
G01 X0.433378 Y-11.825783 Z10 F1000
G01 X0.433378 Y-11.892405 Z10 F1000
G01 X0.433378 Y-11.959027 Z10 F1000
G01 X0.433378 Y-12.02565 Z10 F1000
G01 X0.433378 Y-12.092272 Z10 F1000
G01 X0.433378 Y-12.158894 Z10 F1000
G01 X0.433378 Y-12.225516 Z10 F1000
G01 X2.432045 Y-12.225516 Z10 F1000
G01 X2.498668 Y-12.225516 Z9.960784 F1000
G01 X2.56529 Y-12.225516 Z9.960784 F1000
G01 X2.631912 Y-12.225516 Z9.372549 F1000
G01 X2.698534 Y-12.225516 Z1.137255 F1000
G01 X2.965023 Y-12.225516 Z1.137255 F1000
G01 X3.031646 Y-12.225516 Z1.098039 F1000
G01 X3.364757 Y-12.225516 Z1.098039 F1000
G01 X3.431379 Y-12.225516 Z1.058824 F1000
G01 X3.498001 Y-12.225516 Z1.058824 F1000
G01 X3.564624 Y-12.225516 Z10 F1000
G01 X18.354763 Y-12.225516 Z10 F1000
G01 X18.421386 Y-12.225516 Z9.960784 F1000
G01 X18.488008 Y-12.225516 Z10 F1000
G01 X21.552632 Y-12.225516 Z10 F1000
G01 X21.619254 Y-12.225516 Z9.960784 F1000
G01 X21.685876 Y-12.225516 Z10 F1000
G01 X54.464024 Y-12.225516 Z10 F1000
G01 X54.530646 Y-12.225516 Z9.960784 F1000
G01 X54.597268 Y-12.225516 Z9.921569 F1000
G01 X55.396736 Y-12.225516 Z9.921569 F1000
G01 X55.463358 Y-12.225516 Z10 F1000
G01 X64.12425 Y-12.225516 Z10 F1000
G01 X64.190873 Y-12.225516 Z9.960784 F1000
G01 X64.257495 Y-12.225516 Z10 F1000
G01 X80.913058 Y-12.225516 Z10 F1000
G01 X80.97968 Y-12.225516 Z9.960784 F1000
G01 X81.046302 Y-12.225516 Z10 F1000
G01 X96.236176 Y-12.225516 Z10 F1000
G01 X96.302798 Y-12.225516 Z9.843137 F1000
G01 X96.36942 Y-12.225516 Z1.019608 F1000
G01 X96.569287 Y-12.225516 Z1.019608 F1000
G01 X96.635909 Y-12.225516 Z1.058824 F1000
G01 X97.168887 Y-12.225516 Z1.058824 F1000
G01 X97.23551 Y-12.225516 Z9.411765 F1000
G01 X97.302132 Y-12.225516 Z10 F1000
G01 X99.500666 Y-12.225516 Z10 F1000
G01 X99.500666 Y-12.292139 Z10 F1000
G01 X99.500666 Y-12.358761 Z10 F1000
G01 X99.500666 Y-12.425383 Z10 F1000
G01 X99.500666 Y-12.492005 Z10 F1000
G01 X99.500666 Y-12.558628 Z10 F1000
G01 X99.500666 Y-12.62525 Z10 F1000
G01 X99.500666 Y-12.691872 Z10 F1000
G01 X99.500666 Y-12.758494 Z10 F1000
G01 X97.302132 Y-12.758494 Z10 F1000
G01 X97.23551 Y-12.758494 Z9.372549 F1000
G01 X97.168887 Y-12.758494 Z1.058824 F1000
G01 X96.635909 Y-12.758494 Z1.058824 F1000
G01 X96.569287 Y-12.758494 Z1.019608 F1000
G01 X96.36942 Y-12.758494 Z1.019608 F1000
G01 X96.302798 Y-12.758494 Z9.843137 F1000
G01 X96.236176 Y-12.758494 Z10 F1000
G01 X93.238175 Y-12.758494 Z10 F1000
G01 X93.171552 Y-12.758494 Z9.960784 F1000
G01 X93.038308 Y-12.758494 Z9.960784 F1000
G01 X92.971686 Y-12.758494 Z10 F1000
G01 X84.777149 Y-12.758494 Z10 F1000
G01 X84.710526 Y-12.758494 Z9.960784 F1000
G01 X84.643904 Y-12.758494 Z10 F1000
G01 X81.046302 Y-12.758494 Z10 F1000
G01 X80.97968 Y-12.758494 Z9.960784 F1000
G01 X80.913058 Y-12.758494 Z10 F1000
G01 X64.257495 Y-12.758494 Z10 F1000
G01 X64.190873 Y-12.758494 Z9.960784 F1000
G01 X64.12425 Y-12.758494 Z10 F1000
G01 X55.396736 Y-12.758494 Z10 F1000
G01 X55.330113 Y-12.758494 Z9.960784 F1000
G01 X55.063624 Y-12.758494 Z9.960784 F1000
G01 X54.997002 Y-12.758494 Z9.921569 F1000
G01 X54.330779 Y-12.758494 Z9.921569 F1000
G01 X54.264157 Y-12.758494 Z9.960784 F1000
G01 X54.197535 Y-12.758494 Z9.960784 F1000
G01 X54.130913 Y-12.758494 Z10 F1000
G01 X21.685876 Y-12.758494 Z10 F1000
G01 X21.619254 Y-12.758494 Z9.960784 F1000
G01 X21.552632 Y-12.758494 Z10 F1000
G01 X18.488008 Y-12.758494 Z10 F1000
G01 X18.421386 Y-12.758494 Z9.960784 F1000
G01 X18.354763 Y-12.758494 Z10 F1000
G01 X10.293471 Y-12.758494 Z10 F1000
G01 X10.226849 Y-12.758494 Z9.960784 F1000
G01 X10.160227 Y-12.758494 Z10 F1000
G01 X6.229514 Y-12.758494 Z10 F1000
G01 X6.162891 Y-12.758494 Z9.960784 F1000
G01 X6.096269 Y-12.758494 Z10 F1000
G01 X3.564624 Y-12.758494 Z10 F1000
G01 X3.498001 Y-12.758494 Z1.019608 F1000
G01 X3.431379 Y-12.758494 Z1.058824 F1000
G01 X3.364757 Y-12.758494 Z1.098039 F1000
G01 X3.031646 Y-12.758494 Z1.098039 F1000
G01 X2.965023 Y-12.758494 Z1.137255 F1000
G01 X2.698534 Y-12.758494 Z1.137255 F1000
G01 X2.631912 Y-12.758494 Z9.372549 F1000
G01 X2.56529 Y-12.758494 Z9.960784 F1000
G01 X2.498668 Y-12.758494 Z10 F1000
G01 X0.433378 Y-12.758494 Z10 F1000
G01 X0.433378 Y-12.825117 Z10 F1000
G01 X0.433378 Y-12.891739 Z10 F1000
G01 X0.433378 Y-12.958361 Z10 F1000
G01 X0.433378 Y-13.024983 Z10 F1000
G01 X0.433378 Y-13.091606 Z10 F1000
G01 X0.433378 Y-13.158228 Z10 F1000
G01 X0.433378 Y-13.22485 Z10 F1000
G01 X0.433378 Y-13.291472 Z10 F1000
G01 X2.498668 Y-13.291472 Z10 F1000
G01 X2.56529 Y-13.291472 Z9.960784 F1000
G01 X2.631912 Y-13.291472 Z9.372549 F1000
G01 X2.698534 Y-13.291472 Z1.058824 F1000
G01 X3.498001 Y-13.291472 Z1.058824 F1000
G01 X3.564624 Y-13.291472 Z10 F1000
G01 X6.096269 Y-13.291472 Z10 F1000
G01 X6.162891 Y-13.291472 Z9.960784 F1000
G01 X6.229514 Y-13.291472 Z10 F1000
G01 X18.354763 Y-13.291472 Z10 F1000
G01 X18.421386 Y-13.291472 Z9.960784 F1000
G01 X18.488008 Y-13.291472 Z10 F1000
G01 X21.552632 Y-13.291472 Z10 F1000
G01 X21.619254 Y-13.291472 Z9.960784 F1000
G01 X21.685876 Y-13.291472 Z10 F1000
G01 X53.864424 Y-13.291472 Z10 F1000
G01 X53.931046 Y-13.291472 Z9.960784 F1000
G01 X53.997668 Y-13.291472 Z9.960784 F1000
G01 X54.06429 Y-13.291472 Z9.921569 F1000
G01 X54.997002 Y-13.291472 Z9.921569 F1000
G01 X55.063624 Y-13.291472 Z9.960784 F1000
G01 X55.330113 Y-13.291472 Z9.960784 F1000
G01 X55.396736 Y-13.291472 Z10 F1000
G01 X64.12425 Y-13.291472 Z10 F1000
G01 X64.190873 Y-13.291472 Z9.960784 F1000
G01 X64.257495 Y-13.291472 Z10 F1000
G01 X80.913058 Y-13.291472 Z10 F1000
G01 X80.97968 Y-13.291472 Z9.960784 F1000
G01 X81.046302 Y-13.291472 Z10 F1000
G01 X92.971686 Y-13.291472 Z10 F1000
G01 X93.038308 Y-13.291472 Z9.960784 F1000
G01 X93.171552 Y-13.291472 Z9.960784 F1000
G01 X93.238175 Y-13.291472 Z10 F1000
G01 X96.236176 Y-13.291472 Z10 F1000
G01 X96.302798 Y-13.291472 Z9.843137 F1000
G01 X96.36942 Y-13.291472 Z1.019608 F1000
G01 X96.569287 Y-13.291472 Z1.019608 F1000
G01 X96.635909 Y-13.291472 Z1.058824 F1000
G01 X96.902398 Y-13.291472 Z1.058824 F1000
G01 X96.969021 Y-13.291472 Z1.098039 F1000
G01 X97.168887 Y-13.291472 Z1.098039 F1000
G01 X97.23551 Y-13.291472 Z9.372549 F1000
G01 X97.302132 Y-13.291472 Z10 F1000
G01 X99.500666 Y-13.291472 Z10 F1000
G01 X99.500666 Y-13.358095 Z10 F1000
G01 X99.500666 Y-13.424717 Z10 F1000
G01 X99.500666 Y-13.491339 Z10 F1000
G01 X99.500666 Y-13.557961 Z10 F1000
G01 X99.500666 Y-13.624584 Z10 F1000
G01 X99.500666 Y-13.691206 Z10 F1000
G01 X99.500666 Y-13.757828 Z10 F1000
G01 X99.500666 Y-13.82445 Z10 F1000
G01 X97.302132 Y-13.82445 Z10 F1000
G01 X97.23551 Y-13.82445 Z9.372549 F1000
G01 X97.168887 Y-13.82445 Z1.098039 F1000
G01 X96.969021 Y-13.82445 Z1.098039 F1000
G01 X96.902398 Y-13.82445 Z1.058824 F1000
G01 X96.635909 Y-13.82445 Z1.058824 F1000
G01 X96.569287 Y-13.82445 Z1.019608 F1000
G01 X96.36942 Y-13.82445 Z1.019608 F1000
G01 X96.302798 Y-13.82445 Z9.843137 F1000
G01 X96.236176 Y-13.82445 Z10 F1000
G01 X93.238175 Y-13.82445 Z10 F1000
G01 X93.171552 Y-13.82445 Z9.960784 F1000
G01 X93.038308 Y-13.82445 Z9.960784 F1000
G01 X92.971686 Y-13.82445 Z10 F1000
G01 X81.046302 Y-13.82445 Z10 F1000
G01 X80.97968 Y-13.82445 Z9.960784 F1000
G01 X80.913058 Y-13.82445 Z10 F1000
G01 X64.257495 Y-13.82445 Z10 F1000
G01 X64.190873 Y-13.82445 Z9.960784 F1000
G01 X64.12425 Y-13.82445 Z10 F1000
G01 X60.460027 Y-13.82445 Z10 F1000
G01 X60.393404 Y-13.82445 Z9.960784 F1000
G01 X60.126915 Y-13.82445 Z9.960784 F1000
G01 X60.060293 Y-13.82445 Z9.921569 F1000
G01 X53.797801 Y-13.82445 Z9.921569 F1000
G01 X53.731179 Y-13.82445 Z9.960784 F1000
G01 X53.531312 Y-13.82445 Z9.960784 F1000
G01 X53.46469 Y-13.82445 Z10 F1000
G01 X21.685876 Y-13.82445 Z10 F1000
G01 X21.619254 Y-13.82445 Z9.960784 F1000
G01 X21.552632 Y-13.82445 Z10 F1000
G01 X18.488008 Y-13.82445 Z10 F1000
G01 X18.421386 Y-13.82445 Z9.960784 F1000
G01 X18.354763 Y-13.82445 Z10 F1000
G01 X6.229514 Y-13.82445 Z10 F1000
G01 X6.162891 Y-13.82445 Z9.960784 F1000
G01 X6.096269 Y-13.82445 Z10 F1000
G01 X3.564624 Y-13.82445 Z10 F1000
G01 X3.498001 Y-13.82445 Z1.058824 F1000
G01 X2.698534 Y-13.82445 Z1.058824 F1000
G01 X2.631912 Y-13.82445 Z9.372549 F1000
G01 X2.56529 Y-13.82445 Z9.960784 F1000
G01 X2.498668 Y-13.82445 Z9.960784 F1000
G01 X2.432045 Y-13.82445 Z10 F1000
G01 X0.433378 Y-13.82445 Z10 F1000
G01 X0.433378 Y-13.891073 Z10 F1000
G01 X0.433378 Y-13.957695 Z10 F1000
G01 X0.433378 Y-14.024317 Z10 F1000
G01 X0.433378 Y-14.090939 Z10 F1000
G01 X0.433378 Y-14.157562 Z10 F1000
G01 X0.433378 Y-14.224184 Z10 F1000
G01 X0.433378 Y-14.290806 Z10 F1000
G01 X0.433378 Y-14.357428 Z10 F1000
G01 X2.498668 Y-14.357428 Z10 F1000
G01 X2.56529 Y-14.357428 Z9.960784 F1000
G01 X2.631912 Y-14.357428 Z9.372549 F1000
G01 X2.698534 Y-14.357428 Z1.058824 F1000
G01 X3.498001 Y-14.357428 Z1.058824 F1000
G01 X3.564624 Y-14.357428 Z10 F1000
G01 X6.096269 Y-14.357428 Z10 F1000
G01 X6.162891 Y-14.357428 Z9.960784 F1000
G01 X6.229514 Y-14.357428 Z10 F1000
G01 X18.354763 Y-14.357428 Z10 F1000
G01 X18.421386 Y-14.357428 Z9.960784 F1000
G01 X18.488008 Y-14.357428 Z10 F1000
G01 X21.552632 Y-14.357428 Z10 F1000
G01 X21.619254 Y-14.357428 Z9.960784 F1000
G01 X21.685876 Y-14.357428 Z10 F1000
G01 X41.805796 Y-14.357428 Z10 F1000
G01 X41.872418 Y-14.357428 Z9.960784 F1000
G01 X41.939041 Y-14.357428 Z10 F1000
G01 X53.864424 Y-14.357428 Z10 F1000
G01 X53.931046 Y-14.357428 Z9.960784 F1000
G01 X53.997668 Y-14.357428 Z9.921569 F1000
G01 X60.193538 Y-14.357428 Z9.921569 F1000
G01 X60.26016 Y-14.357428 Z9.960784 F1000
G01 X60.326782 Y-14.357428 Z10 F1000
G01 X64.12425 Y-14.357428 Z10 F1000
G01 X64.190873 Y-14.357428 Z9.960784 F1000
G01 X64.257495 Y-14.357428 Z10 F1000
G01 X80.913058 Y-14.357428 Z10 F1000
G01 X80.97968 Y-14.357428 Z9.960784 F1000
G01 X81.046302 Y-14.357428 Z10 F1000
G01 X92.971686 Y-14.357428 Z10 F1000
G01 X93.038308 Y-14.357428 Z9.960784 F1000
G01 X93.171552 Y-14.357428 Z9.960784 F1000
G01 X93.238175 Y-14.357428 Z10 F1000
G01 X96.236176 Y-14.357428 Z10 F1000
G01 X96.302798 Y-14.357428 Z9.843137 F1000
G01 X96.36942 Y-14.357428 Z1.019608 F1000
G01 X97.168887 Y-14.357428 Z1.019608 F1000
G01 X97.23551 Y-14.357428 Z9.372549 F1000
G01 X97.302132 Y-14.357428 Z10 F1000
G01 X99.500666 Y-14.357428 Z10 F1000
G01 X99.500666 Y-14.424051 Z10 F1000
G01 X99.500666 Y-14.490673 Z10 F1000
G01 X99.500666 Y-14.557295 Z10 F1000
G01 X99.500666 Y-14.623917 Z10 F1000
G01 X99.500666 Y-14.69054 Z10 F1000
G01 X99.500666 Y-14.757162 Z10 F1000
G01 X99.500666 Y-14.823784 Z10 F1000
G01 X99.500666 Y-14.890406 Z10 F1000
G01 X97.501999 Y-14.890406 Z10 F1000
G01 X97.435376 Y-14.890406 Z9.960784 F1000
G01 X97.368754 Y-14.890406 Z9.960784 F1000
G01 X97.302132 Y-14.890406 Z9.921569 F1000
G01 X97.23551 Y-14.890406 Z9.372549 F1000
G01 X97.168887 Y-14.890406 Z1.019608 F1000
G01 X96.36942 Y-14.890406 Z1.019608 F1000
G01 X96.302798 Y-14.890406 Z9.843137 F1000
G01 X96.236176 Y-14.890406 Z10 F1000
G01 X90.373418 Y-14.890406 Z10 F1000
G01 X90.306795 Y-14.890406 Z9.960784 F1000
G01 X90.240173 Y-14.890406 Z10 F1000
G01 X81.046302 Y-14.890406 Z10 F1000
G01 X80.97968 Y-14.890406 Z9.960784 F1000
G01 X80.913058 Y-14.890406 Z10 F1000
G01 X67.521985 Y-14.890406 Z10 F1000
G01 X67.455363 Y-14.890406 Z9.960784 F1000
G01 X67.388741 Y-14.890406 Z10 F1000
G01 X59.993671 Y-14.890406 Z10 F1000
G01 X59.927049 Y-14.890406 Z9.960784 F1000
G01 X59.860426 Y-14.890406 Z9.921569 F1000
G01 X58.79447 Y-14.890406 Z9.921569 F1000
G01 X58.727848 Y-14.890406 Z9.960784 F1000
G01 X58.594604 Y-14.890406 Z9.960784 F1000
G01 X58.527981 Y-14.890406 Z10 F1000
G01 X36.60926 Y-14.890406 Z10 F1000
G01 X36.542638 Y-14.890406 Z9.960784 F1000
G01 X36.476016 Y-14.890406 Z9.960784 F1000
G01 X36.409394 Y-14.890406 Z10 F1000
G01 X21.685876 Y-14.890406 Z10 F1000
G01 X21.619254 Y-14.890406 Z9.960784 F1000
G01 X21.552632 Y-14.890406 Z10 F1000
G01 X18.488008 Y-14.890406 Z10 F1000
G01 X18.421386 Y-14.890406 Z9.960784 F1000
G01 X18.354763 Y-14.890406 Z10 F1000
G01 X3.564624 Y-14.890406 Z10 F1000
G01 X3.498001 Y-14.890406 Z1.098039 F1000
G01 X2.698534 Y-14.890406 Z1.098039 F1000
G01 X2.631912 Y-14.890406 Z9.372549 F1000
G01 X2.56529 Y-14.890406 Z9.960784 F1000
G01 X2.498668 Y-14.890406 Z10 F1000
G01 X0.433378 Y-14.890406 Z10 F1000
G01 X0.433378 Y-14.957029 Z10 F1000
G01 X0.433378 Y-15.023651 Z10 F1000
G01 X0.433378 Y-15.090273 Z10 F1000
G01 X0.433378 Y-15.156895 Z10 F1000
G01 X0.433378 Y-15.223518 Z10 F1000
G01 X0.433378 Y-15.29014 Z10 F1000
G01 X0.433378 Y-15.356762 Z10 F1000
G01 X0.433378 Y-15.423384 Z10 F1000
G01 X2.432045 Y-15.423384 Z10 F1000
G01 X2.498668 Y-15.423384 Z9.960784 F1000
G01 X2.56529 Y-15.423384 Z9.960784 F1000
G01 X2.631912 Y-15.423384 Z9.294118 F1000
G01 X2.698534 Y-15.423384 Z1.137255 F1000
G01 X3.031646 Y-15.423384 Z1.137255 F1000
G01 X3.098268 Y-15.423384 Z1.098039 F1000
G01 X3.498001 Y-15.423384 Z1.098039 F1000
G01 X3.564624 Y-15.423384 Z10 F1000
G01 X58.527981 Y-15.423384 Z10 F1000
G01 X58.594604 Y-15.423384 Z9.960784 F1000
G01 X58.727848 Y-15.423384 Z9.960784 F1000
G01 X58.79447 Y-15.423384 Z9.921569 F1000
G01 X59.66056 Y-15.423384 Z9.921569 F1000
G01 X59.727182 Y-15.423384 Z9.960784 F1000
G01 X59.793804 Y-15.423384 Z10 F1000
G01 X80.913058 Y-15.423384 Z10 F1000
G01 X80.97968 Y-15.423384 Z9.960784 F1000
G01 X81.046302 Y-15.423384 Z10 F1000
G01 X96.236176 Y-15.423384 Z10 F1000
G01 X96.302798 Y-15.423384 Z9.843137 F1000
G01 X96.36942 Y-15.423384 Z1.058824 F1000
G01 X96.902398 Y-15.423384 Z1.058824 F1000
G01 X96.969021 Y-15.423384 Z1.098039 F1000
G01 X97.168887 Y-15.423384 Z1.098039 F1000
G01 X97.23551 Y-15.423384 Z9.411765 F1000
G01 X97.302132 Y-15.423384 Z9.921569 F1000
G01 X97.368754 Y-15.423384 Z10 F1000
G01 X99.500666 Y-15.423384 Z10 F1000
G01 X99.500666 Y-15.490007 Z10 F1000
G01 X99.500666 Y-15.556629 Z10 F1000
G01 X99.500666 Y-15.623251 Z10 F1000
G01 X99.500666 Y-15.689873 Z10 F1000
G01 X99.500666 Y-15.756496 Z10 F1000
G01 X99.500666 Y-15.823118 Z10 F1000
G01 X99.500666 Y-15.88974 Z10 F1000
G01 X99.500666 Y-15.956362 Z10 F1000
G01 X97.368754 Y-15.956362 Z10 F1000
G01 X97.302132 Y-15.956362 Z9.921569 F1000
G01 X97.23551 Y-15.956362 Z9.411765 F1000
G01 X97.168887 Y-15.956362 Z1.098039 F1000
G01 X96.969021 Y-15.956362 Z1.098039 F1000
G01 X96.902398 Y-15.956362 Z1.058824 F1000
G01 X96.36942 Y-15.956362 Z1.058824 F1000
G01 X96.302798 Y-15.956362 Z9.843137 F1000
G01 X96.236176 Y-15.956362 Z10 F1000
G01 X81.046302 Y-15.956362 Z10 F1000
G01 X80.97968 Y-15.956362 Z9.960784 F1000
G01 X80.913058 Y-15.956362 Z10 F1000
G01 X59.394071 Y-15.956362 Z10 F1000
G01 X59.327448 Y-15.956362 Z9.960784 F1000
G01 X59.260826 Y-15.956362 Z9.960784 F1000
G01 X59.194204 Y-15.956362 Z9.921569 F1000
G01 X58.594604 Y-15.956362 Z9.921569 F1000
G01 X58.527981 Y-15.956362 Z9.960784 F1000
G01 X58.394737 Y-15.956362 Z9.960784 F1000
G01 X58.328115 Y-15.956362 Z10 F1000
G01 X3.564624 Y-15.956362 Z10 F1000
G01 X3.498001 Y-15.956362 Z1.058824 F1000
G01 X3.098268 Y-15.956362 Z1.058824 F1000
G01 X3.031646 Y-15.956362 Z1.137255 F1000
G01 X2.698534 Y-15.956362 Z1.137255 F1000
G01 X2.631912 Y-15.956362 Z9.333333 F1000
G01 X2.56529 Y-15.956362 Z10 F1000
G01 X0.433378 Y-15.956362 Z10 F1000
G01 X0.433378 Y-16.022985 Z10 F1000
G01 X0.433378 Y-16.089607 Z10 F1000
G01 X0.433378 Y-16.156229 Z10 F1000
G01 X0.433378 Y-16.222851 Z10 F1000
G01 X0.433378 Y-16.289474 Z10 F1000
G01 X0.433378 Y-16.356096 Z10 F1000
G01 X0.433378 Y-16.422718 Z10 F1000
G01 X0.433378 Y-16.48934 Z10 F1000
G01 X2.56529 Y-16.48934 Z10 F1000
G01 X2.631912 Y-16.48934 Z9.372549 F1000
G01 X2.698534 Y-16.48934 Z0.117647 F1000
G01 X3.498001 Y-16.48934 Z0.117647 F1000
G01 X3.564624 Y-16.48934 Z9.882353 F1000
G01 X3.631246 Y-16.48934 Z10 F1000
G01 X58.128248 Y-16.48934 Z10 F1000
G01 X58.19487 Y-16.48934 Z9.960784 F1000
G01 X58.261492 Y-16.48934 Z9.960784 F1000
G01 X58.328115 Y-16.48934 Z9.921569 F1000
G01 X58.927715 Y-16.48934 Z9.921569 F1000
G01 X58.994337 Y-16.48934 Z9.960784 F1000
G01 X59.127582 Y-16.48934 Z9.960784 F1000
G01 X59.194204 Y-16.48934 Z10 F1000
G01 X80.913058 Y-16.48934 Z10 F1000
G01 X80.97968 Y-16.48934 Z9.960784 F1000
G01 X81.046302 Y-16.48934 Z10 F1000
G01 X96.236176 Y-16.48934 Z10 F1000
G01 X96.302798 Y-16.48934 Z9.843137 F1000
G01 X96.36942 Y-16.48934 Z0.156863 F1000
G01 X96.436043 Y-16.48934 Z0.117647 F1000
G01 X96.502665 Y-16.48934 Z0.196078 F1000
G01 X97.168887 Y-16.48934 Z0.196078 F1000
G01 X97.23551 Y-16.48934 Z9.372549 F1000
G01 X97.302132 Y-16.48934 Z9.921569 F1000
G01 X97.368754 Y-16.48934 Z9.960784 F1000
G01 X97.435376 Y-16.48934 Z9.960784 F1000
G01 X97.501999 Y-16.48934 Z10 F1000
G01 X99.500666 Y-16.48934 Z10 F1000
G01 X99.500666 Y-16.555963 Z10 F1000
G01 X99.500666 Y-16.622585 Z10 F1000
G01 X99.500666 Y-16.689207 Z10 F1000
G01 X99.500666 Y-16.755829 Z10 F1000
G01 X99.500666 Y-16.822452 Z10 F1000
G01 X99.500666 Y-16.889074 Z10 F1000
G01 X99.500666 Y-16.955696 Z10 F1000
G01 X99.500666 Y-17.022318 Z10 F1000
G01 X97.501999 Y-17.022318 Z10 F1000
G01 X97.435376 Y-17.022318 Z9.960784 F1000
G01 X97.368754 Y-17.022318 Z9.960784 F1000
G01 X97.302132 Y-17.022318 Z9.921569 F1000
G01 X97.23551 Y-17.022318 Z9.372549 F1000
G01 X97.168887 Y-17.022318 Z0.039216 F1000
G01 X97.102265 Y-17.022318 Z0.039216 F1000
G01 X97.035643 Y-17.022318 Z0 F1000
G01 X96.436043 Y-17.022318 Z0 F1000
G01 X96.36942 Y-17.022318 Z0.156863 F1000
G01 X96.302798 Y-17.022318 Z9.843137 F1000
G01 X96.236176 Y-17.022318 Z10 F1000
G01 X81.046302 Y-17.022318 Z10 F1000
G01 X80.97968 Y-17.022318 Z9.960784 F1000
G01 X80.913058 Y-17.022318 Z10 F1000
G01 X58.79447 Y-17.022318 Z10 F1000
G01 X58.727848 Y-17.022318 Z9.960784 F1000
G01 X58.661226 Y-17.022318 Z9.921569 F1000
G01 X58.061626 Y-17.022318 Z9.921569 F1000
G01 X57.995003 Y-17.022318 Z9.960784 F1000
G01 X57.861759 Y-17.022318 Z9.960784 F1000
G01 X57.795137 Y-17.022318 Z10 F1000
G01 X3.631246 Y-17.022318 Z10 F1000
G01 X3.564624 Y-17.022318 Z9.843137 F1000
G01 X3.498001 Y-17.022318 Z0.117647 F1000
G01 X3.431379 Y-17.022318 Z0.039216 F1000
G01 X3.298135 Y-17.022318 Z0.039216 F1000
G01 X3.231512 Y-17.022318 Z0 F1000
G01 X2.831779 Y-17.022318 Z0 F1000
G01 X2.765157 Y-17.022318 Z0.039216 F1000
G01 X2.698534 Y-17.022318 Z0.039216 F1000
G01 X2.631912 Y-17.022318 Z9.372549 F1000
G01 X2.56529 Y-17.022318 Z9.921569 F1000
G01 X2.498668 Y-17.022318 Z9.960784 F1000
G01 X2.432045 Y-17.022318 Z9.960784 F1000
G01 X2.365423 Y-17.022318 Z10 F1000
G01 X0.433378 Y-17.022318 Z10 F1000
G01 X0.433378 Y-17.088941 Z10 F1000
G01 X0.433378 Y-17.155563 Z10 F1000
G01 X0.433378 Y-17.222185 Z10 F1000
G01 X0.433378 Y-17.288807 Z10 F1000
G01 X0.433378 Y-17.35543 Z10 F1000
G01 X0.433378 Y-17.422052 Z10 F1000
G01 X0.433378 Y-17.488674 Z10 F1000
G01 X0.433378 Y-17.555296 Z10 F1000
G01 X2.365423 Y-17.555296 Z10 F1000
G01 X2.432045 Y-17.555296 Z9.960784 F1000
G01 X2.498668 Y-17.555296 Z9.960784 F1000
G01 X2.56529 Y-17.555296 Z9.921569 F1000
G01 X2.631912 Y-17.555296 Z9.372549 F1000
G01 X2.698534 Y-17.555296 Z0.039216 F1000
G01 X2.765157 Y-17.555296 Z0.039216 F1000
G01 X2.831779 Y-17.555296 Z0 F1000
G01 X3.231512 Y-17.555296 Z0 F1000
G01 X3.298135 Y-17.555296 Z0.039216 F1000
G01 X3.431379 Y-17.555296 Z0.039216 F1000
G01 X3.498001 Y-17.555296 Z0.117647 F1000
G01 X3.564624 Y-17.555296 Z9.843137 F1000
G01 X3.631246 Y-17.555296 Z10 F1000
G01 X57.328781 Y-17.555296 Z10 F1000
G01 X57.395403 Y-17.555296 Z9.960784 F1000
G01 X57.462025 Y-17.555296 Z9.960784 F1000
G01 X57.528648 Y-17.555296 Z9.921569 F1000
G01 X58.394737 Y-17.555296 Z9.921569 F1000
G01 X58.461359 Y-17.555296 Z9.960784 F1000
G01 X58.527981 Y-17.555296 Z10 F1000
G01 X96.236176 Y-17.555296 Z10 F1000
G01 X96.302798 Y-17.555296 Z9.843137 F1000
G01 X96.36942 Y-17.555296 Z0.156863 F1000
G01 X96.436043 Y-17.555296 Z0 F1000
G01 X97.035643 Y-17.555296 Z0 F1000
G01 X97.102265 Y-17.555296 Z0.039216 F1000
G01 X97.168887 Y-17.555296 Z0.039216 F1000
G01 X97.23551 Y-17.555296 Z9.372549 F1000
G01 X97.302132 Y-17.555296 Z9.921569 F1000
G01 X97.368754 Y-17.555296 Z9.960784 F1000
G01 X97.435376 Y-17.555296 Z9.960784 F1000
G01 X97.501999 Y-17.555296 Z10 F1000
G01 X99.500666 Y-17.555296 Z10 F1000
G01 X99.500666 Y-17.621919 Z10 F1000
G01 X99.500666 Y-17.688541 Z10 F1000
G01 X99.500666 Y-17.755163 Z10 F1000
G01 X99.500666 Y-17.821785 Z10 F1000
G01 X99.500666 Y-17.888408 Z10 F1000
G01 X99.500666 Y-17.95503 Z10 F1000
G01 X99.500666 Y-18.021652 Z10 F1000
G01 X99.500666 Y-18.088274 Z10 F1000
G01 X97.501999 Y-18.088274 Z10 F1000
G01 X97.435376 Y-18.088274 Z9.960784 F1000
G01 X97.368754 Y-18.088274 Z9.960784 F1000
G01 X97.302132 Y-18.088274 Z9.921569 F1000
G01 X97.23551 Y-18.088274 Z9.372549 F1000
G01 X97.168887 Y-18.088274 Z0.039216 F1000
G01 X97.102265 Y-18.088274 Z0.039216 F1000
G01 X97.035643 Y-18.088274 Z0 F1000
G01 X96.436043 Y-18.088274 Z0 F1000
G01 X96.36942 Y-18.088274 Z0.156863 F1000
G01 X96.302798 Y-18.088274 Z9.843137 F1000
G01 X96.236176 Y-18.088274 Z10 F1000
G01 X58.19487 Y-18.088274 Z10 F1000
G01 X58.128248 Y-18.088274 Z9.960784 F1000
G01 X58.061626 Y-18.088274 Z9.921569 F1000
G01 X57.395403 Y-18.088274 Z9.921569 F1000
G01 X57.328781 Y-18.088274 Z9.960784 F1000
G01 X57.195536 Y-18.088274 Z9.960784 F1000
G01 X57.128914 Y-18.088274 Z10 F1000
G01 X3.631246 Y-18.088274 Z10 F1000
G01 X3.564624 Y-18.088274 Z9.843137 F1000
G01 X3.498001 Y-18.088274 Z0.117647 F1000
G01 X3.431379 Y-18.088274 Z0.039216 F1000
G01 X3.298135 Y-18.088274 Z0.039216 F1000
G01 X3.231512 Y-18.088274 Z0 F1000
G01 X2.831779 Y-18.088274 Z0 F1000
G01 X2.765157 Y-18.088274 Z0.039216 F1000
G01 X2.698534 Y-18.088274 Z0.039216 F1000
G01 X2.631912 Y-18.088274 Z9.372549 F1000
G01 X2.56529 Y-18.088274 Z9.921569 F1000
G01 X2.498668 Y-18.088274 Z9.960784 F1000
G01 X2.432045 Y-18.088274 Z9.960784 F1000
G01 X2.365423 Y-18.088274 Z10 F1000
G01 X0.433378 Y-18.088274 Z10 F1000
G01 X0.433378 Y-18.154897 Z10 F1000
G01 X0.433378 Y-18.221519 Z10 F1000
G01 X0.433378 Y-18.288141 Z10 F1000
G01 X0.433378 Y-18.354763 Z10 F1000
G01 X0.433378 Y-18.421386 Z10 F1000
G01 X0.433378 Y-18.488008 Z10 F1000
G01 X0.433378 Y-18.55463 Z10 F1000
G01 X0.433378 Y-18.621252 Z10 F1000
G01 X2.365423 Y-18.621252 Z10 F1000
G01 X2.432045 Y-18.621252 Z9.960784 F1000
G01 X2.498668 Y-18.621252 Z9.960784 F1000
G01 X2.56529 Y-18.621252 Z9.921569 F1000
G01 X2.631912 Y-18.621252 Z9.372549 F1000
G01 X2.698534 Y-18.621252 Z0.039216 F1000
G01 X2.765157 Y-18.621252 Z0.039216 F1000
G01 X2.831779 Y-18.621252 Z0 F1000
G01 X3.231512 Y-18.621252 Z0 F1000
G01 X3.298135 Y-18.621252 Z0.039216 F1000
G01 X3.431379 Y-18.621252 Z0.039216 F1000
G01 X3.498001 Y-18.621252 Z0.117647 F1000
G01 X3.564624 Y-18.621252 Z9.843137 F1000
G01 X3.631246 Y-18.621252 Z10 F1000
G01 X56.862425 Y-18.621252 Z10 F1000
G01 X56.929047 Y-18.621252 Z9.960784 F1000
G01 X56.99567 Y-18.621252 Z9.921569 F1000
G01 X57.661892 Y-18.621252 Z9.921569 F1000
G01 X57.728514 Y-18.621252 Z9.960784 F1000
G01 X57.795137 Y-18.621252 Z10 F1000
G01 X96.236176 Y-18.621252 Z10 F1000
G01 X96.302798 Y-18.621252 Z9.843137 F1000
G01 X96.36942 Y-18.621252 Z0.156863 F1000
G01 X96.436043 Y-18.621252 Z0 F1000
G01 X97.035643 Y-18.621252 Z0 F1000
G01 X97.102265 Y-18.621252 Z0.039216 F1000
G01 X97.168887 Y-18.621252 Z0.039216 F1000
G01 X97.23551 Y-18.621252 Z9.372549 F1000
G01 X97.302132 Y-18.621252 Z9.921569 F1000
G01 X97.368754 Y-18.621252 Z9.960784 F1000
G01 X97.435376 Y-18.621252 Z9.960784 F1000
G01 X97.501999 Y-18.621252 Z10 F1000
G01 X99.500666 Y-18.621252 Z10 F1000
G01 X99.500666 Y-18.687875 Z10 F1000
G01 X99.500666 Y-18.754497 Z10 F1000
G01 X99.500666 Y-18.821119 Z10 F1000
G01 X99.500666 Y-18.887742 Z10 F1000
G01 X99.500666 Y-18.954364 Z10 F1000
G01 X99.500666 Y-19.020986 Z10 F1000
G01 X99.500666 Y-19.087608 Z10 F1000
G01 X99.500666 Y-19.154231 Z10 F1000
G01 X97.501999 Y-19.154231 Z10 F1000
G01 X97.435376 Y-19.154231 Z9.960784 F1000
G01 X97.368754 Y-19.154231 Z9.960784 F1000
G01 X97.302132 Y-19.154231 Z9.921569 F1000
G01 X97.23551 Y-19.154231 Z9.372549 F1000
G01 X97.168887 Y-19.154231 Z0.039216 F1000
G01 X97.102265 Y-19.154231 Z0.039216 F1000
G01 X97.035643 Y-19.154231 Z0 F1000
G01 X96.436043 Y-19.154231 Z0 F1000
G01 X96.36942 Y-19.154231 Z0.156863 F1000
G01 X96.302798 Y-19.154231 Z9.843137 F1000
G01 X96.236176 Y-19.154231 Z10 F1000
G01 X3.631246 Y-19.154231 Z10 F1000
G01 X3.564624 Y-19.154231 Z9.843137 F1000
G01 X3.498001 Y-19.154231 Z0.117647 F1000
G01 X3.431379 Y-19.154231 Z0.039216 F1000
G01 X3.298135 Y-19.154231 Z0.039216 F1000
G01 X3.231512 Y-19.154231 Z0 F1000
G01 X2.831779 Y-19.154231 Z0 F1000
G01 X2.765157 Y-19.154231 Z0.039216 F1000
G01 X2.698534 Y-19.154231 Z0.039216 F1000
G01 X2.631912 Y-19.154231 Z9.372549 F1000
G01 X2.56529 Y-19.154231 Z9.921569 F1000
G01 X2.498668 Y-19.154231 Z9.960784 F1000
G01 X2.432045 Y-19.154231 Z9.960784 F1000
G01 X2.365423 Y-19.154231 Z10 F1000
G01 X0.433378 Y-19.154231 Z10 F1000
G01 X0.433378 Y-19.220853 Z10 F1000
G01 X0.433378 Y-19.287475 Z10 F1000
G01 X0.433378 Y-19.354097 Z10 F1000
G01 X0.433378 Y-19.42072 Z10 F1000
G01 X0.433378 Y-19.487342 Z10 F1000
G01 X0.433378 Y-19.553964 Z10 F1000
G01 X0.433378 Y-19.620586 Z10 F1000
G01 X0.433378 Y-19.687209 Z10 F1000
G01 X2.365423 Y-19.687209 Z10 F1000
G01 X2.432045 Y-19.687209 Z9.960784 F1000
G01 X2.498668 Y-19.687209 Z9.960784 F1000
G01 X2.56529 Y-19.687209 Z9.921569 F1000
G01 X2.631912 Y-19.687209 Z9.372549 F1000
G01 X2.698534 Y-19.687209 Z0.039216 F1000
G01 X2.765157 Y-19.687209 Z0.039216 F1000
G01 X2.831779 Y-19.687209 Z0 F1000
G01 X3.231512 Y-19.687209 Z0 F1000
G01 X3.298135 Y-19.687209 Z0.039216 F1000
G01 X3.431379 Y-19.687209 Z0.039216 F1000
G01 X3.498001 Y-19.687209 Z0.117647 F1000
G01 X3.564624 Y-19.687209 Z9.843137 F1000
G01 X3.631246 Y-19.687209 Z10 F1000
G01 X96.236176 Y-19.687209 Z10 F1000
G01 X96.302798 Y-19.687209 Z9.843137 F1000
G01 X96.36942 Y-19.687209 Z0.156863 F1000
G01 X96.436043 Y-19.687209 Z0 F1000
G01 X97.035643 Y-19.687209 Z0 F1000
G01 X97.102265 Y-19.687209 Z0.039216 F1000
G01 X97.168887 Y-19.687209 Z0.039216 F1000
G01 X97.23551 Y-19.687209 Z9.372549 F1000
G01 X97.302132 Y-19.687209 Z9.921569 F1000
G01 X97.368754 Y-19.687209 Z9.960784 F1000
G01 X97.435376 Y-19.687209 Z9.960784 F1000
G01 X97.501999 Y-19.687209 Z10 F1000
G01 X99.500666 Y-19.687209 Z10 F1000
G01 X99.500666 Y-19.753831 Z10 F1000
G01 X99.500666 Y-19.820453 Z10 F1000
G01 X99.500666 Y-19.887075 Z10 F1000
G01 X99.500666 Y-19.953698 Z10 F1000
G01 X99.500666 Y-20.02032 Z10 F1000
G01 X99.500666 Y-20.086942 Z10 F1000
G01 X99.500666 Y-20.153564 Z10 F1000
G01 X99.500666 Y-20.220187 Z10 F1000
G01 X97.501999 Y-20.220187 Z10 F1000
G01 X97.435376 Y-20.220187 Z9.960784 F1000
G01 X97.368754 Y-20.220187 Z9.960784 F1000
G01 X97.302132 Y-20.220187 Z9.921569 F1000
G01 X97.23551 Y-20.220187 Z9.372549 F1000
G01 X97.168887 Y-20.220187 Z0.039216 F1000
G01 X97.102265 Y-20.220187 Z0.039216 F1000
G01 X97.035643 Y-20.220187 Z0 F1000
G01 X96.436043 Y-20.220187 Z0 F1000
G01 X96.36942 Y-20.220187 Z0.156863 F1000
G01 X96.302798 Y-20.220187 Z9.843137 F1000
G01 X96.236176 Y-20.220187 Z10 F1000
G01 X3.631246 Y-20.220187 Z10 F1000
G01 X3.564624 Y-20.220187 Z9.843137 F1000
G01 X3.498001 Y-20.220187 Z0.117647 F1000
G01 X3.431379 Y-20.220187 Z0.039216 F1000
G01 X3.298135 Y-20.220187 Z0.039216 F1000
G01 X3.231512 Y-20.220187 Z0 F1000
G01 X2.831779 Y-20.220187 Z0 F1000
G01 X2.765157 Y-20.220187 Z0.039216 F1000
G01 X2.698534 Y-20.220187 Z0.039216 F1000
G01 X2.631912 Y-20.220187 Z9.372549 F1000
G01 X2.56529 Y-20.220187 Z9.921569 F1000
G01 X2.498668 Y-20.220187 Z9.960784 F1000
G01 X2.432045 Y-20.220187 Z9.960784 F1000
G01 X2.365423 Y-20.220187 Z10 F1000
G01 X0.433378 Y-20.220187 Z10 F1000
G01 X0.433378 Y-20.286809 Z10 F1000
G01 X0.433378 Y-20.353431 Z10 F1000
G01 X0.433378 Y-20.420053 Z10 F1000
G01 X0.433378 Y-20.486676 Z10 F1000
G01 X0.433378 Y-20.553298 Z10 F1000
G01 X0.433378 Y-20.61992 Z10 F1000
G01 X0.433378 Y-20.686542 Z10 F1000
G01 X0.433378 Y-20.753165 Z10 F1000
G01 X2.365423 Y-20.753165 Z10 F1000
G01 X2.432045 Y-20.753165 Z9.960784 F1000
G01 X2.498668 Y-20.753165 Z9.960784 F1000
G01 X2.56529 Y-20.753165 Z9.921569 F1000
G01 X2.631912 Y-20.753165 Z9.372549 F1000
G01 X2.698534 Y-20.753165 Z0.039216 F1000
G01 X2.765157 Y-20.753165 Z0.039216 F1000
G01 X2.831779 Y-20.753165 Z0 F1000
G01 X3.231512 Y-20.753165 Z0 F1000
G01 X3.298135 Y-20.753165 Z0.039216 F1000
G01 X3.431379 Y-20.753165 Z0.039216 F1000
G01 X3.498001 Y-20.753165 Z0.117647 F1000
G01 X3.564624 Y-20.753165 Z9.843137 F1000
G01 X3.631246 Y-20.753165 Z10 F1000
G01 X96.236176 Y-20.753165 Z10 F1000
G01 X96.302798 Y-20.753165 Z9.843137 F1000
G01 X96.36942 Y-20.753165 Z0.156863 F1000
G01 X96.436043 Y-20.753165 Z0 F1000
G01 X97.035643 Y-20.753165 Z0 F1000
G01 X97.102265 Y-20.753165 Z0.039216 F1000
G01 X97.168887 Y-20.753165 Z0.039216 F1000
G01 X97.23551 Y-20.753165 Z9.372549 F1000
G01 X97.302132 Y-20.753165 Z9.921569 F1000
G01 X97.368754 Y-20.753165 Z9.960784 F1000
G01 X97.435376 Y-20.753165 Z9.960784 F1000
G01 X97.501999 Y-20.753165 Z10 F1000
G01 X99.500666 Y-20.753165 Z10 F1000
G01 X99.500666 Y-20.819787 Z10 F1000
G01 X99.500666 Y-20.886409 Z10 F1000
G01 X99.500666 Y-20.953031 Z10 F1000
G01 X99.500666 Y-21.019654 Z10 F1000
G01 X99.500666 Y-21.086276 Z10 F1000
G01 X99.500666 Y-21.152898 Z10 F1000
G01 X99.500666 Y-21.21952 Z10 F1000
G01 X99.500666 Y-21.286143 Z10 F1000
G01 X97.501999 Y-21.286143 Z10 F1000
G01 X97.435376 Y-21.286143 Z9.960784 F1000
G01 X97.368754 Y-21.286143 Z9.960784 F1000
G01 X97.302132 Y-21.286143 Z9.921569 F1000
G01 X97.23551 Y-21.286143 Z9.372549 F1000
G01 X97.168887 Y-21.286143 Z0.039216 F1000
G01 X97.102265 Y-21.286143 Z0.039216 F1000
G01 X97.035643 Y-21.286143 Z0 F1000
G01 X96.436043 Y-21.286143 Z0 F1000
G01 X96.36942 Y-21.286143 Z0.156863 F1000
G01 X96.302798 Y-21.286143 Z9.843137 F1000
G01 X96.236176 Y-21.286143 Z10 F1000
G01 X58.661226 Y-21.286143 Z10 F1000
G01 X58.594604 Y-21.286143 Z9.960784 F1000
G01 X58.527981 Y-21.286143 Z9.921569 F1000
G01 X56.99567 Y-21.286143 Z9.921569 F1000
G01 X56.929047 Y-21.286143 Z9.960784 F1000
G01 X56.595936 Y-21.286143 Z9.960784 F1000
G01 X56.529314 Y-21.286143 Z10 F1000
G01 X3.631246 Y-21.286143 Z10 F1000
G01 X3.564624 Y-21.286143 Z9.843137 F1000
G01 X3.498001 Y-21.286143 Z0.117647 F1000
G01 X3.431379 Y-21.286143 Z0.039216 F1000
G01 X3.298135 Y-21.286143 Z0.039216 F1000
G01 X3.231512 Y-21.286143 Z0 F1000
G01 X2.831779 Y-21.286143 Z0 F1000
G01 X2.765157 Y-21.286143 Z0.039216 F1000
G01 X2.698534 Y-21.286143 Z0.039216 F1000
G01 X2.631912 Y-21.286143 Z9.372549 F1000
G01 X2.56529 Y-21.286143 Z9.921569 F1000
G01 X2.498668 Y-21.286143 Z9.960784 F1000
G01 X2.432045 Y-21.286143 Z9.960784 F1000
G01 X2.365423 Y-21.286143 Z10 F1000
G01 X0.433378 Y-21.286143 Z10 F1000
G01 X0.433378 Y-21.352765 Z10 F1000
G01 X0.433378 Y-21.419387 Z10 F1000
G01 X0.433378 Y-21.486009 Z10 F1000
G01 X0.433378 Y-21.552632 Z10 F1000
G01 X0.433378 Y-21.619254 Z10 F1000
G01 X0.433378 Y-21.685876 Z10 F1000
G01 X0.433378 Y-21.752498 Z10 F1000
G01 X0.433378 Y-21.819121 Z10 F1000
G01 X2.365423 Y-21.819121 Z10 F1000
G01 X2.432045 Y-21.819121 Z9.960784 F1000
G01 X2.498668 Y-21.819121 Z9.960784 F1000
G01 X2.56529 Y-21.819121 Z9.921569 F1000
G01 X2.631912 Y-21.819121 Z9.372549 F1000
G01 X2.698534 Y-21.819121 Z0.039216 F1000
G01 X2.765157 Y-21.819121 Z0.039216 F1000
G01 X2.831779 Y-21.819121 Z0 F1000
G01 X3.231512 Y-21.819121 Z0 F1000
G01 X3.298135 Y-21.819121 Z0.039216 F1000
G01 X3.431379 Y-21.819121 Z0.039216 F1000
G01 X3.498001 Y-21.819121 Z0.117647 F1000
G01 X3.564624 Y-21.819121 Z9.843137 F1000
G01 X3.631246 Y-21.819121 Z10 F1000
G01 X54.93038 Y-21.819121 Z10 F1000
G01 X54.997002 Y-21.819121 Z9.960784 F1000
G01 X55.063624 Y-21.819121 Z9.921569 F1000
G01 X58.594604 Y-21.819121 Z9.921569 F1000
G01 X58.661226 Y-21.819121 Z9.960784 F1000
G01 X58.727848 Y-21.819121 Z9.960784 F1000
G01 X58.79447 Y-21.819121 Z10 F1000
G01 X96.236176 Y-21.819121 Z10 F1000
G01 X96.302798 Y-21.819121 Z9.843137 F1000
G01 X96.36942 Y-21.819121 Z0.156863 F1000
G01 X96.436043 Y-21.819121 Z0.078431 F1000
G01 X96.569287 Y-21.819121 Z0.078431 F1000
G01 X96.635909 Y-21.819121 Z0.117647 F1000
G01 X97.168887 Y-21.819121 Z0.117647 F1000
G01 X97.23551 Y-21.819121 Z9.372549 F1000
G01 X97.302132 Y-21.819121 Z9.921569 F1000
G01 X97.368754 Y-21.819121 Z9.960784 F1000
G01 X97.435376 Y-21.819121 Z9.960784 F1000
G01 X97.501999 Y-21.819121 Z10 F1000
G01 X99.500666 Y-21.819121 Z10 F1000
G01 X99.500666 Y-21.885743 Z10 F1000
G01 X99.500666 Y-21.952365 Z10 F1000
G01 X99.500666 Y-22.018987 Z10 F1000
G01 X99.500666 Y-22.08561 Z10 F1000
G01 X99.500666 Y-22.152232 Z10 F1000
G01 X99.500666 Y-22.218854 Z10 F1000
G01 X99.500666 Y-22.285476 Z10 F1000
G01 X99.500666 Y-22.352099 Z10 F1000
G01 X97.368754 Y-22.352099 Z10 F1000
G01 X97.302132 Y-22.352099 Z9.921569 F1000
G01 X97.23551 Y-22.352099 Z9.411765 F1000
G01 X97.168887 Y-22.352099 Z1.137255 F1000
G01 X96.36942 Y-22.352099 Z1.137255 F1000
G01 X96.302798 Y-22.352099 Z9.843137 F1000
G01 X96.236176 Y-22.352099 Z10 F1000
G01 X58.994337 Y-22.352099 Z10 F1000
G01 X58.927715 Y-22.352099 Z9.960784 F1000
G01 X58.861093 Y-22.352099 Z9.921569 F1000
G01 X55.863091 Y-22.352099 Z9.921569 F1000
G01 X55.796469 Y-22.352099 Z9.960784 F1000
G01 X55.729847 Y-22.352099 Z9.960784 F1000
G01 X55.663225 Y-22.352099 Z10 F1000
G01 X3.631246 Y-22.352099 Z10 F1000
G01 X3.564624 Y-22.352099 Z9.843137 F1000
G01 X3.498001 Y-22.352099 Z0.117647 F1000
G01 X3.431379 Y-22.352099 Z0.039216 F1000
G01 X3.298135 Y-22.352099 Z0.039216 F1000
G01 X3.231512 Y-22.352099 Z0 F1000
G01 X2.831779 Y-22.352099 Z0 F1000
G01 X2.765157 Y-22.352099 Z0.039216 F1000
G01 X2.698534 Y-22.352099 Z0.039216 F1000
G01 X2.631912 Y-22.352099 Z9.372549 F1000
G01 X2.56529 Y-22.352099 Z9.921569 F1000
G01 X2.498668 Y-22.352099 Z9.960784 F1000
G01 X2.432045 Y-22.352099 Z9.960784 F1000
G01 X2.365423 Y-22.352099 Z10 F1000
G01 X0.433378 Y-22.352099 Z10 F1000
G01 X0.433378 Y-22.418721 Z10 F1000
G01 X0.433378 Y-22.485343 Z10 F1000
G01 X0.433378 Y-22.551965 Z10 F1000
G01 X0.433378 Y-22.618588 Z10 F1000
G01 X0.433378 Y-22.68521 Z10 F1000
G01 X0.433378 Y-22.751832 Z10 F1000
G01 X0.433378 Y-22.818454 Z10 F1000
G01 X0.433378 Y-22.885077 Z10 F1000
G01 X2.365423 Y-22.885077 Z10 F1000
G01 X2.432045 Y-22.885077 Z9.960784 F1000
G01 X2.498668 Y-22.885077 Z9.960784 F1000
G01 X2.56529 Y-22.885077 Z9.921569 F1000
G01 X2.631912 Y-22.885077 Z9.372549 F1000
G01 X2.698534 Y-22.885077 Z0.039216 F1000
G01 X2.765157 Y-22.885077 Z0.039216 F1000
G01 X2.831779 Y-22.885077 Z0 F1000
G01 X3.231512 Y-22.885077 Z0 F1000
G01 X3.298135 Y-22.885077 Z0.039216 F1000
G01 X3.431379 Y-22.885077 Z0.039216 F1000
G01 X3.498001 Y-22.885077 Z0.117647 F1000
G01 X3.564624 Y-22.885077 Z9.843137 F1000
G01 X3.631246 Y-22.885077 Z10 F1000
G01 X56.396069 Y-22.885077 Z10 F1000
G01 X56.462692 Y-22.885077 Z9.960784 F1000
G01 X56.529314 Y-22.885077 Z9.960784 F1000
G01 X56.595936 Y-22.885077 Z9.921569 F1000
G01 X58.727848 Y-22.885077 Z9.921569 F1000
G01 X58.79447 Y-22.885077 Z9.960784 F1000
G01 X59.060959 Y-22.885077 Z9.960784 F1000
G01 X59.127582 Y-22.885077 Z10 F1000
G01 X96.236176 Y-22.885077 Z10 F1000
G01 X96.302798 Y-22.885077 Z9.843137 F1000
G01 X96.36942 Y-22.885077 Z1.137255 F1000
G01 X97.168887 Y-22.885077 Z1.137255 F1000
G01 X97.23551 Y-22.885077 Z9.411765 F1000
G01 X97.302132 Y-22.885077 Z9.921569 F1000
G01 X97.368754 Y-22.885077 Z10 F1000
G01 X99.500666 Y-22.885077 Z10 F1000
G01 X99.500666 Y-22.951699 Z10 F1000
G01 X99.500666 Y-23.018321 Z10 F1000
G01 X99.500666 Y-23.084943 Z10 F1000
G01 X99.500666 Y-23.151566 Z10 F1000
G01 X99.500666 Y-23.218188 Z10 F1000
G01 X99.500666 Y-23.28481 Z10 F1000
G01 X99.500666 Y-23.351432 Z10 F1000
G01 X99.500666 Y-23.418055 Z10 F1000
G01 X97.501999 Y-23.418055 Z10 F1000
G01 X97.435376 Y-23.418055 Z9.960784 F1000
G01 X97.368754 Y-23.418055 Z9.960784 F1000
G01 X97.302132 Y-23.418055 Z9.921569 F1000
G01 X97.23551 Y-23.418055 Z9.372549 F1000
G01 X97.168887 Y-23.418055 Z1.019608 F1000
G01 X96.36942 Y-23.418055 Z1.019608 F1000
G01 X96.302798 Y-23.418055 Z9.843137 F1000
G01 X96.236176 Y-23.418055 Z10 F1000
G01 X59.327448 Y-23.418055 Z10 F1000
G01 X59.260826 Y-23.418055 Z9.960784 F1000
G01 X58.79447 Y-23.418055 Z9.960784 F1000
G01 X58.727848 Y-23.418055 Z9.921569 F1000
G01 X56.595936 Y-23.418055 Z9.921569 F1000
G01 X56.529314 Y-23.418055 Z9.960784 F1000
G01 X56.462692 Y-23.418055 Z9.960784 F1000
G01 X56.396069 Y-23.418055 Z10 F1000
G01 X3.631246 Y-23.418055 Z10 F1000
G01 X3.564624 Y-23.418055 Z9.843137 F1000
G01 X3.498001 Y-23.418055 Z0.117647 F1000
G01 X3.431379 Y-23.418055 Z0.039216 F1000
G01 X3.298135 Y-23.418055 Z0.039216 F1000
G01 X3.231512 Y-23.418055 Z0 F1000
G01 X2.831779 Y-23.418055 Z0 F1000
G01 X2.765157 Y-23.418055 Z0.039216 F1000
G01 X2.698534 Y-23.418055 Z0.039216 F1000
G01 X2.631912 Y-23.418055 Z9.372549 F1000
G01 X2.56529 Y-23.418055 Z9.921569 F1000
G01 X2.498668 Y-23.418055 Z9.960784 F1000
G01 X2.432045 Y-23.418055 Z9.960784 F1000
G01 X2.365423 Y-23.418055 Z10 F1000
G01 X0.433378 Y-23.418055 Z10 F1000
G01 X0.433378 Y-23.484677 Z10 F1000
G01 X0.433378 Y-23.551299 Z10 F1000
G01 X0.433378 Y-23.617921 Z10 F1000
G01 X0.433378 Y-23.684544 Z10 F1000
G01 X0.433378 Y-23.751166 Z10 F1000
G01 X0.433378 Y-23.817788 Z10 F1000
G01 X0.433378 Y-23.88441 Z10 F1000
G01 X0.433378 Y-23.951033 Z10 F1000
G01 X2.365423 Y-23.951033 Z10 F1000
G01 X2.432045 Y-23.951033 Z9.960784 F1000
G01 X2.498668 Y-23.951033 Z9.960784 F1000
G01 X2.56529 Y-23.951033 Z9.921569 F1000
G01 X2.631912 Y-23.951033 Z9.372549 F1000
G01 X2.698534 Y-23.951033 Z0.078431 F1000
G01 X2.765157 Y-23.951033 Z0.039216 F1000
G01 X3.031646 Y-23.951033 Z0.039216 F1000
G01 X3.098268 Y-23.951033 Z0 F1000
G01 X3.231512 Y-23.951033 Z0 F1000
G01 X3.298135 Y-23.951033 Z0.039216 F1000
G01 X3.431379 Y-23.951033 Z0.039216 F1000
G01 X3.498001 Y-23.951033 Z0.117647 F1000
G01 X3.564624 Y-23.951033 Z9.843137 F1000
G01 X3.631246 Y-23.951033 Z10 F1000
G01 X56.196203 Y-23.951033 Z10 F1000
G01 X56.262825 Y-23.951033 Z9.960784 F1000
G01 X56.396069 Y-23.951033 Z9.960784 F1000
G01 X56.462692 Y-23.951033 Z9.921569 F1000
G01 X57.062292 Y-23.951033 Z9.921569 F1000
G01 X57.128914 Y-23.951033 Z9.960784 F1000
G01 X57.195536 Y-23.951033 Z10 F1000
G01 X58.394737 Y-23.951033 Z10 F1000
G01 X58.461359 Y-23.951033 Z9.960784 F1000
G01 X58.527981 Y-23.951033 Z9.921569 F1000
G01 X59.260826 Y-23.951033 Z9.921569 F1000
G01 X59.327448 Y-23.951033 Z9.960784 F1000
G01 X59.394071 Y-23.951033 Z9.960784 F1000
G01 X59.460693 Y-23.951033 Z10 F1000
G01 X96.236176 Y-23.951033 Z10 F1000
G01 X96.302798 Y-23.951033 Z9.843137 F1000
G01 X96.36942 Y-23.951033 Z1.019608 F1000
G01 X97.168887 Y-23.951033 Z1.019608 F1000
G01 X97.23551 Y-23.951033 Z9.372549 F1000
G01 X97.302132 Y-23.951033 Z9.921569 F1000
G01 X97.368754 Y-23.951033 Z9.960784 F1000
G01 X97.435376 Y-23.951033 Z9.960784 F1000
G01 X97.501999 Y-23.951033 Z10 F1000
G01 X99.500666 Y-23.951033 Z10 F1000
G01 X99.500666 Y-24.017655 Z10 F1000
G01 X99.500666 Y-24.084277 Z10 F1000
G01 X99.500666 Y-24.150899 Z10 F1000
G01 X99.500666 Y-24.217522 Z10 F1000
G01 X99.500666 Y-24.284144 Z10 F1000
G01 X99.500666 Y-24.350766 Z10 F1000
G01 X99.500666 Y-24.417388 Z10 F1000
G01 X99.500666 Y-24.484011 Z10 F1000
G01 X97.501999 Y-24.484011 Z10 F1000
G01 X97.435376 Y-24.484011 Z9.960784 F1000
G01 X97.368754 Y-24.484011 Z9.960784 F1000
G01 X97.302132 Y-24.484011 Z9.921569 F1000
G01 X97.23551 Y-24.484011 Z9.372549 F1000
G01 X97.168887 Y-24.484011 Z1.019608 F1000
G01 X96.36942 Y-24.484011 Z1.019608 F1000
G01 X96.302798 Y-24.484011 Z9.843137 F1000
G01 X96.236176 Y-24.484011 Z10 F1000
G01 X59.66056 Y-24.484011 Z10 F1000
G01 X59.593937 Y-24.484011 Z9.960784 F1000
G01 X59.527315 Y-24.484011 Z9.960784 F1000
G01 X59.460693 Y-24.484011 Z9.921569 F1000
G01 X59.394071 Y-24.484011 Z9.960784 F1000
G01 X59.327448 Y-24.484011 Z9.960784 F1000
G01 X59.260826 Y-24.484011 Z10 F1000
G01 X56.929047 Y-24.484011 Z10 F1000
G01 X56.862425 Y-24.484011 Z9.960784 F1000
G01 X56.662558 Y-24.484011 Z9.960784 F1000
G01 X56.595936 Y-24.484011 Z9.921569 F1000
G01 X56.062958 Y-24.484011 Z9.921569 F1000
G01 X55.996336 Y-24.484011 Z9.960784 F1000
G01 X55.929714 Y-24.484011 Z9.960784 F1000
G01 X55.863091 Y-24.484011 Z10 F1000
G01 X3.631246 Y-24.484011 Z10 F1000
G01 X3.564624 Y-24.484011 Z9.843137 F1000
G01 X3.498001 Y-24.484011 Z0.392157 F1000
G01 X3.431379 Y-24.484011 Z0.588235 F1000
G01 X3.364757 Y-24.484011 Z0.784314 F1000
G01 X3.298135 Y-24.484011 Z0.941176 F1000
G01 X3.231512 Y-24.484011 Z1.058824 F1000
G01 X3.16489 Y-24.484011 Z1.176471 F1000
G01 X2.698534 Y-24.484011 Z1.176471 F1000
G01 X2.631912 Y-24.484011 Z9.333333 F1000
G01 X2.56529 Y-24.484011 Z9.960784 F1000
G01 X2.498668 Y-24.484011 Z10 F1000
G01 X0.433378 Y-24.484011 Z10 F1000
G01 X0.433378 Y-24.550633 Z10 F1000
G01 X0.433378 Y-24.617255 Z10 F1000
G01 X0.433378 Y-24.683877 Z10 F1000
G01 X0.433378 Y-24.7505 Z10 F1000
G01 X0.433378 Y-24.817122 Z10 F1000
G01 X0.433378 Y-24.883744 Z10 F1000
G01 X0.433378 Y-24.950366 Z10 F1000
G01 X0.433378 Y-25.016989 Z10 F1000
G01 X2.498668 Y-25.016989 Z10 F1000
G01 X2.56529 Y-25.016989 Z9.960784 F1000
G01 X2.631912 Y-25.016989 Z9.372549 F1000
G01 X2.698534 Y-25.016989 Z1.176471 F1000
G01 X3.16489 Y-25.016989 Z1.176471 F1000
G01 X3.231512 Y-25.016989 Z1.058824 F1000
G01 X3.298135 Y-25.016989 Z1.019608 F1000
G01 X3.498001 Y-25.016989 Z1.019608 F1000
G01 X3.564624 Y-25.016989 Z9.843137 F1000
G01 X3.631246 Y-25.016989 Z10 F1000
G01 X55.52998 Y-25.016989 Z10 F1000
G01 X55.596602 Y-25.016989 Z9.960784 F1000
G01 X55.663225 Y-25.016989 Z9.960784 F1000
G01 X55.729847 Y-25.016989 Z9.921569 F1000
G01 X56.462692 Y-25.016989 Z9.921569 F1000
G01 X56.529314 Y-25.016989 Z10 F1000
G01 X96.236176 Y-25.016989 Z10 F1000
G01 X96.302798 Y-25.016989 Z9.843137 F1000
G01 X96.36942 Y-25.016989 Z1.019608 F1000
G01 X97.168887 Y-25.016989 Z1.019608 F1000
G01 X97.23551 Y-25.016989 Z9.372549 F1000
G01 X97.302132 Y-25.016989 Z9.921569 F1000
G01 X97.368754 Y-25.016989 Z9.960784 F1000
G01 X97.435376 Y-25.016989 Z9.960784 F1000
G01 X97.501999 Y-25.016989 Z10 F1000
G01 X99.500666 Y-25.016989 Z10 F1000
G01 X99.500666 Y-25.083611 Z10 F1000
G01 X99.500666 Y-25.150233 Z10 F1000
G01 X99.500666 Y-25.216855 Z10 F1000
G01 X99.500666 Y-25.283478 Z10 F1000
G01 X99.500666 Y-25.3501 Z10 F1000
G01 X99.500666 Y-25.416722 Z10 F1000
G01 X99.500666 Y-25.483344 Z10 F1000
G01 X99.500666 Y-25.549967 Z10 F1000
G01 X97.501999 Y-25.549967 Z10 F1000
G01 X97.435376 Y-25.549967 Z9.960784 F1000
G01 X97.368754 Y-25.549967 Z9.960784 F1000
G01 X97.302132 Y-25.549967 Z9.921569 F1000
G01 X97.23551 Y-25.549967 Z9.372549 F1000
G01 X97.168887 Y-25.549967 Z1.019608 F1000
G01 X96.36942 Y-25.549967 Z1.019608 F1000
G01 X96.302798 Y-25.549967 Z9.882353 F1000
G01 X96.236176 Y-25.549967 Z10 F1000
G01 X70.453364 Y-25.549967 Z10 F1000
G01 X70.386742 Y-25.549967 Z9.960784 F1000
G01 X70.32012 Y-25.549967 Z10 F1000
G01 X56.329447 Y-25.549967 Z10 F1000
G01 X56.262825 Y-25.549967 Z9.960784 F1000
G01 X56.196203 Y-25.549967 Z9.960784 F1000
G01 X56.12958 Y-25.549967 Z9.921569 F1000
G01 X55.396736 Y-25.549967 Z9.921569 F1000
G01 X55.330113 Y-25.549967 Z9.960784 F1000
G01 X55.263491 Y-25.549967 Z10 F1000
G01 X36.542638 Y-25.549967 Z10 F1000
G01 X36.476016 Y-25.549967 Z9.960784 F1000
G01 X36.342771 Y-25.549967 Z9.960784 F1000
G01 X36.276149 Y-25.549967 Z10 F1000
G01 X3.564624 Y-25.549967 Z10 F1000
G01 X3.498001 Y-25.549967 Z1.058824 F1000
G01 X3.16489 Y-25.549967 Z1.058824 F1000
G01 X3.098268 Y-25.549967 Z1.098039 F1000
G01 X2.698534 Y-25.549967 Z1.098039 F1000
G01 X2.631912 Y-25.549967 Z9.411765 F1000
G01 X2.56529 Y-25.549967 Z9.960784 F1000
G01 X2.498668 Y-25.549967 Z9.960784 F1000
G01 X2.432045 Y-25.549967 Z10 F1000
G01 X0.433378 Y-25.549967 Z10 F1000
G01 X0.433378 Y-25.616589 Z10 F1000
G01 X0.433378 Y-25.683211 Z10 F1000
G01 X0.433378 Y-25.749833 Z10 F1000
G01 X0.433378 Y-25.816456 Z10 F1000
G01 X0.433378 Y-25.883078 Z10 F1000
G01 X0.433378 Y-25.9497 Z10 F1000
G01 X0.433378 Y-26.016322 Z10 F1000
G01 X0.433378 Y-26.082945 Z10 F1000
G01 X2.432045 Y-26.082945 Z10 F1000
G01 X2.498668 Y-26.082945 Z9.960784 F1000
G01 X2.56529 Y-26.082945 Z9.960784 F1000
G01 X2.631912 Y-26.082945 Z9.411765 F1000
G01 X2.698534 Y-26.082945 Z1.098039 F1000
G01 X3.098268 Y-26.082945 Z1.098039 F1000
G01 X3.16489 Y-26.082945 Z1.058824 F1000
G01 X3.498001 Y-26.082945 Z1.058824 F1000
G01 X3.564624 Y-26.082945 Z10 F1000
G01 X18.354763 Y-26.082945 Z10 F1000
G01 X18.421386 Y-26.082945 Z9.960784 F1000
G01 X18.488008 Y-26.082945 Z10 F1000
G01 X21.552632 Y-26.082945 Z10 F1000
G01 X21.619254 Y-26.082945 Z9.960784 F1000
G01 X21.685876 Y-26.082945 Z10 F1000
G01 X54.997002 Y-26.082945 Z10 F1000
G01 X55.063624 Y-26.082945 Z9.960784 F1000
G01 X55.196869 Y-26.082945 Z9.960784 F1000
G01 X55.263491 Y-26.082945 Z9.921569 F1000
G01 X55.52998 Y-26.082945 Z9.921569 F1000
G01 X55.596602 Y-26.082945 Z9.960784 F1000
G01 X56.062958 Y-26.082945 Z9.960784 F1000
G01 X56.12958 Y-26.082945 Z10 F1000
G01 X64.12425 Y-26.082945 Z10 F1000
G01 X64.190873 Y-26.082945 Z9.960784 F1000
G01 X64.257495 Y-26.082945 Z10 F1000
G01 X96.236176 Y-26.082945 Z10 F1000
G01 X96.302798 Y-26.082945 Z9.882353 F1000
G01 X96.36942 Y-26.082945 Z1.019608 F1000
G01 X97.168887 Y-26.082945 Z1.019608 F1000
G01 X97.23551 Y-26.082945 Z9.372549 F1000
G01 X97.302132 Y-26.082945 Z9.960784 F1000
G01 X97.368754 Y-26.082945 Z9.960784 F1000
G01 X97.435376 Y-26.082945 Z10 F1000
G01 X99.500666 Y-26.082945 Z10 F1000
G01 X99.500666 Y-26.149567 Z10 F1000
G01 X99.500666 Y-26.216189 Z10 F1000
G01 X99.500666 Y-26.282811 Z10 F1000
G01 X99.500666 Y-26.349434 Z10 F1000
G01 X99.500666 Y-26.416056 Z10 F1000
G01 X99.500666 Y-26.482678 Z10 F1000
G01 X99.500666 Y-26.5493 Z10 F1000
G01 X99.500666 Y-26.615923 Z10 F1000
G01 X97.435376 Y-26.615923 Z10 F1000
G01 X97.368754 Y-26.615923 Z9.960784 F1000
G01 X97.302132 Y-26.615923 Z9.960784 F1000
G01 X97.23551 Y-26.615923 Z9.372549 F1000
G01 X97.168887 Y-26.615923 Z1.019608 F1000
G01 X96.36942 Y-26.615923 Z1.019608 F1000
G01 X96.302798 Y-26.615923 Z9.843137 F1000
G01 X96.236176 Y-26.615923 Z10 F1000
G01 X64.257495 Y-26.615923 Z10 F1000
G01 X64.190873 Y-26.615923 Z9.960784 F1000
G01 X64.12425 Y-26.615923 Z10 F1000
G01 X55.663225 Y-26.615923 Z10 F1000
G01 X55.596602 Y-26.615923 Z9.960784 F1000
G01 X55.463358 Y-26.615923 Z9.960784 F1000
G01 X55.396736 Y-26.615923 Z9.921569 F1000
G01 X54.863757 Y-26.615923 Z9.921569 F1000
G01 X54.797135 Y-26.615923 Z9.960784 F1000
G01 X54.663891 Y-26.615923 Z9.960784 F1000
G01 X54.597268 Y-26.615923 Z10 F1000
G01 X21.685876 Y-26.615923 Z10 F1000
G01 X21.619254 Y-26.615923 Z9.960784 F1000
G01 X21.552632 Y-26.615923 Z10 F1000
G01 X18.488008 Y-26.615923 Z10 F1000
G01 X18.421386 Y-26.615923 Z9.960784 F1000
G01 X18.354763 Y-26.615923 Z10 F1000
G01 X3.564624 Y-26.615923 Z10 F1000
G01 X3.498001 Y-26.615923 Z1.058824 F1000
G01 X3.298135 Y-26.615923 Z1.058824 F1000
G01 X3.231512 Y-26.615923 Z1.215686 F1000
G01 X2.698534 Y-26.615923 Z1.215686 F1000
G01 X2.631912 Y-26.615923 Z9.411765 F1000
G01 X2.56529 Y-26.615923 Z9.960784 F1000
G01 X2.498668 Y-26.615923 Z9.960784 F1000
G01 X2.432045 Y-26.615923 Z10 F1000
G01 X0.433378 Y-26.615923 Z10 F1000
G01 X0.433378 Y-26.682545 Z10 F1000
G01 X0.433378 Y-26.749167 Z10 F1000
G01 X0.433378 Y-26.815789 Z10 F1000
G01 X0.433378 Y-26.882412 Z10 F1000
G01 X0.433378 Y-26.949034 Z10 F1000
G01 X0.433378 Y-27.015656 Z10 F1000
G01 X0.433378 Y-27.082278 Z10 F1000
G01 X0.433378 Y-27.148901 Z10 F1000
G01 X2.56529 Y-27.148901 Z10 F1000
G01 X2.631912 Y-27.148901 Z9.411765 F1000
G01 X2.698534 Y-27.148901 Z1.215686 F1000
G01 X3.231512 Y-27.148901 Z1.215686 F1000
G01 X3.298135 Y-27.148901 Z1.058824 F1000
G01 X3.498001 Y-27.148901 Z1.058824 F1000
G01 X3.564624 Y-27.148901 Z10 F1000
G01 X6.096269 Y-27.148901 Z10 F1000
G01 X6.162891 Y-27.148901 Z9.960784 F1000
G01 X6.229514 Y-27.148901 Z10 F1000
G01 X18.354763 Y-27.148901 Z10 F1000
G01 X18.421386 Y-27.148901 Z9.960784 F1000
G01 X18.488008 Y-27.148901 Z10 F1000
G01 X21.552632 Y-27.148901 Z10 F1000
G01 X21.619254 Y-27.148901 Z9.960784 F1000
G01 X21.685876 Y-27.148901 Z10 F1000
G01 X54.197535 Y-27.148901 Z10 F1000
G01 X54.264157 Y-27.148901 Z9.960784 F1000
G01 X54.330779 Y-27.148901 Z9.921569 F1000
G01 X55.263491 Y-27.148901 Z9.921569 F1000
G01 X55.330113 Y-27.148901 Z9.960784 F1000
G01 X55.396736 Y-27.148901 Z9.960784 F1000
G01 X55.463358 Y-27.148901 Z10 F1000
G01 X64.12425 Y-27.148901 Z10 F1000
G01 X64.190873 Y-27.148901 Z9.960784 F1000
G01 X64.257495 Y-27.148901 Z10 F1000
G01 X80.913058 Y-27.148901 Z10 F1000
G01 X80.97968 Y-27.148901 Z9.960784 F1000
G01 X81.046302 Y-27.148901 Z10 F1000
G01 X92.971686 Y-27.148901 Z10 F1000
G01 X93.038308 Y-27.148901 Z9.960784 F1000
G01 X93.171552 Y-27.148901 Z9.960784 F1000
G01 X93.238175 Y-27.148901 Z10 F1000
G01 X96.236176 Y-27.148901 Z10 F1000
G01 X96.302798 Y-27.148901 Z9.843137 F1000
G01 X96.36942 Y-27.148901 Z1.019608 F1000
G01 X96.769154 Y-27.148901 Z1.019608 F1000
G01 X96.835776 Y-27.148901 Z1.058824 F1000
G01 X97.168887 Y-27.148901 Z1.058824 F1000
G01 X97.23551 Y-27.148901 Z9.372549 F1000
G01 X97.302132 Y-27.148901 Z10 F1000
G01 X99.500666 Y-27.148901 Z10 F1000
G01 X99.500666 Y-27.215523 Z10 F1000
G01 X99.500666 Y-27.282145 Z10 F1000
G01 X99.500666 Y-27.348767 Z10 F1000
G01 X99.500666 Y-27.41539 Z10 F1000
G01 X99.500666 Y-27.482012 Z10 F1000
G01 X99.500666 Y-27.548634 Z10 F1000
G01 X99.500666 Y-27.615256 Z10 F1000
G01 X99.500666 Y-27.681879 Z10 F1000
G01 X97.302132 Y-27.681879 Z10 F1000
G01 X97.23551 Y-27.681879 Z9.294118 F1000
G01 X97.168887 Y-27.681879 Z1.058824 F1000
G01 X96.702532 Y-27.681879 Z1.058824 F1000
G01 X96.635909 Y-27.681879 Z1.019608 F1000
G01 X96.36942 Y-27.681879 Z1.019608 F1000
G01 X96.302798 Y-27.681879 Z9.843137 F1000
G01 X96.236176 Y-27.681879 Z10 F1000
G01 X93.238175 Y-27.681879 Z10 F1000
G01 X93.171552 Y-27.681879 Z9.960784 F1000
G01 X93.038308 Y-27.681879 Z9.960784 F1000
G01 X92.971686 Y-27.681879 Z10 F1000
G01 X84.777149 Y-27.681879 Z10 F1000
G01 X84.710526 Y-27.681879 Z9.960784 F1000
G01 X84.643904 Y-27.681879 Z10 F1000
G01 X81.046302 Y-27.681879 Z10 F1000
G01 X80.97968 Y-27.681879 Z9.960784 F1000
G01 X80.913058 Y-27.681879 Z10 F1000
G01 X64.257495 Y-27.681879 Z10 F1000
G01 X64.190873 Y-27.681879 Z9.960784 F1000
G01 X64.12425 Y-27.681879 Z10 F1000
G01 X55.463358 Y-27.681879 Z10 F1000
G01 X55.396736 Y-27.681879 Z9.960784 F1000
G01 X55.330113 Y-27.681879 Z9.960784 F1000
G01 X55.263491 Y-27.681879 Z9.921569 F1000
G01 X54.330779 Y-27.681879 Z9.921569 F1000
G01 X54.264157 Y-27.681879 Z9.960784 F1000
G01 X54.130913 Y-27.681879 Z9.960784 F1000
G01 X54.06429 Y-27.681879 Z10 F1000
G01 X21.685876 Y-27.681879 Z10 F1000
G01 X21.619254 Y-27.681879 Z9.960784 F1000
G01 X21.552632 Y-27.681879 Z10 F1000
G01 X18.488008 Y-27.681879 Z10 F1000
G01 X18.421386 Y-27.681879 Z9.960784 F1000
G01 X18.354763 Y-27.681879 Z10 F1000
G01 X6.229514 Y-27.681879 Z10 F1000
G01 X6.162891 Y-27.681879 Z9.960784 F1000
G01 X6.096269 Y-27.681879 Z10 F1000
G01 X3.564624 Y-27.681879 Z10 F1000
G01 X3.498001 Y-27.681879 Z1.098039 F1000
G01 X2.698534 Y-27.681879 Z1.098039 F1000
G01 X2.631912 Y-27.681879 Z9.411765 F1000
G01 X2.56529 Y-27.681879 Z10 F1000
G01 X0.433378 Y-27.681879 Z10 F1000
G01 X0.433378 Y-27.748501 Z10 F1000
G01 X0.433378 Y-27.815123 Z10 F1000
G01 X0.433378 Y-27.881746 Z10 F1000
G01 X0.433378 Y-27.948368 Z10 F1000
G01 X0.433378 Y-28.01499 Z10 F1000
G01 X0.433378 Y-28.081612 Z10 F1000
G01 X0.433378 Y-28.148235 Z10 F1000
G01 X0.433378 Y-28.214857 Z10 F1000
G01 X2.498668 Y-28.214857 Z10 F1000
G01 X2.56529 Y-28.214857 Z9.921569 F1000
G01 X2.631912 Y-28.214857 Z9.411765 F1000
G01 X2.698534 Y-28.214857 Z1.098039 F1000
G01 X3.498001 Y-28.214857 Z1.098039 F1000
G01 X3.564624 Y-28.214857 Z10 F1000
G01 X6.096269 Y-28.214857 Z10 F1000
G01 X6.162891 Y-28.214857 Z9.960784 F1000
G01 X6.229514 Y-28.214857 Z10 F1000
G01 X18.354763 Y-28.214857 Z10 F1000
G01 X18.421386 Y-28.214857 Z9.960784 F1000
G01 X18.488008 Y-28.214857 Z10 F1000
G01 X21.552632 Y-28.214857 Z10 F1000
G01 X21.619254 Y-28.214857 Z9.960784 F1000
G01 X21.685876 Y-28.214857 Z10 F1000
G01 X53.597935 Y-28.214857 Z10 F1000
G01 X53.664557 Y-28.214857 Z9.960784 F1000
G01 X53.731179 Y-28.214857 Z9.960784 F1000
G01 X53.797801 Y-28.214857 Z9.921569 F1000
G01 X59.927049 Y-28.214857 Z9.921569 F1000
G01 X59.993671 Y-28.214857 Z9.960784 F1000
G01 X60.060293 Y-28.214857 Z9.960784 F1000
G01 X60.126915 Y-28.214857 Z10 F1000
G01 X64.12425 Y-28.214857 Z10 F1000
G01 X64.190873 Y-28.214857 Z9.960784 F1000
G01 X64.257495 Y-28.214857 Z10 F1000
G01 X80.913058 Y-28.214857 Z10 F1000
G01 X80.97968 Y-28.214857 Z9.960784 F1000
G01 X81.046302 Y-28.214857 Z10 F1000
G01 X92.971686 Y-28.214857 Z10 F1000
G01 X93.038308 Y-28.214857 Z9.960784 F1000
G01 X93.171552 Y-28.214857 Z9.960784 F1000
G01 X93.238175 Y-28.214857 Z10 F1000
G01 X96.236176 Y-28.214857 Z10 F1000
G01 X96.302798 Y-28.214857 Z9.843137 F1000
G01 X96.36942 Y-28.214857 Z1.019608 F1000
G01 X96.635909 Y-28.214857 Z1.019608 F1000
G01 X96.702532 Y-28.214857 Z1.058824 F1000
G01 X97.168887 Y-28.214857 Z1.058824 F1000
G01 X97.23551 Y-28.214857 Z9.333333 F1000
G01 X97.302132 Y-28.214857 Z10 F1000
G01 X99.500666 Y-28.214857 Z10 F1000
G01 X99.500666 Y-28.281479 Z10 F1000
G01 X99.500666 Y-28.348101 Z10 F1000
G01 X99.500666 Y-28.414724 Z10 F1000
G01 X99.500666 Y-28.481346 Z10 F1000
G01 X99.500666 Y-28.547968 Z10 F1000
G01 X99.500666 Y-28.61459 Z10 F1000
G01 X99.500666 Y-28.681213 Z10 F1000
G01 X99.500666 Y-28.747835 Z10 F1000
G01 X97.368754 Y-28.747835 Z10 F1000
G01 X97.302132 Y-28.747835 Z9.960784 F1000
G01 X97.23551 Y-28.747835 Z9.372549 F1000
G01 X97.168887 Y-28.747835 Z1.019608 F1000
G01 X96.36942 Y-28.747835 Z1.019608 F1000
G01 X96.302798 Y-28.747835 Z9.843137 F1000
G01 X96.236176 Y-28.747835 Z10 F1000
G01 X93.238175 Y-28.747835 Z10 F1000
G01 X93.171552 Y-28.747835 Z9.960784 F1000
G01 X93.038308 Y-28.747835 Z9.960784 F1000
G01 X92.971686 Y-28.747835 Z10 F1000
G01 X86.909061 Y-28.747835 Z10 F1000
G01 X86.842438 Y-28.747835 Z9.960784 F1000
G01 X86.775816 Y-28.747835 Z10 F1000
G01 X81.046302 Y-28.747835 Z10 F1000
G01 X80.97968 Y-28.747835 Z9.960784 F1000
G01 X80.913058 Y-28.747835 Z10 F1000
G01 X64.257495 Y-28.747835 Z10 F1000
G01 X64.190873 Y-28.747835 Z9.960784 F1000
G01 X64.12425 Y-28.747835 Z10 F1000
G01 X60.393404 Y-28.747835 Z10 F1000
G01 X60.326782 Y-28.747835 Z9.960784 F1000
G01 X60.26016 Y-28.747835 Z9.921569 F1000
G01 X53.664557 Y-28.747835 Z9.921569 F1000
G01 X53.597935 Y-28.747835 Z9.960784 F1000
G01 X53.531312 Y-28.747835 Z10 F1000
G01 X21.685876 Y-28.747835 Z10 F1000
G01 X21.619254 Y-28.747835 Z9.960784 F1000
G01 X21.552632 Y-28.747835 Z10 F1000
G01 X18.488008 Y-28.747835 Z10 F1000
G01 X18.421386 Y-28.747835 Z9.960784 F1000
G01 X18.354763 Y-28.747835 Z10 F1000
G01 X6.229514 Y-28.747835 Z10 F1000
G01 X6.162891 Y-28.747835 Z9.960784 F1000
G01 X6.096269 Y-28.747835 Z10 F1000
G01 X3.564624 Y-28.747835 Z10 F1000
G01 X3.498001 Y-28.747835 Z1.098039 F1000
G01 X2.698534 Y-28.747835 Z1.098039 F1000
G01 X2.631912 Y-28.747835 Z9.372549 F1000
G01 X2.56529 Y-28.747835 Z9.960784 F1000
G01 X2.498668 Y-28.747835 Z10 F1000
G01 X0.433378 Y-28.747835 Z10 F1000
G01 X0.433378 Y-28.814457 Z10 F1000
G01 X0.433378 Y-28.881079 Z10 F1000
G01 X0.433378 Y-28.947702 Z10 F1000
G01 X0.433378 Y-29.014324 Z10 F1000
G01 X0.433378 Y-29.080946 Z10 F1000
G01 X0.433378 Y-29.147568 Z10 F1000
G01 X0.433378 Y-29.214191 Z10 F1000
G01 X0.433378 Y-29.280813 Z10 F1000
G01 X2.498668 Y-29.280813 Z10 F1000
G01 X2.56529 Y-29.280813 Z9.960784 F1000
G01 X2.631912 Y-29.280813 Z9.333333 F1000
G01 X2.698534 Y-29.280813 Z1.098039 F1000
G01 X3.498001 Y-29.280813 Z1.098039 F1000
G01 X3.564624 Y-29.280813 Z10 F1000
G01 X6.096269 Y-29.280813 Z10 F1000
G01 X6.162891 Y-29.280813 Z9.960784 F1000
G01 X6.229514 Y-29.280813 Z10 F1000
G01 X18.354763 Y-29.280813 Z10 F1000
G01 X18.421386 Y-29.280813 Z9.960784 F1000
G01 X18.488008 Y-29.280813 Z10 F1000
G01 X21.552632 Y-29.280813 Z10 F1000
G01 X21.619254 Y-29.280813 Z9.960784 F1000
G01 X21.685876 Y-29.280813 Z10 F1000
G01 X41.805796 Y-29.280813 Z10 F1000
G01 X41.872418 Y-29.280813 Z9.960784 F1000
G01 X41.939041 Y-29.280813 Z10 F1000
G01 X58.527981 Y-29.280813 Z10 F1000
G01 X58.594604 Y-29.280813 Z9.960784 F1000
G01 X58.661226 Y-29.280813 Z9.960784 F1000
G01 X58.727848 Y-29.280813 Z9.921569 F1000
G01 X59.993671 Y-29.280813 Z9.921569 F1000
G01 X60.060293 Y-29.280813 Z9.960784 F1000
G01 X60.326782 Y-29.280813 Z9.960784 F1000
G01 X60.393404 Y-29.280813 Z10 F1000
G01 X64.190873 Y-29.280813 Z10 F1000
G01 X64.257495 Y-29.280813 Z9.960784 F1000
G01 X64.324117 Y-29.280813 Z10 F1000
G01 X80.913058 Y-29.280813 Z10 F1000
G01 X80.97968 Y-29.280813 Z9.960784 F1000
G01 X81.046302 Y-29.280813 Z10 F1000
G01 X92.971686 Y-29.280813 Z10 F1000
G01 X93.038308 Y-29.280813 Z9.960784 F1000
G01 X93.171552 Y-29.280813 Z9.960784 F1000
G01 X93.238175 Y-29.280813 Z10 F1000
G01 X96.236176 Y-29.280813 Z10 F1000
G01 X96.302798 Y-29.280813 Z9.843137 F1000
G01 X96.36942 Y-29.280813 Z1.019608 F1000
G01 X97.168887 Y-29.280813 Z1.019608 F1000
G01 X97.23551 Y-29.280813 Z9.372549 F1000
G01 X97.302132 Y-29.280813 Z9.921569 F1000
G01 X97.368754 Y-29.280813 Z9.960784 F1000
G01 X97.435376 Y-29.280813 Z9.960784 F1000
G01 X97.501999 Y-29.280813 Z10 F1000
G01 X99.500666 Y-29.280813 Z10 F1000
G01 X99.500666 Y-29.347435 Z10 F1000
G01 X99.500666 Y-29.414057 Z10 F1000
G01 X99.500666 Y-29.48068 Z10 F1000
G01 X99.500666 Y-29.547302 Z10 F1000
G01 X99.500666 Y-29.613924 Z10 F1000
G01 X99.500666 Y-29.680546 Z10 F1000
G01 X99.500666 Y-29.747169 Z10 F1000
G01 X99.500666 Y-29.813791 Z10 F1000
G01 X97.501999 Y-29.813791 Z10 F1000
G01 X97.435376 Y-29.813791 Z9.960784 F1000
G01 X97.368754 Y-29.813791 Z9.960784 F1000
G01 X97.302132 Y-29.813791 Z9.921569 F1000
G01 X97.23551 Y-29.813791 Z9.372549 F1000
G01 X97.168887 Y-29.813791 Z1.098039 F1000
G01 X96.902398 Y-29.813791 Z1.098039 F1000
G01 X96.835776 Y-29.813791 Z1.019608 F1000
G01 X96.36942 Y-29.813791 Z1.019608 F1000
G01 X96.302798 Y-29.813791 Z9.843137 F1000
G01 X96.236176 Y-29.813791 Z10 F1000
G01 X93.238175 Y-29.813791 Z10 F1000
G01 X93.171552 Y-29.813791 Z9.960784 F1000
G01 X93.038308 Y-29.813791 Z9.960784 F1000
G01 X92.971686 Y-29.813791 Z10 F1000
G01 X81.046302 Y-29.813791 Z10 F1000
G01 X80.97968 Y-29.813791 Z9.960784 F1000
G01 X80.913058 Y-29.813791 Z10 F1000
G01 X59.860426 Y-29.813791 Z10 F1000
G01 X59.793804 Y-29.813791 Z9.960784 F1000
G01 X59.727182 Y-29.813791 Z9.921569 F1000
G01 X58.727848 Y-29.813791 Z9.921569 F1000
G01 X58.661226 Y-29.813791 Z9.960784 F1000
G01 X58.594604 Y-29.813791 Z9.960784 F1000
G01 X58.527981 Y-29.813791 Z10 F1000
G01 X21.685876 Y-29.813791 Z10 F1000
G01 X21.619254 Y-29.813791 Z9.960784 F1000
G01 X21.552632 Y-29.813791 Z10 F1000
G01 X18.488008 Y-29.813791 Z10 F1000
G01 X18.421386 Y-29.813791 Z9.960784 F1000
G01 X18.354763 Y-29.813791 Z10 F1000
G01 X6.229514 Y-29.813791 Z10 F1000
G01 X6.162891 Y-29.813791 Z9.960784 F1000
G01 X6.096269 Y-29.813791 Z10 F1000
G01 X3.564624 Y-29.813791 Z10 F1000
G01 X3.498001 Y-29.813791 Z1.137255 F1000
G01 X2.698534 Y-29.813791 Z1.137255 F1000
G01 X2.631912 Y-29.813791 Z9.333333 F1000
G01 X2.56529 Y-29.813791 Z9.960784 F1000
G01 X2.498668 Y-29.813791 Z10 F1000
G01 X0.433378 Y-29.813791 Z10 F1000
G01 X0.433378 Y-29.880413 Z10 F1000
G01 X0.433378 Y-29.947035 Z10 F1000
G01 X0.433378 Y-30.013658 Z10 F1000
G01 X0.433378 Y-30.08028 Z10 F1000
G01 X0.433378 Y-30.146902 Z10 F1000
G01 X0.433378 Y-30.213524 Z10 F1000
G01 X0.433378 Y-30.280147 Z10 F1000
G01 X0.433378 Y-30.346769 Z10 F1000
G01 X2.498668 Y-30.346769 Z10 F1000
G01 X2.56529 Y-30.346769 Z9.960784 F1000
G01 X2.631912 Y-30.346769 Z9.411765 F1000
G01 X2.698534 Y-30.346769 Z1.137255 F1000
G01 X3.498001 Y-30.346769 Z1.137255 F1000
G01 X3.564624 Y-30.346769 Z10 F1000
G01 X58.461359 Y-30.346769 Z10 F1000
G01 X58.527981 Y-30.346769 Z9.960784 F1000
G01 X58.594604 Y-30.346769 Z9.921569 F1000
G01 X59.460693 Y-30.346769 Z9.921569 F1000
G01 X59.527315 Y-30.346769 Z9.960784 F1000
G01 X59.593937 Y-30.346769 Z10 F1000
G01 X80.913058 Y-30.346769 Z10 F1000
G01 X80.97968 Y-30.346769 Z9.960784 F1000
G01 X81.046302 Y-30.346769 Z10 F1000
G01 X96.236176 Y-30.346769 Z10 F1000
G01 X96.302798 Y-30.346769 Z9.843137 F1000
G01 X96.36942 Y-30.346769 Z1.176471 F1000
G01 X97.168887 Y-30.346769 Z1.176471 F1000
G01 X97.23551 Y-30.346769 Z9.372549 F1000
G01 X97.302132 Y-30.346769 Z9.921569 F1000
G01 X97.368754 Y-30.346769 Z9.960784 F1000
G01 X97.435376 Y-30.346769 Z9.960784 F1000
G01 X97.501999 Y-30.346769 Z10 F1000
G01 X99.500666 Y-30.346769 Z10 F1000
G01 X99.500666 Y-30.413391 Z10 F1000
G01 X99.500666 Y-30.480013 Z10 F1000
G01 X99.500666 Y-30.546636 Z10 F1000
G01 X99.500666 Y-30.613258 Z10 F1000
G01 X99.500666 Y-30.67988 Z10 F1000
G01 X99.500666 Y-30.746502 Z10 F1000
G01 X99.500666 Y-30.813125 Z10 F1000
G01 X99.500666 Y-30.879747 Z10 F1000
G01 X97.501999 Y-30.879747 Z10 F1000
G01 X97.435376 Y-30.879747 Z9.960784 F1000
G01 X97.368754 Y-30.879747 Z9.960784 F1000
G01 X97.302132 Y-30.879747 Z9.921569 F1000
G01 X97.23551 Y-30.879747 Z9.372549 F1000
G01 X97.168887 Y-30.879747 Z1.176471 F1000
G01 X96.36942 Y-30.879747 Z1.176471 F1000
G01 X96.302798 Y-30.879747 Z9.843137 F1000
G01 X96.236176 Y-30.879747 Z10 F1000
G01 X81.046302 Y-30.879747 Z10 F1000
G01 X80.97968 Y-30.879747 Z9.960784 F1000
G01 X80.913058 Y-30.879747 Z10 F1000
G01 X59.194204 Y-30.879747 Z10 F1000
G01 X59.127582 Y-30.879747 Z9.921569 F1000
G01 X58.461359 Y-30.879747 Z9.921569 F1000
G01 X58.394737 Y-30.879747 Z9.960784 F1000
G01 X58.328115 Y-30.879747 Z9.960784 F1000
G01 X58.261492 Y-30.879747 Z10 F1000
G01 X3.564624 Y-30.879747 Z10 F1000
G01 X3.498001 Y-30.879747 Z1.137255 F1000
G01 X2.898401 Y-30.879747 Z1.137255 F1000
G01 X2.831779 Y-30.879747 Z1.019608 F1000
G01 X2.765157 Y-30.879747 Z0.666667 F1000
G01 X2.698534 Y-30.879747 Z0.352941 F1000
G01 X2.631912 Y-30.879747 Z9.411765 F1000
G01 X2.56529 Y-30.879747 Z9.921569 F1000
G01 X2.498668 Y-30.879747 Z10 F1000
G01 X0.433378 Y-30.879747 Z10 F1000
G01 X0.433378 Y-30.946369 Z10 F1000
G01 X0.433378 Y-31.012991 Z10 F1000
G01 X0.433378 Y-31.079614 Z10 F1000
G01 X0.433378 Y-31.146236 Z10 F1000
G01 X0.433378 Y-31.212858 Z10 F1000
G01 X0.433378 Y-31.27948 Z10 F1000
G01 X0.433378 Y-31.346103 Z10 F1000
G01 X0.433378 Y-31.412725 Z10 F1000
G01 X2.365423 Y-31.412725 Z10 F1000
G01 X2.432045 Y-31.412725 Z9.960784 F1000
G01 X2.498668 Y-31.412725 Z9.960784 F1000
G01 X2.56529 Y-31.412725 Z9.921569 F1000
G01 X2.631912 Y-31.412725 Z9.372549 F1000
G01 X2.698534 Y-31.412725 Z0.039216 F1000
G01 X2.765157 Y-31.412725 Z0.039216 F1000
G01 X2.831779 Y-31.412725 Z0 F1000
G01 X3.231512 Y-31.412725 Z0 F1000
G01 X3.298135 Y-31.412725 Z0.039216 F1000
G01 X3.431379 Y-31.412725 Z0.039216 F1000
G01 X3.498001 Y-31.412725 Z0.117647 F1000
G01 X3.564624 Y-31.412725 Z9.843137 F1000
G01 X3.631246 Y-31.412725 Z10 F1000
G01 X57.861759 Y-31.412725 Z10 F1000
G01 X57.928381 Y-31.412725 Z9.960784 F1000
G01 X57.995003 Y-31.412725 Z9.960784 F1000
G01 X58.061626 Y-31.412725 Z9.921569 F1000
G01 X58.727848 Y-31.412725 Z9.921569 F1000
G01 X58.79447 Y-31.412725 Z9.960784 F1000
G01 X58.861093 Y-31.412725 Z9.960784 F1000
G01 X58.927715 Y-31.412725 Z10 F1000
G01 X80.913058 Y-31.412725 Z10 F1000
G01 X80.97968 Y-31.412725 Z9.960784 F1000
G01 X81.046302 Y-31.412725 Z10 F1000
G01 X96.236176 Y-31.412725 Z10 F1000
G01 X96.302798 Y-31.412725 Z9.843137 F1000
G01 X96.36942 Y-31.412725 Z0.156863 F1000
G01 X96.436043 Y-31.412725 Z0 F1000
G01 X97.035643 Y-31.412725 Z0 F1000
G01 X97.102265 Y-31.412725 Z0.039216 F1000
G01 X97.168887 Y-31.412725 Z0.039216 F1000
G01 X97.23551 Y-31.412725 Z9.372549 F1000
G01 X97.302132 Y-31.412725 Z9.921569 F1000
G01 X97.368754 Y-31.412725 Z9.960784 F1000
G01 X97.435376 Y-31.412725 Z9.960784 F1000
G01 X97.501999 Y-31.412725 Z10 F1000
G01 X99.500666 Y-31.412725 Z10 F1000
G01 X99.500666 Y-31.479347 Z10 F1000
G01 X99.500666 Y-31.545969 Z10 F1000
G01 X99.500666 Y-31.612592 Z10 F1000
G01 X99.500666 Y-31.679214 Z10 F1000
G01 X99.500666 Y-31.745836 Z10 F1000
G01 X99.500666 Y-31.812458 Z10 F1000
G01 X99.500666 Y-31.879081 Z10 F1000
G01 X99.500666 Y-31.945703 Z10 F1000
G01 X97.501999 Y-31.945703 Z10 F1000
G01 X97.435376 Y-31.945703 Z9.960784 F1000
G01 X97.368754 Y-31.945703 Z9.960784 F1000
G01 X97.302132 Y-31.945703 Z9.921569 F1000
G01 X97.23551 Y-31.945703 Z9.372549 F1000
G01 X97.168887 Y-31.945703 Z0.039216 F1000
G01 X97.102265 Y-31.945703 Z0.039216 F1000
G01 X97.035643 Y-31.945703 Z0 F1000
G01 X96.436043 Y-31.945703 Z0 F1000
G01 X96.36942 Y-31.945703 Z0.156863 F1000
G01 X96.302798 Y-31.945703 Z9.843137 F1000
G01 X96.236176 Y-31.945703 Z10 F1000
G01 X58.79447 Y-31.945703 Z10 F1000
G01 X58.727848 Y-31.945703 Z9.960784 F1000
G01 X58.527981 Y-31.945703 Z9.960784 F1000
G01 X58.461359 Y-31.945703 Z9.921569 F1000
G01 X57.795137 Y-31.945703 Z9.921569 F1000
G01 X57.728514 Y-31.945703 Z9.960784 F1000
G01 X57.661892 Y-31.945703 Z9.960784 F1000
G01 X57.59527 Y-31.945703 Z10 F1000
G01 X3.631246 Y-31.945703 Z10 F1000
G01 X3.564624 Y-31.945703 Z9.843137 F1000
G01 X3.498001 Y-31.945703 Z0.117647 F1000
G01 X3.431379 Y-31.945703 Z0.039216 F1000
G01 X3.298135 Y-31.945703 Z0.039216 F1000
G01 X3.231512 Y-31.945703 Z0 F1000
G01 X2.831779 Y-31.945703 Z0 F1000
G01 X2.765157 Y-31.945703 Z0.039216 F1000
G01 X2.698534 Y-31.945703 Z0.039216 F1000
G01 X2.631912 Y-31.945703 Z9.372549 F1000
G01 X2.56529 Y-31.945703 Z9.921569 F1000
G01 X2.498668 Y-31.945703 Z9.960784 F1000
G01 X2.432045 Y-31.945703 Z9.960784 F1000
G01 X2.365423 Y-31.945703 Z10 F1000
G01 X0.433378 Y-31.945703 Z10 F1000
G01 X0.433378 Y-32.012325 Z10 F1000
G01 X0.433378 Y-32.078947 Z10 F1000
G01 X0.433378 Y-32.14557 Z10 F1000
G01 X0.433378 Y-32.212192 Z10 F1000
G01 X0.433378 Y-32.278814 Z10 F1000
G01 X0.433378 Y-32.345436 Z10 F1000
G01 X0.433378 Y-32.412059 Z10 F1000
G01 X0.433378 Y-32.478681 Z10 F1000
G01 X2.365423 Y-32.478681 Z10 F1000
G01 X2.432045 Y-32.478681 Z9.960784 F1000
G01 X2.498668 Y-32.478681 Z9.960784 F1000
G01 X2.56529 Y-32.478681 Z9.921569 F1000
G01 X2.631912 Y-32.478681 Z9.372549 F1000
G01 X2.698534 Y-32.478681 Z0.039216 F1000
G01 X2.765157 Y-32.478681 Z0.039216 F1000
G01 X2.831779 Y-32.478681 Z0 F1000
G01 X3.231512 Y-32.478681 Z0 F1000
G01 X3.298135 Y-32.478681 Z0.039216 F1000
G01 X3.431379 Y-32.478681 Z0.039216 F1000
G01 X3.498001 Y-32.478681 Z0.117647 F1000
G01 X3.564624 Y-32.478681 Z9.843137 F1000
G01 X3.631246 Y-32.478681 Z10 F1000
G01 X57.195536 Y-32.478681 Z10 F1000
G01 X57.262159 Y-32.478681 Z9.960784 F1000
G01 X57.462025 Y-32.478681 Z9.960784 F1000
G01 X57.528648 Y-32.478681 Z9.921569 F1000
G01 X58.128248 Y-32.478681 Z9.921569 F1000
G01 X58.19487 Y-32.478681 Z9.960784 F1000
G01 X58.261492 Y-32.478681 Z10 F1000
G01 X96.236176 Y-32.478681 Z10 F1000
G01 X96.302798 Y-32.478681 Z9.843137 F1000
G01 X96.36942 Y-32.478681 Z0.156863 F1000
G01 X96.436043 Y-32.478681 Z0 F1000
G01 X97.035643 Y-32.478681 Z0 F1000
G01 X97.102265 Y-32.478681 Z0.039216 F1000
G01 X97.168887 Y-32.478681 Z0.039216 F1000
G01 X97.23551 Y-32.478681 Z9.372549 F1000
G01 X97.302132 Y-32.478681 Z9.921569 F1000
G01 X97.368754 Y-32.478681 Z9.960784 F1000
G01 X97.435376 Y-32.478681 Z9.960784 F1000
G01 X97.501999 Y-32.478681 Z10 F1000
G01 X99.500666 Y-32.478681 Z10 F1000
G01 X99.500666 Y-32.545303 Z10 F1000
G01 X99.500666 Y-32.611925 Z10 F1000
G01 X99.500666 Y-32.678548 Z10 F1000
G01 X99.500666 Y-32.74517 Z10 F1000
G01 X99.500666 Y-32.811792 Z10 F1000
G01 X99.500666 Y-32.878414 Z10 F1000
G01 X99.500666 Y-32.945037 Z10 F1000
G01 X99.500666 Y-33.011659 Z10 F1000
G01 X97.501999 Y-33.011659 Z10 F1000
G01 X97.435376 Y-33.011659 Z9.960784 F1000
G01 X97.368754 Y-33.011659 Z9.960784 F1000
G01 X97.302132 Y-33.011659 Z9.921569 F1000
G01 X97.23551 Y-33.011659 Z9.372549 F1000
G01 X97.168887 Y-33.011659 Z0.039216 F1000
G01 X97.102265 Y-33.011659 Z0.039216 F1000
G01 X97.035643 Y-33.011659 Z0 F1000
G01 X96.436043 Y-33.011659 Z0 F1000
G01 X96.36942 Y-33.011659 Z0.156863 F1000
G01 X96.302798 Y-33.011659 Z9.843137 F1000
G01 X96.236176 Y-33.011659 Z10 F1000
G01 X57.995003 Y-33.011659 Z10 F1000
G01 X57.928381 Y-33.011659 Z9.960784 F1000
G01 X57.861759 Y-33.011659 Z9.921569 F1000
G01 X56.99567 Y-33.011659 Z9.921569 F1000
G01 X56.929047 Y-33.011659 Z9.960784 F1000
G01 X56.862425 Y-33.011659 Z10 F1000
G01 X3.631246 Y-33.011659 Z10 F1000
G01 X3.564624 Y-33.011659 Z9.843137 F1000
G01 X3.498001 Y-33.011659 Z0.117647 F1000
G01 X3.431379 Y-33.011659 Z0.039216 F1000
G01 X3.298135 Y-33.011659 Z0.039216 F1000
G01 X3.231512 Y-33.011659 Z0 F1000
G01 X2.831779 Y-33.011659 Z0 F1000
G01 X2.765157 Y-33.011659 Z0.039216 F1000
G01 X2.698534 Y-33.011659 Z0.039216 F1000
G01 X2.631912 Y-33.011659 Z9.372549 F1000
G01 X2.56529 Y-33.011659 Z9.921569 F1000
G01 X2.498668 Y-33.011659 Z9.960784 F1000
G01 X2.432045 Y-33.011659 Z9.960784 F1000
G01 X2.365423 Y-33.011659 Z10 F1000
G01 X0.433378 Y-33.011659 Z10 F1000
G01 X0.433378 Y-33.078281 Z10 F1000
G01 X0.433378 Y-33.144903 Z10 F1000
G01 X0.433378 Y-33.211526 Z10 F1000
G01 X0.433378 Y-33.278148 Z10 F1000
G01 X0.433378 Y-33.34477 Z10 F1000
G01 X0.433378 Y-33.411392 Z10 F1000
G01 X0.433378 Y-33.478015 Z10 F1000
G01 X0.433378 Y-33.544637 Z10 F1000
G01 X2.365423 Y-33.544637 Z10 F1000
G01 X2.432045 Y-33.544637 Z9.960784 F1000
G01 X2.498668 Y-33.544637 Z9.960784 F1000
G01 X2.56529 Y-33.544637 Z9.921569 F1000
G01 X2.631912 Y-33.544637 Z9.372549 F1000
G01 X2.698534 Y-33.544637 Z0.039216 F1000
G01 X2.765157 Y-33.544637 Z0.039216 F1000
G01 X2.831779 Y-33.544637 Z0 F1000
G01 X3.231512 Y-33.544637 Z0 F1000
G01 X3.298135 Y-33.544637 Z0.039216 F1000
G01 X3.431379 Y-33.544637 Z0.039216 F1000
G01 X3.498001 Y-33.544637 Z0.117647 F1000
G01 X3.564624 Y-33.544637 Z9.843137 F1000
G01 X3.631246 Y-33.544637 Z10 F1000
G01 X56.929047 Y-33.544637 Z10 F1000
G01 X56.99567 Y-33.544637 Z9.960784 F1000
G01 X57.195536 Y-33.544637 Z9.960784 F1000
G01 X57.262159 Y-33.544637 Z9.921569 F1000
G01 X57.395403 Y-33.544637 Z9.921569 F1000
G01 X57.462025 Y-33.544637 Z9.960784 F1000
G01 X57.661892 Y-33.544637 Z9.960784 F1000
G01 X57.728514 Y-33.544637 Z10 F1000
G01 X96.236176 Y-33.544637 Z10 F1000
G01 X96.302798 Y-33.544637 Z9.843137 F1000
G01 X96.36942 Y-33.544637 Z0.156863 F1000
G01 X96.436043 Y-33.544637 Z0 F1000
G01 X97.035643 Y-33.544637 Z0 F1000
G01 X97.102265 Y-33.544637 Z0.039216 F1000
G01 X97.168887 Y-33.544637 Z0.039216 F1000
G01 X97.23551 Y-33.544637 Z9.372549 F1000
G01 X97.302132 Y-33.544637 Z9.921569 F1000
G01 X97.368754 Y-33.544637 Z9.960784 F1000
G01 X97.435376 Y-33.544637 Z9.960784 F1000
G01 X97.501999 Y-33.544637 Z10 F1000
G01 X99.500666 Y-33.544637 Z10 F1000
G01 X99.500666 Y-33.611259 Z10 F1000
G01 X99.500666 Y-33.677881 Z10 F1000
G01 X99.500666 Y-33.744504 Z10 F1000
G01 X99.500666 Y-33.811126 Z10 F1000
G01 X99.500666 Y-33.877748 Z10 F1000
G01 X99.500666 Y-33.94437 Z10 F1000
G01 X99.500666 Y-34.010993 Z10 F1000
G01 X99.500666 Y-34.077615 Z10 F1000
G01 X97.501999 Y-34.077615 Z10 F1000
G01 X97.435376 Y-34.077615 Z9.960784 F1000
G01 X97.368754 Y-34.077615 Z9.960784 F1000
G01 X97.302132 Y-34.077615 Z9.921569 F1000
G01 X97.23551 Y-34.077615 Z9.372549 F1000
G01 X97.168887 Y-34.077615 Z0.039216 F1000
G01 X97.102265 Y-34.077615 Z0.039216 F1000
G01 X97.035643 Y-34.077615 Z0 F1000
G01 X96.436043 Y-34.077615 Z0 F1000
G01 X96.36942 Y-34.077615 Z0.156863 F1000
G01 X96.302798 Y-34.077615 Z9.843137 F1000
G01 X96.236176 Y-34.077615 Z10 F1000
G01 X3.631246 Y-34.077615 Z10 F1000
G01 X3.564624 Y-34.077615 Z9.843137 F1000
G01 X3.498001 Y-34.077615 Z0.117647 F1000
G01 X3.431379 Y-34.077615 Z0.039216 F1000
G01 X3.298135 Y-34.077615 Z0.039216 F1000
G01 X3.231512 Y-34.077615 Z0 F1000
G01 X2.831779 Y-34.077615 Z0 F1000
G01 X2.765157 Y-34.077615 Z0.039216 F1000
G01 X2.698534 Y-34.077615 Z0.039216 F1000
G01 X2.631912 Y-34.077615 Z9.372549 F1000
G01 X2.56529 Y-34.077615 Z9.921569 F1000
G01 X2.498668 Y-34.077615 Z9.960784 F1000
G01 X2.432045 Y-34.077615 Z9.960784 F1000
G01 X2.365423 Y-34.077615 Z10 F1000
G01 X0.433378 Y-34.077615 Z10 F1000
G01 X0.433378 Y-34.144237 Z10 F1000
G01 X0.433378 Y-34.210859 Z10 F1000
G01 X0.433378 Y-34.277482 Z10 F1000
G01 X0.433378 Y-34.344104 Z10 F1000
G01 X0.433378 Y-34.410726 Z10 F1000
G01 X0.433378 Y-34.477348 Z10 F1000
G01 X0.433378 Y-34.543971 Z10 F1000
G01 X0.433378 Y-34.610593 Z10 F1000
G01 X2.365423 Y-34.610593 Z10 F1000
G01 X2.432045 Y-34.610593 Z9.960784 F1000
G01 X2.498668 Y-34.610593 Z9.960784 F1000
G01 X2.56529 Y-34.610593 Z9.921569 F1000
G01 X2.631912 Y-34.610593 Z9.372549 F1000
G01 X2.698534 Y-34.610593 Z0.039216 F1000
G01 X2.765157 Y-34.610593 Z0.039216 F1000
G01 X2.831779 Y-34.610593 Z0 F1000
G01 X3.231512 Y-34.610593 Z0 F1000
G01 X3.298135 Y-34.610593 Z0.039216 F1000
G01 X3.431379 Y-34.610593 Z0.039216 F1000
G01 X3.498001 Y-34.610593 Z0.117647 F1000
G01 X3.564624 Y-34.610593 Z9.843137 F1000
G01 X3.631246 Y-34.610593 Z10 F1000
G01 X96.236176 Y-34.610593 Z10 F1000
G01 X96.302798 Y-34.610593 Z9.843137 F1000
G01 X96.36942 Y-34.610593 Z0.156863 F1000
G01 X96.436043 Y-34.610593 Z0 F1000
G01 X97.035643 Y-34.610593 Z0 F1000
G01 X97.102265 Y-34.610593 Z0.039216 F1000
G01 X97.168887 Y-34.610593 Z0.039216 F1000
G01 X97.23551 Y-34.610593 Z9.372549 F1000
G01 X97.302132 Y-34.610593 Z9.921569 F1000
G01 X97.368754 Y-34.610593 Z9.960784 F1000
G01 X97.435376 Y-34.610593 Z9.960784 F1000
G01 X97.501999 Y-34.610593 Z10 F1000
G01 X99.500666 Y-34.610593 Z10 F1000
G01 X99.500666 Y-34.677215 Z10 F1000
G01 X99.500666 Y-34.743837 Z10 F1000
G01 X99.500666 Y-34.81046 Z10 F1000
G01 X99.500666 Y-34.877082 Z10 F1000
G01 X99.500666 Y-34.943704 Z10 F1000
G01 X99.500666 Y-35.010326 Z10 F1000
G01 X99.500666 Y-35.076949 Z10 F1000
G01 X99.500666 Y-35.143571 Z10 F1000
G01 X97.501999 Y-35.143571 Z10 F1000
G01 X97.435376 Y-35.143571 Z9.960784 F1000
G01 X97.368754 Y-35.143571 Z9.960784 F1000
G01 X97.302132 Y-35.143571 Z9.921569 F1000
G01 X97.23551 Y-35.143571 Z9.372549 F1000
G01 X97.168887 Y-35.143571 Z0.039216 F1000
G01 X97.102265 Y-35.143571 Z0.039216 F1000
G01 X97.035643 Y-35.143571 Z0 F1000
G01 X96.436043 Y-35.143571 Z0 F1000
G01 X96.36942 Y-35.143571 Z0.156863 F1000
G01 X96.302798 Y-35.143571 Z9.843137 F1000
G01 X96.236176 Y-35.143571 Z10 F1000
G01 X3.631246 Y-35.143571 Z10 F1000
G01 X3.564624 Y-35.143571 Z9.843137 F1000
G01 X3.498001 Y-35.143571 Z0.117647 F1000
G01 X3.431379 Y-35.143571 Z0.039216 F1000
G01 X3.298135 Y-35.143571 Z0.039216 F1000
G01 X3.231512 Y-35.143571 Z0 F1000
G01 X2.831779 Y-35.143571 Z0 F1000
G01 X2.765157 Y-35.143571 Z0.039216 F1000
G01 X2.698534 Y-35.143571 Z0.039216 F1000
G01 X2.631912 Y-35.143571 Z9.372549 F1000
G01 X2.56529 Y-35.143571 Z9.921569 F1000
G01 X2.498668 Y-35.143571 Z9.960784 F1000
G01 X2.432045 Y-35.143571 Z9.960784 F1000
G01 X2.365423 Y-35.143571 Z10 F1000
G01 X0.433378 Y-35.143571 Z10 F1000
G01 X0.433378 Y-35.210193 Z10 F1000
G01 X0.433378 Y-35.276815 Z10 F1000
G01 X0.433378 Y-35.343438 Z10 F1000
G01 X0.433378 Y-35.41006 Z10 F1000
G01 X0.433378 Y-35.476682 Z10 F1000
G01 X0.433378 Y-35.543304 Z10 F1000
G01 X0.433378 Y-35.609927 Z10 F1000
G01 X0.433378 Y-35.676549 Z10 F1000
G01 X2.365423 Y-35.676549 Z10 F1000
G01 X2.432045 Y-35.676549 Z9.960784 F1000
G01 X2.498668 Y-35.676549 Z9.960784 F1000
G01 X2.56529 Y-35.676549 Z9.921569 F1000
G01 X2.631912 Y-35.676549 Z9.372549 F1000
G01 X2.698534 Y-35.676549 Z0.039216 F1000
G01 X2.765157 Y-35.676549 Z0.039216 F1000
G01 X2.831779 Y-35.676549 Z0 F1000
G01 X3.231512 Y-35.676549 Z0 F1000
G01 X3.298135 Y-35.676549 Z0.039216 F1000
G01 X3.431379 Y-35.676549 Z0.039216 F1000
G01 X3.498001 Y-35.676549 Z0.117647 F1000
G01 X3.564624 Y-35.676549 Z9.843137 F1000
G01 X3.631246 Y-35.676549 Z10 F1000
G01 X57.59527 Y-35.676549 Z10 F1000
G01 X57.661892 Y-35.676549 Z9.960784 F1000
G01 X57.995003 Y-35.676549 Z9.960784 F1000
G01 X58.061626 Y-35.676549 Z9.921569 F1000
G01 X58.19487 Y-35.676549 Z9.921569 F1000
G01 X58.261492 Y-35.676549 Z9.960784 F1000
G01 X58.461359 Y-35.676549 Z9.960784 F1000
G01 X58.527981 Y-35.676549 Z10 F1000
G01 X96.236176 Y-35.676549 Z10 F1000
G01 X96.302798 Y-35.676549 Z9.843137 F1000
G01 X96.36942 Y-35.676549 Z0.156863 F1000
G01 X96.436043 Y-35.676549 Z0 F1000
G01 X97.035643 Y-35.676549 Z0 F1000
G01 X97.102265 Y-35.676549 Z0.039216 F1000
G01 X97.168887 Y-35.676549 Z0.039216 F1000
G01 X97.23551 Y-35.676549 Z9.372549 F1000
G01 X97.302132 Y-35.676549 Z9.921569 F1000
G01 X97.368754 Y-35.676549 Z9.960784 F1000
G01 X97.435376 Y-35.676549 Z9.960784 F1000
G01 X97.501999 Y-35.676549 Z10 F1000
G01 X99.500666 Y-35.676549 Z10 F1000
G01 X99.500666 Y-35.743171 Z10 F1000
G01 X99.500666 Y-35.809793 Z10 F1000
G01 X99.500666 Y-35.876416 Z10 F1000
G01 X99.500666 Y-35.943038 Z10 F1000
G01 X99.500666 Y-36.00966 Z10 F1000
G01 X99.500666 Y-36.076282 Z10 F1000
G01 X99.500666 Y-36.142905 Z10 F1000
G01 X99.500666 Y-36.209527 Z10 F1000
G01 X97.501999 Y-36.209527 Z10 F1000
G01 X97.435376 Y-36.209527 Z9.960784 F1000
G01 X97.368754 Y-36.209527 Z9.960784 F1000
G01 X97.302132 Y-36.209527 Z9.921569 F1000
G01 X97.23551 Y-36.209527 Z9.372549 F1000
G01 X97.168887 Y-36.209527 Z0.039216 F1000
G01 X96.436043 Y-36.209527 Z0.039216 F1000
G01 X96.36942 Y-36.209527 Z0.156863 F1000
G01 X96.302798 Y-36.209527 Z9.843137 F1000
G01 X96.236176 Y-36.209527 Z10 F1000
G01 X58.79447 Y-36.209527 Z10 F1000
G01 X58.727848 Y-36.209527 Z9.960784 F1000
G01 X58.261492 Y-36.209527 Z9.960784 F1000
G01 X58.19487 Y-36.209527 Z9.921569 F1000
G01 X55.396736 Y-36.209527 Z9.921569 F1000
G01 X55.330113 Y-36.209527 Z9.960784 F1000
G01 X54.863757 Y-36.209527 Z9.960784 F1000
G01 X54.797135 Y-36.209527 Z10 F1000
G01 X3.631246 Y-36.209527 Z10 F1000
G01 X3.564624 Y-36.209527 Z9.843137 F1000
G01 X3.498001 Y-36.209527 Z0.117647 F1000
G01 X3.431379 Y-36.209527 Z0.039216 F1000
G01 X3.298135 Y-36.209527 Z0.039216 F1000
G01 X3.231512 Y-36.209527 Z0 F1000
G01 X2.831779 Y-36.209527 Z0 F1000
G01 X2.765157 Y-36.209527 Z0.039216 F1000
G01 X2.698534 Y-36.209527 Z0.039216 F1000
G01 X2.631912 Y-36.209527 Z9.372549 F1000
G01 X2.56529 Y-36.209527 Z9.921569 F1000
G01 X2.498668 Y-36.209527 Z9.960784 F1000
G01 X2.432045 Y-36.209527 Z9.960784 F1000
G01 X2.365423 Y-36.209527 Z10 F1000
G01 X0.433378 Y-36.209527 Z10 F1000
G01 X0.433378 Y-36.276149 Z10 F1000
G01 X0.433378 Y-36.342771 Z10 F1000
G01 X0.433378 Y-36.409394 Z10 F1000
G01 X0.433378 Y-36.476016 Z10 F1000
G01 X0.433378 Y-36.542638 Z10 F1000
G01 X0.433378 Y-36.60926 Z10 F1000
G01 X0.433378 Y-36.675883 Z10 F1000
G01 X0.433378 Y-36.742505 Z10 F1000
G01 X2.365423 Y-36.742505 Z10 F1000
G01 X2.432045 Y-36.742505 Z9.960784 F1000
G01 X2.498668 Y-36.742505 Z9.960784 F1000
G01 X2.56529 Y-36.742505 Z9.921569 F1000
G01 X2.631912 Y-36.742505 Z9.372549 F1000
G01 X2.698534 Y-36.742505 Z0.039216 F1000
G01 X2.765157 Y-36.742505 Z0.039216 F1000
G01 X2.831779 Y-36.742505 Z0 F1000
G01 X3.231512 Y-36.742505 Z0 F1000
G01 X3.298135 Y-36.742505 Z0.039216 F1000
G01 X3.431379 Y-36.742505 Z0.039216 F1000
G01 X3.498001 Y-36.742505 Z0.117647 F1000
G01 X3.564624 Y-36.742505 Z9.843137 F1000
G01 X3.631246 Y-36.742505 Z10 F1000
G01 X55.463358 Y-36.742505 Z10 F1000
G01 X55.52998 Y-36.742505 Z9.960784 F1000
G01 X55.596602 Y-36.742505 Z9.921569 F1000
G01 X58.727848 Y-36.742505 Z9.921569 F1000
G01 X58.79447 Y-36.742505 Z9.960784 F1000
G01 X58.861093 Y-36.742505 Z9.960784 F1000
G01 X58.927715 Y-36.742505 Z10 F1000
G01 X96.236176 Y-36.742505 Z10 F1000
G01 X96.302798 Y-36.742505 Z9.843137 F1000
G01 X96.36942 Y-36.742505 Z1.098039 F1000
G01 X97.168887 Y-36.742505 Z1.098039 F1000
G01 X97.23551 Y-36.742505 Z9.411765 F1000
G01 X97.302132 Y-36.742505 Z9.921569 F1000
G01 X97.368754 Y-36.742505 Z10 F1000
G01 X99.500666 Y-36.742505 Z10 F1000
G01 X99.500666 Y-36.809127 Z10 F1000
G01 X99.500666 Y-36.87575 Z10 F1000
G01 X99.500666 Y-36.942372 Z10 F1000
G01 X99.500666 Y-37.008994 Z10 F1000
G01 X99.500666 Y-37.075616 Z10 F1000
G01 X99.500666 Y-37.142239 Z10 F1000
G01 X99.500666 Y-37.208861 Z10 F1000
G01 X99.500666 Y-37.275483 Z10 F1000
G01 X97.368754 Y-37.275483 Z10 F1000
G01 X97.302132 Y-37.275483 Z9.921569 F1000
G01 X97.23551 Y-37.275483 Z9.411765 F1000
G01 X97.168887 Y-37.275483 Z1.098039 F1000
G01 X96.36942 Y-37.275483 Z1.098039 F1000
G01 X96.302798 Y-37.275483 Z9.843137 F1000
G01 X96.236176 Y-37.275483 Z10 F1000
G01 X59.127582 Y-37.275483 Z10 F1000
G01 X59.060959 Y-37.275483 Z9.960784 F1000
G01 X58.994337 Y-37.275483 Z9.921569 F1000
G01 X56.462692 Y-37.275483 Z9.921569 F1000
G01 X56.396069 Y-37.275483 Z9.960784 F1000
G01 X56.196203 Y-37.275483 Z9.960784 F1000
G01 X56.12958 Y-37.275483 Z10 F1000
G01 X3.631246 Y-37.275483 Z10 F1000
G01 X3.564624 Y-37.275483 Z9.843137 F1000
G01 X3.498001 Y-37.275483 Z0.117647 F1000
G01 X3.431379 Y-37.275483 Z0.039216 F1000
G01 X3.298135 Y-37.275483 Z0.039216 F1000
G01 X3.231512 Y-37.275483 Z0 F1000
G01 X2.831779 Y-37.275483 Z0 F1000
G01 X2.765157 Y-37.275483 Z0.039216 F1000
G01 X2.698534 Y-37.275483 Z0.039216 F1000
G01 X2.631912 Y-37.275483 Z9.372549 F1000
G01 X2.56529 Y-37.275483 Z9.921569 F1000
G01 X2.498668 Y-37.275483 Z9.960784 F1000
G01 X2.432045 Y-37.275483 Z9.960784 F1000
G01 X2.365423 Y-37.275483 Z10 F1000
G01 X0.433378 Y-37.275483 Z10 F1000
G01 X0.433378 Y-37.342105 Z10 F1000
G01 X0.433378 Y-37.408728 Z10 F1000
G01 X0.433378 Y-37.47535 Z10 F1000
G01 X0.433378 Y-37.541972 Z10 F1000
G01 X0.433378 Y-37.608594 Z10 F1000
G01 X0.433378 Y-37.675217 Z10 F1000
G01 X0.433378 Y-37.741839 Z10 F1000
G01 X0.433378 Y-37.808461 Z10 F1000
G01 X2.365423 Y-37.808461 Z10 F1000
G01 X2.432045 Y-37.808461 Z9.960784 F1000
G01 X2.498668 Y-37.808461 Z9.960784 F1000
G01 X2.56529 Y-37.808461 Z9.921569 F1000
G01 X2.631912 Y-37.808461 Z9.372549 F1000
G01 X2.698534 Y-37.808461 Z0.039216 F1000
G01 X2.765157 Y-37.808461 Z0.039216 F1000
G01 X2.831779 Y-37.808461 Z0 F1000
G01 X3.231512 Y-37.808461 Z0 F1000
G01 X3.298135 Y-37.808461 Z0.039216 F1000
G01 X3.431379 Y-37.808461 Z0.039216 F1000
G01 X3.498001 Y-37.808461 Z0.117647 F1000
G01 X3.564624 Y-37.808461 Z9.843137 F1000
G01 X3.631246 Y-37.808461 Z10 F1000
G01 X56.329447 Y-37.808461 Z10 F1000
G01 X56.396069 Y-37.808461 Z9.960784 F1000
G01 X56.595936 Y-37.808461 Z9.960784 F1000
G01 X56.662558 Y-37.808461 Z9.921569 F1000
G01 X59.060959 Y-37.808461 Z9.921569 F1000
G01 X59.127582 Y-37.808461 Z9.960784 F1000
G01 X59.194204 Y-37.808461 Z10 F1000
G01 X96.236176 Y-37.808461 Z10 F1000
G01 X96.302798 Y-37.808461 Z9.843137 F1000
G01 X96.36942 Y-37.808461 Z1.019608 F1000
G01 X97.168887 Y-37.808461 Z1.019608 F1000
G01 X97.23551 Y-37.808461 Z9.372549 F1000
G01 X97.302132 Y-37.808461 Z9.921569 F1000
G01 X97.368754 Y-37.808461 Z9.960784 F1000
G01 X97.435376 Y-37.808461 Z9.960784 F1000
G01 X97.501999 Y-37.808461 Z10 F1000
G01 X99.500666 Y-37.808461 Z10 F1000
G01 X99.500666 Y-37.875083 Z10 F1000
G01 X99.500666 Y-37.941706 Z10 F1000
G01 X99.500666 Y-38.008328 Z10 F1000
G01 X99.500666 Y-38.07495 Z10 F1000
G01 X99.500666 Y-38.141572 Z10 F1000
G01 X99.500666 Y-38.208195 Z10 F1000
G01 X99.500666 Y-38.274817 Z10 F1000
G01 X99.500666 Y-38.341439 Z10 F1000
G01 X97.501999 Y-38.341439 Z10 F1000
G01 X97.435376 Y-38.341439 Z9.960784 F1000
G01 X97.368754 Y-38.341439 Z9.960784 F1000
G01 X97.302132 Y-38.341439 Z9.921569 F1000
G01 X97.23551 Y-38.341439 Z9.372549 F1000
G01 X97.168887 Y-38.341439 Z1.019608 F1000
G01 X96.36942 Y-38.341439 Z1.019608 F1000
G01 X96.302798 Y-38.341439 Z9.843137 F1000
G01 X96.236176 Y-38.341439 Z10 F1000
G01 X59.327448 Y-38.341439 Z10 F1000
G01 X59.260826 Y-38.341439 Z9.960784 F1000
G01 X59.194204 Y-38.341439 Z9.921569 F1000
G01 X56.662558 Y-38.341439 Z9.921569 F1000
G01 X56.595936 Y-38.341439 Z9.960784 F1000
G01 X56.396069 Y-38.341439 Z9.960784 F1000
G01 X56.329447 Y-38.341439 Z10 F1000
G01 X3.631246 Y-38.341439 Z10 F1000
G01 X3.564624 Y-38.341439 Z9.843137 F1000
G01 X3.498001 Y-38.341439 Z0.117647 F1000
G01 X3.431379 Y-38.341439 Z0.039216 F1000
G01 X3.298135 Y-38.341439 Z0.039216 F1000
G01 X3.231512 Y-38.341439 Z0 F1000
G01 X2.831779 Y-38.341439 Z0 F1000
G01 X2.765157 Y-38.341439 Z0.039216 F1000
G01 X2.698534 Y-38.341439 Z0.039216 F1000
G01 X2.631912 Y-38.341439 Z9.372549 F1000
G01 X2.56529 Y-38.341439 Z9.921569 F1000
G01 X2.498668 Y-38.341439 Z9.960784 F1000
G01 X2.432045 Y-38.341439 Z9.960784 F1000
G01 X2.365423 Y-38.341439 Z10 F1000
G01 X0.433378 Y-38.341439 Z10 F1000
G01 X0.433378 Y-38.408061 Z10 F1000
G01 X0.433378 Y-38.474684 Z10 F1000
G01 X0.433378 Y-38.541306 Z10 F1000
G01 X0.433378 Y-38.607928 Z10 F1000
G01 X0.433378 Y-38.67455 Z10 F1000
G01 X0.433378 Y-38.741173 Z10 F1000
G01 X0.433378 Y-38.807795 Z10 F1000
G01 X0.433378 Y-38.874417 Z10 F1000
G01 X2.432045 Y-38.874417 Z10 F1000
G01 X2.498668 Y-38.874417 Z9.960784 F1000
G01 X2.56529 Y-38.874417 Z9.960784 F1000
G01 X2.631912 Y-38.874417 Z9.372549 F1000
G01 X2.698534 Y-38.874417 Z0.078431 F1000
G01 X2.898401 Y-38.874417 Z0.078431 F1000
G01 X2.965023 Y-38.874417 Z0.039216 F1000
G01 X3.431379 Y-38.874417 Z0.039216 F1000
G01 X3.498001 Y-38.874417 Z0.117647 F1000
G01 X3.564624 Y-38.874417 Z9.843137 F1000
G01 X3.631246 Y-38.874417 Z10 F1000
G01 X56.12958 Y-38.874417 Z10 F1000
G01 X56.196203 Y-38.874417 Z9.960784 F1000
G01 X56.262825 Y-38.874417 Z9.960784 F1000
G01 X56.329447 Y-38.874417 Z9.921569 F1000
G01 X56.595936 Y-38.874417 Z9.921569 F1000
G01 X56.662558 Y-38.874417 Z9.960784 F1000
G01 X56.99567 Y-38.874417 Z9.960784 F1000
G01 X57.062292 Y-38.874417 Z10 F1000
G01 X58.861093 Y-38.874417 Z10 F1000
G01 X58.927715 Y-38.874417 Z9.960784 F1000
G01 X58.994337 Y-38.874417 Z9.960784 F1000
G01 X59.060959 Y-38.874417 Z9.921569 F1000
G01 X59.394071 Y-38.874417 Z9.921569 F1000
G01 X59.460693 Y-38.874417 Z9.960784 F1000
G01 X59.527315 Y-38.874417 Z10 F1000
G01 X96.236176 Y-38.874417 Z10 F1000
G01 X96.302798 Y-38.874417 Z9.843137 F1000
G01 X96.36942 Y-38.874417 Z1.019608 F1000
G01 X97.168887 Y-38.874417 Z1.019608 F1000
G01 X97.23551 Y-38.874417 Z9.372549 F1000
G01 X97.302132 Y-38.874417 Z9.921569 F1000
G01 X97.368754 Y-38.874417 Z9.960784 F1000
G01 X97.435376 Y-38.874417 Z9.960784 F1000
G01 X97.501999 Y-38.874417 Z10 F1000
G01 X99.500666 Y-38.874417 Z10 F1000
G01 X99.500666 Y-38.941039 Z10 F1000
G01 X99.500666 Y-39.007662 Z10 F1000
G01 X99.500666 Y-39.074284 Z10 F1000
G01 X99.500666 Y-39.140906 Z10 F1000
G01 X99.500666 Y-39.207528 Z10 F1000
G01 X99.500666 Y-39.274151 Z10 F1000
G01 X99.500666 Y-39.340773 Z10 F1000
G01 X99.500666 Y-39.407395 Z10 F1000
G01 X97.501999 Y-39.407395 Z10 F1000
G01 X97.435376 Y-39.407395 Z9.960784 F1000
G01 X97.368754 Y-39.407395 Z9.960784 F1000
G01 X97.302132 Y-39.407395 Z9.921569 F1000
G01 X97.23551 Y-39.407395 Z9.372549 F1000
G01 X97.168887 Y-39.407395 Z1.019608 F1000
G01 X96.36942 Y-39.407395 Z1.019608 F1000
G01 X96.302798 Y-39.407395 Z9.882353 F1000
G01 X96.236176 Y-39.407395 Z10 F1000
G01 X56.662558 Y-39.407395 Z10 F1000
G01 X56.595936 Y-39.407395 Z9.960784 F1000
G01 X56.529314 Y-39.407395 Z9.921569 F1000
G01 X55.929714 Y-39.407395 Z9.921569 F1000
G01 X55.863091 Y-39.407395 Z9.960784 F1000
G01 X55.596602 Y-39.407395 Z9.960784 F1000
G01 X55.52998 Y-39.407395 Z10 F1000
G01 X3.631246 Y-39.407395 Z10 F1000
G01 X3.564624 Y-39.407395 Z9.843137 F1000
G01 X3.498001 Y-39.407395 Z1.176471 F1000
G01 X2.698534 Y-39.407395 Z1.176471 F1000
G01 X2.631912 Y-39.407395 Z9.333333 F1000
G01 X2.56529 Y-39.407395 Z9.960784 F1000
G01 X2.498668 Y-39.407395 Z9.960784 F1000
G01 X2.432045 Y-39.407395 Z10 F1000
G01 X0.433378 Y-39.407395 Z10 F1000
G01 X0.433378 Y-39.474017 Z10 F1000
G01 X0.433378 Y-39.54064 Z10 F1000
G01 X0.433378 Y-39.607262 Z10 F1000
G01 X0.433378 Y-39.673884 Z10 F1000
G01 X0.433378 Y-39.740506 Z10 F1000
G01 X0.433378 Y-39.807129 Z10 F1000
G01 X0.433378 Y-39.873751 Z10 F1000
G01 X0.433378 Y-39.940373 Z10 F1000
G01 X2.432045 Y-39.940373 Z10 F1000
G01 X2.498668 Y-39.940373 Z9.960784 F1000
G01 X2.56529 Y-39.940373 Z9.960784 F1000
G01 X2.631912 Y-39.940373 Z9.372549 F1000
G01 X2.698534 Y-39.940373 Z1.176471 F1000
G01 X3.498001 Y-39.940373 Z1.176471 F1000
G01 X3.564624 Y-39.940373 Z9.960784 F1000
G01 X3.631246 Y-39.940373 Z10 F1000
G01 X55.330113 Y-39.940373 Z10 F1000
G01 X55.396736 Y-39.940373 Z9.960784 F1000
G01 X55.463358 Y-39.940373 Z9.960784 F1000
G01 X55.52998 Y-39.940373 Z9.921569 F1000
G01 X56.262825 Y-39.940373 Z9.921569 F1000
G01 X56.329447 Y-39.940373 Z9.960784 F1000
G01 X56.396069 Y-39.940373 Z10 F1000
G01 X96.236176 Y-39.940373 Z10 F1000
G01 X96.302798 Y-39.940373 Z9.882353 F1000
G01 X96.36942 Y-39.940373 Z1.019608 F1000
G01 X97.168887 Y-39.940373 Z1.019608 F1000
G01 X97.23551 Y-39.940373 Z9.372549 F1000
G01 X97.302132 Y-39.940373 Z9.921569 F1000
G01 X97.368754 Y-39.940373 Z9.960784 F1000
G01 X97.435376 Y-39.940373 Z9.960784 F1000
G01 X97.501999 Y-39.940373 Z10 F1000
G01 X99.500666 Y-39.940373 Z10 F1000
G01 X99.500666 Y-40.006995 Z10 F1000
G01 X99.500666 Y-40.073618 Z10 F1000
G01 X99.500666 Y-40.14024 Z10 F1000
G01 X99.500666 Y-40.206862 Z10 F1000
G01 X99.500666 Y-40.273484 Z10 F1000
G01 X99.500666 Y-40.340107 Z10 F1000
G01 X99.500666 Y-40.406729 Z10 F1000
G01 X99.500666 Y-40.473351 Z10 F1000
G01 X97.435376 Y-40.473351 Z10 F1000
G01 X97.368754 Y-40.473351 Z9.960784 F1000
G01 X97.302132 Y-40.473351 Z9.960784 F1000
G01 X97.23551 Y-40.473351 Z9.372549 F1000
G01 X97.168887 Y-40.473351 Z1.019608 F1000
G01 X96.36942 Y-40.473351 Z1.019608 F1000
G01 X96.302798 Y-40.473351 Z9.843137 F1000
G01 X96.236176 Y-40.473351 Z10 F1000
G01 X81.046302 Y-40.473351 Z10 F1000
G01 X80.97968 Y-40.473351 Z9.960784 F1000
G01 X80.913058 Y-40.473351 Z10 F1000
G01 X64.257495 Y-40.473351 Z10 F1000
G01 X64.190873 Y-40.473351 Z9.960784 F1000
G01 X64.12425 Y-40.473351 Z10 F1000
G01 X56.12958 Y-40.473351 Z10 F1000
G01 X56.062958 Y-40.473351 Z9.960784 F1000
G01 X55.996336 Y-40.473351 Z9.960784 F1000
G01 X55.929714 Y-40.473351 Z9.921569 F1000
G01 X55.263491 Y-40.473351 Z9.921569 F1000
G01 X55.196869 Y-40.473351 Z9.960784 F1000
G01 X55.130247 Y-40.473351 Z9.960784 F1000
G01 X55.063624 Y-40.473351 Z10 F1000
G01 X3.564624 Y-40.473351 Z10 F1000
G01 X3.498001 Y-40.473351 Z1.176471 F1000
G01 X3.364757 Y-40.473351 Z1.176471 F1000
G01 X3.298135 Y-40.473351 Z1.137255 F1000
G01 X2.898401 Y-40.473351 Z1.137255 F1000
G01 X2.831779 Y-40.473351 Z1.176471 F1000
G01 X2.698534 Y-40.473351 Z1.176471 F1000
G01 X2.631912 Y-40.473351 Z9.372549 F1000
G01 X2.56529 Y-40.473351 Z9.960784 F1000
G01 X2.498668 Y-40.473351 Z9.960784 F1000
G01 X2.432045 Y-40.473351 Z10 F1000
G01 X0.433378 Y-40.473351 Z10 F1000
G01 X0.433378 Y-40.539973 Z10 F1000
G01 X0.433378 Y-40.606596 Z10 F1000
G01 X0.433378 Y-40.673218 Z10 F1000
G01 X0.433378 Y-40.73984 Z10 F1000
G01 X0.433378 Y-40.806462 Z10 F1000
G01 X0.433378 Y-40.873085 Z10 F1000
G01 X0.433378 Y-40.939707 Z10 F1000
G01 X0.433378 Y-41.006329 Z10 F1000
G01 X2.432045 Y-41.006329 Z10 F1000
G01 X2.498668 Y-41.006329 Z9.960784 F1000
G01 X2.56529 Y-41.006329 Z9.960784 F1000
G01 X2.631912 Y-41.006329 Z9.372549 F1000
G01 X2.698534 Y-41.006329 Z1.137255 F1000
G01 X3.298135 Y-41.006329 Z1.137255 F1000
G01 X3.364757 Y-41.006329 Z1.176471 F1000
G01 X3.498001 Y-41.006329 Z1.176471 F1000
G01 X3.564624 Y-41.006329 Z10 F1000
G01 X18.354763 Y-41.006329 Z10 F1000
G01 X18.421386 Y-41.006329 Z9.960784 F1000
G01 X18.488008 Y-41.006329 Z10 F1000
G01 X54.663891 Y-41.006329 Z10 F1000
G01 X54.730513 Y-41.006329 Z9.960784 F1000
G01 X54.797135 Y-41.006329 Z9.960784 F1000
G01 X54.863757 Y-41.006329 Z9.921569 F1000
G01 X55.596602 Y-41.006329 Z9.921569 F1000
G01 X55.663225 Y-41.006329 Z9.960784 F1000
G01 X55.729847 Y-41.006329 Z10 F1000
G01 X64.12425 Y-41.006329 Z10 F1000
G01 X64.190873 Y-41.006329 Z9.960784 F1000
G01 X64.257495 Y-41.006329 Z10 F1000
G01 X80.913058 Y-41.006329 Z10 F1000
G01 X80.97968 Y-41.006329 Z9.960784 F1000
G01 X81.046302 Y-41.006329 Z10 F1000
G01 X96.236176 Y-41.006329 Z10 F1000
G01 X96.302798 Y-41.006329 Z9.843137 F1000
G01 X96.36942 Y-41.006329 Z1.019608 F1000
G01 X97.168887 Y-41.006329 Z1.019608 F1000
G01 X97.23551 Y-41.006329 Z9.333333 F1000
G01 X97.302132 Y-41.006329 Z9.960784 F1000
G01 X97.368754 Y-41.006329 Z10 F1000
G01 X99.500666 Y-41.006329 Z10 F1000
G01 X99.500666 Y-41.072951 Z10 F1000
G01 X99.500666 Y-41.139574 Z10 F1000
G01 X99.500666 Y-41.206196 Z10 F1000
G01 X99.500666 Y-41.272818 Z10 F1000
G01 X99.500666 Y-41.33944 Z10 F1000
G01 X99.500666 Y-41.406063 Z10 F1000
G01 X99.500666 Y-41.472685 Z10 F1000
G01 X99.500666 Y-41.539307 Z10 F1000
G01 X97.302132 Y-41.539307 Z10 F1000
G01 X97.23551 Y-41.539307 Z9.294118 F1000
G01 X97.168887 Y-41.539307 Z1.058824 F1000
G01 X96.969021 Y-41.539307 Z1.058824 F1000
G01 X96.902398 Y-41.539307 Z1.019608 F1000
G01 X96.36942 Y-41.539307 Z1.019608 F1000
G01 X96.302798 Y-41.539307 Z9.843137 F1000
G01 X96.236176 Y-41.539307 Z10 F1000
G01 X81.046302 Y-41.539307 Z10 F1000
G01 X80.97968 Y-41.539307 Z9.960784 F1000
G01 X80.913058 Y-41.539307 Z10 F1000
G01 X64.257495 Y-41.539307 Z10 F1000
G01 X64.190873 Y-41.539307 Z9.960784 F1000
G01 X64.12425 Y-41.539307 Z10 F1000
G01 X55.330113 Y-41.539307 Z10 F1000
G01 X55.263491 Y-41.539307 Z9.960784 F1000
G01 X55.196869 Y-41.539307 Z9.921569 F1000
G01 X54.730513 Y-41.539307 Z9.921569 F1000
G01 X54.663891 Y-41.539307 Z9.960784 F1000
G01 X54.597268 Y-41.539307 Z9.960784 F1000
G01 X54.530646 Y-41.539307 Z10 F1000
G01 X21.685876 Y-41.539307 Z10 F1000
G01 X21.619254 Y-41.539307 Z9.960784 F1000
G01 X21.552632 Y-41.539307 Z10 F1000
G01 X18.488008 Y-41.539307 Z10 F1000
G01 X18.421386 Y-41.539307 Z9.960784 F1000
G01 X18.354763 Y-41.539307 Z10 F1000
G01 X10.293471 Y-41.539307 Z10 F1000
G01 X10.226849 Y-41.539307 Z9.960784 F1000
G01 X10.160227 Y-41.539307 Z10 F1000
G01 X6.229514 Y-41.539307 Z10 F1000
G01 X6.162891 Y-41.539307 Z9.960784 F1000
G01 X6.096269 Y-41.539307 Z10 F1000
G01 X3.564624 Y-41.539307 Z10 F1000
G01 X3.498001 Y-41.539307 Z1.058824 F1000
G01 X3.298135 Y-41.539307 Z1.058824 F1000
G01 X3.231512 Y-41.539307 Z1.098039 F1000
G01 X3.16489 Y-41.539307 Z1.137255 F1000
G01 X2.698534 Y-41.539307 Z1.137255 F1000
G01 X2.631912 Y-41.539307 Z9.411765 F1000
G01 X2.56529 Y-41.539307 Z10 F1000
G01 X0.433378 Y-41.539307 Z10 F1000
G01 X0.433378 Y-41.605929 Z10 F1000
G01 X0.433378 Y-41.672552 Z10 F1000
G01 X0.433378 Y-41.739174 Z10 F1000
G01 X0.433378 Y-41.805796 Z10 F1000
G01 X0.433378 Y-41.872418 Z10 F1000
G01 X0.433378 Y-41.939041 Z10 F1000
G01 X0.433378 Y-42.005663 Z10 F1000
G01 X0.433378 Y-42.072285 Z10 F1000
G01 X2.56529 Y-42.072285 Z10 F1000
G01 X2.631912 Y-42.072285 Z9.411765 F1000
G01 X2.698534 Y-42.072285 Z1.176471 F1000
G01 X2.898401 Y-42.072285 Z1.176471 F1000
G01 X2.965023 Y-42.072285 Z1.137255 F1000
G01 X3.16489 Y-42.072285 Z1.137255 F1000
G01 X3.231512 Y-42.072285 Z1.098039 F1000
G01 X3.298135 Y-42.072285 Z1.058824 F1000
G01 X3.498001 Y-42.072285 Z1.058824 F1000
G01 X3.564624 Y-42.072285 Z10 F1000
G01 X6.096269 Y-42.072285 Z10 F1000
G01 X6.162891 Y-42.072285 Z9.960784 F1000
G01 X6.229514 Y-42.072285 Z10 F1000
G01 X10.160227 Y-42.072285 Z10 F1000
G01 X10.226849 Y-42.072285 Z9.960784 F1000
G01 X10.293471 Y-42.072285 Z10 F1000
G01 X18.354763 Y-42.072285 Z10 F1000
G01 X18.421386 Y-42.072285 Z9.960784 F1000
G01 X18.488008 Y-42.072285 Z10 F1000
G01 X21.552632 Y-42.072285 Z10 F1000
G01 X21.619254 Y-42.072285 Z9.960784 F1000
G01 X21.685876 Y-42.072285 Z10 F1000
G01 X54.06429 Y-42.072285 Z10 F1000
G01 X54.130913 Y-42.072285 Z9.960784 F1000
G01 X54.264157 Y-42.072285 Z9.960784 F1000
G01 X54.330779 Y-42.072285 Z9.921569 F1000
G01 X55.196869 Y-42.072285 Z9.921569 F1000
G01 X55.263491 Y-42.072285 Z9.960784 F1000
G01 X55.330113 Y-42.072285 Z10 F1000
G01 X64.12425 Y-42.072285 Z10 F1000
G01 X64.190873 Y-42.072285 Z9.960784 F1000
G01 X64.257495 Y-42.072285 Z10 F1000
G01 X73.984344 Y-42.072285 Z10 F1000
G01 X74.050966 Y-42.072285 Z9.960784 F1000
G01 X74.117588 Y-42.072285 Z10 F1000
G01 X80.913058 Y-42.072285 Z10 F1000
G01 X80.97968 Y-42.072285 Z9.960784 F1000
G01 X81.046302 Y-42.072285 Z10 F1000
G01 X84.643904 Y-42.072285 Z10 F1000
G01 X84.710526 Y-42.072285 Z9.960784 F1000
G01 X84.777149 Y-42.072285 Z10 F1000
G01 X92.971686 Y-42.072285 Z10 F1000
G01 X93.038308 Y-42.072285 Z9.960784 F1000
G01 X93.171552 Y-42.072285 Z9.960784 F1000
G01 X93.238175 Y-42.072285 Z10 F1000
G01 X96.236176 Y-42.072285 Z10 F1000
G01 X96.302798 Y-42.072285 Z9.843137 F1000
G01 X96.36942 Y-42.072285 Z1.019608 F1000
G01 X96.902398 Y-42.072285 Z1.019608 F1000
G01 X96.969021 Y-42.072285 Z1.058824 F1000
G01 X97.035643 Y-42.072285 Z1.058824 F1000
G01 X97.102265 Y-42.072285 Z1.215686 F1000
G01 X97.168887 Y-42.072285 Z1.215686 F1000
G01 X97.23551 Y-42.072285 Z9.294118 F1000
G01 X97.302132 Y-42.072285 Z10 F1000
G01 X99.500666 Y-42.072285 Z10 F1000
G01 X99.500666 Y-42.138907 Z10 F1000
G01 X99.500666 Y-42.20553 Z10 F1000
G01 X99.500666 Y-42.272152 Z10 F1000
G01 X99.500666 Y-42.338774 Z10 F1000
G01 X99.500666 Y-42.405396 Z10 F1000
G01 X99.500666 Y-42.472019 Z10 F1000
G01 X99.500666 Y-42.538641 Z10 F1000
G01 X99.500666 Y-42.605263 Z10 F1000
G01 X97.302132 Y-42.605263 Z10 F1000
G01 X97.23551 Y-42.605263 Z9.294118 F1000
G01 X97.168887 Y-42.605263 Z1.215686 F1000
G01 X97.102265 Y-42.605263 Z1.215686 F1000
G01 X97.035643 Y-42.605263 Z1.058824 F1000
G01 X96.769154 Y-42.605263 Z1.058824 F1000
G01 X96.702532 Y-42.605263 Z1.019608 F1000
G01 X96.36942 Y-42.605263 Z1.019608 F1000
G01 X96.302798 Y-42.605263 Z9.843137 F1000
G01 X96.236176 Y-42.605263 Z10 F1000
G01 X93.238175 Y-42.605263 Z10 F1000
G01 X93.171552 Y-42.605263 Z9.960784 F1000
G01 X93.038308 Y-42.605263 Z9.960784 F1000
G01 X92.971686 Y-42.605263 Z10 F1000
G01 X81.046302 Y-42.605263 Z10 F1000
G01 X80.97968 Y-42.605263 Z9.960784 F1000
G01 X80.913058 Y-42.605263 Z10 F1000
G01 X64.257495 Y-42.605263 Z10 F1000
G01 X64.190873 Y-42.605263 Z9.960784 F1000
G01 X64.12425 Y-42.605263 Z10 F1000
G01 X55.596602 Y-42.605263 Z10 F1000
G01 X55.52998 Y-42.605263 Z9.960784 F1000
G01 X55.463358 Y-42.605263 Z9.960784 F1000
G01 X55.396736 Y-42.605263 Z9.921569 F1000
G01 X54.06429 Y-42.605263 Z9.921569 F1000
G01 X53.997668 Y-42.605263 Z9.960784 F1000
G01 X53.931046 Y-42.605263 Z9.960784 F1000
G01 X53.864424 Y-42.605263 Z10 F1000
G01 X21.685876 Y-42.605263 Z10 F1000
G01 X21.619254 Y-42.605263 Z9.960784 F1000
G01 X21.552632 Y-42.605263 Z10 F1000
G01 X18.488008 Y-42.605263 Z10 F1000
G01 X18.421386 Y-42.605263 Z9.960784 F1000
G01 X18.354763 Y-42.605263 Z10 F1000
G01 X6.229514 Y-42.605263 Z10 F1000
G01 X6.162891 Y-42.605263 Z9.960784 F1000
G01 X6.096269 Y-42.605263 Z10 F1000
G01 X3.564624 Y-42.605263 Z10 F1000
G01 X3.498001 Y-42.605263 Z1.019608 F1000
G01 X3.431379 Y-42.605263 Z1.058824 F1000
G01 X3.298135 Y-42.605263 Z1.058824 F1000
G01 X3.231512 Y-42.605263 Z1.098039 F1000
G01 X3.031646 Y-42.605263 Z1.098039 F1000
G01 X2.965023 Y-42.605263 Z1.137255 F1000
G01 X2.898401 Y-42.605263 Z1.176471 F1000
G01 X2.698534 Y-42.605263 Z1.176471 F1000
G01 X2.631912 Y-42.605263 Z9.333333 F1000
G01 X2.56529 Y-42.605263 Z10 F1000
G01 X0.433378 Y-42.605263 Z10 F1000
G01 X0.433378 Y-42.671885 Z10 F1000
G01 X0.433378 Y-42.738508 Z10 F1000
G01 X0.433378 Y-42.80513 Z10 F1000
G01 X0.433378 Y-42.871752 Z10 F1000
G01 X0.433378 Y-42.938374 Z10 F1000
G01 X0.433378 Y-43.004997 Z10 F1000
G01 X0.433378 Y-43.071619 Z10 F1000
G01 X0.433378 Y-43.138241 Z10 F1000
G01 X2.56529 Y-43.138241 Z10 F1000
G01 X2.631912 Y-43.138241 Z9.372549 F1000
G01 X2.698534 Y-43.138241 Z1.098039 F1000
G01 X3.498001 Y-43.138241 Z1.098039 F1000
G01 X3.564624 Y-43.138241 Z10 F1000
G01 X6.096269 Y-43.138241 Z10 F1000
G01 X6.162891 Y-43.138241 Z9.960784 F1000
G01 X6.229514 Y-43.138241 Z10 F1000
G01 X18.354763 Y-43.138241 Z10 F1000
G01 X18.421386 Y-43.138241 Z9.960784 F1000
G01 X18.488008 Y-43.138241 Z10 F1000
G01 X21.552632 Y-43.138241 Z10 F1000
G01 X21.619254 Y-43.138241 Z9.960784 F1000
G01 X21.685876 Y-43.138241 Z10 F1000
G01 X53.46469 Y-43.138241 Z10 F1000
G01 X53.531312 Y-43.138241 Z9.960784 F1000
G01 X53.731179 Y-43.138241 Z9.960784 F1000
G01 X53.797801 Y-43.138241 Z9.921569 F1000
G01 X60.326782 Y-43.138241 Z9.921569 F1000
G01 X60.393404 Y-43.138241 Z9.960784 F1000
G01 X60.460027 Y-43.138241 Z9.960784 F1000
G01 X60.526649 Y-43.138241 Z10 F1000
G01 X64.12425 Y-43.138241 Z10 F1000
G01 X64.190873 Y-43.138241 Z9.960784 F1000
G01 X64.257495 Y-43.138241 Z10 F1000
G01 X80.913058 Y-43.138241 Z10 F1000
G01 X80.97968 Y-43.138241 Z9.960784 F1000
G01 X81.046302 Y-43.138241 Z10 F1000
G01 X92.971686 Y-43.138241 Z10 F1000
G01 X93.038308 Y-43.138241 Z9.960784 F1000
G01 X93.171552 Y-43.138241 Z9.960784 F1000
G01 X93.238175 Y-43.138241 Z10 F1000
G01 X96.236176 Y-43.138241 Z10 F1000
G01 X96.302798 Y-43.138241 Z9.843137 F1000
G01 X96.36942 Y-43.138241 Z1.019608 F1000
G01 X96.702532 Y-43.138241 Z1.019608 F1000
G01 X96.769154 Y-43.138241 Z1.058824 F1000
G01 X97.168887 Y-43.138241 Z1.058824 F1000
G01 X97.23551 Y-43.138241 Z9.333333 F1000
G01 X97.302132 Y-43.138241 Z10 F1000
G01 X99.500666 Y-43.138241 Z10 F1000
G01 X99.500666 Y-43.204863 Z10 F1000
G01 X99.500666 Y-43.271486 Z10 F1000
G01 X99.500666 Y-43.338108 Z10 F1000
G01 X99.500666 Y-43.40473 Z10 F1000
G01 X99.500666 Y-43.471352 Z10 F1000
G01 X99.500666 Y-43.537975 Z10 F1000
G01 X99.500666 Y-43.604597 Z10 F1000
G01 X99.500666 Y-43.671219 Z10 F1000
G01 X97.302132 Y-43.671219 Z10 F1000
G01 X97.23551 Y-43.671219 Z9.372549 F1000
G01 X97.168887 Y-43.671219 Z1.019608 F1000
G01 X96.36942 Y-43.671219 Z1.019608 F1000
G01 X96.302798 Y-43.671219 Z9.843137 F1000
G01 X96.236176 Y-43.671219 Z10 F1000
G01 X93.238175 Y-43.671219 Z10 F1000
G01 X93.171552 Y-43.671219 Z9.960784 F1000
G01 X93.038308 Y-43.671219 Z9.960784 F1000
G01 X92.971686 Y-43.671219 Z10 F1000
G01 X81.046302 Y-43.671219 Z10 F1000
G01 X80.97968 Y-43.671219 Z9.960784 F1000
G01 X80.913058 Y-43.671219 Z10 F1000
G01 X64.257495 Y-43.671219 Z10 F1000
G01 X64.190873 Y-43.671219 Z9.960784 F1000
G01 X64.12425 Y-43.671219 Z10 F1000
G01 X60.26016 Y-43.671219 Z10 F1000
G01 X60.193538 Y-43.671219 Z9.921569 F1000
G01 X54.264157 Y-43.671219 Z9.921569 F1000
G01 X54.197535 Y-43.671219 Z9.960784 F1000
G01 X53.931046 Y-43.671219 Z9.960784 F1000
G01 X53.864424 Y-43.671219 Z10 F1000
G01 X21.685876 Y-43.671219 Z10 F1000
G01 X21.619254 Y-43.671219 Z9.960784 F1000
G01 X21.552632 Y-43.671219 Z10 F1000
G01 X18.488008 Y-43.671219 Z10 F1000
G01 X18.421386 Y-43.671219 Z9.960784 F1000
G01 X18.354763 Y-43.671219 Z10 F1000
G01 X6.229514 Y-43.671219 Z10 F1000
G01 X6.162891 Y-43.671219 Z9.960784 F1000
G01 X6.096269 Y-43.671219 Z10 F1000
G01 X3.564624 Y-43.671219 Z10 F1000
G01 X3.498001 Y-43.671219 Z1.137255 F1000
G01 X3.031646 Y-43.671219 Z1.137255 F1000
G01 X2.965023 Y-43.671219 Z1.215686 F1000
G01 X2.698534 Y-43.671219 Z1.215686 F1000
G01 X2.631912 Y-43.671219 Z9.411765 F1000
G01 X2.56529 Y-43.671219 Z9.960784 F1000
G01 X2.498668 Y-43.671219 Z9.960784 F1000
G01 X2.432045 Y-43.671219 Z10 F1000
G01 X0.433378 Y-43.671219 Z10 F1000
G01 X0.433378 Y-43.737841 Z10 F1000
G01 X0.433378 Y-43.804464 Z10 F1000
G01 X0.433378 Y-43.871086 Z10 F1000
G01 X0.433378 Y-43.937708 Z10 F1000
G01 X0.433378 Y-44.00433 Z10 F1000
G01 X0.433378 Y-44.070953 Z10 F1000
G01 X0.433378 Y-44.137575 Z10 F1000
G01 X0.433378 Y-44.204197 Z10 F1000
G01 X2.432045 Y-44.204197 Z10 F1000
G01 X2.498668 Y-44.204197 Z9.960784 F1000
G01 X2.56529 Y-44.204197 Z9.960784 F1000
G01 X2.631912 Y-44.204197 Z9.411765 F1000
G01 X2.698534 Y-44.204197 Z1.215686 F1000
G01 X2.965023 Y-44.204197 Z1.215686 F1000
G01 X3.031646 Y-44.204197 Z1.137255 F1000
G01 X3.498001 Y-44.204197 Z1.137255 F1000
G01 X3.564624 Y-44.204197 Z10 F1000
G01 X18.354763 Y-44.204197 Z10 F1000
G01 X18.421386 Y-44.204197 Z9.960784 F1000
G01 X18.488008 Y-44.204197 Z10 F1000
G01 X36.409394 Y-44.204197 Z10 F1000
G01 X36.476016 Y-44.204197 Z9.960784 F1000
G01 X36.542638 Y-44.204197 Z9.960784 F1000
G01 X36.60926 Y-44.204197 Z10 F1000
G01 X58.527981 Y-44.204197 Z10 F1000
G01 X58.594604 Y-44.204197 Z9.960784 F1000
G01 X58.727848 Y-44.204197 Z9.960784 F1000
G01 X58.79447 Y-44.204197 Z9.921569 F1000
G01 X59.793804 Y-44.204197 Z9.921569 F1000
G01 X59.860426 Y-44.204197 Z9.960784 F1000
G01 X59.927049 Y-44.204197 Z9.960784 F1000
G01 X59.993671 Y-44.204197 Z10 F1000
G01 X80.913058 Y-44.204197 Z10 F1000
G01 X80.97968 Y-44.204197 Z9.960784 F1000
G01 X81.046302 Y-44.204197 Z10 F1000
G01 X96.236176 Y-44.204197 Z10 F1000
G01 X96.302798 Y-44.204197 Z9.843137 F1000
G01 X96.36942 Y-44.204197 Z1.019608 F1000
G01 X97.168887 Y-44.204197 Z1.019608 F1000
G01 X97.23551 Y-44.204197 Z9.372549 F1000
G01 X97.302132 Y-44.204197 Z9.921569 F1000
G01 X97.368754 Y-44.204197 Z9.960784 F1000
G01 X97.435376 Y-44.204197 Z9.960784 F1000
G01 X97.501999 Y-44.204197 Z10 F1000
G01 X99.500666 Y-44.204197 Z10 F1000
G01 X99.500666 Y-44.270819 Z10 F1000
G01 X99.500666 Y-44.337442 Z10 F1000
G01 X99.500666 Y-44.404064 Z10 F1000
G01 X99.500666 Y-44.470686 Z10 F1000
G01 X99.500666 Y-44.537308 Z10 F1000
G01 X99.500666 Y-44.603931 Z10 F1000
G01 X99.500666 Y-44.670553 Z10 F1000
G01 X99.500666 Y-44.737175 Z10 F1000
G01 X97.501999 Y-44.737175 Z10 F1000
G01 X97.435376 Y-44.737175 Z9.960784 F1000
G01 X97.368754 Y-44.737175 Z9.960784 F1000
G01 X97.302132 Y-44.737175 Z9.921569 F1000
G01 X97.23551 Y-44.737175 Z9.372549 F1000
G01 X97.168887 Y-44.737175 Z1.098039 F1000
G01 X96.436043 Y-44.737175 Z1.098039 F1000
G01 X96.36942 Y-44.737175 Z1.058824 F1000
G01 X96.302798 Y-44.737175 Z9.843137 F1000
G01 X96.236176 Y-44.737175 Z10 F1000
G01 X81.046302 Y-44.737175 Z10 F1000
G01 X80.97968 Y-44.737175 Z9.960784 F1000
G01 X80.913058 Y-44.737175 Z10 F1000
G01 X59.727182 Y-44.737175 Z10 F1000
G01 X59.66056 Y-44.737175 Z9.921569 F1000
G01 X58.79447 Y-44.737175 Z9.921569 F1000
G01 X58.727848 Y-44.737175 Z9.960784 F1000
G01 X58.594604 Y-44.737175 Z9.960784 F1000
G01 X58.527981 Y-44.737175 Z10 F1000
G01 X3.564624 Y-44.737175 Z10 F1000
G01 X3.498001 Y-44.737175 Z1.176471 F1000
G01 X2.765157 Y-44.737175 Z1.176471 F1000
G01 X2.698534 Y-44.737175 Z1.137255 F1000
G01 X2.631912 Y-44.737175 Z9.372549 F1000
G01 X2.56529 Y-44.737175 Z9.960784 F1000
G01 X2.498668 Y-44.737175 Z10 F1000
G01 X0.433378 Y-44.737175 Z10 F1000
G01 X0.433378 Y-44.803797 Z10 F1000
G01 X0.433378 Y-44.87042 Z10 F1000
G01 X0.433378 Y-44.937042 Z10 F1000
G01 X0.433378 Y-45.003664 Z10 F1000
G01 X0.433378 Y-45.070286 Z10 F1000
G01 X0.433378 Y-45.136909 Z10 F1000
G01 X0.433378 Y-45.203531 Z10 F1000
G01 X0.433378 Y-45.270153 Z10 F1000
G01 X2.498668 Y-45.270153 Z10 F1000
G01 X2.56529 Y-45.270153 Z9.960784 F1000
G01 X2.631912 Y-45.270153 Z9.333333 F1000
G01 X2.698534 Y-45.270153 Z1.019608 F1000
G01 X2.765157 Y-45.270153 Z1.176471 F1000
G01 X3.498001 Y-45.270153 Z1.176471 F1000
G01 X3.564624 Y-45.270153 Z9.960784 F1000
G01 X3.631246 Y-45.270153 Z10 F1000
G01 X58.328115 Y-45.270153 Z10 F1000
G01 X58.394737 Y-45.270153 Z9.960784 F1000
G01 X58.527981 Y-45.270153 Z9.960784 F1000
G01 X58.594604 Y-45.270153 Z9.921569 F1000
G01 X59.127582 Y-45.270153 Z9.921569 F1000
G01 X59.194204 Y-45.270153 Z9.960784 F1000
G01 X59.327448 Y-45.270153 Z9.960784 F1000
G01 X59.394071 Y-45.270153 Z10 F1000
G01 X80.913058 Y-45.270153 Z10 F1000
G01 X80.97968 Y-45.270153 Z9.960784 F1000
G01 X81.046302 Y-45.270153 Z10 F1000
G01 X96.236176 Y-45.270153 Z10 F1000
G01 X96.302798 Y-45.270153 Z9.843137 F1000
G01 X96.36942 Y-45.270153 Z1.058824 F1000
G01 X96.436043 Y-45.270153 Z1.098039 F1000
G01 X97.168887 Y-45.270153 Z1.098039 F1000
G01 X97.23551 Y-45.270153 Z9.372549 F1000
G01 X97.302132 Y-45.270153 Z9.921569 F1000
G01 X97.368754 Y-45.270153 Z9.960784 F1000
G01 X97.435376 Y-45.270153 Z10 F1000
G01 X99.500666 Y-45.270153 Z10 F1000
G01 X99.500666 Y-45.336775 Z10 F1000
G01 X99.500666 Y-45.403398 Z10 F1000
G01 X99.500666 Y-45.47002 Z10 F1000
G01 X99.500666 Y-45.536642 Z10 F1000
G01 X99.500666 Y-45.603264 Z10 F1000
G01 X99.500666 Y-45.669887 Z10 F1000
G01 X99.500666 Y-45.736509 Z10 F1000
G01 X99.500666 Y-45.803131 Z10 F1000
G01 X97.435376 Y-45.803131 Z10 F1000
G01 X97.368754 Y-45.803131 Z9.960784 F1000
G01 X97.302132 Y-45.803131 Z9.921569 F1000
G01 X97.23551 Y-45.803131 Z9.372549 F1000
G01 X97.168887 Y-45.803131 Z0.078431 F1000
G01 X96.436043 Y-45.803131 Z0.078431 F1000
G01 X96.36942 Y-45.803131 Z0.156863 F1000
G01 X96.302798 Y-45.803131 Z9.843137 F1000
G01 X96.236176 Y-45.803131 Z10 F1000
G01 X81.046302 Y-45.803131 Z10 F1000
G01 X80.97968 Y-45.803131 Z9.960784 F1000
G01 X80.913058 Y-45.803131 Z10 F1000
G01 X59.060959 Y-45.803131 Z10 F1000
G01 X58.994337 Y-45.803131 Z9.960784 F1000
G01 X58.79447 Y-45.803131 Z9.960784 F1000
G01 X58.727848 Y-45.803131 Z9.921569 F1000
G01 X58.061626 Y-45.803131 Z9.921569 F1000
G01 X57.995003 Y-45.803131 Z10 F1000
G01 X3.631246 Y-45.803131 Z10 F1000
G01 X3.564624 Y-45.803131 Z9.843137 F1000
G01 X3.498001 Y-45.803131 Z0.117647 F1000
G01 X3.431379 Y-45.803131 Z0.078431 F1000
G01 X2.831779 Y-45.803131 Z0.078431 F1000
G01 X2.765157 Y-45.803131 Z0.039216 F1000
G01 X2.698534 Y-45.803131 Z0.078431 F1000
G01 X2.631912 Y-45.803131 Z9.372549 F1000
G01 X2.56529 Y-45.803131 Z9.960784 F1000
G01 X2.498668 Y-45.803131 Z10 F1000
G01 X0.433378 Y-45.803131 Z10 F1000
G01 X0.433378 Y-45.869753 Z10 F1000
G01 X0.433378 Y-45.936376 Z10 F1000
G01 X0.433378 Y-46.002998 Z10 F1000
G01 X0.433378 Y-46.06962 Z10 F1000
G01 X0.433378 Y-46.136243 Z10 F1000
G01 X0.433378 Y-46.202865 Z10 F1000
G01 X0.433378 Y-46.269487 Z10 F1000
G01 X0.433378 Y-46.336109 Z10 F1000
G01 X2.365423 Y-46.336109 Z10 F1000
G01 X2.432045 Y-46.336109 Z9.960784 F1000
G01 X2.498668 Y-46.336109 Z9.960784 F1000
G01 X2.56529 Y-46.336109 Z9.921569 F1000
G01 X2.631912 Y-46.336109 Z9.372549 F1000
G01 X2.698534 Y-46.336109 Z0.039216 F1000
G01 X2.765157 Y-46.336109 Z0.039216 F1000
G01 X2.831779 Y-46.336109 Z0 F1000
G01 X3.231512 Y-46.336109 Z0 F1000
G01 X3.298135 Y-46.336109 Z0.039216 F1000
G01 X3.431379 Y-46.336109 Z0.039216 F1000
G01 X3.498001 Y-46.336109 Z0.117647 F1000
G01 X3.564624 Y-46.336109 Z9.843137 F1000
G01 X3.631246 Y-46.336109 Z10 F1000
G01 X57.728514 Y-46.336109 Z10 F1000
G01 X57.795137 Y-46.336109 Z9.960784 F1000
G01 X57.861759 Y-46.336109 Z9.960784 F1000
G01 X57.928381 Y-46.336109 Z9.921569 F1000
G01 X58.594604 Y-46.336109 Z9.921569 F1000
G01 X58.661226 Y-46.336109 Z9.960784 F1000
G01 X58.727848 Y-46.336109 Z9.960784 F1000
G01 X58.79447 Y-46.336109 Z10 F1000
G01 X80.913058 Y-46.336109 Z10 F1000
G01 X80.97968 Y-46.336109 Z9.960784 F1000
G01 X81.046302 Y-46.336109 Z10 F1000
G01 X96.236176 Y-46.336109 Z10 F1000
G01 X96.302798 Y-46.336109 Z9.843137 F1000
G01 X96.36942 Y-46.336109 Z0.156863 F1000
G01 X96.436043 Y-46.336109 Z0 F1000
G01 X97.035643 Y-46.336109 Z0 F1000
G01 X97.102265 Y-46.336109 Z0.039216 F1000
G01 X97.168887 Y-46.336109 Z0.039216 F1000
G01 X97.23551 Y-46.336109 Z9.372549 F1000
G01 X97.302132 Y-46.336109 Z9.921569 F1000
G01 X97.368754 Y-46.336109 Z9.960784 F1000
G01 X97.435376 Y-46.336109 Z9.960784 F1000
G01 X97.501999 Y-46.336109 Z10 F1000
G01 X99.500666 Y-46.336109 Z10 F1000
G01 X99.500666 Y-46.402732 Z10 F1000
G01 X99.500666 Y-46.469354 Z10 F1000
G01 X99.500666 Y-46.535976 Z10 F1000
G01 X99.500666 Y-46.602598 Z10 F1000
G01 X99.500666 Y-46.669221 Z10 F1000
G01 X99.500666 Y-46.735843 Z10 F1000
G01 X99.500666 Y-46.802465 Z10 F1000
G01 X99.500666 Y-46.869087 Z10 F1000
G01 X97.501999 Y-46.869087 Z10 F1000
G01 X97.435376 Y-46.869087 Z9.960784 F1000
G01 X97.368754 Y-46.869087 Z9.960784 F1000
G01 X97.302132 Y-46.869087 Z9.921569 F1000
G01 X97.23551 Y-46.869087 Z9.372549 F1000
G01 X97.168887 Y-46.869087 Z0.039216 F1000
G01 X97.102265 Y-46.869087 Z0.039216 F1000
G01 X97.035643 Y-46.869087 Z0 F1000
G01 X96.436043 Y-46.869087 Z0 F1000
G01 X96.36942 Y-46.869087 Z0.156863 F1000
G01 X96.302798 Y-46.869087 Z9.843137 F1000
G01 X96.236176 Y-46.869087 Z10 F1000
G01 X58.328115 Y-46.869087 Z10 F1000
G01 X58.261492 Y-46.869087 Z9.960784 F1000
G01 X58.19487 Y-46.869087 Z9.921569 F1000
G01 X57.528648 Y-46.869087 Z9.921569 F1000
G01 X57.462025 Y-46.869087 Z9.960784 F1000
G01 X57.395403 Y-46.869087 Z10 F1000
G01 X3.631246 Y-46.869087 Z10 F1000
G01 X3.564624 Y-46.869087 Z9.843137 F1000
G01 X3.498001 Y-46.869087 Z0.117647 F1000
G01 X3.431379 Y-46.869087 Z0.039216 F1000
G01 X3.298135 Y-46.869087 Z0.039216 F1000
G01 X3.231512 Y-46.869087 Z0 F1000
G01 X2.831779 Y-46.869087 Z0 F1000
G01 X2.765157 Y-46.869087 Z0.039216 F1000
G01 X2.698534 Y-46.869087 Z0.039216 F1000
G01 X2.631912 Y-46.869087 Z9.372549 F1000
G01 X2.56529 Y-46.869087 Z9.921569 F1000
G01 X2.498668 Y-46.869087 Z9.960784 F1000
G01 X2.432045 Y-46.869087 Z9.960784 F1000
G01 X2.365423 Y-46.869087 Z10 F1000
G01 X0.433378 Y-46.869087 Z10 F1000
G01 X0.433378 Y-46.93571 Z10 F1000
G01 X0.433378 Y-47.002332 Z10 F1000
G01 X0.433378 Y-47.068954 Z10 F1000
G01 X0.433378 Y-47.135576 Z10 F1000
G01 X0.433378 Y-47.202199 Z10 F1000
G01 X0.433378 Y-47.268821 Z10 F1000
G01 X0.433378 Y-47.335443 Z10 F1000
G01 X0.433378 Y-47.402065 Z10 F1000
G01 X2.365423 Y-47.402065 Z10 F1000
G01 X2.432045 Y-47.402065 Z9.960784 F1000
G01 X2.498668 Y-47.402065 Z9.960784 F1000
G01 X2.56529 Y-47.402065 Z9.921569 F1000
G01 X2.631912 Y-47.402065 Z9.372549 F1000
G01 X2.698534 Y-47.402065 Z0.039216 F1000
G01 X2.765157 Y-47.402065 Z0.039216 F1000
G01 X2.831779 Y-47.402065 Z0 F1000
G01 X3.231512 Y-47.402065 Z0 F1000
G01 X3.298135 Y-47.402065 Z0.039216 F1000
G01 X3.431379 Y-47.402065 Z0.039216 F1000
G01 X3.498001 Y-47.402065 Z0.117647 F1000
G01 X3.564624 Y-47.402065 Z9.843137 F1000
G01 X3.631246 Y-47.402065 Z10 F1000
G01 X57.128914 Y-47.402065 Z10 F1000
G01 X57.195536 Y-47.402065 Z9.960784 F1000
G01 X57.328781 Y-47.402065 Z9.960784 F1000
G01 X57.395403 Y-47.402065 Z9.921569 F1000
G01 X58.061626 Y-47.402065 Z9.921569 F1000
G01 X58.128248 Y-47.402065 Z10 F1000
G01 X96.236176 Y-47.402065 Z10 F1000
G01 X96.302798 Y-47.402065 Z9.843137 F1000
G01 X96.36942 Y-47.402065 Z0.156863 F1000
G01 X96.436043 Y-47.402065 Z0 F1000
G01 X97.035643 Y-47.402065 Z0 F1000
G01 X97.102265 Y-47.402065 Z0.039216 F1000
G01 X97.168887 Y-47.402065 Z0.039216 F1000
G01 X97.23551 Y-47.402065 Z9.372549 F1000
G01 X97.302132 Y-47.402065 Z9.921569 F1000
G01 X97.368754 Y-47.402065 Z9.960784 F1000
G01 X97.435376 Y-47.402065 Z9.960784 F1000
G01 X97.501999 Y-47.402065 Z10 F1000
G01 X99.500666 Y-47.402065 Z10 F1000
G01 X99.500666 Y-47.468688 Z10 F1000
G01 X99.500666 Y-47.53531 Z10 F1000
G01 X99.500666 Y-47.601932 Z10 F1000
G01 X99.500666 Y-47.668554 Z10 F1000
G01 X99.500666 Y-47.735177 Z10 F1000
G01 X99.500666 Y-47.801799 Z10 F1000
G01 X99.500666 Y-47.868421 Z10 F1000
G01 X99.500666 Y-47.935043 Z10 F1000
G01 X97.501999 Y-47.935043 Z10 F1000
G01 X97.435376 Y-47.935043 Z9.960784 F1000
G01 X97.368754 Y-47.935043 Z9.960784 F1000
G01 X97.302132 Y-47.935043 Z9.921569 F1000
G01 X97.23551 Y-47.935043 Z9.372549 F1000
G01 X97.168887 Y-47.935043 Z0.039216 F1000
G01 X97.102265 Y-47.935043 Z0.039216 F1000
G01 X97.035643 Y-47.935043 Z0 F1000
G01 X96.436043 Y-47.935043 Z0 F1000
G01 X96.36942 Y-47.935043 Z0.156863 F1000
G01 X96.302798 Y-47.935043 Z9.843137 F1000
G01 X96.236176 Y-47.935043 Z10 F1000
G01 X57.795137 Y-47.935043 Z10 F1000
G01 X57.728514 Y-47.935043 Z9.960784 F1000
G01 X57.661892 Y-47.935043 Z9.960784 F1000
G01 X57.59527 Y-47.935043 Z9.921569 F1000
G01 X56.99567 Y-47.935043 Z9.921569 F1000
G01 X56.929047 Y-47.935043 Z9.960784 F1000
G01 X56.862425 Y-47.935043 Z10 F1000
G01 X3.631246 Y-47.935043 Z10 F1000
G01 X3.564624 Y-47.935043 Z9.843137 F1000
G01 X3.498001 Y-47.935043 Z0.117647 F1000
G01 X3.431379 Y-47.935043 Z0.039216 F1000
G01 X3.298135 Y-47.935043 Z0.039216 F1000
G01 X3.231512 Y-47.935043 Z0 F1000
G01 X2.831779 Y-47.935043 Z0 F1000
G01 X2.765157 Y-47.935043 Z0.039216 F1000
G01 X2.698534 Y-47.935043 Z0.039216 F1000
G01 X2.631912 Y-47.935043 Z9.372549 F1000
G01 X2.56529 Y-47.935043 Z9.921569 F1000
G01 X2.498668 Y-47.935043 Z9.960784 F1000
G01 X2.432045 Y-47.935043 Z9.960784 F1000
G01 X2.365423 Y-47.935043 Z10 F1000
G01 X0.433378 Y-47.935043 Z10 F1000
G01 X0.433378 Y-48.001666 Z10 F1000
G01 X0.433378 Y-48.068288 Z10 F1000
G01 X0.433378 Y-48.13491 Z10 F1000
G01 X0.433378 Y-48.201532 Z10 F1000
G01 X0.433378 Y-48.268155 Z10 F1000
G01 X0.433378 Y-48.334777 Z10 F1000
G01 X0.433378 Y-48.401399 Z10 F1000
G01 X0.433378 Y-48.468021 Z10 F1000
G01 X2.365423 Y-48.468021 Z10 F1000
G01 X2.432045 Y-48.468021 Z9.960784 F1000
G01 X2.498668 Y-48.468021 Z9.960784 F1000
G01 X2.56529 Y-48.468021 Z9.921569 F1000
G01 X2.631912 Y-48.468021 Z9.372549 F1000
G01 X2.698534 Y-48.468021 Z0.039216 F1000
G01 X2.765157 Y-48.468021 Z0.039216 F1000
G01 X2.831779 Y-48.468021 Z0 F1000
G01 X3.231512 Y-48.468021 Z0 F1000
G01 X3.298135 Y-48.468021 Z0.039216 F1000
G01 X3.431379 Y-48.468021 Z0.039216 F1000
G01 X3.498001 Y-48.468021 Z0.117647 F1000
G01 X3.564624 Y-48.468021 Z9.843137 F1000
G01 X3.631246 Y-48.468021 Z10 F1000
G01 X57.062292 Y-48.468021 Z10 F1000
G01 X57.128914 Y-48.468021 Z9.960784 F1000
G01 X57.195536 Y-48.468021 Z10 F1000
G01 X96.236176 Y-48.468021 Z10 F1000
G01 X96.302798 Y-48.468021 Z9.843137 F1000
G01 X96.36942 Y-48.468021 Z0.156863 F1000
G01 X96.436043 Y-48.468021 Z0 F1000
G01 X97.035643 Y-48.468021 Z0 F1000
G01 X97.102265 Y-48.468021 Z0.039216 F1000
G01 X97.168887 Y-48.468021 Z0.039216 F1000
G01 X97.23551 Y-48.468021 Z9.372549 F1000
G01 X97.302132 Y-48.468021 Z9.921569 F1000
G01 X97.368754 Y-48.468021 Z9.960784 F1000
G01 X97.435376 Y-48.468021 Z9.960784 F1000
G01 X97.501999 Y-48.468021 Z10 F1000
G01 X99.500666 Y-48.468021 Z10 F1000
G01 X99.500666 Y-48.534644 Z10 F1000
G01 X99.500666 Y-48.601266 Z10 F1000
G01 X99.500666 Y-48.667888 Z10 F1000
G01 X99.500666 Y-48.73451 Z10 F1000
G01 X99.500666 Y-48.801133 Z10 F1000
G01 X99.500666 Y-48.867755 Z10 F1000
G01 X99.500666 Y-48.934377 Z10 F1000
G01 X99.500666 Y-49.000999 Z10 F1000
G01 X97.501999 Y-49.000999 Z10 F1000
G01 X97.435376 Y-49.000999 Z9.960784 F1000
G01 X97.368754 Y-49.000999 Z9.960784 F1000
G01 X97.302132 Y-49.000999 Z9.921569 F1000
G01 X97.23551 Y-49.000999 Z9.372549 F1000
G01 X97.168887 Y-49.000999 Z0.039216 F1000
G01 X97.102265 Y-49.000999 Z0.039216 F1000
G01 X97.035643 Y-49.000999 Z0 F1000
G01 X96.436043 Y-49.000999 Z0 F1000
G01 X96.36942 Y-49.000999 Z0.156863 F1000
G01 X96.302798 Y-49.000999 Z9.843137 F1000
G01 X96.236176 Y-49.000999 Z10 F1000
G01 X3.631246 Y-49.000999 Z10 F1000
G01 X3.564624 Y-49.000999 Z9.843137 F1000
G01 X3.498001 Y-49.000999 Z0.117647 F1000
G01 X3.431379 Y-49.000999 Z0.039216 F1000
G01 X3.298135 Y-49.000999 Z0.039216 F1000
G01 X3.231512 Y-49.000999 Z0 F1000
G01 X2.831779 Y-49.000999 Z0 F1000
G01 X2.765157 Y-49.000999 Z0.039216 F1000
G01 X2.698534 Y-49.000999 Z0.039216 F1000
G01 X2.631912 Y-49.000999 Z9.372549 F1000
G01 X2.56529 Y-49.000999 Z9.921569 F1000
G01 X2.498668 Y-49.000999 Z9.960784 F1000
G01 X2.432045 Y-49.000999 Z9.960784 F1000
G01 X2.365423 Y-49.000999 Z10 F1000
G01 X0.433378 Y-49.000999 Z10 F1000
G01 X0.433378 Y-49.067622 Z10 F1000
G01 X0.433378 Y-49.134244 Z10 F1000
G01 X0.433378 Y-49.200866 Z10 F1000
G01 X0.433378 Y-49.267488 Z10 F1000
G01 X0.433378 Y-49.334111 Z10 F1000
G01 X0.433378 Y-49.400733 Z10 F1000
G01 X0.433378 Y-49.467355 Z10 F1000
G01 X0.433378 Y-49.533977 Z10 F1000
G01 X2.365423 Y-49.533977 Z10 F1000
G01 X2.432045 Y-49.533977 Z9.960784 F1000
G01 X2.498668 Y-49.533977 Z9.960784 F1000
G01 X2.56529 Y-49.533977 Z9.921569 F1000
G01 X2.631912 Y-49.533977 Z9.372549 F1000
G01 X2.698534 Y-49.533977 Z0.039216 F1000
G01 X2.765157 Y-49.533977 Z0.039216 F1000
G01 X2.831779 Y-49.533977 Z0 F1000
G01 X3.231512 Y-49.533977 Z0 F1000
G01 X3.298135 Y-49.533977 Z0.039216 F1000
G01 X3.431379 Y-49.533977 Z0.039216 F1000
G01 X3.498001 Y-49.533977 Z0.117647 F1000
G01 X3.564624 Y-49.533977 Z9.843137 F1000
G01 X3.631246 Y-49.533977 Z10 F1000
G01 X96.236176 Y-49.533977 Z10 F1000
G01 X96.302798 Y-49.533977 Z9.843137 F1000
G01 X96.36942 Y-49.533977 Z0.156863 F1000
G01 X96.436043 Y-49.533977 Z0 F1000
G01 X97.035643 Y-49.533977 Z0 F1000
G01 X97.102265 Y-49.533977 Z0.039216 F1000
G01 X97.168887 Y-49.533977 Z0.039216 F1000
G01 X97.23551 Y-49.533977 Z9.372549 F1000
G01 X97.302132 Y-49.533977 Z9.921569 F1000
G01 X97.368754 Y-49.533977 Z9.960784 F1000
G01 X97.435376 Y-49.533977 Z9.960784 F1000
G01 X97.501999 Y-49.533977 Z10 F1000
G01 X99.500666 Y-49.533977 Z10 F1000
G01 X99.500666 Y-49.6006 Z10 F1000
G01 X99.500666 Y-49.667222 Z10 F1000
G01 X99.500666 Y-49.733844 Z10 F1000
G01 X99.500666 Y-49.800466 Z10 F1000
G01 X99.500666 Y-49.867089 Z10 F1000
G01 X99.500666 Y-49.933711 Z10 F1000
G01 X99.500666 Y-50.000333 Z10 F1000
G01 X99.500666 Y-50.066955 Z10 F1000
G01 X97.501999 Y-50.066955 Z10 F1000
G01 X97.435376 Y-50.066955 Z9.960784 F1000
G01 X97.368754 Y-50.066955 Z9.960784 F1000
G01 X97.302132 Y-50.066955 Z9.921569 F1000
G01 X97.23551 Y-50.066955 Z9.372549 F1000
G01 X97.168887 Y-50.066955 Z0.039216 F1000
G01 X97.102265 Y-50.066955 Z0.039216 F1000
G01 X97.035643 Y-50.066955 Z0 F1000
G01 X96.436043 Y-50.066955 Z0 F1000
G01 X96.36942 Y-50.066955 Z0.156863 F1000
G01 X96.302798 Y-50.066955 Z9.843137 F1000
G01 X96.236176 Y-50.066955 Z10 F1000
G01 X3.631246 Y-50.066955 Z10 F1000
G01 X3.564624 Y-50.066955 Z9.843137 F1000
G01 X3.498001 Y-50.066955 Z0.117647 F1000
G01 X3.431379 Y-50.066955 Z0.039216 F1000
G01 X3.298135 Y-50.066955 Z0.039216 F1000
G01 X3.231512 Y-50.066955 Z0 F1000
G01 X2.831779 Y-50.066955 Z0 F1000
G01 X2.765157 Y-50.066955 Z0.039216 F1000
G01 X2.698534 Y-50.066955 Z0.039216 F1000
G01 X2.631912 Y-50.066955 Z9.372549 F1000
G01 X2.56529 Y-50.066955 Z9.921569 F1000
G01 X2.498668 Y-50.066955 Z9.960784 F1000
G01 X2.432045 Y-50.066955 Z9.960784 F1000
G01 X2.365423 Y-50.066955 Z10 F1000
G01 X0.433378 Y-50.066955 Z10 F1000
G01 X0.433378 Y-50.133578 Z10 F1000
G01 X0.433378 Y-50.2002 Z10 F1000
G01 X0.433378 Y-50.266822 Z10 F1000
G01 X0.433378 Y-50.333444 Z10 F1000
G01 X0.433378 Y-50.400067 Z10 F1000
G01 X0.433378 Y-50.466689 Z10 F1000
G01 X0.433378 Y-50.533311 Z10 F1000
G01 X0.433378 Y-50.599933 Z10 F1000
G01 X2.365423 Y-50.599933 Z10 F1000
G01 X2.432045 Y-50.599933 Z9.960784 F1000
G01 X2.498668 Y-50.599933 Z9.960784 F1000
G01 X2.56529 Y-50.599933 Z9.921569 F1000
G01 X2.631912 Y-50.599933 Z9.372549 F1000
G01 X2.698534 Y-50.599933 Z0.039216 F1000
G01 X2.765157 Y-50.599933 Z0.039216 F1000
G01 X2.831779 Y-50.599933 Z0 F1000
G01 X3.231512 Y-50.599933 Z0 F1000
G01 X3.298135 Y-50.599933 Z0.039216 F1000
G01 X3.431379 Y-50.599933 Z0.039216 F1000
G01 X3.498001 Y-50.599933 Z0.117647 F1000
G01 X3.564624 Y-50.599933 Z9.843137 F1000
G01 X3.631246 Y-50.599933 Z10 F1000
G01 X55.996336 Y-50.599933 Z10 F1000
G01 X56.062958 Y-50.599933 Z9.960784 F1000
G01 X56.595936 Y-50.599933 Z9.960784 F1000
G01 X56.662558 Y-50.599933 Z9.921569 F1000
G01 X58.527981 Y-50.599933 Z9.921569 F1000
G01 X58.594604 Y-50.599933 Z9.960784 F1000
G01 X58.661226 Y-50.599933 Z10 F1000
G01 X96.236176 Y-50.599933 Z10 F1000
G01 X96.302798 Y-50.599933 Z9.843137 F1000
G01 X96.36942 Y-50.599933 Z0.156863 F1000
G01 X96.436043 Y-50.599933 Z0 F1000
G01 X97.035643 Y-50.599933 Z0 F1000
G01 X97.102265 Y-50.599933 Z0.039216 F1000
G01 X97.168887 Y-50.599933 Z0.039216 F1000
G01 X97.23551 Y-50.599933 Z9.372549 F1000
G01 X97.302132 Y-50.599933 Z9.921569 F1000
G01 X97.368754 Y-50.599933 Z9.960784 F1000
G01 X97.435376 Y-50.599933 Z9.960784 F1000
G01 X97.501999 Y-50.599933 Z10 F1000
G01 X99.500666 Y-50.599933 Z10 F1000
G01 X99.500666 Y-50.666556 Z10 F1000
G01 X99.500666 Y-50.733178 Z10 F1000
G01 X99.500666 Y-50.7998 Z10 F1000
G01 X99.500666 Y-50.866422 Z10 F1000
G01 X99.500666 Y-50.933045 Z10 F1000
G01 X99.500666 Y-50.999667 Z10 F1000
G01 X99.500666 Y-51.066289 Z10 F1000
G01 X99.500666 Y-51.132911 Z10 F1000
G01 X97.501999 Y-51.132911 Z10 F1000
G01 X97.435376 Y-51.132911 Z9.960784 F1000
G01 X97.368754 Y-51.132911 Z9.960784 F1000
G01 X97.302132 Y-51.132911 Z9.921569 F1000
G01 X97.23551 Y-51.132911 Z9.372549 F1000
G01 X97.168887 Y-51.132911 Z0.745098 F1000
G01 X96.635909 Y-51.132911 Z0.745098 F1000
G01 X96.569287 Y-51.132911 Z0.705882 F1000
G01 X96.502665 Y-51.132911 Z0.666667 F1000
G01 X96.436043 Y-51.132911 Z0.627451 F1000
G01 X96.36942 Y-51.132911 Z0.627451 F1000
G01 X96.302798 Y-51.132911 Z9.843137 F1000
G01 X96.236176 Y-51.132911 Z10 F1000
G01 X58.79447 Y-51.132911 Z10 F1000
G01 X58.727848 Y-51.132911 Z9.960784 F1000
G01 X58.661226 Y-51.132911 Z9.921569 F1000
G01 X55.130247 Y-51.132911 Z9.921569 F1000
G01 X55.063624 Y-51.132911 Z9.960784 F1000
G01 X54.997002 Y-51.132911 Z9.960784 F1000
G01 X54.93038 Y-51.132911 Z10 F1000
G01 X3.631246 Y-51.132911 Z10 F1000
G01 X3.564624 Y-51.132911 Z9.843137 F1000
G01 X3.498001 Y-51.132911 Z0.117647 F1000
G01 X3.431379 Y-51.132911 Z0.039216 F1000
G01 X3.298135 Y-51.132911 Z0.039216 F1000
G01 X3.231512 Y-51.132911 Z0 F1000
G01 X2.831779 Y-51.132911 Z0 F1000
G01 X2.765157 Y-51.132911 Z0.039216 F1000
G01 X2.698534 Y-51.132911 Z0.039216 F1000
G01 X2.631912 Y-51.132911 Z9.372549 F1000
G01 X2.56529 Y-51.132911 Z9.921569 F1000
G01 X2.498668 Y-51.132911 Z9.960784 F1000
G01 X2.432045 Y-51.132911 Z9.960784 F1000
G01 X2.365423 Y-51.132911 Z10 F1000
G01 X0.433378 Y-51.132911 Z10 F1000
G01 X0.433378 Y-51.199534 Z10 F1000
G01 X0.433378 Y-51.266156 Z10 F1000
G01 X0.433378 Y-51.332778 Z10 F1000
G01 X0.433378 Y-51.3994 Z10 F1000
G01 X0.433378 Y-51.466023 Z10 F1000
G01 X0.433378 Y-51.532645 Z10 F1000
G01 X0.433378 Y-51.599267 Z10 F1000
G01 X0.433378 Y-51.665889 Z10 F1000
G01 X2.365423 Y-51.665889 Z10 F1000
G01 X2.432045 Y-51.665889 Z9.960784 F1000
G01 X2.498668 Y-51.665889 Z9.960784 F1000
G01 X2.56529 Y-51.665889 Z9.921569 F1000
G01 X2.631912 Y-51.665889 Z9.372549 F1000
G01 X2.698534 Y-51.665889 Z0.039216 F1000
G01 X2.765157 Y-51.665889 Z0.039216 F1000
G01 X2.831779 Y-51.665889 Z0 F1000
G01 X3.231512 Y-51.665889 Z0 F1000
G01 X3.298135 Y-51.665889 Z0.039216 F1000
G01 X3.431379 Y-51.665889 Z0.039216 F1000
G01 X3.498001 Y-51.665889 Z0.117647 F1000
G01 X3.564624 Y-51.665889 Z9.843137 F1000
G01 X3.631246 Y-51.665889 Z10 F1000
G01 X55.663225 Y-51.665889 Z10 F1000
G01 X55.729847 Y-51.665889 Z9.960784 F1000
G01 X55.796469 Y-51.665889 Z9.960784 F1000
G01 X55.863091 Y-51.665889 Z9.921569 F1000
G01 X58.861093 Y-51.665889 Z9.921569 F1000
G01 X58.927715 Y-51.665889 Z9.960784 F1000
G01 X58.994337 Y-51.665889 Z10 F1000
G01 X96.236176 Y-51.665889 Z10 F1000
G01 X96.302798 Y-51.665889 Z9.843137 F1000
G01 X96.36942 Y-51.665889 Z1.058824 F1000
G01 X96.436043 Y-51.665889 Z1.137255 F1000
G01 X96.502665 Y-51.665889 Z1.137255 F1000
G01 X96.569287 Y-51.665889 Z1.294118 F1000
G01 X97.168887 Y-51.665889 Z1.294118 F1000
G01 X97.23551 Y-51.665889 Z9.411765 F1000
G01 X97.302132 Y-51.665889 Z9.921569 F1000
G01 X97.368754 Y-51.665889 Z10 F1000
G01 X99.500666 Y-51.665889 Z10 F1000
G01 X99.500666 Y-51.732512 Z10 F1000
G01 X99.500666 Y-51.799134 Z10 F1000
G01 X99.500666 Y-51.865756 Z10 F1000
G01 X99.500666 Y-51.932378 Z10 F1000
G01 X99.500666 Y-51.999001 Z10 F1000
G01 X99.500666 Y-52.065623 Z10 F1000
G01 X99.500666 Y-52.132245 Z10 F1000
G01 X99.500666 Y-52.198867 Z10 F1000
G01 X97.368754 Y-52.198867 Z10 F1000
G01 X97.302132 Y-52.198867 Z9.921569 F1000
G01 X97.23551 Y-52.198867 Z9.411765 F1000
G01 X97.168887 Y-52.198867 Z1.294118 F1000
G01 X96.569287 Y-52.198867 Z1.294118 F1000
G01 X96.502665 Y-52.198867 Z1.137255 F1000
G01 X96.436043 Y-52.198867 Z1.137255 F1000
G01 X96.36942 Y-52.198867 Z1.058824 F1000
G01 X96.302798 Y-52.198867 Z9.843137 F1000
G01 X96.236176 Y-52.198867 Z10 F1000
G01 X59.194204 Y-52.198867 Z10 F1000
G01 X59.127582 Y-52.198867 Z9.960784 F1000
G01 X58.79447 Y-52.198867 Z9.960784 F1000
G01 X58.727848 Y-52.198867 Z9.921569 F1000
G01 X56.529314 Y-52.198867 Z9.921569 F1000
G01 X56.462692 Y-52.198867 Z9.960784 F1000
G01 X56.396069 Y-52.198867 Z10 F1000
G01 X3.631246 Y-52.198867 Z10 F1000
G01 X3.564624 Y-52.198867 Z9.843137 F1000
G01 X3.498001 Y-52.198867 Z0.117647 F1000
G01 X3.431379 Y-52.198867 Z0.039216 F1000
G01 X3.298135 Y-52.198867 Z0.039216 F1000
G01 X3.231512 Y-52.198867 Z0 F1000
G01 X2.831779 Y-52.198867 Z0 F1000
G01 X2.765157 Y-52.198867 Z0.039216 F1000
G01 X2.698534 Y-52.198867 Z0.039216 F1000
G01 X2.631912 Y-52.198867 Z9.372549 F1000
G01 X2.56529 Y-52.198867 Z9.921569 F1000
G01 X2.498668 Y-52.198867 Z9.960784 F1000
G01 X2.432045 Y-52.198867 Z9.960784 F1000
G01 X2.365423 Y-52.198867 Z10 F1000
G01 X0.433378 Y-52.198867 Z10 F1000
G01 X0.433378 Y-52.26549 Z10 F1000
G01 X0.433378 Y-52.332112 Z10 F1000
G01 X0.433378 Y-52.398734 Z10 F1000
G01 X0.433378 Y-52.465356 Z10 F1000
G01 X0.433378 Y-52.531979 Z10 F1000
G01 X0.433378 Y-52.598601 Z10 F1000
G01 X0.433378 Y-52.665223 Z10 F1000
G01 X0.433378 Y-52.731845 Z10 F1000
G01 X2.365423 Y-52.731845 Z10 F1000
G01 X2.432045 Y-52.731845 Z9.960784 F1000
G01 X2.498668 Y-52.731845 Z9.960784 F1000
G01 X2.56529 Y-52.731845 Z9.921569 F1000
G01 X2.631912 Y-52.731845 Z9.372549 F1000
G01 X2.698534 Y-52.731845 Z0.039216 F1000
G01 X2.765157 Y-52.731845 Z0.039216 F1000
G01 X2.831779 Y-52.731845 Z0 F1000
G01 X3.231512 Y-52.731845 Z0 F1000
G01 X3.298135 Y-52.731845 Z0.039216 F1000
G01 X3.431379 Y-52.731845 Z0.039216 F1000
G01 X3.498001 Y-52.731845 Z0.117647 F1000
G01 X3.564624 Y-52.731845 Z9.843137 F1000
G01 X3.631246 Y-52.731845 Z10 F1000
G01 X56.396069 Y-52.731845 Z10 F1000
G01 X56.462692 Y-52.731845 Z9.960784 F1000
G01 X56.529314 Y-52.731845 Z9.921569 F1000
G01 X58.727848 Y-52.731845 Z9.921569 F1000
G01 X58.79447 Y-52.731845 Z9.960784 F1000
G01 X59.260826 Y-52.731845 Z9.960784 F1000
G01 X59.327448 Y-52.731845 Z10 F1000
G01 X96.236176 Y-52.731845 Z10 F1000
G01 X96.302798 Y-52.731845 Z9.843137 F1000
G01 X96.36942 Y-52.731845 Z1.019608 F1000
G01 X97.168887 Y-52.731845 Z1.019608 F1000
G01 X97.23551 Y-52.731845 Z9.372549 F1000
G01 X97.302132 Y-52.731845 Z9.921569 F1000
G01 X97.368754 Y-52.731845 Z9.960784 F1000
G01 X97.435376 Y-52.731845 Z9.960784 F1000
G01 X97.501999 Y-52.731845 Z10 F1000
G01 X99.500666 Y-52.731845 Z10 F1000
G01 X99.500666 Y-52.798468 Z10 F1000
G01 X99.500666 Y-52.86509 Z10 F1000
G01 X99.500666 Y-52.931712 Z10 F1000
G01 X99.500666 Y-52.998334 Z10 F1000
G01 X99.500666 Y-53.064957 Z10 F1000
G01 X99.500666 Y-53.131579 Z10 F1000
G01 X99.500666 Y-53.198201 Z10 F1000
G01 X99.500666 Y-53.264823 Z10 F1000
G01 X97.501999 Y-53.264823 Z10 F1000
G01 X97.435376 Y-53.264823 Z9.960784 F1000
G01 X97.368754 Y-53.264823 Z9.960784 F1000
G01 X97.302132 Y-53.264823 Z9.921569 F1000
G01 X97.23551 Y-53.264823 Z9.372549 F1000
G01 X97.168887 Y-53.264823 Z1.019608 F1000
G01 X96.36942 Y-53.264823 Z1.019608 F1000
G01 X96.302798 Y-53.264823 Z9.843137 F1000
G01 X96.236176 Y-53.264823 Z10 F1000
G01 X59.527315 Y-53.264823 Z10 F1000
G01 X59.460693 Y-53.264823 Z9.960784 F1000
G01 X59.394071 Y-53.264823 Z9.921569 F1000
G01 X58.861093 Y-53.264823 Z9.921569 F1000
G01 X58.79447 Y-53.264823 Z9.960784 F1000
G01 X58.727848 Y-53.264823 Z9.960784 F1000
G01 X58.661226 Y-53.264823 Z10 F1000
G01 X57.195536 Y-53.264823 Z10 F1000
G01 X57.128914 Y-53.264823 Z9.960784 F1000
G01 X57.062292 Y-53.264823 Z9.960784 F1000
G01 X56.99567 Y-53.264823 Z9.921569 F1000
G01 X56.462692 Y-53.264823 Z9.921569 F1000
G01 X56.396069 Y-53.264823 Z9.960784 F1000
G01 X56.262825 Y-53.264823 Z9.960784 F1000
G01 X56.196203 Y-53.264823 Z10 F1000
G01 X3.631246 Y-53.264823 Z10 F1000
G01 X3.564624 Y-53.264823 Z9.843137 F1000
G01 X3.498001 Y-53.264823 Z0.117647 F1000
G01 X3.431379 Y-53.264823 Z0.039216 F1000
G01 X2.698534 Y-53.264823 Z0.039216 F1000
G01 X2.631912 Y-53.264823 Z9.411765 F1000
G01 X2.56529 Y-53.264823 Z10 F1000
G01 X0.433378 Y-53.264823 Z10 F1000
G01 X0.433378 Y-53.331446 Z10 F1000
G01 X0.433378 Y-53.398068 Z10 F1000
G01 X0.433378 Y-53.46469 Z10 F1000
G01 X0.433378 Y-53.531312 Z10 F1000
G01 X0.433378 Y-53.597935 Z10 F1000
G01 X0.433378 Y-53.664557 Z10 F1000
G01 X0.433378 Y-53.731179 Z10 F1000
G01 X0.433378 Y-53.797801 Z10 F1000
G01 X2.56529 Y-53.797801 Z10 F1000
G01 X2.631912 Y-53.797801 Z9.45098 F1000
G01 X2.698534 Y-53.797801 Z1.058824 F1000
G01 X3.364757 Y-53.797801 Z1.058824 F1000
G01 X3.431379 Y-53.797801 Z1.019608 F1000
G01 X3.498001 Y-53.797801 Z0.862745 F1000
G01 X3.564624 Y-53.797801 Z9.882353 F1000
G01 X3.631246 Y-53.797801 Z10 F1000
G01 X55.796469 Y-53.797801 Z10 F1000
G01 X55.863091 Y-53.797801 Z9.960784 F1000
G01 X55.929714 Y-53.797801 Z9.921569 F1000
G01 X56.795803 Y-53.797801 Z9.921569 F1000
G01 X56.862425 Y-53.797801 Z9.960784 F1000
G01 X56.929047 Y-53.797801 Z10 F1000
G01 X59.394071 Y-53.797801 Z10 F1000
G01 X59.460693 Y-53.797801 Z9.960784 F1000
G01 X59.593937 Y-53.797801 Z9.960784 F1000
G01 X59.66056 Y-53.797801 Z10 F1000
G01 X96.236176 Y-53.797801 Z10 F1000
G01 X96.302798 Y-53.797801 Z9.843137 F1000
G01 X96.36942 Y-53.797801 Z1.019608 F1000
G01 X97.168887 Y-53.797801 Z1.019608 F1000
G01 X97.23551 Y-53.797801 Z9.372549 F1000
G01 X97.302132 Y-53.797801 Z9.921569 F1000
G01 X97.368754 Y-53.797801 Z9.960784 F1000
G01 X97.435376 Y-53.797801 Z9.960784 F1000
G01 X97.501999 Y-53.797801 Z10 F1000
G01 X99.500666 Y-53.797801 Z10 F1000
G01 X99.500666 Y-53.864424 Z10 F1000
G01 X99.500666 Y-53.931046 Z10 F1000
G01 X99.500666 Y-53.997668 Z10 F1000
G01 X99.500666 Y-54.06429 Z10 F1000
G01 X99.500666 Y-54.130913 Z10 F1000
G01 X99.500666 Y-54.197535 Z10 F1000
G01 X99.500666 Y-54.264157 Z10 F1000
G01 X99.500666 Y-54.330779 Z10 F1000
G01 X97.501999 Y-54.330779 Z10 F1000
G01 X97.435376 Y-54.330779 Z9.960784 F1000
G01 X97.368754 Y-54.330779 Z9.960784 F1000
G01 X97.302132 Y-54.330779 Z9.921569 F1000
G01 X97.23551 Y-54.330779 Z9.372549 F1000
G01 X97.168887 Y-54.330779 Z1.019608 F1000
G01 X96.36942 Y-54.330779 Z1.019608 F1000
G01 X96.302798 Y-54.330779 Z9.843137 F1000
G01 X96.236176 Y-54.330779 Z10 F1000
G01 X56.595936 Y-54.330779 Z10 F1000
G01 X56.529314 Y-54.330779 Z9.960784 F1000
G01 X56.462692 Y-54.330779 Z9.921569 F1000
G01 X55.796469 Y-54.330779 Z9.921569 F1000
G01 X55.729847 Y-54.330779 Z9.960784 F1000
G01 X55.663225 Y-54.330779 Z9.960784 F1000
G01 X55.596602 Y-54.330779 Z10 F1000
G01 X3.631246 Y-54.330779 Z10 F1000
G01 X3.564624 Y-54.330779 Z9.921569 F1000
G01 X3.498001 Y-54.330779 Z1.098039 F1000
G01 X2.698534 Y-54.330779 Z1.098039 F1000
G01 X2.631912 Y-54.330779 Z9.45098 F1000
G01 X2.56529 Y-54.330779 Z9.960784 F1000
G01 X2.432045 Y-54.330779 Z9.960784 F1000
G01 X2.365423 Y-54.330779 Z10 F1000
G01 X0.433378 Y-54.330779 Z10 F1000
G01 X0.433378 Y-54.397402 Z10 F1000
G01 X0.433378 Y-54.464024 Z10 F1000
G01 X0.433378 Y-54.530646 Z10 F1000
G01 X0.433378 Y-54.597268 Z10 F1000
G01 X0.433378 Y-54.663891 Z10 F1000
G01 X0.433378 Y-54.730513 Z10 F1000
G01 X0.433378 Y-54.797135 Z10 F1000
G01 X0.433378 Y-54.863757 Z10 F1000
G01 X2.56529 Y-54.863757 Z10 F1000
G01 X2.631912 Y-54.863757 Z9.372549 F1000
G01 X2.698534 Y-54.863757 Z1.137255 F1000
G01 X3.498001 Y-54.863757 Z1.137255 F1000
G01 X3.564624 Y-54.863757 Z10 F1000
G01 X36.409394 Y-54.863757 Z10 F1000
G01 X36.476016 Y-54.863757 Z9.960784 F1000
G01 X36.542638 Y-54.863757 Z10 F1000
G01 X55.196869 Y-54.863757 Z10 F1000
G01 X55.263491 Y-54.863757 Z9.960784 F1000
G01 X55.330113 Y-54.863757 Z9.960784 F1000
G01 X55.396736 Y-54.863757 Z9.921569 F1000
G01 X55.996336 Y-54.863757 Z9.921569 F1000
G01 X56.062958 Y-54.863757 Z9.960784 F1000
G01 X56.12958 Y-54.863757 Z9.960784 F1000
G01 X56.196203 Y-54.863757 Z10 F1000
G01 X96.236176 Y-54.863757 Z10 F1000
G01 X96.302798 Y-54.863757 Z9.843137 F1000
G01 X96.36942 Y-54.863757 Z1.019608 F1000
G01 X97.168887 Y-54.863757 Z1.019608 F1000
G01 X97.23551 Y-54.863757 Z9.372549 F1000
G01 X97.302132 Y-54.863757 Z9.921569 F1000
G01 X97.368754 Y-54.863757 Z9.960784 F1000
G01 X97.435376 Y-54.863757 Z9.960784 F1000
G01 X97.501999 Y-54.863757 Z10 F1000
G01 X99.500666 Y-54.863757 Z10 F1000
G01 X99.500666 Y-54.93038 Z10 F1000
G01 X99.500666 Y-54.997002 Z10 F1000
G01 X99.500666 Y-55.063624 Z10 F1000
G01 X99.500666 Y-55.130247 Z10 F1000
G01 X99.500666 Y-55.196869 Z10 F1000
G01 X99.500666 Y-55.263491 Z10 F1000
G01 X99.500666 Y-55.330113 Z10 F1000
G01 X99.500666 Y-55.396736 Z10 F1000
G01 X97.435376 Y-55.396736 Z10 F1000
G01 X97.368754 Y-55.396736 Z9.960784 F1000
G01 X97.302132 Y-55.396736 Z9.960784 F1000
G01 X97.23551 Y-55.396736 Z9.372549 F1000
G01 X97.168887 Y-55.396736 Z1.019608 F1000
G01 X96.36942 Y-55.396736 Z1.019608 F1000
G01 X96.302798 Y-55.396736 Z9.843137 F1000
G01 X96.236176 Y-55.396736 Z10 F1000
G01 X81.046302 Y-55.396736 Z10 F1000
G01 X80.97968 Y-55.396736 Z9.960784 F1000
G01 X80.913058 Y-55.396736 Z10 F1000
G01 X64.257495 Y-55.396736 Z10 F1000
G01 X64.190873 Y-55.396736 Z9.960784 F1000
G01 X64.12425 Y-55.396736 Z10 F1000
G01 X55.996336 Y-55.396736 Z10 F1000
G01 X55.929714 Y-55.396736 Z9.960784 F1000
G01 X55.863091 Y-55.396736 Z9.921569 F1000
G01 X55.130247 Y-55.396736 Z9.921569 F1000
G01 X55.063624 Y-55.396736 Z9.960784 F1000
G01 X54.997002 Y-55.396736 Z9.960784 F1000
G01 X54.93038 Y-55.396736 Z10 F1000
G01 X18.488008 Y-55.396736 Z10 F1000
G01 X18.421386 Y-55.396736 Z9.960784 F1000
G01 X18.354763 Y-55.396736 Z10 F1000
G01 X3.564624 Y-55.396736 Z10 F1000
G01 X3.498001 Y-55.396736 Z1.215686 F1000
G01 X2.698534 Y-55.396736 Z1.215686 F1000
G01 X2.631912 Y-55.396736 Z9.372549 F1000
G01 X2.56529 Y-55.396736 Z10 F1000
G01 X0.433378 Y-55.396736 Z10 F1000
G01 X0.433378 Y-55.463358 Z10 F1000
G01 X0.433378 Y-55.52998 Z10 F1000
G01 X0.433378 Y-55.596602 Z10 F1000
G01 X0.433378 Y-55.663225 Z10 F1000
G01 X0.433378 Y-55.729847 Z10 F1000
G01 X0.433378 Y-55.796469 Z10 F1000
G01 X0.433378 Y-55.863091 Z10 F1000
G01 X0.433378 Y-55.929714 Z10 F1000
G01 X2.498668 Y-55.929714 Z10 F1000
G01 X2.56529 Y-55.929714 Z9.960784 F1000
G01 X2.631912 Y-55.929714 Z9.372549 F1000
G01 X2.698534 Y-55.929714 Z1.215686 F1000
G01 X3.498001 Y-55.929714 Z1.215686 F1000
G01 X3.564624 Y-55.929714 Z10 F1000
G01 X18.354763 Y-55.929714 Z10 F1000
G01 X18.421386 Y-55.929714 Z9.960784 F1000
G01 X18.488008 Y-55.929714 Z10 F1000
G01 X21.552632 Y-55.929714 Z10 F1000
G01 X21.619254 Y-55.929714 Z9.960784 F1000
G01 X21.685876 Y-55.929714 Z10 F1000
G01 X54.530646 Y-55.929714 Z10 F1000
G01 X54.597268 Y-55.929714 Z9.960784 F1000
G01 X54.797135 Y-55.929714 Z9.960784 F1000
G01 X54.863757 Y-55.929714 Z9.921569 F1000
G01 X55.396736 Y-55.929714 Z9.921569 F1000
G01 X55.463358 Y-55.929714 Z9.960784 F1000
G01 X55.596602 Y-55.929714 Z9.960784 F1000
G01 X55.663225 Y-55.929714 Z10 F1000
G01 X64.12425 Y-55.929714 Z10 F1000
G01 X64.190873 Y-55.929714 Z9.960784 F1000
G01 X64.257495 Y-55.929714 Z10 F1000
G01 X80.913058 Y-55.929714 Z10 F1000
G01 X80.97968 Y-55.929714 Z9.960784 F1000
G01 X81.046302 Y-55.929714 Z10 F1000
G01 X96.236176 Y-55.929714 Z10 F1000
G01 X96.302798 Y-55.929714 Z9.843137 F1000
G01 X96.36942 Y-55.929714 Z1.019608 F1000
G01 X97.168887 Y-55.929714 Z1.019608 F1000
G01 X97.23551 Y-55.929714 Z9.333333 F1000
G01 X97.302132 Y-55.929714 Z9.960784 F1000
G01 X97.368754 Y-55.929714 Z10 F1000
G01 X99.500666 Y-55.929714 Z10 F1000
G01 X99.500666 Y-55.996336 Z10 F1000
G01 X99.500666 Y-56.062958 Z10 F1000
G01 X99.500666 Y-56.12958 Z10 F1000
G01 X99.500666 Y-56.196203 Z10 F1000
G01 X99.500666 Y-56.262825 Z10 F1000
G01 X99.500666 Y-56.329447 Z10 F1000
G01 X99.500666 Y-56.396069 Z10 F1000
G01 X99.500666 Y-56.462692 Z10 F1000
G01 X97.302132 Y-56.462692 Z10 F1000
G01 X97.23551 Y-56.462692 Z9.254902 F1000
G01 X97.168887 Y-56.462692 Z1.098039 F1000
G01 X97.102265 Y-56.462692 Z1.098039 F1000
G01 X97.035643 Y-56.462692 Z1.058824 F1000
G01 X96.969021 Y-56.462692 Z1.058824 F1000
G01 X96.902398 Y-56.462692 Z1.019608 F1000
G01 X96.36942 Y-56.462692 Z1.019608 F1000
G01 X96.302798 Y-56.462692 Z9.843137 F1000
G01 X96.236176 Y-56.462692 Z10 F1000
G01 X93.238175 Y-56.462692 Z10 F1000
G01 X93.171552 Y-56.462692 Z9.960784 F1000
G01 X93.038308 Y-56.462692 Z9.960784 F1000
G01 X92.971686 Y-56.462692 Z10 F1000
G01 X81.046302 Y-56.462692 Z10 F1000
G01 X80.97968 Y-56.462692 Z9.960784 F1000
G01 X80.913058 Y-56.462692 Z10 F1000
G01 X64.257495 Y-56.462692 Z10 F1000
G01 X64.190873 Y-56.462692 Z9.960784 F1000
G01 X64.12425 Y-56.462692 Z10 F1000
G01 X55.463358 Y-56.462692 Z10 F1000
G01 X55.396736 Y-56.462692 Z9.960784 F1000
G01 X55.330113 Y-56.462692 Z9.960784 F1000
G01 X55.263491 Y-56.462692 Z9.921569 F1000
G01 X54.464024 Y-56.462692 Z9.921569 F1000
G01 X54.397402 Y-56.462692 Z9.960784 F1000
G01 X54.197535 Y-56.462692 Z9.960784 F1000
G01 X54.130913 Y-56.462692 Z10 F1000
G01 X21.685876 Y-56.462692 Z10 F1000
G01 X21.619254 Y-56.462692 Z9.960784 F1000
G01 X21.552632 Y-56.462692 Z10 F1000
G01 X18.488008 Y-56.462692 Z10 F1000
G01 X18.421386 Y-56.462692 Z9.960784 F1000
G01 X18.354763 Y-56.462692 Z10 F1000
G01 X6.229514 Y-56.462692 Z10 F1000
G01 X6.162891 Y-56.462692 Z9.960784 F1000
G01 X6.096269 Y-56.462692 Z10 F1000
G01 X3.564624 Y-56.462692 Z10 F1000
G01 X3.498001 Y-56.462692 Z1.098039 F1000
G01 X2.698534 Y-56.462692 Z1.098039 F1000
G01 X2.631912 Y-56.462692 Z9.333333 F1000
G01 X2.56529 Y-56.462692 Z9.960784 F1000
G01 X2.498668 Y-56.462692 Z9.960784 F1000
G01 X2.432045 Y-56.462692 Z10 F1000
G01 X0.433378 Y-56.462692 Z10 F1000
G01 X0.433378 Y-56.529314 Z10 F1000
G01 X0.433378 Y-56.595936 Z10 F1000
G01 X0.433378 Y-56.662558 Z10 F1000
G01 X0.433378 Y-56.729181 Z10 F1000
G01 X0.433378 Y-56.795803 Z10 F1000
G01 X0.433378 Y-56.862425 Z10 F1000
G01 X0.433378 Y-56.929047 Z10 F1000
G01 X0.433378 Y-56.99567 Z10 F1000
G01 X2.56529 Y-56.99567 Z10 F1000
G01 X2.631912 Y-56.99567 Z9.333333 F1000
G01 X2.698534 Y-56.99567 Z1.058824 F1000
G01 X3.498001 Y-56.99567 Z1.058824 F1000
G01 X3.564624 Y-56.99567 Z10 F1000
G01 X6.096269 Y-56.99567 Z10 F1000
G01 X6.162891 Y-56.99567 Z9.960784 F1000
G01 X6.229514 Y-56.99567 Z10 F1000
G01 X18.354763 Y-56.99567 Z10 F1000
G01 X18.421386 Y-56.99567 Z9.960784 F1000
G01 X18.488008 Y-56.99567 Z10 F1000
G01 X21.552632 Y-56.99567 Z10 F1000
G01 X21.619254 Y-56.99567 Z9.960784 F1000
G01 X21.685876 Y-56.99567 Z10 F1000
G01 X53.931046 Y-56.99567 Z10 F1000
G01 X53.997668 Y-56.99567 Z9.960784 F1000
G01 X54.06429 Y-56.99567 Z9.960784 F1000
G01 X54.130913 Y-56.99567 Z9.921569 F1000
G01 X55.263491 Y-56.99567 Z9.921569 F1000
G01 X55.330113 Y-56.99567 Z9.960784 F1000
G01 X55.396736 Y-56.99567 Z9.960784 F1000
G01 X55.463358 Y-56.99567 Z10 F1000
G01 X64.12425 Y-56.99567 Z10 F1000
G01 X64.190873 Y-56.99567 Z9.960784 F1000
G01 X64.257495 Y-56.99567 Z10 F1000
G01 X80.913058 Y-56.99567 Z10 F1000
G01 X80.97968 Y-56.99567 Z9.960784 F1000
G01 X81.046302 Y-56.99567 Z10 F1000
G01 X92.971686 Y-56.99567 Z10 F1000
G01 X93.038308 Y-56.99567 Z9.960784 F1000
G01 X93.171552 Y-56.99567 Z9.960784 F1000
G01 X93.238175 Y-56.99567 Z10 F1000
G01 X96.236176 Y-56.99567 Z10 F1000
G01 X96.302798 Y-56.99567 Z9.843137 F1000
G01 X96.36942 Y-56.99567 Z1.019608 F1000
G01 X96.835776 Y-56.99567 Z1.019608 F1000
G01 X96.902398 Y-56.99567 Z1.098039 F1000
G01 X97.168887 Y-56.99567 Z1.098039 F1000
G01 X97.23551 Y-56.99567 Z9.294118 F1000
G01 X97.302132 Y-56.99567 Z10 F1000
G01 X99.500666 Y-56.99567 Z10 F1000
G01 X99.500666 Y-57.062292 Z10 F1000
G01 X99.500666 Y-57.128914 Z10 F1000
G01 X99.500666 Y-57.195536 Z10 F1000
G01 X99.500666 Y-57.262159 Z10 F1000
G01 X99.500666 Y-57.328781 Z10 F1000
G01 X99.500666 Y-57.395403 Z10 F1000
G01 X99.500666 Y-57.462025 Z10 F1000
G01 X99.500666 Y-57.528648 Z10 F1000
G01 X97.302132 Y-57.528648 Z10 F1000
G01 X97.23551 Y-57.528648 Z9.294118 F1000
G01 X97.168887 Y-57.528648 Z1.098039 F1000
G01 X96.902398 Y-57.528648 Z1.098039 F1000
G01 X96.835776 Y-57.528648 Z1.019608 F1000
G01 X96.36942 Y-57.528648 Z1.019608 F1000
G01 X96.302798 Y-57.528648 Z9.843137 F1000
G01 X96.236176 Y-57.528648 Z10 F1000
G01 X93.238175 Y-57.528648 Z10 F1000
G01 X93.171552 Y-57.528648 Z9.960784 F1000
G01 X93.038308 Y-57.528648 Z9.960784 F1000
G01 X92.971686 Y-57.528648 Z10 F1000
G01 X81.046302 Y-57.528648 Z10 F1000
G01 X80.97968 Y-57.528648 Z9.960784 F1000
G01 X80.913058 Y-57.528648 Z10 F1000
G01 X64.257495 Y-57.528648 Z10 F1000
G01 X64.190873 Y-57.528648 Z9.960784 F1000
G01 X64.12425 Y-57.528648 Z10 F1000
G01 X60.26016 Y-57.528648 Z10 F1000
G01 X60.193538 Y-57.528648 Z9.960784 F1000
G01 X60.126915 Y-57.528648 Z9.960784 F1000
G01 X60.060293 Y-57.528648 Z9.921569 F1000
G01 X53.797801 Y-57.528648 Z9.921569 F1000
G01 X53.731179 Y-57.528648 Z9.960784 F1000
G01 X53.664557 Y-57.528648 Z9.960784 F1000
G01 X53.597935 Y-57.528648 Z10 F1000
G01 X21.685876 Y-57.528648 Z10 F1000
G01 X21.619254 Y-57.528648 Z9.960784 F1000
G01 X21.552632 Y-57.528648 Z10 F1000
G01 X18.488008 Y-57.528648 Z10 F1000
G01 X18.421386 Y-57.528648 Z9.960784 F1000
G01 X18.354763 Y-57.528648 Z10 F1000
G01 X6.229514 Y-57.528648 Z10 F1000
G01 X6.162891 Y-57.528648 Z9.960784 F1000
G01 X6.096269 Y-57.528648 Z10 F1000
G01 X3.564624 Y-57.528648 Z10 F1000
G01 X3.498001 Y-57.528648 Z1.098039 F1000
G01 X2.698534 Y-57.528648 Z1.098039 F1000
G01 X2.631912 Y-57.528648 Z9.372549 F1000
G01 X2.56529 Y-57.528648 Z10 F1000
G01 X0.433378 Y-57.528648 Z10 F1000
G01 X0.433378 Y-57.59527 Z10 F1000
G01 X0.433378 Y-57.661892 Z10 F1000
G01 X0.433378 Y-57.728514 Z10 F1000
G01 X0.433378 Y-57.795137 Z10 F1000
G01 X0.433378 Y-57.861759 Z10 F1000
G01 X0.433378 Y-57.928381 Z10 F1000
G01 X0.433378 Y-57.995003 Z10 F1000
G01 X0.433378 Y-58.061626 Z10 F1000
G01 X2.365423 Y-58.061626 Z10 F1000
G01 X2.432045 Y-58.061626 Z9.960784 F1000
G01 X2.498668 Y-58.061626 Z9.960784 F1000
G01 X2.56529 Y-58.061626 Z9.921569 F1000
G01 X2.631912 Y-58.061626 Z9.372549 F1000
G01 X2.698534 Y-58.061626 Z1.098039 F1000
G01 X3.298135 Y-58.061626 Z1.098039 F1000
G01 X3.364757 Y-58.061626 Z1.137255 F1000
G01 X3.498001 Y-58.061626 Z1.137255 F1000
G01 X3.564624 Y-58.061626 Z10 F1000
G01 X6.096269 Y-58.061626 Z10 F1000
G01 X6.162891 Y-58.061626 Z9.960784 F1000
G01 X6.229514 Y-58.061626 Z10 F1000
G01 X18.354763 Y-58.061626 Z10 F1000
G01 X18.421386 Y-58.061626 Z9.960784 F1000
G01 X18.488008 Y-58.061626 Z10 F1000
G01 X21.552632 Y-58.061626 Z10 F1000
G01 X21.619254 Y-58.061626 Z9.960784 F1000
G01 X21.685876 Y-58.061626 Z10 F1000
G01 X53.531312 Y-58.061626 Z10 F1000
G01 X53.597935 Y-58.061626 Z9.960784 F1000
G01 X53.664557 Y-58.061626 Z9.960784 F1000
G01 X53.731179 Y-58.061626 Z9.921569 F1000
G01 X60.26016 Y-58.061626 Z9.921569 F1000
G01 X60.326782 Y-58.061626 Z9.960784 F1000
G01 X60.393404 Y-58.061626 Z10 F1000
G01 X80.913058 Y-58.061626 Z10 F1000
G01 X80.97968 Y-58.061626 Z9.960784 F1000
G01 X81.046302 Y-58.061626 Z10 F1000
G01 X86.775816 Y-58.061626 Z10 F1000
G01 X86.842438 Y-58.061626 Z9.960784 F1000
G01 X86.909061 Y-58.061626 Z10 F1000
G01 X92.971686 Y-58.061626 Z10 F1000
G01 X93.038308 Y-58.061626 Z9.960784 F1000
G01 X93.171552 Y-58.061626 Z9.960784 F1000
G01 X93.238175 Y-58.061626 Z10 F1000
G01 X96.236176 Y-58.061626 Z10 F1000
G01 X96.302798 Y-58.061626 Z9.843137 F1000
G01 X96.36942 Y-58.061626 Z1.019608 F1000
G01 X97.168887 Y-58.061626 Z1.019608 F1000
G01 X97.23551 Y-58.061626 Z9.372549 F1000
G01 X97.302132 Y-58.061626 Z9.960784 F1000
G01 X97.368754 Y-58.061626 Z10 F1000
G01 X99.500666 Y-58.061626 Z10 F1000
G01 X99.500666 Y-58.128248 Z10 F1000
G01 X99.500666 Y-58.19487 Z10 F1000
G01 X99.500666 Y-58.261492 Z10 F1000
G01 X99.500666 Y-58.328115 Z10 F1000
G01 X99.500666 Y-58.394737 Z10 F1000
G01 X99.500666 Y-58.461359 Z10 F1000
G01 X99.500666 Y-58.527981 Z10 F1000
G01 X99.500666 Y-58.594604 Z10 F1000
G01 X97.501999 Y-58.594604 Z10 F1000
G01 X97.435376 Y-58.594604 Z9.960784 F1000
G01 X97.368754 Y-58.594604 Z9.960784 F1000
G01 X97.302132 Y-58.594604 Z9.921569 F1000
G01 X97.23551 Y-58.594604 Z9.372549 F1000
G01 X97.168887 Y-58.594604 Z1.019608 F1000
G01 X96.36942 Y-58.594604 Z1.019608 F1000
G01 X96.302798 Y-58.594604 Z9.843137 F1000
G01 X96.236176 Y-58.594604 Z10 F1000
G01 X93.238175 Y-58.594604 Z10 F1000
G01 X93.171552 Y-58.594604 Z9.960784 F1000
G01 X93.038308 Y-58.594604 Z9.960784 F1000
G01 X92.971686 Y-58.594604 Z10 F1000
G01 X90.44004 Y-58.594604 Z10 F1000
G01 X90.373418 Y-58.594604 Z9.960784 F1000
G01 X90.306795 Y-58.594604 Z9.960784 F1000
G01 X90.240173 Y-58.594604 Z10 F1000
G01 X81.046302 Y-58.594604 Z10 F1000
G01 X80.97968 Y-58.594604 Z9.960784 F1000
G01 X80.913058 Y-58.594604 Z10 F1000
G01 X64.324117 Y-58.594604 Z10 F1000
G01 X64.257495 Y-58.594604 Z9.960784 F1000
G01 X64.190873 Y-58.594604 Z10 F1000
G01 X60.26016 Y-58.594604 Z10 F1000
G01 X60.193538 Y-58.594604 Z9.960784 F1000
G01 X60.060293 Y-58.594604 Z9.960784 F1000
G01 X59.993671 Y-58.594604 Z9.921569 F1000
G01 X58.79447 Y-58.594604 Z9.921569 F1000
G01 X58.727848 Y-58.594604 Z9.960784 F1000
G01 X58.661226 Y-58.594604 Z10 F1000
G01 X41.939041 Y-58.594604 Z10 F1000
G01 X41.872418 Y-58.594604 Z9.960784 F1000
G01 X41.805796 Y-58.594604 Z10 F1000
G01 X36.60926 Y-58.594604 Z10 F1000
G01 X36.542638 Y-58.594604 Z9.960784 F1000
G01 X36.476016 Y-58.594604 Z9.960784 F1000
G01 X36.409394 Y-58.594604 Z10 F1000
G01 X21.685876 Y-58.594604 Z10 F1000
G01 X21.619254 Y-58.594604 Z9.960784 F1000
G01 X21.552632 Y-58.594604 Z10 F1000
G01 X18.488008 Y-58.594604 Z10 F1000
G01 X18.421386 Y-58.594604 Z9.960784 F1000
G01 X18.354763 Y-58.594604 Z10 F1000
G01 X6.229514 Y-58.594604 Z10 F1000
G01 X6.162891 Y-58.594604 Z9.960784 F1000
G01 X6.096269 Y-58.594604 Z10 F1000
G01 X3.564624 Y-58.594604 Z10 F1000
G01 X3.498001 Y-58.594604 Z1.137255 F1000
G01 X3.364757 Y-58.594604 Z1.137255 F1000
G01 X3.298135 Y-58.594604 Z1.176471 F1000
G01 X3.231512 Y-58.594604 Z1.254902 F1000
G01 X2.698534 Y-58.594604 Z1.254902 F1000
G01 X2.631912 Y-58.594604 Z9.372549 F1000
G01 X2.56529 Y-58.594604 Z10 F1000
G01 X0.433378 Y-58.594604 Z10 F1000
G01 X0.433378 Y-58.661226 Z10 F1000
G01 X0.433378 Y-58.727848 Z10 F1000
G01 X0.433378 Y-58.79447 Z10 F1000
G01 X0.433378 Y-58.861093 Z10 F1000
G01 X0.433378 Y-58.927715 Z10 F1000
G01 X0.433378 Y-58.994337 Z10 F1000
G01 X0.433378 Y-59.060959 Z10 F1000
G01 X0.433378 Y-59.127582 Z10 F1000
G01 X2.56529 Y-59.127582 Z10 F1000
G01 X2.631912 Y-59.127582 Z9.294118 F1000
G01 X2.698534 Y-59.127582 Z1.254902 F1000
G01 X3.231512 Y-59.127582 Z1.254902 F1000
G01 X3.298135 Y-59.127582 Z1.176471 F1000
G01 X3.364757 Y-59.127582 Z1.137255 F1000
G01 X3.498001 Y-59.127582 Z1.137255 F1000
G01 X3.564624 Y-59.127582 Z10 F1000
G01 X6.096269 Y-59.127582 Z10 F1000
G01 X6.162891 Y-59.127582 Z9.960784 F1000
G01 X6.229514 Y-59.127582 Z10 F1000
G01 X21.552632 Y-59.127582 Z10 F1000
G01 X21.619254 Y-59.127582 Z9.960784 F1000
G01 X21.685876 Y-59.127582 Z10 F1000
G01 X58.661226 Y-59.127582 Z10 F1000
G01 X58.727848 Y-59.127582 Z9.960784 F1000
G01 X58.79447 Y-59.127582 Z9.921569 F1000
G01 X59.727182 Y-59.127582 Z9.921569 F1000
G01 X59.793804 Y-59.127582 Z9.960784 F1000
G01 X59.860426 Y-59.127582 Z10 F1000
G01 X92.971686 Y-59.127582 Z10 F1000
G01 X93.038308 Y-59.127582 Z9.960784 F1000
G01 X93.10493 Y-59.127582 Z9.960784 F1000
G01 X93.171552 Y-59.127582 Z10 F1000
G01 X96.236176 Y-59.127582 Z10 F1000
G01 X96.302798 Y-59.127582 Z9.843137 F1000
G01 X96.36942 Y-59.127582 Z1.137255 F1000
G01 X97.168887 Y-59.127582 Z1.137255 F1000
G01 X97.23551 Y-59.127582 Z9.411765 F1000
G01 X97.302132 Y-59.127582 Z9.921569 F1000
G01 X97.368754 Y-59.127582 Z9.960784 F1000
G01 X97.435376 Y-59.127582 Z9.960784 F1000
G01 X97.501999 Y-59.127582 Z10 F1000
G01 X99.500666 Y-59.127582 Z10 F1000
G01 X99.500666 Y-59.194204 Z10 F1000
G01 X99.500666 Y-59.260826 Z10 F1000
G01 X99.500666 Y-59.327448 Z10 F1000
G01 X99.500666 Y-59.394071 Z10 F1000
G01 X99.500666 Y-59.460693 Z10 F1000
G01 X99.500666 Y-59.527315 Z10 F1000
G01 X99.500666 Y-59.593937 Z10 F1000
G01 X99.500666 Y-59.66056 Z10 F1000
G01 X97.501999 Y-59.66056 Z10 F1000
G01 X97.435376 Y-59.66056 Z9.960784 F1000
G01 X97.368754 Y-59.66056 Z9.960784 F1000
G01 X97.302132 Y-59.66056 Z9.921569 F1000
G01 X97.23551 Y-59.66056 Z9.411765 F1000
G01 X97.168887 Y-59.66056 Z1.137255 F1000
G01 X96.36942 Y-59.66056 Z1.137255 F1000
G01 X96.302798 Y-59.66056 Z9.843137 F1000
G01 X96.236176 Y-59.66056 Z10 F1000
G01 X59.593937 Y-59.66056 Z10 F1000
G01 X59.527315 Y-59.66056 Z9.960784 F1000
G01 X59.460693 Y-59.66056 Z9.921569 F1000
G01 X58.594604 Y-59.66056 Z9.921569 F1000
G01 X58.527981 Y-59.66056 Z9.960784 F1000
G01 X58.461359 Y-59.66056 Z9.960784 F1000
G01 X58.394737 Y-59.66056 Z10 F1000
G01 X3.564624 Y-59.66056 Z10 F1000
G01 X3.498001 Y-59.66056 Z1.137255 F1000
G01 X2.765157 Y-59.66056 Z1.137255 F1000
G01 X2.698534 Y-59.66056 Z1.098039 F1000
G01 X2.631912 Y-59.66056 Z9.333333 F1000
G01 X2.56529 Y-59.66056 Z10 F1000
G01 X0.433378 Y-59.66056 Z10 F1000
G01 X0.433378 Y-59.727182 Z10 F1000
G01 X0.433378 Y-59.793804 Z10 F1000
G01 X0.433378 Y-59.860426 Z10 F1000
G01 X0.433378 Y-59.927049 Z10 F1000
G01 X0.433378 Y-59.993671 Z10 F1000
G01 X0.433378 Y-60.060293 Z10 F1000
G01 X0.433378 Y-60.126915 Z10 F1000
G01 X0.433378 Y-60.193538 Z10 F1000
G01 X2.56529 Y-60.193538 Z10 F1000
G01 X2.631912 Y-60.193538 Z9.372549 F1000
G01 X2.698534 Y-60.193538 Z0.078431 F1000
G01 X2.765157 Y-60.193538 Z0.392157 F1000
G01 X2.831779 Y-60.193538 Z0.745098 F1000
G01 X2.898401 Y-60.193538 Z0.901961 F1000
G01 X3.498001 Y-60.193538 Z0.901961 F1000
G01 X3.564624 Y-60.193538 Z10 F1000
G01 X58.261492 Y-60.193538 Z10 F1000
G01 X58.328115 Y-60.193538 Z9.960784 F1000
G01 X58.394737 Y-60.193538 Z9.960784 F1000
G01 X58.461359 Y-60.193538 Z9.921569 F1000
G01 X59.127582 Y-60.193538 Z9.921569 F1000
G01 X59.194204 Y-60.193538 Z9.960784 F1000
G01 X59.260826 Y-60.193538 Z10 F1000
G01 X80.913058 Y-60.193538 Z10 F1000
G01 X80.97968 Y-60.193538 Z9.960784 F1000
G01 X81.046302 Y-60.193538 Z10 F1000
G01 X96.236176 Y-60.193538 Z10 F1000
G01 X96.302798 Y-60.193538 Z9.843137 F1000
G01 X96.36942 Y-60.193538 Z0.862745 F1000
G01 X96.436043 Y-60.193538 Z0.862745 F1000
G01 X96.502665 Y-60.193538 Z0.901961 F1000
G01 X96.569287 Y-60.193538 Z0.941176 F1000
G01 X96.635909 Y-60.193538 Z1.019608 F1000
G01 X97.168887 Y-60.193538 Z1.019608 F1000
G01 X97.23551 Y-60.193538 Z9.372549 F1000
G01 X97.302132 Y-60.193538 Z9.921569 F1000
G01 X97.368754 Y-60.193538 Z9.960784 F1000
G01 X97.435376 Y-60.193538 Z9.960784 F1000
G01 X97.501999 Y-60.193538 Z10 F1000
G01 X99.500666 Y-60.193538 Z10 F1000
G01 X99.500666 Y-60.26016 Z10 F1000
G01 X99.500666 Y-60.326782 Z10 F1000
G01 X99.500666 Y-60.393404 Z10 F1000
G01 X99.500666 Y-60.460027 Z10 F1000
G01 X99.500666 Y-60.526649 Z10 F1000
G01 X99.500666 Y-60.593271 Z10 F1000
G01 X99.500666 Y-60.659893 Z10 F1000
G01 X99.500666 Y-60.726516 Z10 F1000
G01 X97.501999 Y-60.726516 Z10 F1000
G01 X97.435376 Y-60.726516 Z9.960784 F1000
G01 X97.368754 Y-60.726516 Z9.960784 F1000
G01 X97.302132 Y-60.726516 Z9.921569 F1000
G01 X97.23551 Y-60.726516 Z9.372549 F1000
G01 X97.168887 Y-60.726516 Z0.039216 F1000
G01 X97.102265 Y-60.726516 Z0.039216 F1000
G01 X97.035643 Y-60.726516 Z0 F1000
G01 X96.436043 Y-60.726516 Z0 F1000
G01 X96.36942 Y-60.726516 Z0.156863 F1000
G01 X96.302798 Y-60.726516 Z9.843137 F1000
G01 X96.236176 Y-60.726516 Z10 F1000
G01 X81.046302 Y-60.726516 Z10 F1000
G01 X80.97968 Y-60.726516 Z9.960784 F1000
G01 X80.913058 Y-60.726516 Z10 F1000
G01 X58.861093 Y-60.726516 Z10 F1000
G01 X58.79447 Y-60.726516 Z9.960784 F1000
G01 X58.727848 Y-60.726516 Z9.960784 F1000
G01 X58.661226 Y-60.726516 Z9.921569 F1000
G01 X58.061626 Y-60.726516 Z9.921569 F1000
G01 X57.995003 Y-60.726516 Z9.960784 F1000
G01 X57.795137 Y-60.726516 Z9.960784 F1000
G01 X57.728514 Y-60.726516 Z10 F1000
G01 X3.631246 Y-60.726516 Z10 F1000
G01 X3.564624 Y-60.726516 Z9.843137 F1000
G01 X3.498001 Y-60.726516 Z0.117647 F1000
G01 X3.431379 Y-60.726516 Z0.039216 F1000
G01 X3.298135 Y-60.726516 Z0.039216 F1000
G01 X3.231512 Y-60.726516 Z0 F1000
G01 X2.831779 Y-60.726516 Z0 F1000
G01 X2.765157 Y-60.726516 Z0.039216 F1000
G01 X2.698534 Y-60.726516 Z0.039216 F1000
G01 X2.631912 Y-60.726516 Z9.372549 F1000
G01 X2.56529 Y-60.726516 Z9.921569 F1000
G01 X2.498668 Y-60.726516 Z9.960784 F1000
G01 X2.432045 Y-60.726516 Z9.960784 F1000
G01 X2.365423 Y-60.726516 Z10 F1000
G01 X0.433378 Y-60.726516 Z10 F1000
G01 X0.433378 Y-60.793138 Z10 F1000
G01 X0.433378 Y-60.85976 Z10 F1000
G01 X0.433378 Y-60.926382 Z10 F1000
G01 X0.433378 Y-60.993005 Z10 F1000
G01 X0.433378 Y-61.059627 Z10 F1000
G01 X0.433378 Y-61.126249 Z10 F1000
G01 X0.433378 Y-61.192871 Z10 F1000
G01 X0.433378 Y-61.259494 Z10 F1000
G01 X2.365423 Y-61.259494 Z10 F1000
G01 X2.432045 Y-61.259494 Z9.960784 F1000
G01 X2.498668 Y-61.259494 Z9.960784 F1000
G01 X2.56529 Y-61.259494 Z9.921569 F1000
G01 X2.631912 Y-61.259494 Z9.372549 F1000
G01 X2.698534 Y-61.259494 Z0.039216 F1000
G01 X2.765157 Y-61.259494 Z0.039216 F1000
G01 X2.831779 Y-61.259494 Z0 F1000
G01 X3.231512 Y-61.259494 Z0 F1000
G01 X3.298135 Y-61.259494 Z0.039216 F1000
G01 X3.431379 Y-61.259494 Z0.039216 F1000
G01 X3.498001 Y-61.259494 Z0.117647 F1000
G01 X3.564624 Y-61.259494 Z9.843137 F1000
G01 X3.631246 Y-61.259494 Z10 F1000
G01 X57.59527 Y-61.259494 Z10 F1000
G01 X57.661892 Y-61.259494 Z9.960784 F1000
G01 X57.728514 Y-61.259494 Z9.960784 F1000
G01 X57.795137 Y-61.259494 Z9.921569 F1000
G01 X58.394737 Y-61.259494 Z9.921569 F1000
G01 X58.461359 Y-61.259494 Z9.960784 F1000
G01 X58.594604 Y-61.259494 Z9.960784 F1000
G01 X58.661226 Y-61.259494 Z10 F1000
G01 X96.236176 Y-61.259494 Z10 F1000
G01 X96.302798 Y-61.259494 Z9.843137 F1000
G01 X96.36942 Y-61.259494 Z0.156863 F1000
G01 X96.436043 Y-61.259494 Z0 F1000
G01 X97.035643 Y-61.259494 Z0 F1000
G01 X97.102265 Y-61.259494 Z0.039216 F1000
G01 X97.168887 Y-61.259494 Z0.039216 F1000
G01 X97.23551 Y-61.259494 Z9.372549 F1000
G01 X97.302132 Y-61.259494 Z9.921569 F1000
G01 X97.368754 Y-61.259494 Z9.960784 F1000
G01 X97.435376 Y-61.259494 Z9.960784 F1000
G01 X97.501999 Y-61.259494 Z10 F1000
G01 X99.500666 Y-61.259494 Z10 F1000
G01 X99.500666 Y-61.326116 Z10 F1000
G01 X99.500666 Y-61.392738 Z10 F1000
G01 X99.500666 Y-61.45936 Z10 F1000
G01 X99.500666 Y-61.525983 Z10 F1000
G01 X99.500666 Y-61.592605 Z10 F1000
G01 X99.500666 Y-61.659227 Z10 F1000
G01 X99.500666 Y-61.725849 Z10 F1000
G01 X99.500666 Y-61.792472 Z10 F1000
G01 X97.501999 Y-61.792472 Z10 F1000
G01 X97.435376 Y-61.792472 Z9.960784 F1000
G01 X97.368754 Y-61.792472 Z9.960784 F1000
G01 X97.302132 Y-61.792472 Z9.921569 F1000
G01 X97.23551 Y-61.792472 Z9.372549 F1000
G01 X97.168887 Y-61.792472 Z0.039216 F1000
G01 X97.102265 Y-61.792472 Z0.039216 F1000
G01 X97.035643 Y-61.792472 Z0 F1000
G01 X96.436043 Y-61.792472 Z0 F1000
G01 X96.36942 Y-61.792472 Z0.156863 F1000
G01 X96.302798 Y-61.792472 Z9.843137 F1000
G01 X96.236176 Y-61.792472 Z10 F1000
G01 X58.19487 Y-61.792472 Z10 F1000
G01 X58.128248 Y-61.792472 Z9.960784 F1000
G01 X58.061626 Y-61.792472 Z9.921569 F1000
G01 X57.528648 Y-61.792472 Z9.921569 F1000
G01 X57.462025 Y-61.792472 Z9.960784 F1000
G01 X57.328781 Y-61.792472 Z9.960784 F1000
G01 X57.262159 Y-61.792472 Z10 F1000
G01 X3.631246 Y-61.792472 Z10 F1000
G01 X3.564624 Y-61.792472 Z9.843137 F1000
G01 X3.498001 Y-61.792472 Z0.117647 F1000
G01 X3.431379 Y-61.792472 Z0.039216 F1000
G01 X3.298135 Y-61.792472 Z0.039216 F1000
G01 X3.231512 Y-61.792472 Z0 F1000
G01 X2.831779 Y-61.792472 Z0 F1000
G01 X2.765157 Y-61.792472 Z0.039216 F1000
G01 X2.698534 Y-61.792472 Z0.039216 F1000
G01 X2.631912 Y-61.792472 Z9.372549 F1000
G01 X2.56529 Y-61.792472 Z9.921569 F1000
G01 X2.498668 Y-61.792472 Z9.960784 F1000
G01 X2.432045 Y-61.792472 Z9.960784 F1000
G01 X2.365423 Y-61.792472 Z10 F1000
G01 X0.433378 Y-61.792472 Z10 F1000
G01 X0.433378 Y-61.859094 Z10 F1000
G01 X0.433378 Y-61.925716 Z10 F1000
G01 X0.433378 Y-61.992338 Z10 F1000
G01 X0.433378 Y-62.058961 Z10 F1000
G01 X0.433378 Y-62.125583 Z10 F1000
G01 X0.433378 Y-62.192205 Z10 F1000
G01 X0.433378 Y-62.258827 Z10 F1000
G01 X0.433378 Y-62.32545 Z10 F1000
G01 X2.365423 Y-62.32545 Z10 F1000
G01 X2.432045 Y-62.32545 Z9.960784 F1000
G01 X2.498668 Y-62.32545 Z9.960784 F1000
G01 X2.56529 Y-62.32545 Z9.921569 F1000
G01 X2.631912 Y-62.32545 Z9.372549 F1000
G01 X2.698534 Y-62.32545 Z0.039216 F1000
G01 X2.765157 Y-62.32545 Z0.039216 F1000
G01 X2.831779 Y-62.32545 Z0 F1000
G01 X3.231512 Y-62.32545 Z0 F1000
G01 X3.298135 Y-62.32545 Z0.039216 F1000
G01 X3.431379 Y-62.32545 Z0.039216 F1000
G01 X3.498001 Y-62.32545 Z0.117647 F1000
G01 X3.564624 Y-62.32545 Z9.843137 F1000
G01 X3.631246 Y-62.32545 Z10 F1000
G01 X56.795803 Y-62.32545 Z10 F1000
G01 X56.862425 Y-62.32545 Z9.960784 F1000
G01 X56.929047 Y-62.32545 Z9.960784 F1000
G01 X56.99567 Y-62.32545 Z9.921569 F1000
G01 X57.661892 Y-62.32545 Z9.921569 F1000
G01 X57.728514 Y-62.32545 Z9.960784 F1000
G01 X57.995003 Y-62.32545 Z9.960784 F1000
G01 X58.061626 Y-62.32545 Z10 F1000
G01 X96.236176 Y-62.32545 Z10 F1000
G01 X96.302798 Y-62.32545 Z9.843137 F1000
G01 X96.36942 Y-62.32545 Z0.156863 F1000
G01 X96.436043 Y-62.32545 Z0 F1000
G01 X97.035643 Y-62.32545 Z0 F1000
G01 X97.102265 Y-62.32545 Z0.039216 F1000
G01 X97.168887 Y-62.32545 Z0.039216 F1000
G01 X97.23551 Y-62.32545 Z9.372549 F1000
G01 X97.302132 Y-62.32545 Z9.921569 F1000
G01 X97.368754 Y-62.32545 Z9.960784 F1000
G01 X97.435376 Y-62.32545 Z9.960784 F1000
G01 X97.501999 Y-62.32545 Z10 F1000
G01 X99.500666 Y-62.32545 Z10 F1000
G01 X99.500666 Y-62.392072 Z10 F1000
G01 X99.500666 Y-62.458694 Z10 F1000
G01 X99.500666 Y-62.525316 Z10 F1000
G01 X99.500666 Y-62.591939 Z10 F1000
G01 X99.500666 Y-62.658561 Z10 F1000
G01 X99.500666 Y-62.725183 Z10 F1000
G01 X99.500666 Y-62.791805 Z10 F1000
G01 X99.500666 Y-62.858428 Z10 F1000
G01 X97.501999 Y-62.858428 Z10 F1000
G01 X97.435376 Y-62.858428 Z9.960784 F1000
G01 X97.368754 Y-62.858428 Z9.960784 F1000
G01 X97.302132 Y-62.858428 Z9.921569 F1000
G01 X97.23551 Y-62.858428 Z9.372549 F1000
G01 X97.168887 Y-62.858428 Z0.039216 F1000
G01 X97.102265 Y-62.858428 Z0.039216 F1000
G01 X97.035643 Y-62.858428 Z0 F1000
G01 X96.436043 Y-62.858428 Z0 F1000
G01 X96.36942 Y-62.858428 Z0.156863 F1000
G01 X96.302798 Y-62.858428 Z9.843137 F1000
G01 X96.236176 Y-62.858428 Z10 F1000
G01 X57.462025 Y-62.858428 Z10 F1000
G01 X57.395403 Y-62.858428 Z9.960784 F1000
G01 X57.328781 Y-62.858428 Z9.921569 F1000
G01 X57.195536 Y-62.858428 Z9.921569 F1000
G01 X57.128914 Y-62.858428 Z9.960784 F1000
G01 X57.062292 Y-62.858428 Z10 F1000
G01 X3.631246 Y-62.858428 Z10 F1000
G01 X3.564624 Y-62.858428 Z9.843137 F1000
G01 X3.498001 Y-62.858428 Z0.117647 F1000
G01 X3.431379 Y-62.858428 Z0.039216 F1000
G01 X3.298135 Y-62.858428 Z0.039216 F1000
G01 X3.231512 Y-62.858428 Z0 F1000
G01 X2.831779 Y-62.858428 Z0 F1000
G01 X2.765157 Y-62.858428 Z0.039216 F1000
G01 X2.698534 Y-62.858428 Z0.039216 F1000
G01 X2.631912 Y-62.858428 Z9.372549 F1000
G01 X2.56529 Y-62.858428 Z9.921569 F1000
G01 X2.498668 Y-62.858428 Z9.960784 F1000
G01 X2.432045 Y-62.858428 Z9.960784 F1000
G01 X2.365423 Y-62.858428 Z10 F1000
G01 X0.433378 Y-62.858428 Z10 F1000
G01 X0.433378 Y-62.92505 Z10 F1000
G01 X0.433378 Y-62.991672 Z10 F1000
G01 X0.433378 Y-63.058294 Z10 F1000
G01 X0.433378 Y-63.124917 Z10 F1000
G01 X0.433378 Y-63.191539 Z10 F1000
G01 X0.433378 Y-63.258161 Z10 F1000
G01 X0.433378 Y-63.324783 Z10 F1000
G01 X0.433378 Y-63.391406 Z10 F1000
G01 X2.365423 Y-63.391406 Z10 F1000
G01 X2.432045 Y-63.391406 Z9.960784 F1000
G01 X2.498668 Y-63.391406 Z9.960784 F1000
G01 X2.56529 Y-63.391406 Z9.921569 F1000
G01 X2.631912 Y-63.391406 Z9.372549 F1000
G01 X2.698534 Y-63.391406 Z0.039216 F1000
G01 X2.765157 Y-63.391406 Z0.039216 F1000
G01 X2.831779 Y-63.391406 Z0 F1000
G01 X3.231512 Y-63.391406 Z0 F1000
G01 X3.298135 Y-63.391406 Z0.039216 F1000
G01 X3.431379 Y-63.391406 Z0.039216 F1000
G01 X3.498001 Y-63.391406 Z0.117647 F1000
G01 X3.564624 Y-63.391406 Z9.843137 F1000
G01 X3.631246 Y-63.391406 Z10 F1000
G01 X96.236176 Y-63.391406 Z10 F1000
G01 X96.302798 Y-63.391406 Z9.843137 F1000
G01 X96.36942 Y-63.391406 Z0.156863 F1000
G01 X96.436043 Y-63.391406 Z0 F1000
G01 X97.035643 Y-63.391406 Z0 F1000
G01 X97.102265 Y-63.391406 Z0.039216 F1000
G01 X97.168887 Y-63.391406 Z0.039216 F1000
G01 X97.23551 Y-63.391406 Z9.372549 F1000
G01 X97.302132 Y-63.391406 Z9.921569 F1000
G01 X97.368754 Y-63.391406 Z9.960784 F1000
G01 X97.435376 Y-63.391406 Z9.960784 F1000
G01 X97.501999 Y-63.391406 Z10 F1000
G01 X99.500666 Y-63.391406 Z10 F1000
G01 X99.500666 Y-63.458028 Z10 F1000
G01 X99.500666 Y-63.52465 Z10 F1000
G01 X99.500666 Y-63.591272 Z10 F1000
G01 X99.500666 Y-63.657895 Z10 F1000
G01 X99.500666 Y-63.724517 Z10 F1000
G01 X99.500666 Y-63.791139 Z10 F1000
G01 X99.500666 Y-63.857761 Z10 F1000
G01 X99.500666 Y-63.924384 Z10 F1000
G01 X97.501999 Y-63.924384 Z10 F1000
G01 X97.435376 Y-63.924384 Z9.960784 F1000
G01 X97.368754 Y-63.924384 Z9.960784 F1000
G01 X97.302132 Y-63.924384 Z9.921569 F1000
G01 X97.23551 Y-63.924384 Z9.372549 F1000
G01 X97.168887 Y-63.924384 Z0.039216 F1000
G01 X97.102265 Y-63.924384 Z0.039216 F1000
G01 X97.035643 Y-63.924384 Z0 F1000
G01 X96.436043 Y-63.924384 Z0 F1000
G01 X96.36942 Y-63.924384 Z0.156863 F1000
G01 X96.302798 Y-63.924384 Z9.843137 F1000
G01 X96.236176 Y-63.924384 Z10 F1000
G01 X3.631246 Y-63.924384 Z10 F1000
G01 X3.564624 Y-63.924384 Z9.843137 F1000
G01 X3.498001 Y-63.924384 Z0.117647 F1000
G01 X3.431379 Y-63.924384 Z0.039216 F1000
G01 X3.298135 Y-63.924384 Z0.039216 F1000
G01 X3.231512 Y-63.924384 Z0 F1000
G01 X2.831779 Y-63.924384 Z0 F1000
G01 X2.765157 Y-63.924384 Z0.039216 F1000
G01 X2.698534 Y-63.924384 Z0.039216 F1000
G01 X2.631912 Y-63.924384 Z9.372549 F1000
G01 X2.56529 Y-63.924384 Z9.921569 F1000
G01 X2.498668 Y-63.924384 Z9.960784 F1000
G01 X2.432045 Y-63.924384 Z9.960784 F1000
G01 X2.365423 Y-63.924384 Z10 F1000
G01 X0.433378 Y-63.924384 Z10 F1000
G01 X0.433378 Y-63.991006 Z10 F1000
G01 X0.433378 Y-64.057628 Z10 F1000
G01 X0.433378 Y-64.12425 Z10 F1000
G01 X0.433378 Y-64.190873 Z10 F1000
G01 X0.433378 Y-64.257495 Z10 F1000
G01 X0.433378 Y-64.324117 Z10 F1000
G01 X0.433378 Y-64.39074 Z10 F1000
G01 X0.433378 Y-64.457362 Z10 F1000
G01 X2.365423 Y-64.457362 Z10 F1000
G01 X2.432045 Y-64.457362 Z9.960784 F1000
G01 X2.498668 Y-64.457362 Z9.960784 F1000
G01 X2.56529 Y-64.457362 Z9.921569 F1000
G01 X2.631912 Y-64.457362 Z9.372549 F1000
G01 X2.698534 Y-64.457362 Z0.039216 F1000
G01 X2.765157 Y-64.457362 Z0.039216 F1000
G01 X2.831779 Y-64.457362 Z0 F1000
G01 X3.231512 Y-64.457362 Z0 F1000
G01 X3.298135 Y-64.457362 Z0.039216 F1000
G01 X3.431379 Y-64.457362 Z0.039216 F1000
G01 X3.498001 Y-64.457362 Z0.117647 F1000
G01 X3.564624 Y-64.457362 Z9.843137 F1000
G01 X3.631246 Y-64.457362 Z10 F1000
G01 X96.236176 Y-64.457362 Z10 F1000
G01 X96.302798 Y-64.457362 Z9.843137 F1000
G01 X96.36942 Y-64.457362 Z0.156863 F1000
G01 X96.436043 Y-64.457362 Z0 F1000
G01 X97.035643 Y-64.457362 Z0 F1000
G01 X97.102265 Y-64.457362 Z0.039216 F1000
G01 X97.168887 Y-64.457362 Z0.039216 F1000
G01 X97.23551 Y-64.457362 Z9.372549 F1000
G01 X97.302132 Y-64.457362 Z9.921569 F1000
G01 X97.368754 Y-64.457362 Z9.960784 F1000
G01 X97.435376 Y-64.457362 Z9.960784 F1000
G01 X97.501999 Y-64.457362 Z10 F1000
G01 X99.500666 Y-64.457362 Z10 F1000
G01 X99.500666 Y-64.523984 Z10 F1000
G01 X99.500666 Y-64.590606 Z10 F1000
G01 X99.500666 Y-64.657229 Z10 F1000
G01 X99.500666 Y-64.723851 Z10 F1000
G01 X99.500666 Y-64.790473 Z10 F1000
G01 X99.500666 Y-64.857095 Z10 F1000
G01 X99.500666 Y-64.923718 Z10 F1000
G01 X99.500666 Y-64.99034 Z10 F1000
G01 X97.501999 Y-64.99034 Z10 F1000
G01 X97.435376 Y-64.99034 Z9.960784 F1000
G01 X97.368754 Y-64.99034 Z9.960784 F1000
G01 X97.302132 Y-64.99034 Z9.921569 F1000
G01 X97.23551 Y-64.99034 Z9.372549 F1000
G01 X97.168887 Y-64.99034 Z0.039216 F1000
G01 X97.102265 Y-64.99034 Z0.039216 F1000
G01 X97.035643 Y-64.99034 Z0 F1000
G01 X96.436043 Y-64.99034 Z0 F1000
G01 X96.36942 Y-64.99034 Z0.156863 F1000
G01 X96.302798 Y-64.99034 Z9.843137 F1000
G01 X96.236176 Y-64.99034 Z10 F1000
G01 X58.594604 Y-64.99034 Z10 F1000
G01 X58.527981 Y-64.99034 Z9.960784 F1000
G01 X58.261492 Y-64.99034 Z9.960784 F1000
G01 X58.19487 Y-64.99034 Z9.921569 F1000
G01 X57.528648 Y-64.99034 Z9.921569 F1000
G01 X57.462025 Y-64.99034 Z9.960784 F1000
G01 X57.128914 Y-64.99034 Z9.960784 F1000
G01 X57.062292 Y-64.99034 Z10 F1000
G01 X3.631246 Y-64.99034 Z10 F1000
G01 X3.564624 Y-64.99034 Z9.843137 F1000
G01 X3.498001 Y-64.99034 Z0.117647 F1000
G01 X3.431379 Y-64.99034 Z0.039216 F1000
G01 X3.298135 Y-64.99034 Z0.039216 F1000
G01 X3.231512 Y-64.99034 Z0 F1000
G01 X2.831779 Y-64.99034 Z0 F1000
G01 X2.765157 Y-64.99034 Z0.039216 F1000
G01 X2.698534 Y-64.99034 Z0.039216 F1000
G01 X2.631912 Y-64.99034 Z9.372549 F1000
G01 X2.56529 Y-64.99034 Z9.921569 F1000
G01 X2.498668 Y-64.99034 Z9.960784 F1000
G01 X2.432045 Y-64.99034 Z9.960784 F1000
G01 X2.365423 Y-64.99034 Z10 F1000
G01 X0.433378 Y-64.99034 Z10 F1000
G01 X0.433378 Y-65.056962 Z10 F1000
G01 X0.433378 Y-65.123584 Z10 F1000
G01 X0.433378 Y-65.190207 Z10 F1000
G01 X0.433378 Y-65.256829 Z10 F1000
G01 X0.433378 Y-65.323451 Z10 F1000
G01 X0.433378 Y-65.390073 Z10 F1000
G01 X0.433378 Y-65.456696 Z10 F1000
G01 X0.433378 Y-65.523318 Z10 F1000
G01 X2.365423 Y-65.523318 Z10 F1000
G01 X2.432045 Y-65.523318 Z9.960784 F1000
G01 X2.498668 Y-65.523318 Z9.960784 F1000
G01 X2.56529 Y-65.523318 Z9.921569 F1000
G01 X2.631912 Y-65.523318 Z9.372549 F1000
G01 X2.698534 Y-65.523318 Z0.039216 F1000
G01 X2.765157 Y-65.523318 Z0.039216 F1000
G01 X2.831779 Y-65.523318 Z0 F1000
G01 X3.231512 Y-65.523318 Z0 F1000
G01 X3.298135 Y-65.523318 Z0.039216 F1000
G01 X3.431379 Y-65.523318 Z0.039216 F1000
G01 X3.498001 Y-65.523318 Z0.117647 F1000
G01 X3.564624 Y-65.523318 Z9.843137 F1000
G01 X3.631246 Y-65.523318 Z10 F1000
G01 X54.663891 Y-65.523318 Z10 F1000
G01 X54.730513 Y-65.523318 Z9.960784 F1000
G01 X54.797135 Y-65.523318 Z9.960784 F1000
G01 X54.863757 Y-65.523318 Z9.921569 F1000
G01 X58.19487 Y-65.523318 Z9.921569 F1000
G01 X58.261492 Y-65.523318 Z9.960784 F1000
G01 X58.727848 Y-65.523318 Z9.960784 F1000
G01 X58.79447 Y-65.523318 Z10 F1000
G01 X96.236176 Y-65.523318 Z10 F1000
G01 X96.302798 Y-65.523318 Z9.843137 F1000
G01 X96.36942 Y-65.523318 Z0.156863 F1000
G01 X96.436043 Y-65.523318 Z0.039216 F1000
G01 X96.502665 Y-65.523318 Z0.078431 F1000
G01 X97.168887 Y-65.523318 Z0.078431 F1000
G01 X97.23551 Y-65.523318 Z9.372549 F1000
G01 X97.302132 Y-65.523318 Z9.921569 F1000
G01 X97.368754 Y-65.523318 Z9.960784 F1000
G01 X97.435376 Y-65.523318 Z9.960784 F1000
G01 X97.501999 Y-65.523318 Z10 F1000
G01 X99.500666 Y-65.523318 Z10 F1000
G01 X99.500666 Y-65.58994 Z10 F1000
G01 X99.500666 Y-65.656562 Z10 F1000
G01 X99.500666 Y-65.723185 Z10 F1000
G01 X99.500666 Y-65.789807 Z10 F1000
G01 X99.500666 Y-65.856429 Z10 F1000
G01 X99.500666 Y-65.923051 Z10 F1000
G01 X99.500666 Y-65.989674 Z10 F1000
G01 X99.500666 Y-66.056296 Z10 F1000
G01 X97.368754 Y-66.056296 Z10 F1000
G01 X97.302132 Y-66.056296 Z9.921569 F1000
G01 X97.23551 Y-66.056296 Z9.411765 F1000
G01 X97.168887 Y-66.056296 Z1.058824 F1000
G01 X96.36942 Y-66.056296 Z1.058824 F1000
G01 X96.302798 Y-66.056296 Z9.843137 F1000
G01 X96.236176 Y-66.056296 Z10 F1000
G01 X58.927715 Y-66.056296 Z10 F1000
G01 X58.861093 Y-66.056296 Z9.960784 F1000
G01 X58.79447 Y-66.056296 Z9.960784 F1000
G01 X58.727848 Y-66.056296 Z9.921569 F1000
G01 X55.929714 Y-66.056296 Z9.921569 F1000
G01 X55.863091 Y-66.056296 Z9.960784 F1000
G01 X55.596602 Y-66.056296 Z9.960784 F1000
G01 X55.52998 Y-66.056296 Z10 F1000
G01 X3.631246 Y-66.056296 Z10 F1000
G01 X3.564624 Y-66.056296 Z9.843137 F1000
G01 X3.498001 Y-66.056296 Z0.117647 F1000
G01 X3.431379 Y-66.056296 Z0.039216 F1000
G01 X3.298135 Y-66.056296 Z0.039216 F1000
G01 X3.231512 Y-66.056296 Z0 F1000
G01 X2.831779 Y-66.056296 Z0 F1000
G01 X2.765157 Y-66.056296 Z0.039216 F1000
G01 X2.698534 Y-66.056296 Z0.039216 F1000
G01 X2.631912 Y-66.056296 Z9.372549 F1000
G01 X2.56529 Y-66.056296 Z9.921569 F1000
G01 X2.498668 Y-66.056296 Z9.960784 F1000
G01 X2.432045 Y-66.056296 Z9.960784 F1000
G01 X2.365423 Y-66.056296 Z10 F1000
G01 X0.433378 Y-66.056296 Z10 F1000
G01 X0.433378 Y-66.122918 Z10 F1000
G01 X0.433378 Y-66.18954 Z10 F1000
G01 X0.433378 Y-66.256163 Z10 F1000
G01 X0.433378 Y-66.322785 Z10 F1000
G01 X0.433378 Y-66.389407 Z10 F1000
G01 X0.433378 Y-66.456029 Z10 F1000
G01 X0.433378 Y-66.522652 Z10 F1000
G01 X0.433378 Y-66.589274 Z10 F1000
G01 X2.365423 Y-66.589274 Z10 F1000
G01 X2.432045 Y-66.589274 Z9.960784 F1000
G01 X2.498668 Y-66.589274 Z9.960784 F1000
G01 X2.56529 Y-66.589274 Z9.921569 F1000
G01 X2.631912 Y-66.589274 Z9.372549 F1000
G01 X2.698534 Y-66.589274 Z0.039216 F1000
G01 X2.765157 Y-66.589274 Z0.039216 F1000
G01 X2.831779 Y-66.589274 Z0 F1000
G01 X3.231512 Y-66.589274 Z0 F1000
G01 X3.298135 Y-66.589274 Z0.039216 F1000
G01 X3.431379 Y-66.589274 Z0.039216 F1000
G01 X3.498001 Y-66.589274 Z0.117647 F1000
G01 X3.564624 Y-66.589274 Z9.843137 F1000
G01 X3.631246 Y-66.589274 Z10 F1000
G01 X56.396069 Y-66.589274 Z10 F1000
G01 X56.462692 Y-66.589274 Z9.921569 F1000
G01 X58.927715 Y-66.589274 Z9.921569 F1000
G01 X58.994337 Y-66.589274 Z9.960784 F1000
G01 X59.060959 Y-66.589274 Z9.960784 F1000
G01 X59.127582 Y-66.589274 Z10 F1000
G01 X96.236176 Y-66.589274 Z10 F1000
G01 X96.302798 Y-66.589274 Z9.843137 F1000
G01 X96.36942 Y-66.589274 Z1.058824 F1000
G01 X97.168887 Y-66.589274 Z1.058824 F1000
G01 X97.23551 Y-66.589274 Z9.411765 F1000
G01 X97.302132 Y-66.589274 Z9.921569 F1000
G01 X97.368754 Y-66.589274 Z10 F1000
G01 X99.500666 Y-66.589274 Z10 F1000
G01 X99.500666 Y-66.655896 Z10 F1000
G01 X99.500666 Y-66.722518 Z10 F1000
G01 X99.500666 Y-66.789141 Z10 F1000
G01 X99.500666 Y-66.855763 Z10 F1000
G01 X99.500666 Y-66.922385 Z10 F1000
G01 X99.500666 Y-66.989007 Z10 F1000
G01 X99.500666 Y-67.05563 Z10 F1000
G01 X99.500666 Y-67.122252 Z10 F1000
G01 X97.501999 Y-67.122252 Z10 F1000
G01 X97.435376 Y-67.122252 Z9.960784 F1000
G01 X97.368754 Y-67.122252 Z9.960784 F1000
G01 X97.302132 Y-67.122252 Z9.921569 F1000
G01 X97.23551 Y-67.122252 Z9.372549 F1000
G01 X97.168887 Y-67.122252 Z1.058824 F1000
G01 X96.36942 Y-67.122252 Z1.058824 F1000
G01 X96.302798 Y-67.122252 Z9.843137 F1000
G01 X96.236176 Y-67.122252 Z10 F1000
G01 X59.260826 Y-67.122252 Z10 F1000
G01 X59.194204 Y-67.122252 Z9.960784 F1000
G01 X59.127582 Y-67.122252 Z9.960784 F1000
G01 X59.060959 Y-67.122252 Z9.921569 F1000
G01 X56.462692 Y-67.122252 Z9.921569 F1000
G01 X56.396069 Y-67.122252 Z10 F1000
G01 X3.631246 Y-67.122252 Z10 F1000
G01 X3.564624 Y-67.122252 Z9.843137 F1000
G01 X3.498001 Y-67.122252 Z0.117647 F1000
G01 X3.431379 Y-67.122252 Z0.039216 F1000
G01 X3.298135 Y-67.122252 Z0.039216 F1000
G01 X3.231512 Y-67.122252 Z0 F1000
G01 X2.831779 Y-67.122252 Z0 F1000
G01 X2.765157 Y-67.122252 Z0.039216 F1000
G01 X2.698534 Y-67.122252 Z0.039216 F1000
G01 X2.631912 Y-67.122252 Z9.372549 F1000
G01 X2.56529 Y-67.122252 Z9.921569 F1000
G01 X2.498668 Y-67.122252 Z9.960784 F1000
G01 X2.432045 Y-67.122252 Z9.960784 F1000
G01 X2.365423 Y-67.122252 Z10 F1000
G01 X0.433378 Y-67.122252 Z10 F1000
G01 X0.433378 Y-67.188874 Z10 F1000
G01 X0.433378 Y-67.255496 Z10 F1000
G01 X0.433378 Y-67.322119 Z10 F1000
G01 X0.433378 Y-67.388741 Z10 F1000
G01 X0.433378 Y-67.455363 Z10 F1000
G01 X0.433378 Y-67.521985 Z10 F1000
G01 X0.433378 Y-67.588608 Z10 F1000
G01 X0.433378 Y-67.65523 Z10 F1000
G01 X2.365423 Y-67.65523 Z10 F1000
G01 X2.432045 Y-67.65523 Z9.960784 F1000
G01 X2.498668 Y-67.65523 Z9.960784 F1000
G01 X2.56529 Y-67.65523 Z9.921569 F1000
G01 X2.631912 Y-67.65523 Z9.372549 F1000
G01 X2.698534 Y-67.65523 Z0.039216 F1000
G01 X2.765157 Y-67.65523 Z0.039216 F1000
G01 X2.831779 Y-67.65523 Z0 F1000
G01 X3.231512 Y-67.65523 Z0 F1000
G01 X3.298135 Y-67.65523 Z0.039216 F1000
G01 X3.431379 Y-67.65523 Z0.039216 F1000
G01 X3.498001 Y-67.65523 Z0.117647 F1000
G01 X3.564624 Y-67.65523 Z9.843137 F1000
G01 X3.631246 Y-67.65523 Z10 F1000
G01 X56.329447 Y-67.65523 Z10 F1000
G01 X56.396069 Y-67.65523 Z9.960784 F1000
G01 X56.462692 Y-67.65523 Z9.921569 F1000
G01 X59.260826 Y-67.65523 Z9.921569 F1000
G01 X59.327448 Y-67.65523 Z9.960784 F1000
G01 X59.460693 Y-67.65523 Z9.960784 F1000
G01 X59.527315 Y-67.65523 Z10 F1000
G01 X96.236176 Y-67.65523 Z10 F1000
G01 X96.302798 Y-67.65523 Z9.843137 F1000
G01 X96.36942 Y-67.65523 Z1.019608 F1000
G01 X97.168887 Y-67.65523 Z1.019608 F1000
G01 X97.23551 Y-67.65523 Z9.372549 F1000
G01 X97.302132 Y-67.65523 Z9.921569 F1000
G01 X97.368754 Y-67.65523 Z9.960784 F1000
G01 X97.435376 Y-67.65523 Z9.960784 F1000
G01 X97.501999 Y-67.65523 Z10 F1000
G01 X99.500666 Y-67.65523 Z10 F1000
G01 X99.500666 Y-67.721852 Z10 F1000
G01 X99.500666 Y-67.788474 Z10 F1000
G01 X99.500666 Y-67.855097 Z10 F1000
G01 X99.500666 Y-67.921719 Z10 F1000
G01 X99.500666 Y-67.988341 Z10 F1000
G01 X99.500666 Y-68.054963 Z10 F1000
G01 X99.500666 Y-68.121586 Z10 F1000
G01 X99.500666 Y-68.188208 Z10 F1000
G01 X97.501999 Y-68.188208 Z10 F1000
G01 X97.435376 Y-68.188208 Z9.960784 F1000
G01 X97.368754 Y-68.188208 Z9.960784 F1000
G01 X97.302132 Y-68.188208 Z9.921569 F1000
G01 X97.23551 Y-68.188208 Z9.372549 F1000
G01 X97.168887 Y-68.188208 Z1.019608 F1000
G01 X96.36942 Y-68.188208 Z1.019608 F1000
G01 X96.302798 Y-68.188208 Z9.843137 F1000
G01 X96.236176 Y-68.188208 Z10 F1000
G01 X59.527315 Y-68.188208 Z10 F1000
G01 X59.460693 Y-68.188208 Z9.960784 F1000
G01 X59.394071 Y-68.188208 Z9.921569 F1000
G01 X59.060959 Y-68.188208 Z9.921569 F1000
G01 X58.994337 Y-68.188208 Z9.960784 F1000
G01 X58.927715 Y-68.188208 Z9.960784 F1000
G01 X58.861093 Y-68.188208 Z10 F1000
G01 X57.128914 Y-68.188208 Z10 F1000
G01 X57.062292 Y-68.188208 Z9.960784 F1000
G01 X56.662558 Y-68.188208 Z9.960784 F1000
G01 X56.595936 Y-68.188208 Z9.921569 F1000
G01 X56.196203 Y-68.188208 Z9.921569 F1000
G01 X56.12958 Y-68.188208 Z9.960784 F1000
G01 X56.062958 Y-68.188208 Z9.960784 F1000
G01 X55.996336 Y-68.188208 Z10 F1000
G01 X3.631246 Y-68.188208 Z10 F1000
G01 X3.564624 Y-68.188208 Z9.843137 F1000
G01 X3.498001 Y-68.188208 Z0.117647 F1000
G01 X3.431379 Y-68.188208 Z0.039216 F1000
G01 X3.16489 Y-68.188208 Z0.039216 F1000
G01 X3.098268 Y-68.188208 Z0.156863 F1000
G01 X3.031646 Y-68.188208 Z0.313725 F1000
G01 X2.965023 Y-68.188208 Z0.588235 F1000
G01 X2.898401 Y-68.188208 Z0.666667 F1000
G01 X2.831779 Y-68.188208 Z0.784314 F1000
G01 X2.698534 Y-68.188208 Z0.784314 F1000
G01 X2.631912 Y-68.188208 Z9.45098 F1000
G01 X2.56529 Y-68.188208 Z9.921569 F1000
G01 X2.498668 Y-68.188208 Z9.960784 F1000
G01 X2.432045 Y-68.188208 Z10 F1000
G01 X0.433378 Y-68.188208 Z10 F1000
G01 X0.433378 Y-68.25483 Z10 F1000
G01 X0.433378 Y-68.321452 Z10 F1000
G01 X0.433378 Y-68.388075 Z10 F1000
G01 X0.433378 Y-68.454697 Z10 F1000
G01 X0.433378 Y-68.521319 Z10 F1000
G01 X0.433378 Y-68.587941 Z10 F1000
G01 X0.433378 Y-68.654564 Z10 F1000
G01 X0.433378 Y-68.721186 Z10 F1000
G01 X2.432045 Y-68.721186 Z10 F1000
G01 X2.498668 Y-68.721186 Z9.960784 F1000
G01 X2.56529 Y-68.721186 Z9.960784 F1000
G01 X2.631912 Y-68.721186 Z9.45098 F1000
G01 X2.698534 Y-68.721186 Z1.137255 F1000
G01 X3.498001 Y-68.721186 Z1.137255 F1000
G01 X3.564624 Y-68.721186 Z9.843137 F1000
G01 X3.631246 Y-68.721186 Z10 F1000
G01 X55.663225 Y-68.721186 Z10 F1000
G01 X55.729847 Y-68.721186 Z9.960784 F1000
G01 X55.863091 Y-68.721186 Z9.960784 F1000
G01 X55.929714 Y-68.721186 Z9.921569 F1000
G01 X56.462692 Y-68.721186 Z9.921569 F1000
G01 X56.529314 Y-68.721186 Z9.960784 F1000
G01 X56.662558 Y-68.721186 Z9.960784 F1000
G01 X56.729181 Y-68.721186 Z10 F1000
G01 X96.236176 Y-68.721186 Z10 F1000
G01 X96.302798 Y-68.721186 Z9.843137 F1000
G01 X96.36942 Y-68.721186 Z1.019608 F1000
G01 X97.168887 Y-68.721186 Z1.019608 F1000
G01 X97.23551 Y-68.721186 Z9.372549 F1000
G01 X97.302132 Y-68.721186 Z9.921569 F1000
G01 X97.368754 Y-68.721186 Z9.960784 F1000
G01 X97.435376 Y-68.721186 Z9.960784 F1000
G01 X97.501999 Y-68.721186 Z10 F1000
G01 X99.500666 Y-68.721186 Z10 F1000
G01 X99.500666 Y-68.787808 Z10 F1000
G01 X99.500666 Y-68.85443 Z10 F1000
G01 X99.500666 Y-68.921053 Z10 F1000
G01 X99.500666 Y-68.987675 Z10 F1000
G01 X99.500666 Y-69.054297 Z10 F1000
G01 X99.500666 Y-69.120919 Z10 F1000
G01 X99.500666 Y-69.187542 Z10 F1000
G01 X99.500666 Y-69.254164 Z10 F1000
G01 X97.501999 Y-69.254164 Z10 F1000
G01 X97.435376 Y-69.254164 Z9.960784 F1000
G01 X97.368754 Y-69.254164 Z9.960784 F1000
G01 X97.302132 Y-69.254164 Z9.921569 F1000
G01 X97.23551 Y-69.254164 Z9.372549 F1000
G01 X97.168887 Y-69.254164 Z1.019608 F1000
G01 X96.36942 Y-69.254164 Z1.019608 F1000
G01 X96.302798 Y-69.254164 Z9.843137 F1000
G01 X96.236176 Y-69.254164 Z10 F1000
G01 X56.396069 Y-69.254164 Z10 F1000
G01 X56.329447 Y-69.254164 Z9.960784 F1000
G01 X56.262825 Y-69.254164 Z9.921569 F1000
G01 X55.596602 Y-69.254164 Z9.921569 F1000
G01 X55.52998 Y-69.254164 Z9.960784 F1000
G01 X55.396736 Y-69.254164 Z9.960784 F1000
G01 X55.330113 Y-69.254164 Z10 F1000
G01 X3.631246 Y-69.254164 Z10 F1000
G01 X3.564624 Y-69.254164 Z9.921569 F1000
G01 X3.498001 Y-69.254164 Z1.137255 F1000
G01 X2.698534 Y-69.254164 Z1.137255 F1000
G01 X2.631912 Y-69.254164 Z9.372549 F1000
G01 X2.56529 Y-69.254164 Z10 F1000
G01 X0.433378 Y-69.254164 Z10 F1000
G01 X0.433378 Y-69.320786 Z10 F1000
G01 X0.433378 Y-69.387408 Z10 F1000
G01 X0.433378 Y-69.454031 Z10 F1000
G01 X0.433378 Y-69.520653 Z10 F1000
G01 X0.433378 Y-69.587275 Z10 F1000
G01 X0.433378 Y-69.653897 Z10 F1000
G01 X0.433378 Y-69.72052 Z10 F1000
G01 X0.433378 Y-69.787142 Z10 F1000
G01 X2.56529 Y-69.787142 Z10 F1000
G01 X2.631912 Y-69.787142 Z9.372549 F1000
G01 X2.698534 Y-69.787142 Z1.137255 F1000
G01 X3.498001 Y-69.787142 Z1.137255 F1000
G01 X3.564624 Y-69.787142 Z10 F1000
G01 X18.354763 Y-69.787142 Z10 F1000
G01 X18.421386 Y-69.787142 Z9.960784 F1000
G01 X18.488008 Y-69.787142 Z10 F1000
G01 X54.997002 Y-69.787142 Z10 F1000
G01 X55.063624 Y-69.787142 Z9.960784 F1000
G01 X55.130247 Y-69.787142 Z9.921569 F1000
G01 X55.929714 Y-69.787142 Z9.921569 F1000
G01 X55.996336 Y-69.787142 Z10 F1000
G01 X64.12425 Y-69.787142 Z10 F1000
G01 X64.190873 Y-69.787142 Z9.960784 F1000
G01 X64.257495 Y-69.787142 Z10 F1000
G01 X80.913058 Y-69.787142 Z10 F1000
G01 X80.97968 Y-69.787142 Z9.960784 F1000
G01 X81.046302 Y-69.787142 Z10 F1000
G01 X96.236176 Y-69.787142 Z10 F1000
G01 X96.302798 Y-69.787142 Z9.843137 F1000
G01 X96.36942 Y-69.787142 Z1.019608 F1000
G01 X97.168887 Y-69.787142 Z1.019608 F1000
G01 X97.23551 Y-69.787142 Z9.372549 F1000
G01 X97.302132 Y-69.787142 Z9.960784 F1000
G01 X97.368754 Y-69.787142 Z9.960784 F1000
G01 X97.435376 Y-69.787142 Z10 F1000
G01 X99.500666 Y-69.787142 Z10 F1000
G01 X99.500666 Y-69.853764 Z10 F1000
G01 X99.500666 Y-69.920386 Z10 F1000
G01 X99.500666 Y-69.987009 Z10 F1000
G01 X99.500666 Y-70.053631 Z10 F1000
G01 X99.500666 Y-70.120253 Z10 F1000
G01 X99.500666 Y-70.186875 Z10 F1000
G01 X99.500666 Y-70.253498 Z10 F1000
G01 X99.500666 Y-70.32012 Z10 F1000
G01 X97.302132 Y-70.32012 Z10 F1000
G01 X97.23551 Y-70.32012 Z9.372549 F1000
G01 X97.168887 Y-70.32012 Z1.019608 F1000
G01 X96.36942 Y-70.32012 Z1.019608 F1000
G01 X96.302798 Y-70.32012 Z9.843137 F1000
G01 X96.236176 Y-70.32012 Z10 F1000
G01 X81.046302 Y-70.32012 Z10 F1000
G01 X80.97968 Y-70.32012 Z9.960784 F1000
G01 X80.913058 Y-70.32012 Z10 F1000
G01 X64.257495 Y-70.32012 Z10 F1000
G01 X64.190873 Y-70.32012 Z9.960784 F1000
G01 X64.12425 Y-70.32012 Z10 F1000
G01 X55.729847 Y-70.32012 Z10 F1000
G01 X55.663225 Y-70.32012 Z9.960784 F1000
G01 X55.596602 Y-70.32012 Z9.960784 F1000
G01 X55.52998 Y-70.32012 Z9.921569 F1000
G01 X54.863757 Y-70.32012 Z9.921569 F1000
G01 X54.797135 Y-70.32012 Z9.960784 F1000
G01 X54.730513 Y-70.32012 Z9.960784 F1000
G01 X54.663891 Y-70.32012 Z10 F1000
G01 X18.488008 Y-70.32012 Z10 F1000
G01 X18.421386 Y-70.32012 Z9.960784 F1000
G01 X18.354763 Y-70.32012 Z10 F1000
G01 X3.564624 Y-70.32012 Z10 F1000
G01 X3.498001 Y-70.32012 Z1.137255 F1000
G01 X3.364757 Y-70.32012 Z1.137255 F1000
G01 X3.298135 Y-70.32012 Z1.098039 F1000
G01 X2.698534 Y-70.32012 Z1.098039 F1000
G01 X2.631912 Y-70.32012 Z9.372549 F1000
G01 X2.56529 Y-70.32012 Z9.960784 F1000
G01 X2.432045 Y-70.32012 Z9.960784 F1000
G01 X2.365423 Y-70.32012 Z10 F1000
G01 X0.433378 Y-70.32012 Z10 F1000
G01 X0.433378 Y-70.386742 Z10 F1000
G01 X0.433378 Y-70.453364 Z10 F1000
G01 X0.433378 Y-70.519987 Z10 F1000
G01 X0.433378 Y-70.586609 Z10 F1000
G01 X0.433378 Y-70.653231 Z10 F1000
G01 X0.433378 Y-70.719853 Z10 F1000
G01 X0.433378 Y-70.786476 Z10 F1000
G01 X0.433378 Y-70.853098 Z10 F1000
G01 X2.56529 Y-70.853098 Z10 F1000
G01 X2.631912 Y-70.853098 Z9.372549 F1000
G01 X2.698534 Y-70.853098 Z1.176471 F1000
G01 X3.231512 Y-70.853098 Z1.176471 F1000
G01 X3.298135 Y-70.853098 Z1.098039 F1000
G01 X3.498001 Y-70.853098 Z1.098039 F1000
G01 X3.564624 Y-70.853098 Z10 F1000
G01 X6.096269 Y-70.853098 Z10 F1000
G01 X6.162891 Y-70.853098 Z9.960784 F1000
G01 X6.229514 Y-70.853098 Z10 F1000
G01 X18.354763 Y-70.853098 Z10 F1000
G01 X18.421386 Y-70.853098 Z9.960784 F1000
G01 X18.488008 Y-70.853098 Z10 F1000
G01 X21.552632 Y-70.853098 Z10 F1000
G01 X21.619254 Y-70.853098 Z9.960784 F1000
G01 X21.685876 Y-70.853098 Z10 F1000
G01 X54.464024 Y-70.853098 Z10 F1000
G01 X54.530646 Y-70.853098 Z9.960784 F1000
G01 X54.663891 Y-70.853098 Z9.960784 F1000
G01 X54.730513 Y-70.853098 Z9.921569 F1000
G01 X55.196869 Y-70.853098 Z9.921569 F1000
G01 X55.263491 Y-70.853098 Z9.960784 F1000
G01 X55.330113 Y-70.853098 Z10 F1000
G01 X64.12425 Y-70.853098 Z10 F1000
G01 X64.190873 Y-70.853098 Z9.960784 F1000
G01 X64.257495 Y-70.853098 Z10 F1000
G01 X80.913058 Y-70.853098 Z10 F1000
G01 X80.97968 Y-70.853098 Z9.960784 F1000
G01 X81.046302 Y-70.853098 Z10 F1000
G01 X96.236176 Y-70.853098 Z10 F1000
G01 X96.302798 Y-70.853098 Z9.843137 F1000
G01 X96.36942 Y-70.853098 Z1.019608 F1000
G01 X97.168887 Y-70.853098 Z1.019608 F1000
G01 X97.23551 Y-70.853098 Z9.372549 F1000
G01 X97.302132 Y-70.853098 Z10 F1000
G01 X99.500666 Y-70.853098 Z10 F1000
G01 X99.500666 Y-70.91972 Z10 F1000
G01 X99.500666 Y-70.986342 Z10 F1000
G01 X99.500666 Y-71.052965 Z10 F1000
G01 X99.500666 Y-71.119587 Z10 F1000
G01 X99.500666 Y-71.186209 Z10 F1000
G01 X99.500666 Y-71.252831 Z10 F1000
G01 X99.500666 Y-71.319454 Z10 F1000
G01 X99.500666 Y-71.386076 Z10 F1000
G01 X97.302132 Y-71.386076 Z10 F1000
G01 X97.23551 Y-71.386076 Z9.372549 F1000
G01 X97.168887 Y-71.386076 Z1.098039 F1000
G01 X96.969021 Y-71.386076 Z1.098039 F1000
G01 X96.902398 Y-71.386076 Z1.019608 F1000
G01 X96.36942 Y-71.386076 Z1.019608 F1000
G01 X96.302798 Y-71.386076 Z9.843137 F1000
G01 X96.236176 Y-71.386076 Z10 F1000
G01 X93.238175 Y-71.386076 Z10 F1000
G01 X93.171552 Y-71.386076 Z9.960784 F1000
G01 X93.038308 Y-71.386076 Z9.960784 F1000
G01 X92.971686 Y-71.386076 Z10 F1000
G01 X84.777149 Y-71.386076 Z10 F1000
G01 X84.710526 Y-71.386076 Z9.960784 F1000
G01 X84.643904 Y-71.386076 Z10 F1000
G01 X81.046302 Y-71.386076 Z10 F1000
G01 X80.97968 Y-71.386076 Z9.960784 F1000
G01 X80.913058 Y-71.386076 Z10 F1000
G01 X74.117588 Y-71.386076 Z10 F1000
G01 X74.050966 Y-71.386076 Z9.960784 F1000
G01 X73.984344 Y-71.386076 Z10 F1000
G01 X64.257495 Y-71.386076 Z10 F1000
G01 X64.190873 Y-71.386076 Z9.960784 F1000
G01 X64.12425 Y-71.386076 Z10 F1000
G01 X55.330113 Y-71.386076 Z10 F1000
G01 X55.263491 Y-71.386076 Z9.960784 F1000
G01 X55.196869 Y-71.386076 Z9.921569 F1000
G01 X54.330779 Y-71.386076 Z9.921569 F1000
G01 X54.264157 Y-71.386076 Z9.960784 F1000
G01 X54.06429 Y-71.386076 Z9.960784 F1000
G01 X53.997668 Y-71.386076 Z10 F1000
G01 X21.685876 Y-71.386076 Z10 F1000
G01 X21.619254 Y-71.386076 Z9.960784 F1000
G01 X21.552632 Y-71.386076 Z10 F1000
G01 X18.488008 Y-71.386076 Z10 F1000
G01 X18.421386 Y-71.386076 Z9.960784 F1000
G01 X18.354763 Y-71.386076 Z10 F1000
G01 X6.229514 Y-71.386076 Z10 F1000
G01 X6.162891 Y-71.386076 Z9.960784 F1000
G01 X6.096269 Y-71.386076 Z10 F1000
G01 X3.564624 Y-71.386076 Z10 F1000
G01 X3.498001 Y-71.386076 Z1.058824 F1000
G01 X3.364757 Y-71.386076 Z1.058824 F1000
G01 X3.298135 Y-71.386076 Z1.098039 F1000
G01 X3.231512 Y-71.386076 Z1.176471 F1000
G01 X2.698534 Y-71.386076 Z1.176471 F1000
G01 X2.631912 Y-71.386076 Z9.411765 F1000
G01 X2.56529 Y-71.386076 Z10 F1000
G01 X0.433378 Y-71.386076 Z10 F1000
G01 X0.433378 Y-71.452698 Z10 F1000
G01 X0.433378 Y-71.51932 Z10 F1000
G01 X0.433378 Y-71.585943 Z10 F1000
G01 X0.433378 Y-71.652565 Z10 F1000
G01 X0.433378 Y-71.719187 Z10 F1000
G01 X0.433378 Y-71.785809 Z10 F1000
G01 X0.433378 Y-71.852432 Z10 F1000
G01 X0.433378 Y-71.919054 Z10 F1000
G01 X2.56529 Y-71.919054 Z10 F1000
G01 X2.631912 Y-71.919054 Z9.411765 F1000
G01 X2.698534 Y-71.919054 Z1.098039 F1000
G01 X2.898401 Y-71.919054 Z1.098039 F1000
G01 X2.965023 Y-71.919054 Z1.058824 F1000
G01 X3.298135 Y-71.919054 Z1.058824 F1000
G01 X3.364757 Y-71.919054 Z1.019608 F1000
G01 X3.498001 Y-71.919054 Z1.019608 F1000
G01 X3.564624 Y-71.919054 Z10 F1000
G01 X6.096269 Y-71.919054 Z10 F1000
G01 X6.162891 Y-71.919054 Z9.960784 F1000
G01 X6.229514 Y-71.919054 Z10 F1000
G01 X18.354763 Y-71.919054 Z10 F1000
G01 X18.421386 Y-71.919054 Z9.960784 F1000
G01 X18.488008 Y-71.919054 Z10 F1000
G01 X21.552632 Y-71.919054 Z10 F1000
G01 X21.619254 Y-71.919054 Z9.960784 F1000
G01 X21.685876 Y-71.919054 Z10 F1000
G01 X53.864424 Y-71.919054 Z10 F1000
G01 X53.931046 Y-71.919054 Z9.960784 F1000
G01 X53.997668 Y-71.919054 Z9.921569 F1000
G01 X55.396736 Y-71.919054 Z9.921569 F1000
G01 X55.463358 Y-71.919054 Z9.960784 F1000
G01 X59.993671 Y-71.919054 Z9.960784 F1000
G01 X60.060293 Y-71.919054 Z10 F1000
G01 X64.12425 Y-71.919054 Z10 F1000
G01 X64.190873 Y-71.919054 Z9.960784 F1000
G01 X64.257495 Y-71.919054 Z10 F1000
G01 X80.913058 Y-71.919054 Z10 F1000
G01 X80.97968 Y-71.919054 Z9.960784 F1000
G01 X81.046302 Y-71.919054 Z10 F1000
G01 X92.971686 Y-71.919054 Z10 F1000
G01 X93.038308 Y-71.919054 Z9.960784 F1000
G01 X93.171552 Y-71.919054 Z9.960784 F1000
G01 X93.238175 Y-71.919054 Z10 F1000
G01 X96.236176 Y-71.919054 Z10 F1000
G01 X96.302798 Y-71.919054 Z9.843137 F1000
G01 X96.36942 Y-71.919054 Z1.019608 F1000
G01 X96.769154 Y-71.919054 Z1.019608 F1000
G01 X96.835776 Y-71.919054 Z1.137255 F1000
G01 X96.902398 Y-71.919054 Z1.137255 F1000
G01 X96.969021 Y-71.919054 Z1.176471 F1000
G01 X97.168887 Y-71.919054 Z1.176471 F1000
G01 X97.23551 Y-71.919054 Z9.294118 F1000
G01 X97.302132 Y-71.919054 Z10 F1000
G01 X99.500666 Y-71.919054 Z10 F1000
G01 X99.500666 Y-71.985676 Z10 F1000
G01 X99.500666 Y-72.052298 Z10 F1000
G01 X99.500666 Y-72.118921 Z10 F1000
G01 X99.500666 Y-72.185543 Z10 F1000
G01 X99.500666 Y-72.252165 Z10 F1000
G01 X99.500666 Y-72.318787 Z10 F1000
G01 X99.500666 Y-72.38541 Z10 F1000
G01 X99.500666 Y-72.452032 Z10 F1000
G01 X97.302132 Y-72.452032 Z10 F1000
G01 X97.23551 Y-72.452032 Z9.294118 F1000
G01 X97.168887 Y-72.452032 Z1.176471 F1000
G01 X96.969021 Y-72.452032 Z1.176471 F1000
G01 X96.902398 Y-72.452032 Z1.137255 F1000
G01 X96.835776 Y-72.452032 Z1.137255 F1000
G01 X96.769154 Y-72.452032 Z1.019608 F1000
G01 X96.36942 Y-72.452032 Z1.019608 F1000
G01 X96.302798 Y-72.452032 Z9.843137 F1000
G01 X96.236176 Y-72.452032 Z10 F1000
G01 X93.238175 Y-72.452032 Z10 F1000
G01 X93.171552 Y-72.452032 Z9.960784 F1000
G01 X93.038308 Y-72.452032 Z9.960784 F1000
G01 X92.971686 Y-72.452032 Z10 F1000
G01 X81.046302 Y-72.452032 Z10 F1000
G01 X80.97968 Y-72.452032 Z9.960784 F1000
G01 X80.913058 Y-72.452032 Z10 F1000
G01 X64.257495 Y-72.452032 Z10 F1000
G01 X64.190873 Y-72.452032 Z9.960784 F1000
G01 X64.12425 Y-72.452032 Z10 F1000
G01 X60.726516 Y-72.452032 Z10 F1000
G01 X60.659893 Y-72.452032 Z9.960784 F1000
G01 X60.460027 Y-72.452032 Z9.960784 F1000
G01 X60.393404 Y-72.452032 Z9.921569 F1000
G01 X53.797801 Y-72.452032 Z9.921569 F1000
G01 X53.731179 Y-72.452032 Z9.960784 F1000
G01 X53.531312 Y-72.452032 Z9.960784 F1000
G01 X53.46469 Y-72.452032 Z10 F1000
G01 X21.685876 Y-72.452032 Z10 F1000
G01 X21.619254 Y-72.452032 Z9.960784 F1000
G01 X21.552632 Y-72.452032 Z10 F1000
G01 X18.488008 Y-72.452032 Z10 F1000
G01 X18.421386 Y-72.452032 Z9.960784 F1000
G01 X18.354763 Y-72.452032 Z10 F1000
G01 X6.229514 Y-72.452032 Z10 F1000
G01 X6.162891 Y-72.452032 Z9.960784 F1000
G01 X6.096269 Y-72.452032 Z10 F1000
G01 X3.564624 Y-72.452032 Z10 F1000
G01 X3.498001 Y-72.452032 Z1.058824 F1000
G01 X2.698534 Y-72.452032 Z1.058824 F1000
G01 X2.631912 Y-72.452032 Z9.372549 F1000
G01 X2.56529 Y-72.452032 Z9.921569 F1000
G01 X2.498668 Y-72.452032 Z9.960784 F1000
G01 X2.432045 Y-72.452032 Z9.960784 F1000
G01 X2.365423 Y-72.452032 Z10 F1000
G01 X0.433378 Y-72.452032 Z10 F1000
G01 X0.433378 Y-72.518654 Z10 F1000
G01 X0.433378 Y-72.585276 Z10 F1000
G01 X0.433378 Y-72.651899 Z10 F1000
G01 X0.433378 Y-72.718521 Z10 F1000
G01 X0.433378 Y-72.785143 Z10 F1000
G01 X0.433378 Y-72.851765 Z10 F1000
G01 X0.433378 Y-72.918388 Z10 F1000
G01 X0.433378 Y-72.98501 Z10 F1000
G01 X2.365423 Y-72.98501 Z10 F1000
G01 X2.432045 Y-72.98501 Z9.960784 F1000
G01 X2.56529 Y-72.98501 Z9.960784 F1000
G01 X2.631912 Y-72.98501 Z9.411765 F1000
G01 X2.698534 Y-72.98501 Z1.137255 F1000
G01 X3.298135 Y-72.98501 Z1.137255 F1000
G01 X3.364757 Y-72.98501 Z1.176471 F1000
G01 X3.498001 Y-72.98501 Z1.176471 F1000
G01 X3.564624 Y-72.98501 Z10 F1000
G01 X6.096269 Y-72.98501 Z10 F1000
G01 X6.162891 Y-72.98501 Z9.960784 F1000
G01 X6.229514 Y-72.98501 Z10 F1000
G01 X18.354763 Y-72.98501 Z10 F1000
G01 X18.421386 Y-72.98501 Z9.960784 F1000
G01 X18.488008 Y-72.98501 Z10 F1000
G01 X21.552632 Y-72.98501 Z10 F1000
G01 X21.619254 Y-72.98501 Z9.960784 F1000
G01 X21.685876 Y-72.98501 Z10 F1000
G01 X41.739174 Y-72.98501 Z10 F1000
G01 X41.805796 Y-72.98501 Z9.960784 F1000
G01 X41.872418 Y-72.98501 Z9.960784 F1000
G01 X41.939041 Y-72.98501 Z10 F1000
G01 X53.864424 Y-72.98501 Z10 F1000
G01 X53.931046 Y-72.98501 Z9.960784 F1000
G01 X58.661226 Y-72.98501 Z9.960784 F1000
G01 X58.727848 Y-72.98501 Z9.921569 F1000
G01 X60.193538 Y-72.98501 Z9.921569 F1000
G01 X60.26016 Y-72.98501 Z9.960784 F1000
G01 X60.326782 Y-72.98501 Z10 F1000
G01 X64.12425 Y-72.98501 Z10 F1000
G01 X64.190873 Y-72.98501 Z9.960784 F1000
G01 X64.257495 Y-72.98501 Z9.960784 F1000
G01 X64.324117 Y-72.98501 Z10 F1000
G01 X80.913058 Y-72.98501 Z10 F1000
G01 X80.97968 Y-72.98501 Z9.960784 F1000
G01 X81.046302 Y-72.98501 Z10 F1000
G01 X92.971686 Y-72.98501 Z10 F1000
G01 X93.038308 Y-72.98501 Z9.960784 F1000
G01 X93.171552 Y-72.98501 Z9.960784 F1000
G01 X93.238175 Y-72.98501 Z10 F1000
G01 X96.236176 Y-72.98501 Z10 F1000
G01 X96.302798 Y-72.98501 Z9.843137 F1000
G01 X96.36942 Y-72.98501 Z1.019608 F1000
G01 X97.168887 Y-72.98501 Z1.019608 F1000
G01 X97.23551 Y-72.98501 Z9.372549 F1000
G01 X97.302132 Y-72.98501 Z9.960784 F1000
G01 X97.435376 Y-72.98501 Z9.960784 F1000
G01 X97.501999 Y-72.98501 Z10 F1000
G01 X99.500666 Y-72.98501 Z10 F1000
G01 X99.500666 Y-73.051632 Z10 F1000
G01 X99.500666 Y-73.118254 Z10 F1000
G01 X99.500666 Y-73.184877 Z10 F1000
G01 X99.500666 Y-73.251499 Z10 F1000
G01 X99.500666 Y-73.318121 Z10 F1000
G01 X99.500666 Y-73.384744 Z10 F1000
G01 X99.500666 Y-73.451366 Z10 F1000
G01 X99.500666 Y-73.517988 Z10 F1000
G01 X97.501999 Y-73.517988 Z10 F1000
G01 X97.435376 Y-73.517988 Z9.960784 F1000
G01 X97.368754 Y-73.517988 Z9.960784 F1000
G01 X97.302132 Y-73.517988 Z9.921569 F1000
G01 X97.23551 Y-73.517988 Z9.372549 F1000
G01 X97.168887 Y-73.517988 Z1.098039 F1000
G01 X96.969021 Y-73.517988 Z1.098039 F1000
G01 X96.902398 Y-73.517988 Z1.058824 F1000
G01 X96.36942 Y-73.517988 Z1.058824 F1000
G01 X96.302798 Y-73.517988 Z9.843137 F1000
G01 X96.236176 Y-73.517988 Z10 F1000
G01 X81.046302 Y-73.517988 Z10 F1000
G01 X80.97968 Y-73.517988 Z9.960784 F1000
G01 X80.913058 Y-73.517988 Z10 F1000
G01 X59.993671 Y-73.517988 Z10 F1000
G01 X59.927049 Y-73.517988 Z9.960784 F1000
G01 X59.860426 Y-73.517988 Z9.960784 F1000
G01 X59.793804 Y-73.517988 Z9.921569 F1000
G01 X58.727848 Y-73.517988 Z9.921569 F1000
G01 X58.661226 Y-73.517988 Z9.960784 F1000
G01 X58.594604 Y-73.517988 Z10 F1000
G01 X21.685876 Y-73.517988 Z10 F1000
G01 X21.619254 Y-73.517988 Z9.960784 F1000
G01 X21.552632 Y-73.517988 Z10 F1000
G01 X3.564624 Y-73.517988 Z10 F1000
G01 X3.498001 Y-73.517988 Z1.176471 F1000
G01 X2.698534 Y-73.517988 Z1.176471 F1000
G01 X2.631912 Y-73.517988 Z9.411765 F1000
G01 X2.56529 Y-73.517988 Z10 F1000
G01 X0.433378 Y-73.517988 Z10 F1000
G01 X0.433378 Y-73.58461 Z10 F1000
G01 X0.433378 Y-73.651233 Z10 F1000
G01 X0.433378 Y-73.717855 Z10 F1000
G01 X0.433378 Y-73.784477 Z10 F1000
G01 X0.433378 Y-73.851099 Z10 F1000
G01 X0.433378 Y-73.917722 Z10 F1000
G01 X0.433378 Y-73.984344 Z10 F1000
G01 X0.433378 Y-74.050966 Z10 F1000
G01 X2.56529 Y-74.050966 Z10 F1000
G01 X2.631912 Y-74.050966 Z9.294118 F1000
G01 X2.698534 Y-74.050966 Z1.176471 F1000
G01 X3.364757 Y-74.050966 Z1.176471 F1000
G01 X3.431379 Y-74.050966 Z1.137255 F1000
G01 X3.498001 Y-74.050966 Z1.098039 F1000
G01 X3.564624 Y-74.050966 Z10 F1000
G01 X58.594604 Y-74.050966 Z10 F1000
G01 X58.661226 Y-74.050966 Z9.960784 F1000
G01 X58.727848 Y-74.050966 Z9.921569 F1000
G01 X59.260826 Y-74.050966 Z9.921569 F1000
G01 X59.327448 Y-74.050966 Z9.960784 F1000
G01 X59.727182 Y-74.050966 Z9.960784 F1000
G01 X59.793804 Y-74.050966 Z10 F1000
G01 X80.913058 Y-74.050966 Z10 F1000
G01 X80.97968 Y-74.050966 Z9.960784 F1000
G01 X81.046302 Y-74.050966 Z10 F1000
G01 X96.236176 Y-74.050966 Z10 F1000
G01 X96.302798 Y-74.050966 Z9.843137 F1000
G01 X96.36942 Y-74.050966 Z1.098039 F1000
G01 X96.702532 Y-74.050966 Z1.098039 F1000
G01 X96.769154 Y-74.050966 Z1.137255 F1000
G01 X97.168887 Y-74.050966 Z1.137255 F1000
G01 X97.23551 Y-74.050966 Z9.372549 F1000
G01 X97.302132 Y-74.050966 Z9.921569 F1000
G01 X97.368754 Y-74.050966 Z10 F1000
G01 X99.500666 Y-74.050966 Z10 F1000
G01 X99.500666 Y-74.117588 Z10 F1000
G01 X99.500666 Y-74.184211 Z10 F1000
G01 X99.500666 Y-74.250833 Z10 F1000
G01 X99.500666 Y-74.317455 Z10 F1000
G01 X99.500666 Y-74.384077 Z10 F1000
G01 X99.500666 Y-74.4507 Z10 F1000
G01 X99.500666 Y-74.517322 Z10 F1000
G01 X99.500666 Y-74.583944 Z10 F1000
G01 X97.368754 Y-74.583944 Z10 F1000
G01 X97.302132 Y-74.583944 Z9.921569 F1000
G01 X97.23551 Y-74.583944 Z9.372549 F1000
G01 X97.168887 Y-74.583944 Z1.137255 F1000
G01 X96.769154 Y-74.583944 Z1.137255 F1000
G01 X96.702532 Y-74.583944 Z1.098039 F1000
G01 X96.36942 Y-74.583944 Z1.098039 F1000
G01 X96.302798 Y-74.583944 Z9.843137 F1000
G01 X96.236176 Y-74.583944 Z10 F1000
G01 X81.046302 Y-74.583944 Z10 F1000
G01 X80.97968 Y-74.583944 Z9.960784 F1000
G01 X80.913058 Y-74.583944 Z10 F1000
G01 X59.394071 Y-74.583944 Z10 F1000
G01 X59.327448 Y-74.583944 Z9.960784 F1000
G01 X59.260826 Y-74.583944 Z9.960784 F1000
G01 X59.194204 Y-74.583944 Z9.921569 F1000
G01 X58.594604 Y-74.583944 Z9.921569 F1000
G01 X58.527981 Y-74.583944 Z9.960784 F1000
G01 X58.328115 Y-74.583944 Z9.960784 F1000
G01 X58.261492 Y-74.583944 Z10 F1000
G01 X3.564624 Y-74.583944 Z10 F1000
G01 X3.498001 Y-74.583944 Z1.098039 F1000
G01 X2.765157 Y-74.583944 Z1.098039 F1000
G01 X2.698534 Y-74.583944 Z1.019608 F1000
G01 X2.631912 Y-74.583944 Z9.333333 F1000
G01 X2.56529 Y-74.583944 Z10 F1000
G01 X0.433378 Y-74.583944 Z10 F1000
G01 X0.433378 Y-74.650566 Z10 F1000
G01 X0.433378 Y-74.717189 Z10 F1000
G01 X0.433378 Y-74.783811 Z10 F1000
G01 X0.433378 Y-74.850433 Z10 F1000
G01 X0.433378 Y-74.917055 Z10 F1000
G01 X0.433378 Y-74.983678 Z10 F1000
G01 X0.433378 Y-75.0503 Z10 F1000
G01 X0.433378 Y-75.116922 Z10 F1000
G01 X2.56529 Y-75.116922 Z10 F1000
G01 X2.631912 Y-75.116922 Z9.372549 F1000
G01 X2.698534 Y-75.116922 Z0.078431 F1000
G01 X2.765157 Y-75.116922 Z0.039216 F1000
G01 X2.898401 Y-75.116922 Z0.039216 F1000
G01 X2.965023 Y-75.116922 Z0 F1000
G01 X3.231512 Y-75.116922 Z0 F1000
G01 X3.298135 Y-75.116922 Z0.039216 F1000
G01 X3.431379 Y-75.116922 Z0.039216 F1000
G01 X3.498001 Y-75.116922 Z0.117647 F1000
G01 X3.564624 Y-75.116922 Z9.843137 F1000
G01 X3.631246 Y-75.116922 Z10 F1000
G01 X57.861759 Y-75.116922 Z10 F1000
G01 X57.928381 Y-75.116922 Z9.960784 F1000
G01 X57.995003 Y-75.116922 Z9.960784 F1000
G01 X58.061626 Y-75.116922 Z9.921569 F1000
G01 X58.927715 Y-75.116922 Z9.921569 F1000
G01 X58.994337 Y-75.116922 Z9.960784 F1000
G01 X59.060959 Y-75.116922 Z10 F1000
G01 X80.913058 Y-75.116922 Z10 F1000
G01 X80.97968 Y-75.116922 Z9.960784 F1000
G01 X81.046302 Y-75.116922 Z10 F1000
G01 X96.236176 Y-75.116922 Z10 F1000
G01 X96.302798 Y-75.116922 Z9.843137 F1000
G01 X96.36942 Y-75.116922 Z0.156863 F1000
G01 X96.436043 Y-75.116922 Z0 F1000
G01 X97.035643 Y-75.116922 Z0 F1000
G01 X97.102265 Y-75.116922 Z0.039216 F1000
G01 X97.168887 Y-75.116922 Z0.039216 F1000
G01 X97.23551 Y-75.116922 Z9.372549 F1000
G01 X97.302132 Y-75.116922 Z9.921569 F1000
G01 X97.368754 Y-75.116922 Z9.960784 F1000
G01 X97.435376 Y-75.116922 Z9.960784 F1000
G01 X97.501999 Y-75.116922 Z10 F1000
G01 X99.500666 Y-75.116922 Z10 F1000
G01 X99.500666 Y-75.183544 Z10 F1000
G01 X99.500666 Y-75.250167 Z10 F1000
G01 X99.500666 Y-75.316789 Z10 F1000
G01 X99.500666 Y-75.383411 Z10 F1000
G01 X99.500666 Y-75.450033 Z10 F1000
G01 X99.500666 Y-75.516656 Z10 F1000
G01 X99.500666 Y-75.583278 Z10 F1000
G01 X99.500666 Y-75.6499 Z10 F1000
G01 X97.501999 Y-75.6499 Z10 F1000
G01 X97.435376 Y-75.6499 Z9.960784 F1000
G01 X97.368754 Y-75.6499 Z9.960784 F1000
G01 X97.302132 Y-75.6499 Z9.921569 F1000
G01 X97.23551 Y-75.6499 Z9.372549 F1000
G01 X97.168887 Y-75.6499 Z0.039216 F1000
G01 X97.102265 Y-75.6499 Z0.039216 F1000
G01 X97.035643 Y-75.6499 Z0 F1000
G01 X96.436043 Y-75.6499 Z0 F1000
G01 X96.36942 Y-75.6499 Z0.156863 F1000
G01 X96.302798 Y-75.6499 Z9.843137 F1000
G01 X96.236176 Y-75.6499 Z10 F1000
G01 X58.661226 Y-75.6499 Z10 F1000
G01 X58.594604 Y-75.6499 Z9.921569 F1000
G01 X57.928381 Y-75.6499 Z9.921569 F1000
G01 X57.861759 Y-75.6499 Z9.960784 F1000
G01 X57.661892 Y-75.6499 Z9.960784 F1000
G01 X57.59527 Y-75.6499 Z10 F1000
G01 X3.631246 Y-75.6499 Z10 F1000
G01 X3.564624 Y-75.6499 Z9.843137 F1000
G01 X3.498001 Y-75.6499 Z0.117647 F1000
G01 X3.431379 Y-75.6499 Z0.039216 F1000
G01 X3.298135 Y-75.6499 Z0.039216 F1000
G01 X3.231512 Y-75.6499 Z0 F1000
G01 X2.831779 Y-75.6499 Z0 F1000
G01 X2.765157 Y-75.6499 Z0.039216 F1000
G01 X2.698534 Y-75.6499 Z0.039216 F1000
G01 X2.631912 Y-75.6499 Z9.372549 F1000
G01 X2.56529 Y-75.6499 Z9.921569 F1000
G01 X2.498668 Y-75.6499 Z9.960784 F1000
G01 X2.432045 Y-75.6499 Z9.960784 F1000
G01 X2.365423 Y-75.6499 Z10 F1000
G01 X0.433378 Y-75.6499 Z10 F1000
G01 X0.433378 Y-75.716522 Z10 F1000
G01 X0.433378 Y-75.783145 Z10 F1000
G01 X0.433378 Y-75.849767 Z10 F1000
G01 X0.433378 Y-75.916389 Z10 F1000
G01 X0.433378 Y-75.983011 Z10 F1000
G01 X0.433378 Y-76.049634 Z10 F1000
G01 X0.433378 Y-76.116256 Z10 F1000
G01 X0.433378 Y-76.182878 Z10 F1000
G01 X2.365423 Y-76.182878 Z10 F1000
G01 X2.432045 Y-76.182878 Z9.960784 F1000
G01 X2.498668 Y-76.182878 Z9.960784 F1000
G01 X2.56529 Y-76.182878 Z9.921569 F1000
G01 X2.631912 Y-76.182878 Z9.372549 F1000
G01 X2.698534 Y-76.182878 Z0.039216 F1000
G01 X2.765157 Y-76.182878 Z0.039216 F1000
G01 X2.831779 Y-76.182878 Z0 F1000
G01 X3.231512 Y-76.182878 Z0 F1000
G01 X3.298135 Y-76.182878 Z0.039216 F1000
G01 X3.431379 Y-76.182878 Z0.039216 F1000
G01 X3.498001 Y-76.182878 Z0.117647 F1000
G01 X3.564624 Y-76.182878 Z9.843137 F1000
G01 X3.631246 Y-76.182878 Z10 F1000
G01 X57.328781 Y-76.182878 Z10 F1000
G01 X57.395403 Y-76.182878 Z9.960784 F1000
G01 X57.462025 Y-76.182878 Z9.960784 F1000
G01 X57.528648 Y-76.182878 Z9.921569 F1000
G01 X58.128248 Y-76.182878 Z9.921569 F1000
G01 X58.19487 Y-76.182878 Z9.960784 F1000
G01 X58.261492 Y-76.182878 Z9.960784 F1000
G01 X58.328115 Y-76.182878 Z10 F1000
G01 X96.236176 Y-76.182878 Z10 F1000
G01 X96.302798 Y-76.182878 Z9.843137 F1000
G01 X96.36942 Y-76.182878 Z0.156863 F1000
G01 X96.436043 Y-76.182878 Z0 F1000
G01 X97.035643 Y-76.182878 Z0 F1000
G01 X97.102265 Y-76.182878 Z0.039216 F1000
G01 X97.168887 Y-76.182878 Z0.039216 F1000
G01 X97.23551 Y-76.182878 Z9.372549 F1000
G01 X97.302132 Y-76.182878 Z9.921569 F1000
G01 X97.368754 Y-76.182878 Z9.960784 F1000
G01 X97.435376 Y-76.182878 Z9.960784 F1000
G01 X97.501999 Y-76.182878 Z10 F1000
G01 X99.500666 Y-76.182878 Z10 F1000
G01 X99.500666 Y-76.2495 Z10 F1000
G01 X99.500666 Y-76.316123 Z10 F1000
G01 X99.500666 Y-76.382745 Z10 F1000
G01 X99.500666 Y-76.449367 Z10 F1000
G01 X99.500666 Y-76.515989 Z10 F1000
G01 X99.500666 Y-76.582612 Z10 F1000
G01 X99.500666 Y-76.649234 Z10 F1000
G01 X99.500666 Y-76.715856 Z10 F1000
G01 X97.501999 Y-76.715856 Z10 F1000
G01 X97.435376 Y-76.715856 Z9.960784 F1000
G01 X97.368754 Y-76.715856 Z9.960784 F1000
G01 X97.302132 Y-76.715856 Z9.921569 F1000
G01 X97.23551 Y-76.715856 Z9.372549 F1000
G01 X97.168887 Y-76.715856 Z0.039216 F1000
G01 X97.102265 Y-76.715856 Z0.039216 F1000
G01 X97.035643 Y-76.715856 Z0 F1000
G01 X96.436043 Y-76.715856 Z0 F1000
G01 X96.36942 Y-76.715856 Z0.156863 F1000
G01 X96.302798 Y-76.715856 Z9.843137 F1000
G01 X96.236176 Y-76.715856 Z10 F1000
G01 X58.19487 Y-76.715856 Z10 F1000
G01 X58.128248 Y-76.715856 Z9.960784 F1000
G01 X57.995003 Y-76.715856 Z9.960784 F1000
G01 X57.928381 Y-76.715856 Z9.921569 F1000
G01 X57.262159 Y-76.715856 Z9.921569 F1000
G01 X57.195536 Y-76.715856 Z9.960784 F1000
G01 X57.128914 Y-76.715856 Z9.960784 F1000
G01 X57.062292 Y-76.715856 Z10 F1000
G01 X3.631246 Y-76.715856 Z10 F1000
G01 X3.564624 Y-76.715856 Z9.843137 F1000
G01 X3.498001 Y-76.715856 Z0.117647 F1000
G01 X3.431379 Y-76.715856 Z0.039216 F1000
G01 X3.298135 Y-76.715856 Z0.039216 F1000
G01 X3.231512 Y-76.715856 Z0 F1000
G01 X2.831779 Y-76.715856 Z0 F1000
G01 X2.765157 Y-76.715856 Z0.039216 F1000
G01 X2.698534 Y-76.715856 Z0.039216 F1000
G01 X2.631912 Y-76.715856 Z9.372549 F1000
G01 X2.56529 Y-76.715856 Z9.921569 F1000
G01 X2.498668 Y-76.715856 Z9.960784 F1000
G01 X2.432045 Y-76.715856 Z9.960784 F1000
G01 X2.365423 Y-76.715856 Z10 F1000
G01 X0.433378 Y-76.715856 Z10 F1000
G01 X0.433378 Y-76.782478 Z10 F1000
G01 X0.433378 Y-76.849101 Z10 F1000
G01 X0.433378 Y-76.915723 Z10 F1000
G01 X0.433378 Y-76.982345 Z10 F1000
G01 X0.433378 Y-77.048967 Z10 F1000
G01 X0.433378 Y-77.11559 Z10 F1000
G01 X0.433378 Y-77.182212 Z10 F1000
G01 X0.433378 Y-77.248834 Z10 F1000
G01 X2.365423 Y-77.248834 Z10 F1000
G01 X2.432045 Y-77.248834 Z9.960784 F1000
G01 X2.498668 Y-77.248834 Z9.960784 F1000
G01 X2.56529 Y-77.248834 Z9.921569 F1000
G01 X2.631912 Y-77.248834 Z9.372549 F1000
G01 X2.698534 Y-77.248834 Z0.039216 F1000
G01 X2.765157 Y-77.248834 Z0.039216 F1000
G01 X2.831779 Y-77.248834 Z0 F1000
G01 X3.231512 Y-77.248834 Z0 F1000
G01 X3.298135 Y-77.248834 Z0.039216 F1000
G01 X3.431379 Y-77.248834 Z0.039216 F1000
G01 X3.498001 Y-77.248834 Z0.117647 F1000
G01 X3.564624 Y-77.248834 Z9.843137 F1000
G01 X3.631246 Y-77.248834 Z10 F1000
G01 X56.729181 Y-77.248834 Z10 F1000
G01 X56.795803 Y-77.248834 Z9.960784 F1000
G01 X56.862425 Y-77.248834 Z9.960784 F1000
G01 X56.929047 Y-77.248834 Z9.921569 F1000
G01 X57.59527 Y-77.248834 Z9.921569 F1000
G01 X57.661892 Y-77.248834 Z9.960784 F1000
G01 X57.728514 Y-77.248834 Z10 F1000
G01 X96.236176 Y-77.248834 Z10 F1000
G01 X96.302798 Y-77.248834 Z9.843137 F1000
G01 X96.36942 Y-77.248834 Z0.156863 F1000
G01 X96.436043 Y-77.248834 Z0 F1000
G01 X97.035643 Y-77.248834 Z0 F1000
G01 X97.102265 Y-77.248834 Z0.039216 F1000
G01 X97.168887 Y-77.248834 Z0.039216 F1000
G01 X97.23551 Y-77.248834 Z9.372549 F1000
G01 X97.302132 Y-77.248834 Z9.921569 F1000
G01 X97.368754 Y-77.248834 Z9.960784 F1000
G01 X97.435376 Y-77.248834 Z9.960784 F1000
G01 X97.501999 Y-77.248834 Z10 F1000
G01 X99.500666 Y-77.248834 Z10 F1000
G01 X99.500666 Y-77.315456 Z10 F1000
G01 X99.500666 Y-77.382079 Z10 F1000
G01 X99.500666 Y-77.448701 Z10 F1000
G01 X99.500666 Y-77.515323 Z10 F1000
G01 X99.500666 Y-77.581945 Z10 F1000
G01 X99.500666 Y-77.648568 Z10 F1000
G01 X99.500666 Y-77.71519 Z10 F1000
G01 X99.500666 Y-77.781812 Z10 F1000
G01 X97.501999 Y-77.781812 Z10 F1000
G01 X97.435376 Y-77.781812 Z9.960784 F1000
G01 X97.368754 Y-77.781812 Z9.960784 F1000
G01 X97.302132 Y-77.781812 Z9.921569 F1000
G01 X97.23551 Y-77.781812 Z9.372549 F1000
G01 X97.168887 Y-77.781812 Z0.039216 F1000
G01 X97.102265 Y-77.781812 Z0.039216 F1000
G01 X97.035643 Y-77.781812 Z0 F1000
G01 X96.436043 Y-77.781812 Z0 F1000
G01 X96.36942 Y-77.781812 Z0.156863 F1000
G01 X96.302798 Y-77.781812 Z9.843137 F1000
G01 X96.236176 Y-77.781812 Z10 F1000
G01 X3.631246 Y-77.781812 Z10 F1000
G01 X3.564624 Y-77.781812 Z9.843137 F1000
G01 X3.498001 Y-77.781812 Z0.117647 F1000
G01 X3.431379 Y-77.781812 Z0.039216 F1000
G01 X3.298135 Y-77.781812 Z0.039216 F1000
G01 X3.231512 Y-77.781812 Z0 F1000
G01 X2.831779 Y-77.781812 Z0 F1000
G01 X2.765157 Y-77.781812 Z0.039216 F1000
G01 X2.698534 Y-77.781812 Z0.039216 F1000
G01 X2.631912 Y-77.781812 Z9.372549 F1000
G01 X2.56529 Y-77.781812 Z9.921569 F1000
G01 X2.498668 Y-77.781812 Z9.960784 F1000
G01 X2.432045 Y-77.781812 Z9.960784 F1000
G01 X2.365423 Y-77.781812 Z10 F1000
G01 X0.433378 Y-77.781812 Z10 F1000
G01 X0.433378 Y-77.848434 Z10 F1000
G01 X0.433378 Y-77.915057 Z10 F1000
G01 X0.433378 Y-77.981679 Z10 F1000
G01 X0.433378 Y-78.048301 Z10 F1000
G01 X0.433378 Y-78.114923 Z10 F1000
G01 X0.433378 Y-78.181546 Z10 F1000
G01 X0.433378 Y-78.248168 Z10 F1000
G01 X0.433378 Y-78.31479 Z10 F1000
G01 X2.365423 Y-78.31479 Z10 F1000
G01 X2.432045 Y-78.31479 Z9.960784 F1000
G01 X2.498668 Y-78.31479 Z9.960784 F1000
G01 X2.56529 Y-78.31479 Z9.921569 F1000
G01 X2.631912 Y-78.31479 Z9.372549 F1000
G01 X2.698534 Y-78.31479 Z0.039216 F1000
G01 X2.765157 Y-78.31479 Z0.039216 F1000
G01 X2.831779 Y-78.31479 Z0 F1000
G01 X3.231512 Y-78.31479 Z0 F1000
G01 X3.298135 Y-78.31479 Z0.039216 F1000
G01 X3.431379 Y-78.31479 Z0.039216 F1000
G01 X3.498001 Y-78.31479 Z0.117647 F1000
G01 X3.564624 Y-78.31479 Z9.843137 F1000
G01 X3.631246 Y-78.31479 Z10 F1000
G01 X96.236176 Y-78.31479 Z10 F1000
G01 X96.302798 Y-78.31479 Z9.843137 F1000
G01 X96.36942 Y-78.31479 Z0.156863 F1000
G01 X96.436043 Y-78.31479 Z0 F1000
G01 X97.035643 Y-78.31479 Z0 F1000
G01 X97.102265 Y-78.31479 Z0.039216 F1000
G01 X97.168887 Y-78.31479 Z0.039216 F1000
G01 X97.23551 Y-78.31479 Z9.372549 F1000
G01 X97.302132 Y-78.31479 Z9.921569 F1000
G01 X97.368754 Y-78.31479 Z9.960784 F1000
G01 X97.435376 Y-78.31479 Z9.960784 F1000
G01 X97.501999 Y-78.31479 Z10 F1000
G01 X99.500666 Y-78.31479 Z10 F1000
G01 X99.500666 Y-78.381412 Z10 F1000
G01 X99.500666 Y-78.448035 Z10 F1000
G01 X99.500666 Y-78.514657 Z10 F1000
G01 X99.500666 Y-78.581279 Z10 F1000
G01 X99.500666 Y-78.647901 Z10 F1000
G01 X99.500666 Y-78.714524 Z10 F1000
G01 X99.500666 Y-78.781146 Z10 F1000
G01 X99.500666 Y-78.847768 Z10 F1000
G01 X97.501999 Y-78.847768 Z10 F1000
G01 X97.435376 Y-78.847768 Z9.960784 F1000
G01 X97.368754 Y-78.847768 Z9.960784 F1000
G01 X97.302132 Y-78.847768 Z9.921569 F1000
G01 X97.23551 Y-78.847768 Z9.372549 F1000
G01 X97.168887 Y-78.847768 Z0.039216 F1000
G01 X97.102265 Y-78.847768 Z0.039216 F1000
G01 X97.035643 Y-78.847768 Z0 F1000
G01 X96.436043 Y-78.847768 Z0 F1000
G01 X96.36942 Y-78.847768 Z0.156863 F1000
G01 X96.302798 Y-78.847768 Z9.843137 F1000
G01 X96.236176 Y-78.847768 Z10 F1000
G01 X3.631246 Y-78.847768 Z10 F1000
G01 X3.564624 Y-78.847768 Z9.843137 F1000
G01 X3.498001 Y-78.847768 Z0.117647 F1000
G01 X3.431379 Y-78.847768 Z0.039216 F1000
G01 X3.298135 Y-78.847768 Z0.039216 F1000
G01 X3.231512 Y-78.847768 Z0 F1000
G01 X2.831779 Y-78.847768 Z0 F1000
G01 X2.765157 Y-78.847768 Z0.039216 F1000
G01 X2.698534 Y-78.847768 Z0.039216 F1000
G01 X2.631912 Y-78.847768 Z9.372549 F1000
G01 X2.56529 Y-78.847768 Z9.921569 F1000
G01 X2.498668 Y-78.847768 Z9.960784 F1000
G01 X2.432045 Y-78.847768 Z9.960784 F1000
G01 X2.365423 Y-78.847768 Z10 F1000
G01 X0.433378 Y-78.847768 Z10 F1000
G01 X0.433378 Y-78.91439 Z10 F1000
G01 X0.433378 Y-78.981013 Z10 F1000
G01 X0.433378 Y-79.047635 Z10 F1000
G01 X0.433378 Y-79.114257 Z10 F1000
G01 X0.433378 Y-79.180879 Z10 F1000
G01 X0.433378 Y-79.247502 Z10 F1000
G01 X0.433378 Y-79.314124 Z10 F1000
G01 X0.433378 Y-79.380746 Z10 F1000
G01 X2.365423 Y-79.380746 Z10 F1000
G01 X2.432045 Y-79.380746 Z9.960784 F1000
G01 X2.498668 Y-79.380746 Z9.960784 F1000
G01 X2.56529 Y-79.380746 Z9.921569 F1000
G01 X2.631912 Y-79.380746 Z9.372549 F1000
G01 X2.698534 Y-79.380746 Z0.039216 F1000
G01 X2.765157 Y-79.380746 Z0.039216 F1000
G01 X2.831779 Y-79.380746 Z0 F1000
G01 X3.231512 Y-79.380746 Z0 F1000
G01 X3.298135 Y-79.380746 Z0.039216 F1000
G01 X3.431379 Y-79.380746 Z0.039216 F1000
G01 X3.498001 Y-79.380746 Z0.117647 F1000
G01 X3.564624 Y-79.380746 Z9.843137 F1000
G01 X3.631246 Y-79.380746 Z10 F1000
G01 X58.128248 Y-79.380746 Z10 F1000
G01 X58.19487 Y-79.380746 Z9.960784 F1000
G01 X58.394737 Y-79.380746 Z9.960784 F1000
G01 X58.461359 Y-79.380746 Z10 F1000
G01 X96.236176 Y-79.380746 Z10 F1000
G01 X96.302798 Y-79.380746 Z9.843137 F1000
G01 X96.36942 Y-79.380746 Z0.156863 F1000
G01 X96.436043 Y-79.380746 Z0 F1000
G01 X97.035643 Y-79.380746 Z0 F1000
G01 X97.102265 Y-79.380746 Z0.039216 F1000
G01 X97.168887 Y-79.380746 Z0.039216 F1000
G01 X97.23551 Y-79.380746 Z9.372549 F1000
G01 X97.302132 Y-79.380746 Z9.921569 F1000
G01 X97.368754 Y-79.380746 Z9.960784 F1000
G01 X97.435376 Y-79.380746 Z9.960784 F1000
G01 X97.501999 Y-79.380746 Z10 F1000
G01 X99.500666 Y-79.380746 Z10 F1000
G01 X99.500666 Y-79.447368 Z10 F1000
G01 X99.500666 Y-79.513991 Z10 F1000
G01 X99.500666 Y-79.580613 Z10 F1000
G01 X99.500666 Y-79.647235 Z10 F1000
G01 X99.500666 Y-79.713857 Z10 F1000
G01 X99.500666 Y-79.78048 Z10 F1000
G01 X99.500666 Y-79.847102 Z10 F1000
G01 X99.500666 Y-79.913724 Z10 F1000
G01 X97.501999 Y-79.913724 Z10 F1000
G01 X97.435376 Y-79.913724 Z9.960784 F1000
G01 X97.368754 Y-79.913724 Z9.960784 F1000
G01 X97.302132 Y-79.913724 Z9.921569 F1000
G01 X97.23551 Y-79.913724 Z9.372549 F1000
G01 X97.168887 Y-79.913724 Z0.039216 F1000
G01 X97.102265 Y-79.913724 Z0.039216 F1000
G01 X97.035643 Y-79.913724 Z0 F1000
G01 X96.436043 Y-79.913724 Z0 F1000
G01 X96.36942 Y-79.913724 Z0.156863 F1000
G01 X96.302798 Y-79.913724 Z9.843137 F1000
G01 X96.236176 Y-79.913724 Z10 F1000
G01 X58.727848 Y-79.913724 Z10 F1000
G01 X58.661226 Y-79.913724 Z9.960784 F1000
G01 X58.594604 Y-79.913724 Z9.960784 F1000
G01 X58.527981 Y-79.913724 Z9.921569 F1000
G01 X55.929714 Y-79.913724 Z9.921569 F1000
G01 X55.863091 Y-79.913724 Z9.960784 F1000
G01 X55.52998 Y-79.913724 Z9.960784 F1000
G01 X55.463358 Y-79.913724 Z10 F1000
G01 X3.631246 Y-79.913724 Z10 F1000
G01 X3.564624 Y-79.913724 Z9.843137 F1000
G01 X3.498001 Y-79.913724 Z0.117647 F1000
G01 X3.431379 Y-79.913724 Z0.039216 F1000
G01 X3.298135 Y-79.913724 Z0.039216 F1000
G01 X3.231512 Y-79.913724 Z0 F1000
G01 X2.831779 Y-79.913724 Z0 F1000
G01 X2.765157 Y-79.913724 Z0.039216 F1000
G01 X2.698534 Y-79.913724 Z0.039216 F1000
G01 X2.631912 Y-79.913724 Z9.372549 F1000
G01 X2.56529 Y-79.913724 Z9.921569 F1000
G01 X2.498668 Y-79.913724 Z9.960784 F1000
G01 X2.432045 Y-79.913724 Z9.960784 F1000
G01 X2.365423 Y-79.913724 Z10 F1000
G01 X0.433378 Y-79.913724 Z10 F1000
G01 X0.433378 Y-79.980346 Z10 F1000
G01 X0.433378 Y-80.046969 Z10 F1000
G01 X0.433378 Y-80.113591 Z10 F1000
G01 X0.433378 Y-80.180213 Z10 F1000
G01 X0.433378 Y-80.246835 Z10 F1000
G01 X0.433378 Y-80.313458 Z10 F1000
G01 X0.433378 Y-80.38008 Z10 F1000
G01 X0.433378 Y-80.446702 Z10 F1000
G01 X2.365423 Y-80.446702 Z10 F1000
G01 X2.432045 Y-80.446702 Z9.960784 F1000
G01 X2.498668 Y-80.446702 Z9.960784 F1000
G01 X2.56529 Y-80.446702 Z9.921569 F1000
G01 X2.631912 Y-80.446702 Z9.372549 F1000
G01 X2.698534 Y-80.446702 Z0.039216 F1000
G01 X2.765157 Y-80.446702 Z0.039216 F1000
G01 X2.831779 Y-80.446702 Z0 F1000
G01 X3.231512 Y-80.446702 Z0 F1000
G01 X3.298135 Y-80.446702 Z0.039216 F1000
G01 X3.431379 Y-80.446702 Z0.039216 F1000
G01 X3.498001 Y-80.446702 Z0.117647 F1000
G01 X3.564624 Y-80.446702 Z9.843137 F1000
G01 X3.631246 Y-80.446702 Z10 F1000
G01 X54.997002 Y-80.446702 Z10 F1000
G01 X55.063624 Y-80.446702 Z9.960784 F1000
G01 X55.130247 Y-80.446702 Z9.960784 F1000
G01 X55.196869 Y-80.446702 Z9.921569 F1000
G01 X58.727848 Y-80.446702 Z9.921569 F1000
G01 X58.79447 Y-80.446702 Z9.960784 F1000
G01 X58.927715 Y-80.446702 Z9.960784 F1000
G01 X58.994337 Y-80.446702 Z10 F1000
G01 X96.236176 Y-80.446702 Z10 F1000
G01 X96.302798 Y-80.446702 Z9.843137 F1000
G01 X96.36942 Y-80.446702 Z1.019608 F1000
G01 X96.436043 Y-80.446702 Z1.098039 F1000
G01 X96.502665 Y-80.446702 Z1.098039 F1000
G01 X96.569287 Y-80.446702 Z1.137255 F1000
G01 X97.168887 Y-80.446702 Z1.137255 F1000
G01 X97.23551 Y-80.446702 Z9.372549 F1000
G01 X97.302132 Y-80.446702 Z9.921569 F1000
G01 X97.368754 Y-80.446702 Z9.960784 F1000
G01 X97.435376 Y-80.446702 Z10 F1000
G01 X99.500666 Y-80.446702 Z10 F1000
G01 X99.500666 Y-80.513324 Z10 F1000
G01 X99.500666 Y-80.579947 Z10 F1000
G01 X99.500666 Y-80.646569 Z10 F1000
G01 X99.500666 Y-80.713191 Z10 F1000
G01 X99.500666 Y-80.779813 Z10 F1000
G01 X99.500666 Y-80.846436 Z10 F1000
G01 X99.500666 Y-80.913058 Z10 F1000
G01 X99.500666 Y-80.97968 Z10 F1000
G01 X97.435376 Y-80.97968 Z10 F1000
G01 X97.368754 Y-80.97968 Z9.960784 F1000
G01 X97.302132 Y-80.97968 Z9.921569 F1000
G01 X97.23551 Y-80.97968 Z9.411765 F1000
G01 X97.168887 Y-80.97968 Z1.137255 F1000
G01 X96.569287 Y-80.97968 Z1.137255 F1000
G01 X96.502665 Y-80.97968 Z1.098039 F1000
G01 X96.436043 Y-80.97968 Z1.098039 F1000
G01 X96.36942 Y-80.97968 Z1.058824 F1000
G01 X96.302798 Y-80.97968 Z9.843137 F1000
G01 X96.236176 Y-80.97968 Z10 F1000
G01 X58.994337 Y-80.97968 Z10 F1000
G01 X58.927715 Y-80.97968 Z9.960784 F1000
G01 X58.861093 Y-80.97968 Z9.921569 F1000
G01 X56.196203 Y-80.97968 Z9.921569 F1000
G01 X56.12958 Y-80.97968 Z9.960784 F1000
G01 X56.062958 Y-80.97968 Z9.960784 F1000
G01 X55.996336 Y-80.97968 Z10 F1000
G01 X3.631246 Y-80.97968 Z10 F1000
G01 X3.564624 Y-80.97968 Z9.843137 F1000
G01 X3.498001 Y-80.97968 Z0.117647 F1000
G01 X3.431379 Y-80.97968 Z0.039216 F1000
G01 X3.298135 Y-80.97968 Z0.039216 F1000
G01 X3.231512 Y-80.97968 Z0 F1000
G01 X2.831779 Y-80.97968 Z0 F1000
G01 X2.765157 Y-80.97968 Z0.039216 F1000
G01 X2.698534 Y-80.97968 Z0.039216 F1000
G01 X2.631912 Y-80.97968 Z9.372549 F1000
G01 X2.56529 Y-80.97968 Z9.921569 F1000
G01 X2.498668 Y-80.97968 Z9.960784 F1000
G01 X2.432045 Y-80.97968 Z9.960784 F1000
G01 X2.365423 Y-80.97968 Z10 F1000
G01 X0.433378 Y-80.97968 Z10 F1000
G01 X0.433378 Y-81.046302 Z10 F1000
G01 X0.433378 Y-81.112925 Z10 F1000
G01 X0.433378 Y-81.179547 Z10 F1000
G01 X0.433378 Y-81.246169 Z10 F1000
G01 X0.433378 Y-81.312791 Z10 F1000
G01 X0.433378 Y-81.379414 Z10 F1000
G01 X0.433378 Y-81.446036 Z10 F1000
G01 X0.433378 Y-81.512658 Z10 F1000
G01 X2.365423 Y-81.512658 Z10 F1000
G01 X2.432045 Y-81.512658 Z9.960784 F1000
G01 X2.498668 Y-81.512658 Z9.960784 F1000
G01 X2.56529 Y-81.512658 Z9.921569 F1000
G01 X2.631912 Y-81.512658 Z9.372549 F1000
G01 X2.698534 Y-81.512658 Z0.039216 F1000
G01 X2.765157 Y-81.512658 Z0.039216 F1000
G01 X2.831779 Y-81.512658 Z0 F1000
G01 X3.231512 Y-81.512658 Z0 F1000
G01 X3.298135 Y-81.512658 Z0.039216 F1000
G01 X3.431379 Y-81.512658 Z0.039216 F1000
G01 X3.498001 Y-81.512658 Z0.117647 F1000
G01 X3.564624 Y-81.512658 Z9.843137 F1000
G01 X3.631246 Y-81.512658 Z10 F1000
G01 X56.196203 Y-81.512658 Z10 F1000
G01 X56.262825 Y-81.512658 Z9.960784 F1000
G01 X56.396069 Y-81.512658 Z9.960784 F1000
G01 X56.462692 Y-81.512658 Z9.921569 F1000
G01 X59.060959 Y-81.512658 Z9.921569 F1000
G01 X59.127582 Y-81.512658 Z9.960784 F1000
G01 X59.194204 Y-81.512658 Z10 F1000
G01 X96.236176 Y-81.512658 Z10 F1000
G01 X96.302798 Y-81.512658 Z9.843137 F1000
G01 X96.36942 Y-81.512658 Z1.058824 F1000
G01 X97.168887 Y-81.512658 Z1.058824 F1000
G01 X97.23551 Y-81.512658 Z9.411765 F1000
G01 X97.302132 Y-81.512658 Z9.921569 F1000
G01 X97.368754 Y-81.512658 Z9.960784 F1000
G01 X97.435376 Y-81.512658 Z9.960784 F1000
G01 X97.501999 Y-81.512658 Z10 F1000
G01 X99.500666 Y-81.512658 Z10 F1000
G01 X99.500666 Y-81.57928 Z10 F1000
G01 X99.500666 Y-81.645903 Z10 F1000
G01 X99.500666 Y-81.712525 Z10 F1000
G01 X99.500666 Y-81.779147 Z10 F1000
G01 X99.500666 Y-81.845769 Z10 F1000
G01 X99.500666 Y-81.912392 Z10 F1000
G01 X99.500666 Y-81.979014 Z10 F1000
G01 X99.500666 Y-82.045636 Z10 F1000
G01 X97.501999 Y-82.045636 Z10 F1000
G01 X97.435376 Y-82.045636 Z9.960784 F1000
G01 X97.368754 Y-82.045636 Z9.960784 F1000
G01 X97.302132 Y-82.045636 Z9.921569 F1000
G01 X97.23551 Y-82.045636 Z9.372549 F1000
G01 X97.168887 Y-82.045636 Z1.019608 F1000
G01 X96.36942 Y-82.045636 Z1.019608 F1000
G01 X96.302798 Y-82.045636 Z9.843137 F1000
G01 X96.236176 Y-82.045636 Z10 F1000
G01 X59.327448 Y-82.045636 Z10 F1000
G01 X59.260826 Y-82.045636 Z9.960784 F1000
G01 X59.194204 Y-82.045636 Z9.921569 F1000
G01 X56.462692 Y-82.045636 Z9.921569 F1000
G01 X56.396069 Y-82.045636 Z9.960784 F1000
G01 X56.262825 Y-82.045636 Z9.960784 F1000
G01 X56.196203 Y-82.045636 Z10 F1000
G01 X3.631246 Y-82.045636 Z10 F1000
G01 X3.564624 Y-82.045636 Z9.843137 F1000
G01 X3.498001 Y-82.045636 Z0.117647 F1000
G01 X3.431379 Y-82.045636 Z0.039216 F1000
G01 X3.298135 Y-82.045636 Z0.039216 F1000
G01 X3.231512 Y-82.045636 Z0 F1000
G01 X2.831779 Y-82.045636 Z0 F1000
G01 X2.765157 Y-82.045636 Z0.039216 F1000
G01 X2.698534 Y-82.045636 Z0.039216 F1000
G01 X2.631912 Y-82.045636 Z9.372549 F1000
G01 X2.56529 Y-82.045636 Z9.921569 F1000
G01 X2.498668 Y-82.045636 Z9.960784 F1000
G01 X2.432045 Y-82.045636 Z9.960784 F1000
G01 X2.365423 Y-82.045636 Z10 F1000
G01 X0.433378 Y-82.045636 Z10 F1000
G01 X0.433378 Y-82.112258 Z10 F1000
G01 X0.433378 Y-82.178881 Z10 F1000
G01 X0.433378 Y-82.245503 Z10 F1000
G01 X0.433378 Y-82.312125 Z10 F1000
G01 X0.433378 Y-82.378748 Z10 F1000
G01 X0.433378 Y-82.44537 Z10 F1000
G01 X0.433378 Y-82.511992 Z10 F1000
G01 X0.433378 Y-82.578614 Z10 F1000
G01 X2.432045 Y-82.578614 Z10 F1000
G01 X2.498668 Y-82.578614 Z9.960784 F1000
G01 X2.56529 Y-82.578614 Z9.960784 F1000
G01 X2.631912 Y-82.578614 Z9.372549 F1000
G01 X2.698534 Y-82.578614 Z0.078431 F1000
G01 X3.431379 Y-82.578614 Z0.078431 F1000
G01 X3.498001 Y-82.578614 Z0.117647 F1000
G01 X3.564624 Y-82.578614 Z9.843137 F1000
G01 X3.631246 Y-82.578614 Z10 F1000
G01 X56.12958 Y-82.578614 Z10 F1000
G01 X56.196203 Y-82.578614 Z9.960784 F1000
G01 X56.262825 Y-82.578614 Z9.960784 F1000
G01 X56.329447 Y-82.578614 Z9.921569 F1000
G01 X56.929047 Y-82.578614 Z9.921569 F1000
G01 X56.99567 Y-82.578614 Z9.960784 F1000
G01 X57.062292 Y-82.578614 Z9.960784 F1000
G01 X57.128914 Y-82.578614 Z10 F1000
G01 X58.79447 Y-82.578614 Z10 F1000
G01 X58.861093 Y-82.578614 Z9.960784 F1000
G01 X59.060959 Y-82.578614 Z9.960784 F1000
G01 X59.127582 Y-82.578614 Z9.921569 F1000
G01 X59.394071 Y-82.578614 Z9.921569 F1000
G01 X59.460693 Y-82.578614 Z9.960784 F1000
G01 X59.527315 Y-82.578614 Z10 F1000
G01 X96.236176 Y-82.578614 Z10 F1000
G01 X96.302798 Y-82.578614 Z9.843137 F1000
G01 X96.36942 Y-82.578614 Z1.019608 F1000
G01 X97.168887 Y-82.578614 Z1.019608 F1000
G01 X97.23551 Y-82.578614 Z9.372549 F1000
G01 X97.302132 Y-82.578614 Z9.921569 F1000
G01 X97.368754 Y-82.578614 Z9.960784 F1000
G01 X97.435376 Y-82.578614 Z9.960784 F1000
G01 X97.501999 Y-82.578614 Z10 F1000
G01 X99.500666 Y-82.578614 Z10 F1000
G01 X99.500666 Y-82.645237 Z10 F1000
G01 X99.500666 Y-82.711859 Z10 F1000
G01 X99.500666 Y-82.778481 Z10 F1000
G01 X99.500666 Y-82.845103 Z10 F1000
G01 X99.500666 Y-82.911726 Z10 F1000
G01 X99.500666 Y-82.978348 Z10 F1000
G01 X99.500666 Y-83.04497 Z10 F1000
G01 X99.500666 Y-83.111592 Z10 F1000
G01 X97.501999 Y-83.111592 Z10 F1000
G01 X97.435376 Y-83.111592 Z9.960784 F1000
G01 X97.368754 Y-83.111592 Z9.960784 F1000
G01 X97.302132 Y-83.111592 Z9.921569 F1000
G01 X97.23551 Y-83.111592 Z9.372549 F1000
G01 X97.168887 Y-83.111592 Z1.019608 F1000
G01 X96.36942 Y-83.111592 Z1.019608 F1000
G01 X96.302798 Y-83.111592 Z9.843137 F1000
G01 X96.236176 Y-83.111592 Z10 F1000
G01 X56.862425 Y-83.111592 Z10 F1000
G01 X56.795803 Y-83.111592 Z9.960784 F1000
G01 X56.729181 Y-83.111592 Z9.960784 F1000
G01 X56.662558 Y-83.111592 Z9.921569 F1000
G01 X55.929714 Y-83.111592 Z9.921569 F1000
G01 X55.863091 Y-83.111592 Z9.960784 F1000
G01 X55.796469 Y-83.111592 Z9.960784 F1000
G01 X55.729847 Y-83.111592 Z10 F1000
G01 X3.631246 Y-83.111592 Z10 F1000
G01 X3.564624 Y-83.111592 Z9.843137 F1000
G01 X3.498001 Y-83.111592 Z1.098039 F1000
G01 X2.698534 Y-83.111592 Z1.098039 F1000
G01 X2.631912 Y-83.111592 Z9.372549 F1000
G01 X2.56529 Y-83.111592 Z9.960784 F1000
G01 X2.498668 Y-83.111592 Z9.960784 F1000
G01 X2.432045 Y-83.111592 Z10 F1000
G01 X0.433378 Y-83.111592 Z10 F1000
G01 X0.433378 Y-83.178215 Z10 F1000
G01 X0.433378 Y-83.244837 Z10 F1000
G01 X0.433378 Y-83.311459 Z10 F1000
G01 X0.433378 Y-83.378081 Z10 F1000
G01 X0.433378 Y-83.444704 Z10 F1000
G01 X0.433378 Y-83.511326 Z10 F1000
G01 X0.433378 Y-83.577948 Z10 F1000
G01 X0.433378 Y-83.64457 Z10 F1000
G01 X2.432045 Y-83.64457 Z10 F1000
G01 X2.498668 Y-83.64457 Z9.960784 F1000
G01 X2.56529 Y-83.64457 Z9.960784 F1000
G01 X2.631912 Y-83.64457 Z9.372549 F1000
G01 X2.698534 Y-83.64457 Z1.098039 F1000
G01 X2.765157 Y-83.64457 Z1.098039 F1000
G01 X2.831779 Y-83.64457 Z1.176471 F1000
G01 X3.498001 Y-83.64457 Z1.176471 F1000
G01 X3.564624 Y-83.64457 Z9.960784 F1000
G01 X3.631246 Y-83.64457 Z10 F1000
G01 X55.52998 Y-83.64457 Z10 F1000
G01 X55.596602 Y-83.64457 Z9.960784 F1000
G01 X55.729847 Y-83.64457 Z9.960784 F1000
G01 X55.796469 Y-83.64457 Z9.921569 F1000
G01 X56.462692 Y-83.64457 Z9.921569 F1000
G01 X56.529314 Y-83.64457 Z9.960784 F1000
G01 X56.595936 Y-83.64457 Z10 F1000
G01 X96.236176 Y-83.64457 Z10 F1000
G01 X96.302798 Y-83.64457 Z9.843137 F1000
G01 X96.36942 Y-83.64457 Z1.019608 F1000
G01 X97.168887 Y-83.64457 Z1.019608 F1000
G01 X97.23551 Y-83.64457 Z9.372549 F1000
G01 X97.302132 Y-83.64457 Z9.921569 F1000
G01 X97.368754 Y-83.64457 Z9.960784 F1000
G01 X97.435376 Y-83.64457 Z9.960784 F1000
G01 X97.501999 Y-83.64457 Z10 F1000
G01 X99.500666 Y-83.64457 Z10 F1000
G01 X99.500666 Y-83.711193 Z10 F1000
G01 X99.500666 Y-83.777815 Z10 F1000
G01 X99.500666 Y-83.844437 Z10 F1000
G01 X99.500666 Y-83.911059 Z10 F1000
G01 X99.500666 Y-83.977682 Z10 F1000
G01 X99.500666 Y-84.044304 Z10 F1000
G01 X99.500666 Y-84.110926 Z10 F1000
G01 X99.500666 Y-84.177548 Z10 F1000
G01 X97.501999 Y-84.177548 Z10 F1000
G01 X97.435376 Y-84.177548 Z9.960784 F1000
G01 X97.368754 Y-84.177548 Z9.960784 F1000
G01 X97.302132 Y-84.177548 Z9.921569 F1000
G01 X97.23551 Y-84.177548 Z9.372549 F1000
G01 X97.168887 Y-84.177548 Z1.019608 F1000
G01 X96.36942 Y-84.177548 Z1.019608 F1000
G01 X96.302798 Y-84.177548 Z9.843137 F1000
G01 X96.236176 Y-84.177548 Z10 F1000
G01 X81.046302 Y-84.177548 Z10 F1000
G01 X80.97968 Y-84.177548 Z9.960784 F1000
G01 X80.913058 Y-84.177548 Z10 F1000
G01 X64.257495 Y-84.177548 Z10 F1000
G01 X64.190873 Y-84.177548 Z9.960784 F1000
G01 X64.12425 Y-84.177548 Z10 F1000
G01 X56.196203 Y-84.177548 Z10 F1000
G01 X56.12958 Y-84.177548 Z9.960784 F1000
G01 X55.996336 Y-84.177548 Z9.960784 F1000
G01 X55.929714 Y-84.177548 Z9.921569 F1000
G01 X55.396736 Y-84.177548 Z9.921569 F1000
G01 X55.330113 Y-84.177548 Z9.960784 F1000
G01 X55.196869 Y-84.177548 Z9.960784 F1000
G01 X55.130247 Y-84.177548 Z10 F1000
G01 X36.542638 Y-84.177548 Z10 F1000
G01 X36.476016 Y-84.177548 Z9.960784 F1000
G01 X36.409394 Y-84.177548 Z10 F1000
G01 X3.631246 Y-84.177548 Z10 F1000
G01 X3.564624 Y-84.177548 Z9.960784 F1000
G01 X3.498001 Y-84.177548 Z1.176471 F1000
G01 X2.831779 Y-84.177548 Z1.176471 F1000
G01 X2.765157 Y-84.177548 Z1.098039 F1000
G01 X2.698534 Y-84.177548 Z1.098039 F1000
G01 X2.631912 Y-84.177548 Z9.372549 F1000
G01 X2.56529 Y-84.177548 Z10 F1000
G01 X0.433378 Y-84.177548 Z10 F1000
G01 X0.433378 Y-84.244171 Z10 F1000
G01 X0.433378 Y-84.310793 Z10 F1000
G01 X0.433378 Y-84.377415 Z10 F1000
G01 X0.433378 Y-84.444037 Z10 F1000
G01 X0.433378 Y-84.51066 Z10 F1000
G01 X0.433378 Y-84.577282 Z10 F1000
G01 X0.433378 Y-84.643904 Z10 F1000
G01 X0.433378 Y-84.710526 Z10 F1000
G01 X2.56529 Y-84.710526 Z10 F1000
G01 X2.631912 Y-84.710526 Z9.372549 F1000
G01 X2.698534 Y-84.710526 Z1.098039 F1000
G01 X3.498001 Y-84.710526 Z1.098039 F1000
G01 X3.564624 Y-84.710526 Z9.960784 F1000
G01 X3.631246 Y-84.710526 Z10 F1000
G01 X18.354763 Y-84.710526 Z10 F1000
G01 X18.421386 Y-84.710526 Z9.960784 F1000
G01 X18.488008 Y-84.710526 Z10 F1000
G01 X21.552632 Y-84.710526 Z10 F1000
G01 X21.619254 Y-84.710526 Z9.960784 F1000
G01 X21.685876 Y-84.710526 Z10 F1000
G01 X54.797135 Y-84.710526 Z10 F1000
G01 X54.863757 Y-84.710526 Z9.960784 F1000
G01 X54.997002 Y-84.710526 Z9.960784 F1000
G01 X55.063624 Y-84.710526 Z9.921569 F1000
G01 X55.396736 Y-84.710526 Z9.921569 F1000
G01 X55.463358 Y-84.710526 Z9.960784 F1000
G01 X55.929714 Y-84.710526 Z9.960784 F1000
G01 X55.996336 Y-84.710526 Z10 F1000
G01 X64.12425 Y-84.710526 Z10 F1000
G01 X64.190873 Y-84.710526 Z9.960784 F1000
G01 X64.257495 Y-84.710526 Z10 F1000
G01 X80.913058 Y-84.710526 Z10 F1000
G01 X80.97968 Y-84.710526 Z9.960784 F1000
G01 X81.046302 Y-84.710526 Z10 F1000
G01 X96.236176 Y-84.710526 Z10 F1000
G01 X96.302798 Y-84.710526 Z9.843137 F1000
G01 X96.36942 Y-84.710526 Z1.019608 F1000
G01 X97.168887 Y-84.710526 Z1.019608 F1000
G01 X97.23551 Y-84.710526 Z9.372549 F1000
G01 X97.302132 Y-84.710526 Z9.960784 F1000
G01 X97.368754 Y-84.710526 Z10 F1000
G01 X99.500666 Y-84.710526 Z10 F1000
G01 X99.500666 Y-84.777149 Z10 F1000
G01 X99.500666 Y-84.843771 Z10 F1000
G01 X99.500666 Y-84.910393 Z10 F1000
G01 X99.500666 Y-84.977015 Z10 F1000
G01 X99.500666 Y-85.043638 Z10 F1000
G01 X99.500666 Y-85.11026 Z10 F1000
G01 X99.500666 Y-85.176882 Z10 F1000
G01 X99.500666 Y-85.243504 Z10 F1000
G01 X97.368754 Y-85.243504 Z10 F1000
G01 X97.302132 Y-85.243504 Z9.960784 F1000
G01 X97.23551 Y-85.243504 Z9.333333 F1000
G01 X97.168887 Y-85.243504 Z1.058824 F1000
G01 X96.902398 Y-85.243504 Z1.058824 F1000
G01 X96.835776 Y-85.243504 Z1.019608 F1000
G01 X96.36942 Y-85.243504 Z1.019608 F1000
G01 X96.302798 Y-85.243504 Z9.843137 F1000
G01 X96.236176 Y-85.243504 Z10 F1000
G01 X81.046302 Y-85.243504 Z10 F1000
G01 X80.97968 Y-85.243504 Z9.960784 F1000
G01 X80.913058 Y-85.243504 Z10 F1000
G01 X64.257495 Y-85.243504 Z10 F1000
G01 X64.190873 Y-85.243504 Z9.960784 F1000
G01 X64.12425 Y-85.243504 Z10 F1000
G01 X55.52998 Y-85.243504 Z10 F1000
G01 X55.463358 Y-85.243504 Z9.960784 F1000
G01 X55.396736 Y-85.243504 Z9.921569 F1000
G01 X54.863757 Y-85.243504 Z9.921569 F1000
G01 X54.797135 Y-85.243504 Z9.960784 F1000
G01 X54.663891 Y-85.243504 Z9.960784 F1000
G01 X54.597268 Y-85.243504 Z10 F1000
G01 X21.685876 Y-85.243504 Z10 F1000
G01 X21.619254 Y-85.243504 Z9.960784 F1000
G01 X21.552632 Y-85.243504 Z10 F1000
G01 X18.488008 Y-85.243504 Z10 F1000
G01 X18.421386 Y-85.243504 Z9.960784 F1000
G01 X18.354763 Y-85.243504 Z10 F1000
G01 X3.564624 Y-85.243504 Z10 F1000
G01 X3.498001 Y-85.243504 Z1.098039 F1000
G01 X3.431379 Y-85.243504 Z1.098039 F1000
G01 X3.364757 Y-85.243504 Z1.137255 F1000
G01 X2.698534 Y-85.243504 Z1.137255 F1000
G01 X2.631912 Y-85.243504 Z9.45098 F1000
G01 X2.56529 Y-85.243504 Z10 F1000
G01 X0.433378 Y-85.243504 Z10 F1000
G01 X0.433378 Y-85.310127 Z10 F1000
G01 X0.433378 Y-85.376749 Z10 F1000
G01 X0.433378 Y-85.443371 Z10 F1000
G01 X0.433378 Y-85.509993 Z10 F1000
G01 X0.433378 Y-85.576616 Z10 F1000
G01 X0.433378 Y-85.643238 Z10 F1000
G01 X0.433378 Y-85.70986 Z10 F1000
G01 X0.433378 Y-85.776482 Z10 F1000
G01 X2.365423 Y-85.776482 Z10 F1000
G01 X2.432045 Y-85.776482 Z9.960784 F1000
G01 X2.56529 Y-85.776482 Z9.960784 F1000
G01 X2.631912 Y-85.776482 Z9.45098 F1000
G01 X2.698534 Y-85.776482 Z1.137255 F1000
G01 X3.364757 Y-85.776482 Z1.137255 F1000
G01 X3.431379 Y-85.776482 Z1.098039 F1000
G01 X3.498001 Y-85.776482 Z1.098039 F1000
G01 X3.564624 Y-85.776482 Z10 F1000
G01 X6.096269 Y-85.776482 Z10 F1000
G01 X6.162891 Y-85.776482 Z9.960784 F1000
G01 X6.229514 Y-85.776482 Z10 F1000
G01 X18.354763 Y-85.776482 Z10 F1000
G01 X18.421386 Y-85.776482 Z9.960784 F1000
G01 X18.488008 Y-85.776482 Z10 F1000
G01 X21.552632 Y-85.776482 Z10 F1000
G01 X21.619254 Y-85.776482 Z9.960784 F1000
G01 X21.685876 Y-85.776482 Z10 F1000
G01 X54.130913 Y-85.776482 Z10 F1000
G01 X54.197535 Y-85.776482 Z9.960784 F1000
G01 X54.264157 Y-85.776482 Z9.960784 F1000
G01 X54.330779 Y-85.776482 Z9.921569 F1000
G01 X54.997002 Y-85.776482 Z9.921569 F1000
G01 X55.063624 Y-85.776482 Z9.960784 F1000
G01 X55.396736 Y-85.776482 Z9.960784 F1000
G01 X55.463358 Y-85.776482 Z10 F1000
G01 X64.12425 Y-85.776482 Z10 F1000
G01 X64.190873 Y-85.776482 Z9.960784 F1000
G01 X64.257495 Y-85.776482 Z10 F1000
G01 X80.913058 Y-85.776482 Z10 F1000
G01 X80.97968 Y-85.776482 Z9.960784 F1000
G01 X81.046302 Y-85.776482 Z10 F1000
G01 X84.643904 Y-85.776482 Z10 F1000
G01 X84.710526 Y-85.776482 Z9.960784 F1000
G01 X84.777149 Y-85.776482 Z10 F1000
G01 X92.971686 Y-85.776482 Z10 F1000
G01 X93.038308 Y-85.776482 Z9.960784 F1000
G01 X93.171552 Y-85.776482 Z9.960784 F1000
G01 X93.238175 Y-85.776482 Z10 F1000
G01 X96.236176 Y-85.776482 Z10 F1000
G01 X96.302798 Y-85.776482 Z9.843137 F1000
G01 X96.36942 Y-85.776482 Z1.019608 F1000
G01 X96.835776 Y-85.776482 Z1.019608 F1000
G01 X96.902398 Y-85.776482 Z1.058824 F1000
G01 X97.168887 Y-85.776482 Z1.058824 F1000
G01 X97.23551 Y-85.776482 Z9.333333 F1000
G01 X97.302132 Y-85.776482 Z10 F1000
G01 X99.500666 Y-85.776482 Z10 F1000
G01 X99.500666 Y-85.843105 Z10 F1000
G01 X99.500666 Y-85.909727 Z10 F1000
G01 X99.500666 Y-85.976349 Z10 F1000
G01 X99.500666 Y-86.042971 Z10 F1000
G01 X99.500666 Y-86.109594 Z10 F1000
G01 X99.500666 Y-86.176216 Z10 F1000
G01 X99.500666 Y-86.242838 Z10 F1000
G01 X99.500666 Y-86.30946 Z10 F1000
G01 X97.302132 Y-86.30946 Z10 F1000
G01 X97.23551 Y-86.30946 Z9.333333 F1000
G01 X97.168887 Y-86.30946 Z1.019608 F1000
G01 X96.36942 Y-86.30946 Z1.019608 F1000
G01 X96.302798 Y-86.30946 Z9.843137 F1000
G01 X96.236176 Y-86.30946 Z10 F1000
G01 X93.238175 Y-86.30946 Z10 F1000
G01 X93.171552 Y-86.30946 Z9.960784 F1000
G01 X93.038308 Y-86.30946 Z9.960784 F1000
G01 X92.971686 Y-86.30946 Z10 F1000
G01 X81.046302 Y-86.30946 Z10 F1000
G01 X80.97968 Y-86.30946 Z9.960784 F1000
G01 X80.913058 Y-86.30946 Z10 F1000
G01 X64.257495 Y-86.30946 Z10 F1000
G01 X64.190873 Y-86.30946 Z9.960784 F1000
G01 X64.12425 Y-86.30946 Z10 F1000
G01 X55.463358 Y-86.30946 Z10 F1000
G01 X55.396736 Y-86.30946 Z9.960784 F1000
G01 X55.063624 Y-86.30946 Z9.960784 F1000
G01 X54.997002 Y-86.30946 Z9.921569 F1000
G01 X54.197535 Y-86.30946 Z9.921569 F1000
G01 X54.130913 Y-86.30946 Z9.960784 F1000
G01 X54.06429 Y-86.30946 Z9.960784 F1000
G01 X53.997668 Y-86.30946 Z10 F1000
G01 X21.685876 Y-86.30946 Z10 F1000
G01 X21.619254 Y-86.30946 Z9.960784 F1000
G01 X21.552632 Y-86.30946 Z10 F1000
G01 X18.488008 Y-86.30946 Z10 F1000
G01 X18.421386 Y-86.30946 Z9.960784 F1000
G01 X18.354763 Y-86.30946 Z10 F1000
G01 X6.229514 Y-86.30946 Z10 F1000
G01 X6.162891 Y-86.30946 Z9.960784 F1000
G01 X6.096269 Y-86.30946 Z10 F1000
G01 X3.564624 Y-86.30946 Z10 F1000
G01 X3.498001 Y-86.30946 Z1.098039 F1000
G01 X2.698534 Y-86.30946 Z1.098039 F1000
G01 X2.631912 Y-86.30946 Z9.372549 F1000
G01 X2.56529 Y-86.30946 Z9.960784 F1000
G01 X2.498668 Y-86.30946 Z9.960784 F1000
G01 X2.432045 Y-86.30946 Z10 F1000
G01 X0.433378 Y-86.30946 Z10 F1000
G01 X0.433378 Y-86.376083 Z10 F1000
G01 X0.433378 Y-86.442705 Z10 F1000
G01 X0.433378 Y-86.509327 Z10 F1000
G01 X0.433378 Y-86.575949 Z10 F1000
G01 X0.433378 Y-86.642572 Z10 F1000
G01 X0.433378 Y-86.709194 Z10 F1000
G01 X0.433378 Y-86.775816 Z10 F1000
G01 X0.433378 Y-86.842438 Z10 F1000
G01 X2.432045 Y-86.842438 Z10 F1000
G01 X2.498668 Y-86.842438 Z9.960784 F1000
G01 X2.56529 Y-86.842438 Z9.960784 F1000
G01 X2.631912 Y-86.842438 Z9.372549 F1000
G01 X2.698534 Y-86.842438 Z1.098039 F1000
G01 X3.498001 Y-86.842438 Z1.098039 F1000
G01 X3.564624 Y-86.842438 Z10 F1000
G01 X6.096269 Y-86.842438 Z10 F1000
G01 X6.162891 Y-86.842438 Z9.960784 F1000
G01 X6.229514 Y-86.842438 Z10 F1000
G01 X18.354763 Y-86.842438 Z10 F1000
G01 X18.421386 Y-86.842438 Z9.960784 F1000
G01 X18.488008 Y-86.842438 Z10 F1000
G01 X21.552632 Y-86.842438 Z10 F1000
G01 X21.619254 Y-86.842438 Z9.960784 F1000
G01 X21.685876 Y-86.842438 Z10 F1000
G01 X53.46469 Y-86.842438 Z10 F1000
G01 X53.531312 Y-86.842438 Z9.960784 F1000
G01 X53.731179 Y-86.842438 Z9.960784 F1000
G01 X53.797801 Y-86.842438 Z9.921569 F1000
G01 X60.26016 Y-86.842438 Z9.921569 F1000
G01 X60.326782 Y-86.842438 Z9.960784 F1000
G01 X60.393404 Y-86.842438 Z10 F1000
G01 X64.12425 Y-86.842438 Z10 F1000
G01 X64.190873 Y-86.842438 Z9.960784 F1000
G01 X64.257495 Y-86.842438 Z10 F1000
G01 X80.913058 Y-86.842438 Z10 F1000
G01 X80.97968 Y-86.842438 Z9.960784 F1000
G01 X81.046302 Y-86.842438 Z10 F1000
G01 X92.971686 Y-86.842438 Z10 F1000
G01 X93.038308 Y-86.842438 Z9.960784 F1000
G01 X93.171552 Y-86.842438 Z9.960784 F1000
G01 X93.238175 Y-86.842438 Z10 F1000
G01 X96.236176 Y-86.842438 Z10 F1000
G01 X96.302798 Y-86.842438 Z9.843137 F1000
G01 X96.36942 Y-86.842438 Z1.019608 F1000
G01 X97.168887 Y-86.842438 Z1.019608 F1000
G01 X97.23551 Y-86.842438 Z9.333333 F1000
G01 X97.302132 Y-86.842438 Z10 F1000
G01 X99.500666 Y-86.842438 Z10 F1000
G01 X99.500666 Y-86.909061 Z10 F1000
G01 X99.500666 Y-86.975683 Z10 F1000
G01 X99.500666 Y-87.042305 Z10 F1000
G01 X99.500666 Y-87.108927 Z10 F1000
G01 X99.500666 Y-87.17555 Z10 F1000
G01 X99.500666 Y-87.242172 Z10 F1000
G01 X99.500666 Y-87.308794 Z10 F1000
G01 X99.500666 Y-87.375416 Z10 F1000
G01 X97.302132 Y-87.375416 Z10 F1000
G01 X97.23551 Y-87.375416 Z9.372549 F1000
G01 X97.168887 Y-87.375416 Z1.019608 F1000
G01 X96.36942 Y-87.375416 Z1.019608 F1000
G01 X96.302798 Y-87.375416 Z9.843137 F1000
G01 X96.236176 Y-87.375416 Z10 F1000
G01 X93.238175 Y-87.375416 Z10 F1000
G01 X93.171552 Y-87.375416 Z9.960784 F1000
G01 X93.038308 Y-87.375416 Z9.960784 F1000
G01 X92.971686 Y-87.375416 Z10 F1000
G01 X86.909061 Y-87.375416 Z10 F1000
G01 X86.842438 Y-87.375416 Z9.960784 F1000
G01 X86.775816 Y-87.375416 Z10 F1000
G01 X81.046302 Y-87.375416 Z10 F1000
G01 X80.97968 Y-87.375416 Z9.960784 F1000
G01 X80.913058 Y-87.375416 Z10 F1000
G01 X64.257495 Y-87.375416 Z10 F1000
G01 X64.190873 Y-87.375416 Z9.960784 F1000
G01 X64.12425 Y-87.375416 Z10 F1000
G01 X60.393404 Y-87.375416 Z10 F1000
G01 X60.326782 Y-87.375416 Z9.960784 F1000
G01 X60.26016 Y-87.375416 Z9.921569 F1000
G01 X54.130913 Y-87.375416 Z9.921569 F1000
G01 X54.06429 Y-87.375416 Z9.960784 F1000
G01 X53.597935 Y-87.375416 Z9.960784 F1000
G01 X53.531312 Y-87.375416 Z10 F1000
G01 X21.685876 Y-87.375416 Z10 F1000
G01 X21.619254 Y-87.375416 Z9.960784 F1000
G01 X21.552632 Y-87.375416 Z10 F1000
G01 X18.488008 Y-87.375416 Z10 F1000
G01 X18.421386 Y-87.375416 Z9.960784 F1000
G01 X18.354763 Y-87.375416 Z10 F1000
G01 X6.229514 Y-87.375416 Z10 F1000
G01 X6.162891 Y-87.375416 Z9.960784 F1000
G01 X6.096269 Y-87.375416 Z10 F1000
G01 X3.564624 Y-87.375416 Z10 F1000
G01 X3.498001 Y-87.375416 Z1.098039 F1000
G01 X3.364757 Y-87.375416 Z1.098039 F1000
G01 X3.298135 Y-87.375416 Z1.058824 F1000
G01 X2.698534 Y-87.375416 Z1.058824 F1000
G01 X2.631912 Y-87.375416 Z9.372549 F1000
G01 X2.56529 Y-87.375416 Z9.921569 F1000
G01 X2.498668 Y-87.375416 Z9.960784 F1000
G01 X2.432045 Y-87.375416 Z9.960784 F1000
G01 X2.365423 Y-87.375416 Z10 F1000
G01 X0.433378 Y-87.375416 Z10 F1000
G01 X0.433378 Y-87.442039 Z10 F1000
G01 X0.433378 Y-87.508661 Z10 F1000
G01 X0.433378 Y-87.575283 Z10 F1000
G01 X0.433378 Y-87.641905 Z10 F1000
G01 X0.433378 Y-87.708528 Z10 F1000
G01 X0.433378 Y-87.77515 Z10 F1000
G01 X0.433378 Y-87.841772 Z10 F1000
G01 X0.433378 Y-87.908394 Z10 F1000
G01 X2.498668 Y-87.908394 Z10 F1000
G01 X2.56529 Y-87.908394 Z9.960784 F1000
G01 X2.631912 Y-87.908394 Z9.372549 F1000
G01 X2.698534 Y-87.908394 Z1.098039 F1000
G01 X3.498001 Y-87.908394 Z1.098039 F1000
G01 X3.564624 Y-87.908394 Z10 F1000
G01 X6.096269 Y-87.908394 Z10 F1000
G01 X6.162891 Y-87.908394 Z9.960784 F1000
G01 X6.229514 Y-87.908394 Z10 F1000
G01 X18.354763 Y-87.908394 Z10 F1000
G01 X18.421386 Y-87.908394 Z9.960784 F1000
G01 X18.488008 Y-87.908394 Z10 F1000
G01 X21.552632 Y-87.908394 Z10 F1000
G01 X21.619254 Y-87.908394 Z9.960784 F1000
G01 X21.685876 Y-87.908394 Z10 F1000
G01 X36.409394 Y-87.908394 Z10 F1000
G01 X36.476016 Y-87.908394 Z9.960784 F1000
G01 X36.542638 Y-87.908394 Z9.960784 F1000
G01 X36.60926 Y-87.908394 Z10 F1000
G01 X58.527981 Y-87.908394 Z10 F1000
G01 X58.594604 Y-87.908394 Z9.960784 F1000
G01 X58.727848 Y-87.908394 Z9.960784 F1000
G01 X58.79447 Y-87.908394 Z9.921569 F1000
G01 X59.993671 Y-87.908394 Z9.921569 F1000
G01 X60.060293 Y-87.908394 Z9.960784 F1000
G01 X60.126915 Y-87.908394 Z10 F1000
G01 X70.32012 Y-87.908394 Z10 F1000
G01 X70.386742 Y-87.908394 Z9.960784 F1000
G01 X70.453364 Y-87.908394 Z9.960784 F1000
G01 X70.519987 Y-87.908394 Z10 F1000
G01 X80.913058 Y-87.908394 Z10 F1000
G01 X80.97968 Y-87.908394 Z9.960784 F1000
G01 X81.046302 Y-87.908394 Z10 F1000
G01 X90.240173 Y-87.908394 Z10 F1000
G01 X90.306795 Y-87.908394 Z9.960784 F1000
G01 X90.373418 Y-87.908394 Z9.960784 F1000
G01 X90.44004 Y-87.908394 Z10 F1000
G01 X92.971686 Y-87.908394 Z10 F1000
G01 X93.038308 Y-87.908394 Z9.960784 F1000
G01 X93.171552 Y-87.908394 Z9.960784 F1000
G01 X93.238175 Y-87.908394 Z10 F1000
G01 X96.236176 Y-87.908394 Z10 F1000
G01 X96.302798 Y-87.908394 Z9.843137 F1000
G01 X96.36942 Y-87.908394 Z1.019608 F1000
G01 X97.168887 Y-87.908394 Z1.019608 F1000
G01 X97.23551 Y-87.908394 Z9.372549 F1000
G01 X97.302132 Y-87.908394 Z9.921569 F1000
G01 X97.368754 Y-87.908394 Z9.960784 F1000
G01 X97.435376 Y-87.908394 Z9.960784 F1000
G01 X97.501999 Y-87.908394 Z10 F1000
G01 X99.500666 Y-87.908394 Z10 F1000
G01 X99.500666 Y-87.975017 Z10 F1000
G01 X99.500666 Y-88.041639 Z10 F1000
G01 X99.500666 Y-88.108261 Z10 F1000
G01 X99.500666 Y-88.174883 Z10 F1000
G01 X99.500666 Y-88.241506 Z10 F1000
G01 X99.500666 Y-88.308128 Z10 F1000
G01 X99.500666 Y-88.37475 Z10 F1000
G01 X99.500666 Y-88.441372 Z10 F1000
G01 X97.368754 Y-88.441372 Z10 F1000
G01 X97.302132 Y-88.441372 Z9.921569 F1000
G01 X97.23551 Y-88.441372 Z9.411765 F1000
G01 X97.168887 Y-88.441372 Z1.058824 F1000
G01 X96.36942 Y-88.441372 Z1.058824 F1000
G01 X96.302798 Y-88.441372 Z9.843137 F1000
G01 X96.236176 Y-88.441372 Z10 F1000
G01 X59.860426 Y-88.441372 Z10 F1000
G01 X59.793804 Y-88.441372 Z9.960784 F1000
G01 X59.66056 Y-88.441372 Z9.960784 F1000
G01 X59.593937 Y-88.441372 Z9.921569 F1000
G01 X58.79447 Y-88.441372 Z9.921569 F1000
G01 X58.727848 Y-88.441372 Z9.960784 F1000
G01 X58.594604 Y-88.441372 Z9.960784 F1000
G01 X58.527981 Y-88.441372 Z10 F1000
G01 X3.564624 Y-88.441372 Z10 F1000
G01 X3.498001 Y-88.441372 Z1.098039 F1000
G01 X2.698534 Y-88.441372 Z1.098039 F1000
G01 X2.631912 Y-88.441372 Z9.372549 F1000
G01 X2.56529 Y-88.441372 Z9.960784 F1000
G01 X2.498668 Y-88.441372 Z10 F1000
G01 X0.433378 Y-88.441372 Z10 F1000
G01 X0.433378 Y-88.507995 Z10 F1000
G01 X0.433378 Y-88.574617 Z10 F1000
G01 X0.433378 Y-88.641239 Z10 F1000
G01 X0.433378 Y-88.707861 Z10 F1000
G01 X0.433378 Y-88.774484 Z10 F1000
G01 X0.433378 Y-88.841106 Z10 F1000
G01 X0.433378 Y-88.907728 Z10 F1000
G01 X0.433378 Y-88.97435 Z10 F1000
G01 X2.432045 Y-88.97435 Z10 F1000
G01 X2.498668 Y-88.97435 Z9.960784 F1000
G01 X2.56529 Y-88.97435 Z9.960784 F1000
G01 X2.631912 Y-88.97435 Z9.372549 F1000
G01 X2.698534 Y-88.97435 Z1.098039 F1000
G01 X3.498001 Y-88.97435 Z1.098039 F1000
G01 X3.564624 Y-88.97435 Z10 F1000
G01 X58.461359 Y-88.97435 Z10 F1000
G01 X58.527981 Y-88.97435 Z9.960784 F1000
G01 X58.594604 Y-88.97435 Z9.921569 F1000
G01 X59.194204 Y-88.97435 Z9.921569 F1000
G01 X59.260826 Y-88.97435 Z9.960784 F1000
G01 X59.327448 Y-88.97435 Z9.960784 F1000
G01 X59.394071 Y-88.97435 Z10 F1000
G01 X96.236176 Y-88.97435 Z10 F1000
G01 X96.302798 Y-88.97435 Z9.843137 F1000
G01 X96.36942 Y-88.97435 Z1.058824 F1000
G01 X97.168887 Y-88.97435 Z1.058824 F1000
G01 X97.23551 Y-88.97435 Z9.411765 F1000
G01 X97.302132 Y-88.97435 Z9.921569 F1000
G01 X97.368754 Y-88.97435 Z10 F1000
G01 X99.500666 Y-88.97435 Z10 F1000
G01 X99.500666 Y-89.040973 Z10 F1000
G01 X99.500666 Y-89.107595 Z10 F1000
G01 X99.500666 Y-89.174217 Z10 F1000
G01 X99.500666 Y-89.240839 Z10 F1000
G01 X99.500666 Y-89.307462 Z10 F1000
G01 X99.500666 Y-89.374084 Z10 F1000
G01 X99.500666 Y-89.440706 Z10 F1000
G01 X99.500666 Y-89.507328 Z10 F1000
G01 X97.501999 Y-89.507328 Z10 F1000
G01 X97.435376 Y-89.507328 Z9.960784 F1000
G01 X97.368754 Y-89.507328 Z9.960784 F1000
G01 X97.302132 Y-89.507328 Z9.921569 F1000
G01 X97.23551 Y-89.507328 Z9.372549 F1000
G01 X97.168887 Y-89.507328 Z0.392157 F1000
G01 X96.502665 Y-89.507328 Z0.392157 F1000
G01 X96.436043 Y-89.507328 Z0.352941 F1000
G01 X96.36942 Y-89.507328 Z0.27451 F1000
G01 X96.302798 Y-89.507328 Z9.843137 F1000
G01 X96.236176 Y-89.507328 Z10 F1000
G01 X81.046302 Y-89.507328 Z10 F1000
G01 X80.97968 Y-89.507328 Z9.960784 F1000
G01 X80.913058 Y-89.507328 Z10 F1000
G01 X59.260826 Y-89.507328 Z10 F1000
G01 X59.194204 Y-89.507328 Z9.960784 F1000
G01 X59.127582 Y-89.507328 Z9.921569 F1000
G01 X58.461359 Y-89.507328 Z9.921569 F1000
G01 X58.394737 Y-89.507328 Z9.960784 F1000
G01 X58.261492 Y-89.507328 Z9.960784 F1000
G01 X58.19487 Y-89.507328 Z10 F1000
G01 X3.631246 Y-89.507328 Z10 F1000
G01 X3.564624 Y-89.507328 Z9.960784 F1000
G01 X3.498001 Y-89.507328 Z0.196078 F1000
G01 X3.431379 Y-89.507328 Z0.117647 F1000
G01 X2.898401 Y-89.507328 Z0.117647 F1000
G01 X2.831779 Y-89.507328 Z0.078431 F1000
G01 X2.698534 Y-89.507328 Z0.078431 F1000
G01 X2.631912 Y-89.507328 Z9.372549 F1000
G01 X2.56529 Y-89.507328 Z9.960784 F1000
G01 X2.498668 Y-89.507328 Z9.960784 F1000
G01 X2.432045 Y-89.507328 Z10 F1000
G01 X0.433378 Y-89.507328 Z10 F1000
G01 X0.433378 Y-89.573951 Z10 F1000
G01 X0.433378 Y-89.640573 Z10 F1000
G01 X0.433378 Y-89.707195 Z10 F1000
G01 X0.433378 Y-89.773817 Z10 F1000
G01 X0.433378 Y-89.84044 Z10 F1000
G01 X0.433378 Y-89.907062 Z10 F1000
G01 X0.433378 Y-89.973684 Z10 F1000
G01 X0.433378 Y-90.040306 Z10 F1000
G01 X2.365423 Y-90.040306 Z10 F1000
G01 X2.432045 Y-90.040306 Z9.960784 F1000
G01 X2.498668 Y-90.040306 Z9.960784 F1000
G01 X2.56529 Y-90.040306 Z9.921569 F1000
G01 X2.631912 Y-90.040306 Z9.372549 F1000
G01 X2.698534 Y-90.040306 Z0.039216 F1000
G01 X2.765157 Y-90.040306 Z0.039216 F1000
G01 X2.831779 Y-90.040306 Z0 F1000
G01 X3.231512 Y-90.040306 Z0 F1000
G01 X3.298135 Y-90.040306 Z0.039216 F1000
G01 X3.431379 Y-90.040306 Z0.039216 F1000
G01 X3.498001 Y-90.040306 Z0.117647 F1000
G01 X3.564624 Y-90.040306 Z9.843137 F1000
G01 X3.631246 Y-90.040306 Z10 F1000
G01 X57.728514 Y-90.040306 Z10 F1000
G01 X57.795137 Y-90.040306 Z9.960784 F1000
G01 X57.995003 Y-90.040306 Z9.960784 F1000
G01 X58.061626 Y-90.040306 Z9.921569 F1000
G01 X58.594604 Y-90.040306 Z9.921569 F1000
G01 X58.661226 Y-90.040306 Z9.960784 F1000
G01 X58.79447 Y-90.040306 Z9.960784 F1000
G01 X58.861093 Y-90.040306 Z10 F1000
G01 X80.913058 Y-90.040306 Z10 F1000
G01 X80.97968 Y-90.040306 Z9.960784 F1000
G01 X81.046302 Y-90.040306 Z10 F1000
G01 X96.236176 Y-90.040306 Z10 F1000
G01 X96.302798 Y-90.040306 Z9.843137 F1000
G01 X96.36942 Y-90.040306 Z0.156863 F1000
G01 X96.436043 Y-90.040306 Z0 F1000
G01 X97.035643 Y-90.040306 Z0 F1000
G01 X97.102265 Y-90.040306 Z0.039216 F1000
G01 X97.168887 Y-90.040306 Z0.039216 F1000
G01 X97.23551 Y-90.040306 Z9.372549 F1000
G01 X97.302132 Y-90.040306 Z9.921569 F1000
G01 X97.368754 Y-90.040306 Z9.960784 F1000
G01 X97.435376 Y-90.040306 Z9.960784 F1000
G01 X97.501999 Y-90.040306 Z10 F1000
G01 X99.500666 Y-90.040306 Z10 F1000
G01 X99.500666 Y-90.106929 Z10 F1000
G01 X99.500666 Y-90.173551 Z10 F1000
G01 X99.500666 Y-90.240173 Z10 F1000
G01 X99.500666 Y-90.306795 Z10 F1000
G01 X99.500666 Y-90.373418 Z10 F1000
G01 X99.500666 Y-90.44004 Z10 F1000
G01 X99.500666 Y-90.506662 Z10 F1000
G01 X99.500666 Y-90.573284 Z10 F1000
G01 X97.501999 Y-90.573284 Z10 F1000
G01 X97.435376 Y-90.573284 Z9.960784 F1000
G01 X97.368754 Y-90.573284 Z9.960784 F1000
G01 X97.302132 Y-90.573284 Z9.921569 F1000
G01 X97.23551 Y-90.573284 Z9.372549 F1000
G01 X97.168887 Y-90.573284 Z0.039216 F1000
G01 X97.102265 Y-90.573284 Z0.039216 F1000
G01 X97.035643 Y-90.573284 Z0 F1000
G01 X96.436043 Y-90.573284 Z0 F1000
G01 X96.36942 Y-90.573284 Z0.156863 F1000
G01 X96.302798 Y-90.573284 Z9.843137 F1000
G01 X96.236176 Y-90.573284 Z10 F1000
G01 X58.527981 Y-90.573284 Z10 F1000
G01 X58.461359 Y-90.573284 Z9.960784 F1000
G01 X58.394737 Y-90.573284 Z9.921569 F1000
G01 X57.728514 Y-90.573284 Z9.921569 F1000
G01 X57.661892 Y-90.573284 Z9.960784 F1000
G01 X57.528648 Y-90.573284 Z9.960784 F1000
G01 X57.462025 Y-90.573284 Z10 F1000
G01 X3.631246 Y-90.573284 Z10 F1000
G01 X3.564624 Y-90.573284 Z9.843137 F1000
G01 X3.498001 Y-90.573284 Z0.117647 F1000
G01 X3.431379 Y-90.573284 Z0.039216 F1000
G01 X3.298135 Y-90.573284 Z0.039216 F1000
G01 X3.231512 Y-90.573284 Z0 F1000
G01 X2.831779 Y-90.573284 Z0 F1000
G01 X2.765157 Y-90.573284 Z0.039216 F1000
G01 X2.698534 Y-90.573284 Z0.039216 F1000
G01 X2.631912 Y-90.573284 Z9.372549 F1000
G01 X2.56529 Y-90.573284 Z9.921569 F1000
G01 X2.498668 Y-90.573284 Z9.960784 F1000
G01 X2.432045 Y-90.573284 Z9.960784 F1000
G01 X2.365423 Y-90.573284 Z10 F1000
G01 X0.433378 Y-90.573284 Z10 F1000
G01 X0.433378 Y-90.639907 Z10 F1000
G01 X0.433378 Y-90.706529 Z10 F1000
G01 X0.433378 Y-90.773151 Z10 F1000
G01 X0.433378 Y-90.839773 Z10 F1000
G01 X0.433378 Y-90.906396 Z10 F1000
G01 X0.433378 Y-90.973018 Z10 F1000
G01 X0.433378 Y-91.03964 Z10 F1000
G01 X0.433378 Y-91.106262 Z10 F1000
G01 X2.365423 Y-91.106262 Z10 F1000
G01 X2.432045 Y-91.106262 Z9.960784 F1000
G01 X2.498668 Y-91.106262 Z9.960784 F1000
G01 X2.56529 Y-91.106262 Z9.921569 F1000
G01 X2.631912 Y-91.106262 Z9.372549 F1000
G01 X2.698534 Y-91.106262 Z0.039216 F1000
G01 X2.765157 Y-91.106262 Z0.039216 F1000
G01 X2.831779 Y-91.106262 Z0 F1000
G01 X3.231512 Y-91.106262 Z0 F1000
G01 X3.298135 Y-91.106262 Z0.039216 F1000
G01 X3.431379 Y-91.106262 Z0.039216 F1000
G01 X3.498001 Y-91.106262 Z0.117647 F1000
G01 X3.564624 Y-91.106262 Z9.843137 F1000
G01 X3.631246 Y-91.106262 Z10 F1000
G01 X57.128914 Y-91.106262 Z10 F1000
G01 X57.195536 Y-91.106262 Z9.960784 F1000
G01 X57.462025 Y-91.106262 Z9.960784 F1000
G01 X57.528648 Y-91.106262 Z9.921569 F1000
G01 X57.661892 Y-91.106262 Z9.921569 F1000
G01 X57.728514 Y-91.106262 Z9.960784 F1000
G01 X58.128248 Y-91.106262 Z9.960784 F1000
G01 X58.19487 Y-91.106262 Z10 F1000
G01 X96.236176 Y-91.106262 Z10 F1000
G01 X96.302798 Y-91.106262 Z9.843137 F1000
G01 X96.36942 Y-91.106262 Z0.156863 F1000
G01 X96.436043 Y-91.106262 Z0 F1000
G01 X97.035643 Y-91.106262 Z0 F1000
G01 X97.102265 Y-91.106262 Z0.039216 F1000
G01 X97.168887 Y-91.106262 Z0.039216 F1000
G01 X97.23551 Y-91.106262 Z9.372549 F1000
G01 X97.302132 Y-91.106262 Z9.921569 F1000
G01 X97.368754 Y-91.106262 Z9.960784 F1000
G01 X97.435376 Y-91.106262 Z9.960784 F1000
G01 X97.501999 Y-91.106262 Z10 F1000
G01 X99.500666 Y-91.106262 Z10 F1000
G01 X99.500666 Y-91.172885 Z10 F1000
G01 X99.500666 Y-91.239507 Z10 F1000
G01 X99.500666 Y-91.306129 Z10 F1000
G01 X99.500666 Y-91.372751 Z10 F1000
G01 X99.500666 Y-91.439374 Z10 F1000
G01 X99.500666 Y-91.505996 Z10 F1000
G01 X99.500666 Y-91.572618 Z10 F1000
G01 X99.500666 Y-91.639241 Z10 F1000
G01 X97.501999 Y-91.639241 Z10 F1000
G01 X97.435376 Y-91.639241 Z9.960784 F1000
G01 X97.368754 Y-91.639241 Z9.960784 F1000
G01 X97.302132 Y-91.639241 Z9.921569 F1000
G01 X97.23551 Y-91.639241 Z9.372549 F1000
G01 X97.168887 Y-91.639241 Z0.039216 F1000
G01 X97.102265 Y-91.639241 Z0.039216 F1000
G01 X97.035643 Y-91.639241 Z0 F1000
G01 X96.436043 Y-91.639241 Z0 F1000
G01 X96.36942 Y-91.639241 Z0.156863 F1000
G01 X96.302798 Y-91.639241 Z9.843137 F1000
G01 X96.236176 Y-91.639241 Z10 F1000
G01 X57.995003 Y-91.639241 Z10 F1000
G01 X57.928381 Y-91.639241 Z9.960784 F1000
G01 X57.728514 Y-91.639241 Z9.960784 F1000
G01 X57.661892 Y-91.639241 Z9.921569 F1000
G01 X56.99567 Y-91.639241 Z9.921569 F1000
G01 X56.929047 Y-91.639241 Z9.960784 F1000
G01 X56.862425 Y-91.639241 Z10 F1000
G01 X3.631246 Y-91.639241 Z10 F1000
G01 X3.564624 Y-91.639241 Z9.843137 F1000
G01 X3.498001 Y-91.639241 Z0.117647 F1000
G01 X3.431379 Y-91.639241 Z0.039216 F1000
G01 X3.298135 Y-91.639241 Z0.039216 F1000
G01 X3.231512 Y-91.639241 Z0 F1000
G01 X2.831779 Y-91.639241 Z0 F1000
G01 X2.765157 Y-91.639241 Z0.039216 F1000
G01 X2.698534 Y-91.639241 Z0.039216 F1000
G01 X2.631912 Y-91.639241 Z9.372549 F1000
G01 X2.56529 Y-91.639241 Z9.921569 F1000
G01 X2.498668 Y-91.639241 Z9.960784 F1000
G01 X2.432045 Y-91.639241 Z9.960784 F1000
G01 X2.365423 Y-91.639241 Z10 F1000
G01 X0.433378 Y-91.639241 Z10 F1000
G01 X0.433378 Y-91.705863 Z10 F1000
G01 X0.433378 Y-91.772485 Z10 F1000
G01 X0.433378 Y-91.839107 Z10 F1000
G01 X0.433378 Y-91.90573 Z10 F1000
G01 X0.433378 Y-91.972352 Z10 F1000
G01 X0.433378 Y-92.038974 Z10 F1000
G01 X0.433378 Y-92.105596 Z10 F1000
G01 X0.433378 Y-92.172219 Z10 F1000
G01 X2.365423 Y-92.172219 Z10 F1000
G01 X2.432045 Y-92.172219 Z9.960784 F1000
G01 X2.498668 Y-92.172219 Z9.960784 F1000
G01 X2.56529 Y-92.172219 Z9.921569 F1000
G01 X2.631912 Y-92.172219 Z9.372549 F1000
G01 X2.698534 Y-92.172219 Z0.039216 F1000
G01 X2.765157 Y-92.172219 Z0.039216 F1000
G01 X2.831779 Y-92.172219 Z0 F1000
G01 X3.231512 Y-92.172219 Z0 F1000
G01 X3.298135 Y-92.172219 Z0.039216 F1000
G01 X3.431379 Y-92.172219 Z0.039216 F1000
G01 X3.498001 Y-92.172219 Z0.117647 F1000
G01 X3.564624 Y-92.172219 Z9.843137 F1000
G01 X3.631246 Y-92.172219 Z10 F1000
G01 X57.062292 Y-92.172219 Z10 F1000
G01 X57.128914 Y-92.172219 Z9.960784 F1000
G01 X57.195536 Y-92.172219 Z9.921569 F1000
G01 X57.328781 Y-92.172219 Z9.921569 F1000
G01 X57.395403 Y-92.172219 Z9.960784 F1000
G01 X57.462025 Y-92.172219 Z10 F1000
G01 X96.236176 Y-92.172219 Z10 F1000
G01 X96.302798 Y-92.172219 Z9.843137 F1000
G01 X96.36942 Y-92.172219 Z0.156863 F1000
G01 X96.436043 Y-92.172219 Z0 F1000
G01 X97.035643 Y-92.172219 Z0 F1000
G01 X97.102265 Y-92.172219 Z0.039216 F1000
G01 X97.168887 Y-92.172219 Z0.039216 F1000
G01 X97.23551 Y-92.172219 Z9.372549 F1000
G01 X97.302132 Y-92.172219 Z9.921569 F1000
G01 X97.368754 Y-92.172219 Z9.960784 F1000
G01 X97.435376 Y-92.172219 Z9.960784 F1000
G01 X97.501999 Y-92.172219 Z10 F1000
G01 X99.500666 Y-92.172219 Z10 F1000
G01 X99.500666 Y-92.238841 Z10 F1000
G01 X99.500666 Y-92.305463 Z10 F1000
G01 X99.500666 Y-92.372085 Z10 F1000
G01 X99.500666 Y-92.438708 Z10 F1000
G01 X99.500666 Y-92.50533 Z10 F1000
G01 X99.500666 Y-92.571952 Z10 F1000
G01 X99.500666 Y-92.638574 Z10 F1000
G01 X99.500666 Y-92.705197 Z10 F1000
G01 X97.501999 Y-92.705197 Z10 F1000
G01 X97.435376 Y-92.705197 Z9.960784 F1000
G01 X97.368754 Y-92.705197 Z9.960784 F1000
G01 X97.302132 Y-92.705197 Z9.921569 F1000
G01 X97.23551 Y-92.705197 Z9.372549 F1000
G01 X97.168887 Y-92.705197 Z0.039216 F1000
G01 X97.102265 Y-92.705197 Z0.039216 F1000
G01 X97.035643 Y-92.705197 Z0 F1000
G01 X96.436043 Y-92.705197 Z0 F1000
G01 X96.36942 Y-92.705197 Z0.156863 F1000
G01 X96.302798 Y-92.705197 Z9.843137 F1000
G01 X96.236176 Y-92.705197 Z10 F1000
G01 X3.631246 Y-92.705197 Z10 F1000
G01 X3.564624 Y-92.705197 Z9.843137 F1000
G01 X3.498001 Y-92.705197 Z0.117647 F1000
G01 X3.431379 Y-92.705197 Z0.039216 F1000
G01 X3.298135 Y-92.705197 Z0.039216 F1000
G01 X3.231512 Y-92.705197 Z0 F1000
G01 X2.831779 Y-92.705197 Z0 F1000
G01 X2.765157 Y-92.705197 Z0.039216 F1000
G01 X2.698534 Y-92.705197 Z0.039216 F1000
G01 X2.631912 Y-92.705197 Z9.372549 F1000
G01 X2.56529 Y-92.705197 Z9.921569 F1000
G01 X2.498668 Y-92.705197 Z9.960784 F1000
G01 X2.432045 Y-92.705197 Z9.960784 F1000
G01 X2.365423 Y-92.705197 Z10 F1000
G01 X0.433378 Y-92.705197 Z10 F1000
G01 X0.433378 Y-92.771819 Z10 F1000
G01 X0.433378 Y-92.838441 Z10 F1000
G01 X0.433378 Y-92.905063 Z10 F1000
G01 X0.433378 Y-92.971686 Z10 F1000
G01 X0.433378 Y-93.038308 Z10 F1000
G01 X0.433378 Y-93.10493 Z10 F1000
G01 X0.433378 Y-93.171552 Z10 F1000
G01 X0.433378 Y-93.238175 Z10 F1000
G01 X2.365423 Y-93.238175 Z10 F1000
G01 X2.432045 Y-93.238175 Z9.960784 F1000
G01 X2.498668 Y-93.238175 Z9.960784 F1000
G01 X2.56529 Y-93.238175 Z9.921569 F1000
G01 X2.631912 Y-93.238175 Z9.372549 F1000
G01 X2.698534 Y-93.238175 Z0.039216 F1000
G01 X2.765157 Y-93.238175 Z0.039216 F1000
G01 X2.831779 Y-93.238175 Z0 F1000
G01 X3.231512 Y-93.238175 Z0 F1000
G01 X3.298135 Y-93.238175 Z0.039216 F1000
G01 X3.431379 Y-93.238175 Z0.039216 F1000
G01 X3.498001 Y-93.238175 Z0.117647 F1000
G01 X3.564624 Y-93.238175 Z9.843137 F1000
G01 X3.631246 Y-93.238175 Z10 F1000
G01 X96.236176 Y-93.238175 Z10 F1000
G01 X96.302798 Y-93.238175 Z9.843137 F1000
G01 X96.36942 Y-93.238175 Z0.156863 F1000
G01 X96.436043 Y-93.238175 Z0 F1000
G01 X97.035643 Y-93.238175 Z0 F1000
G01 X97.102265 Y-93.238175 Z0.039216 F1000
G01 X97.168887 Y-93.238175 Z0.039216 F1000
G01 X97.23551 Y-93.238175 Z9.372549 F1000
G01 X97.302132 Y-93.238175 Z9.921569 F1000
G01 X97.368754 Y-93.238175 Z9.960784 F1000
G01 X97.435376 Y-93.238175 Z9.960784 F1000
G01 X97.501999 Y-93.238175 Z10 F1000
G01 X99.500666 Y-93.238175 Z10 F1000
G01 X99.500666 Y-93.304797 Z10 F1000
G01 X99.500666 Y-93.371419 Z10 F1000
G01 X99.500666 Y-93.438041 Z10 F1000
G01 X99.500666 Y-93.504664 Z10 F1000
G01 X99.500666 Y-93.571286 Z10 F1000
G01 X99.500666 Y-93.637908 Z10 F1000
G01 X99.500666 Y-93.70453 Z10 F1000
G01 X99.500666 Y-93.771153 Z10 F1000
G01 X97.501999 Y-93.771153 Z10 F1000
G01 X97.435376 Y-93.771153 Z9.960784 F1000
G01 X97.368754 Y-93.771153 Z9.960784 F1000
G01 X97.302132 Y-93.771153 Z9.921569 F1000
G01 X97.23551 Y-93.771153 Z9.372549 F1000
G01 X97.168887 Y-93.771153 Z0.039216 F1000
G01 X97.102265 Y-93.771153 Z0.039216 F1000
G01 X97.035643 Y-93.771153 Z0 F1000
G01 X96.436043 Y-93.771153 Z0 F1000
G01 X96.36942 Y-93.771153 Z0.156863 F1000
G01 X96.302798 Y-93.771153 Z9.843137 F1000
G01 X96.236176 Y-93.771153 Z10 F1000
G01 X3.631246 Y-93.771153 Z10 F1000
G01 X3.564624 Y-93.771153 Z9.843137 F1000
G01 X3.498001 Y-93.771153 Z0.117647 F1000
G01 X3.431379 Y-93.771153 Z0.039216 F1000
G01 X3.298135 Y-93.771153 Z0.039216 F1000
G01 X3.231512 Y-93.771153 Z0 F1000
G01 X2.831779 Y-93.771153 Z0 F1000
G01 X2.765157 Y-93.771153 Z0.039216 F1000
G01 X2.698534 Y-93.771153 Z0.039216 F1000
G01 X2.631912 Y-93.771153 Z9.372549 F1000
G01 X2.56529 Y-93.771153 Z9.921569 F1000
G01 X2.498668 Y-93.771153 Z9.960784 F1000
G01 X2.432045 Y-93.771153 Z9.960784 F1000
G01 X2.365423 Y-93.771153 Z10 F1000
G01 X0.433378 Y-93.771153 Z10 F1000
G01 X0.433378 Y-93.837775 Z10 F1000
G01 X0.433378 Y-93.904397 Z10 F1000
G01 X0.433378 Y-93.971019 Z10 F1000
G01 X0.433378 Y-94.037642 Z10 F1000
G01 X0.433378 Y-94.104264 Z10 F1000
G01 X0.433378 Y-94.170886 Z10 F1000
G01 X0.433378 Y-94.237508 Z10 F1000
G01 X0.433378 Y-94.304131 Z10 F1000
G01 X2.365423 Y-94.304131 Z10 F1000
G01 X2.432045 Y-94.304131 Z9.960784 F1000
G01 X2.498668 Y-94.304131 Z9.960784 F1000
G01 X2.56529 Y-94.304131 Z9.921569 F1000
G01 X2.631912 Y-94.304131 Z9.372549 F1000
G01 X2.698534 Y-94.304131 Z0.039216 F1000
G01 X2.765157 Y-94.304131 Z0.039216 F1000
G01 X2.831779 Y-94.304131 Z0 F1000
G01 X3.231512 Y-94.304131 Z0 F1000
G01 X3.298135 Y-94.304131 Z0.039216 F1000
G01 X3.431379 Y-94.304131 Z0.039216 F1000
G01 X3.498001 Y-94.304131 Z0.117647 F1000
G01 X3.564624 Y-94.304131 Z9.843137 F1000
G01 X3.631246 Y-94.304131 Z10 F1000
G01 X57.062292 Y-94.304131 Z10 F1000
G01 X57.128914 Y-94.304131 Z9.960784 F1000
G01 X57.462025 Y-94.304131 Z9.960784 F1000
G01 X57.528648 Y-94.304131 Z9.921569 F1000
G01 X58.19487 Y-94.304131 Z9.921569 F1000
G01 X58.261492 Y-94.304131 Z9.960784 F1000
G01 X58.727848 Y-94.304131 Z9.960784 F1000
G01 X58.79447 Y-94.304131 Z10 F1000
G01 X96.236176 Y-94.304131 Z10 F1000
G01 X96.302798 Y-94.304131 Z9.843137 F1000
G01 X96.36942 Y-94.304131 Z0.156863 F1000
G01 X96.436043 Y-94.304131 Z0 F1000
G01 X97.035643 Y-94.304131 Z0 F1000
G01 X97.102265 Y-94.304131 Z0.039216 F1000
G01 X97.168887 Y-94.304131 Z0.039216 F1000
G01 X97.23551 Y-94.304131 Z9.372549 F1000
G01 X97.302132 Y-94.304131 Z9.921569 F1000
G01 X97.368754 Y-94.304131 Z9.960784 F1000
G01 X97.435376 Y-94.304131 Z9.960784 F1000
G01 X97.501999 Y-94.304131 Z10 F1000
G01 X99.500666 Y-94.304131 Z10 F1000
G01 X99.500666 Y-94.370753 Z10 F1000
G01 X99.500666 Y-94.437375 Z10 F1000
G01 X99.500666 Y-94.503997 Z10 F1000
G01 X99.500666 Y-94.57062 Z10 F1000
G01 X99.500666 Y-94.637242 Z10 F1000
G01 X99.500666 Y-94.703864 Z10 F1000
G01 X99.500666 Y-94.770486 Z10 F1000
G01 X99.500666 Y-94.837109 Z10 F1000
G01 X97.501999 Y-94.837109 Z10 F1000
G01 X97.435376 Y-94.837109 Z9.960784 F1000
G01 X97.368754 Y-94.837109 Z9.960784 F1000
G01 X97.302132 Y-94.837109 Z9.921569 F1000
G01 X97.23551 Y-94.837109 Z9.372549 F1000
G01 X97.168887 Y-94.837109 Z0.078431 F1000
G01 X96.902398 Y-94.837109 Z0.078431 F1000
G01 X96.835776 Y-94.837109 Z0.039216 F1000
G01 X96.569287 Y-94.837109 Z0.039216 F1000
G01 X96.502665 Y-94.837109 Z0.156863 F1000
G01 X96.436043 Y-94.837109 Z0.156863 F1000
G01 X96.36942 Y-94.837109 Z0.313725 F1000
G01 X96.302798 Y-94.837109 Z9.960784 F1000
G01 X96.236176 Y-94.837109 Z10 F1000
G01 X58.79447 Y-94.837109 Z10 F1000
G01 X58.727848 Y-94.837109 Z9.960784 F1000
G01 X58.261492 Y-94.837109 Z9.960784 F1000
G01 X58.19487 Y-94.837109 Z9.921569 F1000
G01 X55.396736 Y-94.837109 Z9.921569 F1000
G01 X55.330113 Y-94.837109 Z9.960784 F1000
G01 X54.730513 Y-94.837109 Z9.960784 F1000
G01 X54.663891 Y-94.837109 Z10 F1000
G01 X3.631246 Y-94.837109 Z10 F1000
G01 X3.564624 Y-94.837109 Z9.921569 F1000
G01 X3.498001 Y-94.837109 Z0.235294 F1000
G01 X3.364757 Y-94.837109 Z0.235294 F1000
G01 X3.298135 Y-94.837109 Z0.078431 F1000
G01 X3.231512 Y-94.837109 Z0.039216 F1000
G01 X3.16489 Y-94.837109 Z0 F1000
G01 X2.831779 Y-94.837109 Z0 F1000
G01 X2.765157 Y-94.837109 Z0.039216 F1000
G01 X2.698534 Y-94.837109 Z0.039216 F1000
G01 X2.631912 Y-94.837109 Z9.372549 F1000
G01 X2.56529 Y-94.837109 Z9.921569 F1000
G01 X2.498668 Y-94.837109 Z9.960784 F1000
G01 X2.432045 Y-94.837109 Z9.960784 F1000
G01 X2.365423 Y-94.837109 Z10 F1000
G01 X0.433378 Y-94.837109 Z10 F1000
G01 X0.433378 Y-94.903731 Z10 F1000
G01 X0.433378 Y-94.970353 Z10 F1000
G01 X0.433378 Y-95.036975 Z10 F1000
G01 X0.433378 Y-95.103598 Z10 F1000
G01 X0.433378 Y-95.17022 Z10 F1000
G01 X0.433378 Y-95.236842 Z10 F1000
G01 X0.433378 Y-95.303464 Z10 F1000
G01 X0.433378 Y-95.370087 Z10 F1000
G01 X2.365423 Y-95.370087 Z10 F1000
G01 X2.432045 Y-95.370087 Z9.960784 F1000
G01 X2.498668 Y-95.370087 Z9.960784 F1000
G01 X2.56529 Y-95.370087 Z9.921569 F1000
G01 X2.631912 Y-95.370087 Z9.372549 F1000
G01 X2.698534 Y-95.370087 Z0.039216 F1000
G01 X2.765157 Y-95.370087 Z0.039216 F1000
G01 X2.831779 Y-95.370087 Z0 F1000
G01 X3.16489 Y-95.370087 Z0 F1000
G01 X3.231512 Y-95.370087 Z0.117647 F1000
G01 X3.298135 Y-95.370087 Z0.156863 F1000
G01 X3.364757 Y-95.370087 Z0.27451 F1000
G01 X3.431379 Y-95.370087 Z0.27451 F1000
G01 X3.498001 Y-95.370087 Z0.901961 F1000
G01 X3.564624 Y-95.370087 Z10 F1000
G01 X96.236176 Y-95.370087 Z10 F1000
G01 X96.302798 Y-95.370087 Z9.960784 F1000
G01 X96.36942 Y-95.370087 Z1.058824 F1000
G01 X96.436043 Y-95.370087 Z1.176471 F1000
G01 X97.168887 Y-95.370087 Z1.176471 F1000
G01 X97.23551 Y-95.370087 Z9.372549 F1000
G01 X97.302132 Y-95.370087 Z9.921569 F1000
G01 X97.368754 Y-95.370087 Z10 F1000
G01 X99.500666 Y-95.370087 Z10 F1000
G01 X99.500666 Y-95.436709 Z10 F1000
G01 X99.500666 Y-95.503331 Z10 F1000
G01 X99.500666 Y-95.569953 Z10 F1000
G01 X99.500666 Y-95.636576 Z10 F1000
G01 X99.500666 Y-95.703198 Z10 F1000
G01 X99.500666 Y-95.76982 Z10 F1000
G01 X99.500666 Y-95.836442 Z10 F1000
G01 X99.500666 Y-95.903065 Z10 F1000
G01 X97.368754 Y-95.903065 Z10 F1000
G01 X97.302132 Y-95.903065 Z9.921569 F1000
G01 X97.23551 Y-95.903065 Z9.372549 F1000
G01 X97.168887 Y-95.903065 Z1.176471 F1000
G01 X96.436043 Y-95.903065 Z1.176471 F1000
G01 X96.36942 Y-95.903065 Z1.058824 F1000
G01 X96.302798 Y-95.903065 Z9.882353 F1000
G01 X96.236176 Y-95.903065 Z10 F1000
G01 X3.564624 Y-95.903065 Z10 F1000
G01 X3.498001 Y-95.903065 Z0.901961 F1000
G01 X3.431379 Y-95.903065 Z0.27451 F1000
G01 X3.364757 Y-95.903065 Z0.27451 F1000
G01 X3.298135 Y-95.903065 Z0.156863 F1000
G01 X3.231512 Y-95.903065 Z0.117647 F1000
G01 X3.16489 Y-95.903065 Z0 F1000
G01 X2.831779 Y-95.903065 Z0 F1000
G01 X2.765157 Y-95.903065 Z0.039216 F1000
G01 X2.698534 Y-95.903065 Z0.039216 F1000
G01 X2.631912 Y-95.903065 Z9.372549 F1000
G01 X2.56529 Y-95.903065 Z9.921569 F1000
G01 X2.498668 Y-95.903065 Z9.960784 F1000
G01 X2.432045 Y-95.903065 Z9.960784 F1000
G01 X2.365423 Y-95.903065 Z10 F1000
G01 X0.433378 Y-95.903065 Z10 F1000
G01 X0.433378 Y-95.969687 Z10 F1000
G01 X0.433378 Y-96.036309 Z10 F1000
G01 X0.433378 Y-96.102931 Z10 F1000
G01 X0.433378 Y-96.169554 Z10 F1000
G01 X0.433378 Y-96.236176 Z10 F1000
G01 X0.433378 Y-96.302798 Z10 F1000
G01 X0.433378 Y-96.36942 Z10 F1000
G01 X0.433378 Y-96.436043 Z10 F1000
G01 X2.365423 Y-96.436043 Z10 F1000
G01 X2.432045 Y-96.436043 Z9.960784 F1000
G01 X2.498668 Y-96.436043 Z9.960784 F1000
G01 X2.56529 Y-96.436043 Z9.921569 F1000
G01 X2.631912 Y-96.436043 Z9.372549 F1000
G01 X2.698534 Y-96.436043 Z0.039216 F1000
G01 X2.765157 Y-96.436043 Z0.039216 F1000
G01 X2.831779 Y-96.436043 Z0 F1000
G01 X9.09427 Y-96.436043 Z0 F1000
G01 X9.160893 Y-96.436043 Z0.039216 F1000
G01 X9.227515 Y-96.436043 Z0.705882 F1000
G01 X9.294137 Y-96.436043 Z0.980392 F1000
G01 X9.360759 Y-96.436043 Z1.019608 F1000
G01 X10.026982 Y-96.436043 Z1.019608 F1000
G01 X10.093604 Y-96.436043 Z1.058824 F1000
G01 X11.092938 Y-96.436043 Z1.058824 F1000
G01 X11.15956 Y-96.436043 Z0.156863 F1000
G01 X11.226183 Y-96.436043 Z0.039216 F1000
G01 X11.559294 Y-96.436043 Z0.039216 F1000
G01 X11.625916 Y-96.436043 Z0 F1000
G01 X35.343438 Y-96.436043 Z0 F1000
G01 X35.41006 Y-96.436043 Z0.078431 F1000
G01 X35.476682 Y-96.436043 Z0.078431 F1000
G01 X35.543304 Y-96.436043 Z0.54902 F1000
G01 X35.609927 Y-96.436043 Z1.019608 F1000
G01 X37.408728 Y-96.436043 Z1.019608 F1000
G01 X37.47535 Y-96.436043 Z0.352941 F1000
G01 X37.541972 Y-96.436043 Z0 F1000
G01 X37.875083 Y-96.436043 Z0 F1000
G01 X37.941706 Y-96.436043 Z0.039216 F1000
G01 X38.141572 Y-96.436043 Z0.039216 F1000
G01 X38.208195 Y-96.436043 Z0.078431 F1000
G01 X38.341439 Y-96.436043 Z0.078431 F1000
G01 X38.408061 Y-96.436043 Z0.627451 F1000
G01 X38.474684 Y-96.436043 Z1.098039 F1000
G01 X39.007662 Y-96.436043 Z1.098039 F1000
G01 X39.074284 Y-96.436043 Z1.176471 F1000
G01 X40.073618 Y-96.436043 Z1.176471 F1000
G01 X40.14024 Y-96.436043 Z1.098039 F1000
G01 X40.206862 Y-96.436043 Z1.098039 F1000
G01 X40.273484 Y-96.436043 Z1.019608 F1000
G01 X40.340107 Y-96.436043 Z0.705882 F1000
G01 X40.406729 Y-96.436043 Z0.156863 F1000
G01 X40.473351 Y-96.436043 Z0.039216 F1000
G01 X40.539973 Y-96.436043 Z0.039216 F1000
G01 X40.606596 Y-96.436043 Z0 F1000
G01 X54.330779 Y-96.436043 Z0 F1000
G01 X54.397402 Y-96.436043 Z0.039216 F1000
G01 X54.464024 Y-96.436043 Z0.039216 F1000
G01 X54.530646 Y-96.436043 Z0.078431 F1000
G01 X54.597268 Y-96.436043 Z0.078431 F1000
G01 X54.663891 Y-96.436043 Z0.117647 F1000
G01 X54.730513 Y-96.436043 Z0.117647 F1000
G01 X54.797135 Y-96.436043 Z0.235294 F1000
G01 X54.863757 Y-96.436043 Z0.392157 F1000
G01 X54.93038 Y-96.436043 Z0.588235 F1000
G01 X54.997002 Y-96.436043 Z0.862745 F1000
G01 X55.063624 Y-96.436043 Z1.058824 F1000
G01 X55.263491 Y-96.436043 Z1.058824 F1000
G01 X55.330113 Y-96.436043 Z1.098039 F1000
G01 X56.329447 Y-96.436043 Z1.098039 F1000
G01 X56.396069 Y-96.436043 Z1.058824 F1000
G01 X56.462692 Y-96.436043 Z1.019608 F1000
G01 X56.595936 Y-96.436043 Z1.019608 F1000
G01 X56.662558 Y-96.436043 Z0.980392 F1000
G01 X56.929047 Y-96.436043 Z0.980392 F1000
G01 X56.99567 Y-96.436043 Z0.941176 F1000
G01 X58.661226 Y-96.436043 Z0.941176 F1000
G01 X58.727848 Y-96.436043 Z0.980392 F1000
G01 X58.994337 Y-96.436043 Z0.980392 F1000
G01 X59.060959 Y-96.436043 Z1.058824 F1000
G01 X59.327448 Y-96.436043 Z1.058824 F1000
G01 X59.394071 Y-96.436043 Z1.098039 F1000
G01 X60.393404 Y-96.436043 Z1.098039 F1000
G01 X60.460027 Y-96.436043 Z0.705882 F1000
G01 X60.526649 Y-96.436043 Z0.196078 F1000
G01 X60.593271 Y-96.436043 Z0.196078 F1000
G01 X60.659893 Y-96.436043 Z0.078431 F1000
G01 X60.726516 Y-96.436043 Z0.039216 F1000
G01 X60.85976 Y-96.436043 Z0.039216 F1000
G01 X60.926382 Y-96.436043 Z0 F1000
G01 X96.036309 Y-96.436043 Z0 F1000
G01 X96.102931 Y-96.436043 Z0.588235 F1000
G01 X96.169554 Y-96.436043 Z0.941176 F1000
G01 X96.236176 Y-96.436043 Z1.019608 F1000
G01 X97.168887 Y-96.436043 Z1.019608 F1000
G01 X97.23551 Y-96.436043 Z9.372549 F1000
G01 X97.302132 Y-96.436043 Z9.921569 F1000
G01 X97.368754 Y-96.436043 Z9.960784 F1000
G01 X97.435376 Y-96.436043 Z9.960784 F1000
G01 X97.501999 Y-96.436043 Z10 F1000
G01 X99.500666 Y-96.436043 Z10 F1000
G01 X99.500666 Y-96.502665 Z10 F1000
G01 X99.500666 Y-96.569287 Z10 F1000
G01 X99.500666 Y-96.635909 Z10 F1000
G01 X99.500666 Y-96.702532 Z10 F1000
G01 X99.500666 Y-96.769154 Z10 F1000
G01 X99.500666 Y-96.835776 Z10 F1000
G01 X99.500666 Y-96.902398 Z10 F1000
G01 X99.500666 Y-96.969021 Z10 F1000
G01 X97.23551 Y-96.969021 Z10 F1000
G01 X97.168887 Y-96.969021 Z9.411765 F1000
G01 X96.36942 Y-96.969021 Z9.411765 F1000
G01 X96.302798 Y-96.969021 Z9.372549 F1000
G01 X96.102931 Y-96.969021 Z9.372549 F1000
G01 X96.036309 Y-96.969021 Z9.215686 F1000
G01 X95.969687 Y-96.969021 Z9.215686 F1000
G01 X95.903065 Y-96.969021 Z9.176471 F1000
G01 X61.259494 Y-96.969021 Z9.176471 F1000
G01 X61.192871 Y-96.969021 Z9.215686 F1000
G01 X60.726516 Y-96.969021 Z9.215686 F1000
G01 X60.659893 Y-96.969021 Z9.254902 F1000
G01 X60.593271 Y-96.969021 Z9.294118 F1000
G01 X59.527315 Y-96.969021 Z9.294118 F1000
G01 X59.460693 Y-96.969021 Z9.254902 F1000
G01 X59.127582 Y-96.969021 Z9.254902 F1000
G01 X59.060959 Y-96.969021 Z9.294118 F1000
G01 X57.062292 Y-96.969021 Z9.294118 F1000
G01 X56.99567 Y-96.969021 Z9.254902 F1000
G01 X55.996336 Y-96.969021 Z9.254902 F1000
G01 X55.929714 Y-96.969021 Z9.294118 F1000
G01 X55.729847 Y-96.969021 Z9.294118 F1000
G01 X55.663225 Y-96.969021 Z9.333333 F1000
G01 X54.597268 Y-96.969021 Z9.333333 F1000
G01 X54.530646 Y-96.969021 Z9.294118 F1000
G01 X54.464024 Y-96.969021 Z9.254902 F1000
G01 X54.397402 Y-96.969021 Z9.176471 F1000
G01 X40.273484 Y-96.969021 Z9.176471 F1000
G01 X40.206862 Y-96.969021 Z9.215686 F1000
G01 X39.207528 Y-96.969021 Z9.215686 F1000
G01 X39.140906 Y-96.969021 Z9.176471 F1000
G01 X37.808461 Y-96.969021 Z9.176471 F1000
G01 X37.741839 Y-96.969021 Z9.215686 F1000
G01 X37.47535 Y-96.969021 Z9.215686 F1000
G01 X37.408728 Y-96.969021 Z9.294118 F1000
G01 X36.742505 Y-96.969021 Z9.294118 F1000
G01 X36.675883 Y-96.969021 Z9.333333 F1000
G01 X36.60926 Y-96.969021 Z9.490196 F1000
G01 X35.609927 Y-96.969021 Z9.490196 F1000
G01 X35.543304 Y-96.969021 Z9.45098 F1000
G01 X35.476682 Y-96.969021 Z9.45098 F1000
G01 X35.41006 Y-96.969021 Z9.372549 F1000
G01 X35.343438 Y-96.969021 Z9.372549 F1000
G01 X35.276815 Y-96.969021 Z9.215686 F1000
G01 X35.210193 Y-96.969021 Z9.215686 F1000
G01 X35.143571 Y-96.969021 Z9.176471 F1000
G01 X11.292805 Y-96.969021 Z9.176471 F1000
G01 X11.226183 Y-96.969021 Z9.254902 F1000
G01 X11.15956 Y-96.969021 Z9.333333 F1000
G01 X11.092938 Y-96.969021 Z9.372549 F1000
G01 X10.026982 Y-96.969021 Z9.372549 F1000
G01 X9.96036 Y-96.969021 Z9.333333 F1000
G01 X9.360759 Y-96.969021 Z9.333333 F1000
G01 X9.294137 Y-96.969021 Z9.294118 F1000
G01 X9.227515 Y-96.969021 Z9.294118 F1000
G01 X9.160893 Y-96.969021 Z9.176471 F1000
G01 X3.098268 Y-96.969021 Z9.176471 F1000
G01 X3.031646 Y-96.969021 Z9.215686 F1000
G01 X2.965023 Y-96.969021 Z9.215686 F1000
G01 X2.898401 Y-96.969021 Z9.294118 F1000
G01 X2.698534 Y-96.969021 Z9.294118 F1000
G01 X2.631912 Y-96.969021 Z10 F1000
G01 X0.433378 Y-96.969021 Z10 F1000
G01 X0.433378 Y-97.035643 Z10 F1000
G01 X0.433378 Y-97.102265 Z10 F1000
G01 X0.433378 Y-97.168887 Z10 F1000
G01 X0.433378 Y-97.23551 Z10 F1000
G01 X0.433378 Y-97.302132 Z10 F1000
G01 X0.433378 Y-97.368754 Z10 F1000
G01 X0.433378 Y-97.435376 Z10 F1000
G01 X0.433378 Y-97.501999 Z10 F1000
G01 X55.863091 Y-97.501999 Z10 F1000
G01 X55.929714 Y-97.501999 Z9.960784 F1000
G01 X56.462692 Y-97.501999 Z9.960784 F1000
G01 X56.529314 Y-97.501999 Z10 F1000
G01 X99.500666 Y-97.501999 Z10 F1000
G01 X99.500666 Y-97.568621 Z10 F1000
G01 X99.500666 Y-97.635243 Z10 F1000
G01 X99.500666 Y-97.701865 Z10 F1000
G01 X99.500666 Y-97.768488 Z10 F1000
G01 X99.500666 Y-97.83511 Z10 F1000
G01 X99.500666 Y-97.901732 Z10 F1000
G01 X99.500666 Y-97.968354 Z10 F1000
G01 X99.500666 Y-98.034977 Z10 F1000
G01 X56.529314 Y-98.034977 Z10 F1000
G01 X56.462692 Y-98.034977 Z9.960784 F1000
G01 X55.929714 Y-98.034977 Z9.960784 F1000
G01 X55.863091 Y-98.034977 Z10 F1000
G01 X0.433378 Y-98.034977 Z10 F1000
G01 X0.433378 Y-98.101599 Z10 F1000
G01 X0.433378 Y-98.168221 Z10 F1000
G01 X0.433378 Y-98.234843 Z10 F1000
G01 X0.433378 Y-98.301466 Z10 F1000
G01 X0.433378 Y-98.368088 Z10 F1000
G01 X0.433378 Y-98.43471 Z10 F1000
G01 X0.433378 Y-98.501332 Z10 F1000
G01 X0.433378 Y-98.567955 Z10 F1000
G01 X55.196869 Y-98.567955 Z10 F1000
G01 X55.263491 Y-98.567955 Z9.960784 F1000
G01 X55.330113 Y-98.567955 Z9.960784 F1000
G01 X55.396736 Y-98.567955 Z9.921569 F1000
G01 X56.262825 Y-98.567955 Z9.921569 F1000
G01 X56.329447 Y-98.567955 Z9.960784 F1000
G01 X56.396069 Y-98.567955 Z10 F1000
G01 X99.500666 Y-98.567955 Z10 F1000
G01 X99.500666 Y-98.634577 Z10 F1000
G01 X99.500666 Y-98.701199 Z10 F1000
G01 X99.500666 Y-98.767821 Z10 F1000
G01 X99.500666 Y-98.834444 Z10 F1000
G01 X99.500666 Y-98.901066 Z10 F1000
G01 X99.500666 Y-98.967688 Z10 F1000
G01 X99.500666 Y-99.03431 Z10 F1000
G01 X99.500666 Y-99.100933 Z10 F1000
G01 X81.046302 Y-99.100933 Z10 F1000
G01 X80.97968 Y-99.100933 Z9.960784 F1000
G01 X80.913058 Y-99.100933 Z10 F1000
G01 X64.257495 Y-99.100933 Z10 F1000
G01 X64.190873 Y-99.100933 Z9.960784 F1000
G01 X64.12425 Y-99.100933 Z10 F1000
G01 X55.996336 Y-99.100933 Z10 F1000
G01 X55.929714 Y-99.100933 Z9.960784 F1000
G01 X55.863091 Y-99.100933 Z9.921569 F1000
G01 X55.263491 Y-99.100933 Z9.921569 F1000
G01 X55.196869 Y-99.100933 Z9.960784 F1000
G01 X55.130247 Y-99.100933 Z9.960784 F1000
G01 X55.063624 Y-99.100933 Z10 F1000
G01 X21.685876 Y-99.100933 Z10 F1000
G01 X21.619254 Y-99.100933 Z9.960784 F1000
G01 X21.552632 Y-99.100933 Z10 F1000
G01 X18.488008 Y-99.100933 Z10 F1000
G01 X18.421386 Y-99.100933 Z9.960784 F1000
G01 X18.354763 Y-99.100933 Z10 F1000
G01 X0.433378 Y-99.100933 Z10 F1000
G01 X0.433378 Y-99.167555 Z10 F1000
G01 X0.433378 Y-99.234177 Z10 F1000
G01 X0.433378 Y-99.300799 Z10 F1000
G01 X0.433378 Y-99.367422 Z10 F1000
G01 X0.433378 Y-99.434044 Z10 F1000
G01 X0.433378 Y-99.500666 Z10 F1000
G01 X0.433378 Y-99.567288 Z10 F1000
G01 X0.433378 Y-99.633911 Z10 F1000
G01 X18.354763 Y-99.633911 Z10 F1000
G01 X18.421386 Y-99.633911 Z9.960784 F1000
G01 X18.488008 Y-99.633911 Z10 F1000
G01 X21.552632 Y-99.633911 Z10 F1000
G01 X21.619254 Y-99.633911 Z9.960784 F1000
G01 X21.685876 Y-99.633911 Z10 F1000
G01 X54.663891 Y-99.633911 Z10 F1000
G01 X54.730513 Y-99.633911 Z9.960784 F1000
G01 X54.797135 Y-99.633911 Z9.960784 F1000
G01 X54.863757 Y-99.633911 Z9.921569 F1000
G01 X55.729847 Y-99.633911 Z9.921569 F1000
G01 X55.796469 Y-99.633911 Z9.960784 F1000
G01 X55.929714 Y-99.633911 Z9.960784 F1000
G01 X55.996336 Y-99.633911 Z10 F1000
G01 X64.12425 Y-99.633911 Z10 F1000
G01 X64.190873 Y-99.633911 Z9.960784 F1000
G01 X64.257495 Y-99.633911 Z10 F1000
G01 X76.116256 Y-99.633911 Z10 F1000
G01 X76.182878 Y-99.633911 Z9.960784 F1000
G01 X76.2495 Y-99.633911 Z10 F1000
G01 X80.913058 Y-99.633911 Z10 F1000
G01 X80.97968 Y-99.633911 Z9.960784 F1000
G01 X81.046302 Y-99.633911 Z10 F1000
G01 X99.500666 Y-99.633911 Z10 F1000
G01 X99.500666 Y-99.700533 Z10 F1000
G01 X99.500666 Y-99.767155 Z10 F1000
G01 X99.500666 Y-99.833777 Z10 F1000
G01 X99.500666 Y-99.9004 Z10 F1000
G01 X99.500666 Y-99.967022 Z10 F1000
G01 X99.500666 Y-100.033644 Z10 F1000
G01 X99.500666 Y-100.100266 Z10 F1000
G01 X99.500666 Y-100.166889 Z10 F1000
G01 X98.834444 Y-100.166889 Z10 F1000
G01 X98.767821 Y-100.166889 Z9.960784 F1000
G01 X98.701199 Y-100.166889 Z9.960784 F1000
G01 X98.634577 Y-100.166889 Z10 F1000
G01 X81.046302 Y-100.166889 Z10 F1000
G01 X80.97968 Y-100.166889 Z9.960784 F1000
G01 X80.913058 Y-100.166889 Z10 F1000
G01 X76.382745 Y-100.166889 Z10 F1000
G01 X76.316123 Y-100.166889 Z9.960784 F1000
G01 X76.182878 Y-100.166889 Z9.960784 F1000
G01 X76.116256 Y-100.166889 Z10 F1000
G01 X64.257495 Y-100.166889 Z10 F1000
G01 X64.190873 Y-100.166889 Z9.960784 F1000
G01 X64.12425 Y-100.166889 Z10 F1000
G01 X56.062958 Y-100.166889 Z10 F1000
G01 X55.996336 Y-100.166889 Z9.960784 F1000
G01 X55.796469 Y-100.166889 Z9.960784 F1000
G01 X55.729847 Y-100.166889 Z9.921569 F1000
G01 X54.597268 Y-100.166889 Z9.921569 F1000
G01 X54.530646 Y-100.166889 Z9.960784 F1000
G01 X54.464024 Y-100.166889 Z9.960784 F1000
G01 X54.397402 Y-100.166889 Z10 F1000
G01 X33.078281 Y-100.166889 Z10 F1000
G01 X33.011659 Y-100.166889 Z9.960784 F1000
G01 X32.945037 Y-100.166889 Z10 F1000
G01 X30.946369 Y-100.166889 Z10 F1000
G01 X30.879747 Y-100.166889 Z9.960784 F1000
G01 X30.813125 Y-100.166889 Z10 F1000
G01 X27.348767 Y-100.166889 Z10 F1000
G01 X27.282145 Y-100.166889 Z9.960784 F1000
G01 X27.215523 Y-100.166889 Z10 F1000
G01 X21.685876 Y-100.166889 Z10 F1000
G01 X21.619254 Y-100.166889 Z9.960784 F1000
G01 X21.552632 Y-100.166889 Z10 F1000
G01 X18.488008 Y-100.166889 Z10 F1000
G01 X18.421386 Y-100.166889 Z9.960784 F1000
G01 X18.354763 Y-100.166889 Z10 F1000
G01 X6.229514 Y-100.166889 Z10 F1000
G01 X6.162891 Y-100.166889 Z9.960784 F1000
G01 X6.096269 Y-100.166889 Z10 F1000
G01 X0.433378 Y-100.166889 Z10 F1000
G01 X0.433378 Y-100.233511 Z10 F1000
G01 X0.433378 Y-100.300133 Z10 F1000

G00 Z10 (EOP take Z up)
G00 X0 Y0 (Move to home)
(Generated in 16.5 sec.)
