G21 (Programming in millimeters)
G90 (Absolute programming)
G92 X0 Y0 Z10 (Tell the machine it is at 0, 0, 10)
G00 X0 Y-0.5 Z10 (Starting position)

G01 X0.581633 Y-0.5 Z9.568627 F1000
G01 X99.520408 Y-0.5 Z9.568627 F1000
G01 X99.520408 Y-0.581633 Z9.568627 F1000
G01 X99.520408 Y-0.663265 Z9.568627 F1000
G01 X99.520408 Y-0.744898 Z9.568627 F1000
G01 X99.520408 Y-0.826531 Z9.568627 F1000
G01 X99.520408 Y-0.908163 Z9.568627 F1000
G01 X99.520408 Y-0.989796 Z9.568627 F1000
G01 X99.520408 Y-1.071429 Z9.568627 F1000
G01 X0.418367 Y-1.071429 Z9.568627 F1000
G01 X0.418367 Y-1.153061 Z9.568627 F1000
G01 X0.418367 Y-1.234694 Z9.568627 F1000
G01 X0.418367 Y-1.316327 Z9.568627 F1000
G01 X0.418367 Y-1.397959 Z9.568627 F1000
G01 X0.418367 Y-1.479592 Z9.568627 F1000
G01 X0.418367 Y-1.561224 Z9.568627 F1000
G01 X0.418367 Y-1.642857 Z9.568627 F1000
G01 X99.520408 Y-1.642857 Z9.568627 F1000
G01 X99.520408 Y-1.72449 Z9.568627 F1000
G01 X99.520408 Y-1.806122 Z9.568627 F1000
G01 X99.520408 Y-1.887755 Z9.568627 F1000
G01 X99.520408 Y-1.969388 Z9.568627 F1000
G01 X99.520408 Y-2.05102 Z9.568627 F1000
G01 X99.520408 Y-2.132653 Z9.568627 F1000
G01 X99.520408 Y-2.214286 Z9.568627 F1000
G01 X0.418367 Y-2.214286 Z9.568627 F1000
G01 X0.418367 Y-2.295918 Z9.568627 F1000
G01 X0.418367 Y-2.377551 Z9.568627 F1000
G01 X0.418367 Y-2.459184 Z9.568627 F1000
G01 X0.418367 Y-2.540816 Z9.568627 F1000
G01 X0.418367 Y-2.622449 Z9.568627 F1000
G01 X0.418367 Y-2.704082 Z9.568627 F1000
G01 X0.418367 Y-2.785714 Z9.568627 F1000
G01 X99.520408 Y-2.785714 Z9.568627 F1000
G01 X99.520408 Y-2.867347 Z9.568627 F1000
G01 X99.520408 Y-2.94898 Z9.568627 F1000
G01 X99.520408 Y-3.030612 Z9.568627 F1000
G01 X99.520408 Y-3.112245 Z9.568627 F1000
G01 X99.520408 Y-3.193878 Z9.568627 F1000
G01 X99.520408 Y-3.27551 Z9.568627 F1000
G01 X99.520408 Y-3.357143 Z9.568627 F1000
G01 X0.418367 Y-3.357143 Z9.568627 F1000
G01 X0.418367 Y-3.438776 Z9.568627 F1000
G01 X0.418367 Y-3.520408 Z9.568627 F1000
G01 X0.418367 Y-3.602041 Z9.568627 F1000
G01 X0.418367 Y-3.683673 Z9.568627 F1000
G01 X0.418367 Y-3.765306 Z9.568627 F1000
G01 X0.418367 Y-3.846939 Z9.568627 F1000
G01 X0.418367 Y-3.928571 Z9.568627 F1000
G01 X99.520408 Y-3.928571 Z9.568627 F1000
G01 X99.520408 Y-4.010204 Z9.568627 F1000
G01 X99.520408 Y-4.091837 Z9.568627 F1000
G01 X99.520408 Y-4.173469 Z9.568627 F1000
G01 X99.520408 Y-4.255102 Z9.568627 F1000
G01 X99.520408 Y-4.336735 Z9.568627 F1000
G01 X99.520408 Y-4.418367 Z9.568627 F1000
G01 X99.520408 Y-4.5 Z9.568627 F1000
G01 X0.418367 Y-4.5 Z9.568627 F1000
G01 X0.418367 Y-4.581633 Z9.568627 F1000
G01 X0.418367 Y-4.663265 Z9.568627 F1000
G01 X0.418367 Y-4.744898 Z9.568627 F1000
G01 X0.418367 Y-4.826531 Z9.568627 F1000
G01 X0.418367 Y-4.908163 Z9.568627 F1000
G01 X0.418367 Y-4.989796 Z9.568627 F1000
G01 X0.418367 Y-5.071429 Z9.568627 F1000
G01 X99.520408 Y-5.071429 Z9.568627 F1000
G01 X99.520408 Y-5.153061 Z9.568627 F1000
G01 X99.520408 Y-5.234694 Z9.568627 F1000
G01 X99.520408 Y-5.316327 Z9.568627 F1000
G01 X99.520408 Y-5.397959 Z9.568627 F1000
G01 X99.520408 Y-5.479592 Z9.568627 F1000
G01 X99.520408 Y-5.561224 Z9.568627 F1000
G01 X99.520408 Y-5.642857 Z9.568627 F1000
G01 X0.418367 Y-5.642857 Z9.568627 F1000
G01 X0.418367 Y-5.72449 Z9.568627 F1000
G01 X0.418367 Y-5.806122 Z9.568627 F1000
G01 X0.418367 Y-5.887755 Z9.568627 F1000
G01 X0.418367 Y-5.969388 Z9.568627 F1000
G01 X0.418367 Y-6.05102 Z9.568627 F1000
G01 X0.418367 Y-6.132653 Z9.568627 F1000
G01 X0.418367 Y-6.214286 Z9.568627 F1000
G01 X99.520408 Y-6.214286 Z9.568627 F1000
G01 X99.520408 Y-6.295918 Z9.568627 F1000
G01 X99.520408 Y-6.377551 Z9.568627 F1000
G01 X99.520408 Y-6.459184 Z9.568627 F1000
G01 X99.520408 Y-6.540816 Z9.568627 F1000
G01 X99.520408 Y-6.622449 Z9.568627 F1000
G01 X99.520408 Y-6.704082 Z9.568627 F1000
G01 X99.520408 Y-6.785714 Z9.568627 F1000
G01 X0.418367 Y-6.785714 Z9.568627 F1000
G01 X0.418367 Y-6.867347 Z9.568627 F1000
G01 X0.418367 Y-6.94898 Z9.568627 F1000
G01 X0.418367 Y-7.030612 Z9.568627 F1000
G01 X0.418367 Y-7.112245 Z9.568627 F1000
G01 X0.418367 Y-7.193878 Z9.568627 F1000
G01 X0.418367 Y-7.27551 Z9.568627 F1000
G01 X0.418367 Y-7.357143 Z9.568627 F1000
G01 X31.27551 Y-7.357143 Z9.568627 F1000
G01 X31.357143 Y-7.357143 Z9.607843 F1000
G01 X31.438776 Y-7.357143 Z9.803922 F1000
G01 X32.418367 Y-7.357143 Z9.803922 F1000
G01 X32.5 Y-7.357143 Z9.686275 F1000
G01 X32.989796 Y-7.357143 Z9.686275 F1000
G01 X33.071429 Y-7.357143 Z9.607843 F1000
G01 X33.153061 Y-7.357143 Z9.568627 F1000
G01 X67.030612 Y-7.357143 Z9.568627 F1000
G01 X67.112245 Y-7.357143 Z9.686275 F1000
G01 X67.193878 Y-7.357143 Z9.72549 F1000
G01 X67.846939 Y-7.357143 Z9.72549 F1000
G01 X67.928571 Y-7.357143 Z9.803922 F1000
G01 X68.908163 Y-7.357143 Z9.803922 F1000
G01 X68.989796 Y-7.357143 Z9.568627 F1000
G01 X99.520408 Y-7.357143 Z9.568627 F1000
G01 X99.520408 Y-7.438776 Z9.568627 F1000
G01 X99.520408 Y-7.520408 Z9.568627 F1000
G01 X99.520408 Y-7.602041 Z9.568627 F1000
G01 X99.520408 Y-7.683673 Z9.568627 F1000
G01 X99.520408 Y-7.765306 Z9.568627 F1000
G01 X99.520408 Y-7.846939 Z9.568627 F1000
G01 X99.520408 Y-7.928571 Z9.568627 F1000
G01 X69.071429 Y-7.928571 Z9.568627 F1000
G01 X68.989796 Y-7.928571 Z10 F1000
G01 X66.622449 Y-7.928571 Z10 F1000
G01 X66.540816 Y-7.928571 Z9.960784 F1000
G01 X33.806122 Y-7.928571 Z9.960784 F1000
G01 X33.72449 Y-7.928571 Z10 F1000
G01 X31.112245 Y-7.928571 Z10 F1000
G01 X31.030612 Y-7.928571 Z9.960784 F1000
G01 X30.867347 Y-7.928571 Z9.960784 F1000
G01 X30.785714 Y-7.928571 Z9.568627 F1000
G01 X0.418367 Y-7.928571 Z9.568627 F1000
G01 X0.418367 Y-8.010204 Z9.568627 F1000
G01 X0.418367 Y-8.091837 Z9.568627 F1000
G01 X0.418367 Y-8.173469 Z9.568627 F1000
G01 X0.418367 Y-8.255102 Z9.568627 F1000
G01 X0.418367 Y-8.336735 Z9.568627 F1000
G01 X0.418367 Y-8.418367 Z9.568627 F1000
G01 X0.418367 Y-8.5 Z9.568627 F1000
G01 X30.132653 Y-8.5 Z9.568627 F1000
G01 X30.214286 Y-8.5 Z9.882353 F1000
G01 X30.295918 Y-8.5 Z9.960784 F1000
G01 X30.377551 Y-8.5 Z10 F1000
G01 X32.989796 Y-8.5 Z10 F1000
G01 X33.071429 Y-8.5 Z9.529412 F1000
G01 X33.153061 Y-8.5 Z8.627451 F1000
G01 X33.234694 Y-8.5 Z8.156863 F1000
G01 X33.316327 Y-8.5 Z7.529412 F1000
G01 X33.397959 Y-8.5 Z7.137255 F1000
G01 X33.479592 Y-8.5 Z7.019608 F1000
G01 X33.561224 Y-8.5 Z6.941176 F1000
G01 X33.642857 Y-8.5 Z6.823529 F1000
G01 X66.05102 Y-8.5 Z6.823529 F1000
G01 X66.132653 Y-8.5 Z6.862745 F1000
G01 X66.540816 Y-8.5 Z6.862745 F1000
G01 X66.622449 Y-8.5 Z7.098039 F1000
G01 X66.704082 Y-8.5 Z7.294118 F1000
G01 X66.785714 Y-8.5 Z8.980392 F1000
G01 X66.867347 Y-8.5 Z9.098039 F1000
G01 X66.94898 Y-8.5 Z9.372549 F1000
G01 X67.030612 Y-8.5 Z9.72549 F1000
G01 X67.112245 Y-8.5 Z9.921569 F1000
G01 X67.438776 Y-8.5 Z9.921569 F1000
G01 X67.520408 Y-8.5 Z10 F1000
G01 X69.561224 Y-8.5 Z10 F1000
G01 X69.642857 Y-8.5 Z9.960784 F1000
G01 X69.72449 Y-8.5 Z9.568627 F1000
G01 X99.520408 Y-8.5 Z9.568627 F1000
G01 X99.520408 Y-8.581633 Z9.568627 F1000
G01 X99.520408 Y-8.663265 Z9.568627 F1000
G01 X99.520408 Y-8.744898 Z9.568627 F1000
G01 X99.520408 Y-8.826531 Z9.568627 F1000
G01 X99.520408 Y-8.908163 Z9.568627 F1000
G01 X99.520408 Y-8.989796 Z9.568627 F1000
G01 X99.520408 Y-9.071429 Z9.568627 F1000
G01 X70.377551 Y-9.071429 Z9.568627 F1000
G01 X70.295918 Y-9.071429 Z9.764706 F1000
G01 X70.132653 Y-9.071429 Z9.764706 F1000
G01 X70.05102 Y-9.071429 Z9.843137 F1000
G01 X69.806122 Y-9.071429 Z9.843137 F1000
G01 X69.72449 Y-9.071429 Z9.960784 F1000
G01 X69.642857 Y-9.071429 Z10 F1000
G01 X68.091837 Y-9.071429 Z10 F1000
G01 X68.010204 Y-9.071429 Z9.45098 F1000
G01 X67.928571 Y-9.071429 Z4.627451 F1000
G01 X67.846939 Y-9.071429 Z1.137255 F1000
G01 X67.765306 Y-9.071429 Z0.901961 F1000
G01 X67.520408 Y-9.071429 Z0.901961 F1000
G01 X67.438776 Y-9.071429 Z0.627451 F1000
G01 X67.357143 Y-9.071429 Z0.078431 F1000
G01 X33.153061 Y-9.071429 Z0.078431 F1000
G01 X33.071429 Y-9.071429 Z0.117647 F1000
G01 X32.5 Y-9.071429 Z0.117647 F1000
G01 X32.418367 Y-9.071429 Z0.901961 F1000
G01 X32.173469 Y-9.071429 Z0.901961 F1000
G01 X32.091837 Y-9.071429 Z1.294118 F1000
G01 X32.010204 Y-9.071429 Z5.294118 F1000
G01 X31.928571 Y-9.071429 Z9.843137 F1000
G01 X31.846939 Y-9.071429 Z9.843137 F1000
G01 X31.765306 Y-9.071429 Z9.882353 F1000
G01 X31.683673 Y-9.071429 Z10 F1000
G01 X30.214286 Y-9.071429 Z10 F1000
G01 X30.132653 Y-9.071429 Z9.568627 F1000
G01 X0.418367 Y-9.071429 Z9.568627 F1000
G01 X0.418367 Y-9.153061 Z9.568627 F1000
G01 X0.418367 Y-9.234694 Z9.568627 F1000
G01 X0.418367 Y-9.316327 Z9.568627 F1000
G01 X0.418367 Y-9.397959 Z9.568627 F1000
G01 X0.418367 Y-9.479592 Z9.568627 F1000
G01 X0.418367 Y-9.561224 Z9.568627 F1000
G01 X0.418367 Y-9.642857 Z9.568627 F1000
G01 X29.479592 Y-9.642857 Z9.568627 F1000
G01 X29.561224 Y-9.642857 Z9.72549 F1000
G01 X29.642857 Y-9.642857 Z9.764706 F1000
G01 X29.806122 Y-9.642857 Z9.764706 F1000
G01 X29.887755 Y-9.642857 Z10 F1000
G01 X31.438776 Y-9.642857 Z10 F1000
G01 X31.520408 Y-9.642857 Z6.627451 F1000
G01 X31.602041 Y-9.642857 Z0.705882 F1000
G01 X31.683673 Y-9.642857 Z0.666667 F1000
G01 X31.765306 Y-9.642857 Z0.352941 F1000
G01 X31.846939 Y-9.642857 Z0.078431 F1000
G01 X68.010204 Y-9.642857 Z0.078431 F1000
G01 X68.091837 Y-9.642857 Z0.156863 F1000
G01 X68.173469 Y-9.642857 Z0.352941 F1000
G01 X68.255102 Y-9.642857 Z0.823529 F1000
G01 X68.336735 Y-9.642857 Z0.941176 F1000
G01 X68.418367 Y-9.642857 Z6.54902 F1000
G01 X68.5 Y-9.642857 Z9.686275 F1000
G01 X68.581633 Y-9.642857 Z10 F1000
G01 X70.214286 Y-9.642857 Z10 F1000
G01 X70.295918 Y-9.642857 Z9.764706 F1000
G01 X70.377551 Y-9.642857 Z9.568627 F1000
G01 X99.520408 Y-9.642857 Z9.568627 F1000
G01 X99.520408 Y-9.72449 Z9.568627 F1000
G01 X99.520408 Y-9.806122 Z9.568627 F1000
G01 X99.520408 Y-9.887755 Z9.568627 F1000
G01 X99.520408 Y-9.969388 Z9.568627 F1000
G01 X99.520408 Y-10.05102 Z9.568627 F1000
G01 X99.520408 Y-10.132653 Z9.568627 F1000
G01 X99.520408 Y-10.214286 Z9.568627 F1000
G01 X71.030612 Y-10.214286 Z9.568627 F1000
G01 X70.94898 Y-10.214286 Z9.803922 F1000
G01 X70.867347 Y-10.214286 Z9.843137 F1000
G01 X70.785714 Y-10.214286 Z10 F1000
G01 X68.908163 Y-10.214286 Z10 F1000
G01 X68.826531 Y-10.214286 Z9.72549 F1000
G01 X68.744898 Y-10.214286 Z7.490196 F1000
G01 X68.663265 Y-10.214286 Z0.313725 F1000
G01 X68.581633 Y-10.214286 Z0.313725 F1000
G01 X68.5 Y-10.214286 Z0.235294 F1000
G01 X68.173469 Y-10.214286 Z0.235294 F1000
G01 X68.091837 Y-10.214286 Z0.078431 F1000
G01 X31.846939 Y-10.214286 Z0.078431 F1000
G01 X31.765306 Y-10.214286 Z0.352941 F1000
G01 X31.357143 Y-10.214286 Z0.352941 F1000
G01 X31.27551 Y-10.214286 Z0.627451 F1000
G01 X31.193878 Y-10.214286 Z7.176471 F1000
G01 X31.112245 Y-10.214286 Z9.568627 F1000
G01 X31.030612 Y-10.214286 Z10 F1000
G01 X28.908163 Y-10.214286 Z10 F1000
G01 X28.826531 Y-10.214286 Z9.568627 F1000
G01 X0.418367 Y-10.214286 Z9.568627 F1000
G01 X0.418367 Y-10.295918 Z9.568627 F1000
G01 X0.418367 Y-10.377551 Z9.568627 F1000
G01 X0.418367 Y-10.459184 Z9.568627 F1000
G01 X0.418367 Y-10.540816 Z9.568627 F1000
G01 X0.418367 Y-10.622449 Z9.568627 F1000
G01 X0.418367 Y-10.704082 Z9.568627 F1000
G01 X0.418367 Y-10.785714 Z9.568627 F1000
G01 X28.826531 Y-10.785714 Z9.568627 F1000
G01 X28.908163 Y-10.785714 Z10 F1000
G01 X30.704082 Y-10.785714 Z10 F1000
G01 X30.785714 Y-10.785714 Z9.72549 F1000
G01 X30.867347 Y-10.785714 Z6.039216 F1000
G01 X30.94898 Y-10.785714 Z0.745098 F1000
G01 X31.030612 Y-10.785714 Z0.745098 F1000
G01 X31.112245 Y-10.785714 Z0.392157 F1000
G01 X31.193878 Y-10.785714 Z0.352941 F1000
G01 X31.27551 Y-10.785714 Z0.313725 F1000
G01 X31.357143 Y-10.785714 Z0.313725 F1000
G01 X31.438776 Y-10.785714 Z0.235294 F1000
G01 X31.765306 Y-10.785714 Z0.235294 F1000
G01 X31.846939 Y-10.785714 Z0.078431 F1000
G01 X68.5 Y-10.785714 Z0.078431 F1000
G01 X68.581633 Y-10.785714 Z0.117647 F1000
G01 X68.663265 Y-10.785714 Z0.156863 F1000
G01 X68.744898 Y-10.785714 Z0.431373 F1000
G01 X68.826531 Y-10.785714 Z0.54902 F1000
G01 X68.908163 Y-10.785714 Z0.666667 F1000
G01 X68.989796 Y-10.785714 Z0.666667 F1000
G01 X69.071429 Y-10.785714 Z6.627451 F1000
G01 X69.153061 Y-10.785714 Z9.72549 F1000
G01 X69.234694 Y-10.785714 Z10 F1000
G01 X70.867347 Y-10.785714 Z10 F1000
G01 X70.94898 Y-10.785714 Z9.803922 F1000
G01 X71.030612 Y-10.785714 Z9.568627 F1000
G01 X99.520408 Y-10.785714 Z9.568627 F1000
G01 X99.520408 Y-10.867347 Z9.568627 F1000
G01 X99.520408 Y-10.94898 Z9.568627 F1000
G01 X99.520408 Y-11.030612 Z9.568627 F1000
G01 X99.520408 Y-11.112245 Z9.568627 F1000
G01 X99.520408 Y-11.193878 Z9.568627 F1000
G01 X99.520408 Y-11.27551 Z9.568627 F1000
G01 X99.520408 Y-11.357143 Z9.568627 F1000
G01 X71.683673 Y-11.357143 Z9.568627 F1000
G01 X71.602041 Y-11.357143 Z9.803922 F1000
G01 X71.357143 Y-11.357143 Z9.803922 F1000
G01 X71.27551 Y-11.357143 Z9.960784 F1000
G01 X71.193878 Y-11.357143 Z9.960784 F1000
G01 X71.112245 Y-11.357143 Z10 F1000
G01 X69.642857 Y-11.357143 Z10 F1000
G01 X69.561224 Y-11.357143 Z9.882353 F1000
G01 X69.479592 Y-11.357143 Z9.882353 F1000
G01 X69.397959 Y-11.357143 Z6.784314 F1000
G01 X69.316327 Y-11.357143 Z0.980392 F1000
G01 X69.153061 Y-11.357143 Z0.980392 F1000
G01 X69.071429 Y-11.357143 Z0.352941 F1000
G01 X68.826531 Y-11.357143 Z0.352941 F1000
G01 X68.744898 Y-11.357143 Z0.078431 F1000
G01 X31.193878 Y-11.357143 Z0.078431 F1000
G01 X31.112245 Y-11.357143 Z0.352941 F1000
G01 X31.030612 Y-11.357143 Z0.745098 F1000
G01 X30.622449 Y-11.357143 Z0.745098 F1000
G01 X30.540816 Y-11.357143 Z6.313725 F1000
G01 X30.459184 Y-11.357143 Z10 F1000
G01 X28.581633 Y-11.357143 Z10 F1000
G01 X28.5 Y-11.357143 Z9.921569 F1000
G01 X28.418367 Y-11.357143 Z9.803922 F1000
G01 X28.336735 Y-11.357143 Z9.803922 F1000
G01 X28.255102 Y-11.357143 Z9.607843 F1000
G01 X28.173469 Y-11.357143 Z9.568627 F1000
G01 X0.418367 Y-11.357143 Z9.568627 F1000
G01 X0.418367 Y-11.438776 Z9.568627 F1000
G01 X0.418367 Y-11.520408 Z9.568627 F1000
G01 X0.418367 Y-11.602041 Z9.568627 F1000
G01 X0.418367 Y-11.683673 Z9.568627 F1000
G01 X0.418367 Y-11.765306 Z9.568627 F1000
G01 X0.418367 Y-11.846939 Z9.568627 F1000
G01 X0.418367 Y-11.928571 Z9.568627 F1000
G01 X28.173469 Y-11.928571 Z9.568627 F1000
G01 X28.255102 Y-11.928571 Z9.843137 F1000
G01 X28.336735 Y-11.928571 Z9.960784 F1000
G01 X28.418367 Y-11.928571 Z9.960784 F1000
G01 X28.5 Y-11.928571 Z10 F1000
G01 X29.969388 Y-11.928571 Z10 F1000
G01 X30.05102 Y-11.928571 Z9.72549 F1000
G01 X30.132653 Y-11.928571 Z9.72549 F1000
G01 X30.214286 Y-11.928571 Z6.509804 F1000
G01 X30.295918 Y-11.928571 Z0.980392 F1000
G01 X30.377551 Y-11.928571 Z0.980392 F1000
G01 X30.459184 Y-11.928571 Z0.470588 F1000
G01 X30.540816 Y-11.928571 Z0.156863 F1000
G01 X31.112245 Y-11.928571 Z0.156863 F1000
G01 X31.193878 Y-11.928571 Z0.078431 F1000
G01 X33.153061 Y-11.928571 Z0.078431 F1000
G01 X33.234694 Y-11.928571 Z0.117647 F1000
G01 X33.397959 Y-11.928571 Z0.117647 F1000
G01 X33.479592 Y-11.928571 Z0.156863 F1000
G01 X33.561224 Y-11.928571 Z0.156863 F1000
G01 X33.642857 Y-11.928571 Z0.313725 F1000
G01 X33.72449 Y-11.928571 Z0.705882 F1000
G01 X34.704082 Y-11.928571 Z0.705882 F1000
G01 X34.785714 Y-11.928571 Z0.117647 F1000
G01 X34.867347 Y-11.928571 Z0.078431 F1000
G01 X64.826531 Y-11.928571 Z0.078431 F1000
G01 X64.908163 Y-11.928571 Z0.235294 F1000
G01 X65.071429 Y-11.928571 Z0.235294 F1000
G01 X65.153061 Y-11.928571 Z0.313725 F1000
G01 X65.234694 Y-11.928571 Z0.666667 F1000
G01 X66.214286 Y-11.928571 Z0.666667 F1000
G01 X66.295918 Y-11.928571 Z0.392157 F1000
G01 X66.377551 Y-11.928571 Z0.392157 F1000
G01 X66.459184 Y-11.928571 Z0.078431 F1000
G01 X69.071429 Y-11.928571 Z0.078431 F1000
G01 X69.153061 Y-11.928571 Z0.117647 F1000
G01 X69.316327 Y-11.928571 Z0.117647 F1000
G01 X69.397959 Y-11.928571 Z0.235294 F1000
G01 X69.479592 Y-11.928571 Z0.313725 F1000
G01 X69.561224 Y-11.928571 Z0.509804 F1000
G01 X69.642857 Y-11.928571 Z0.901961 F1000
G01 X69.72449 Y-11.928571 Z6.666667 F1000
G01 X69.806122 Y-11.928571 Z9.843137 F1000
G01 X69.887755 Y-11.928571 Z9.882353 F1000
G01 X69.969388 Y-11.928571 Z10 F1000
G01 X71.520408 Y-11.928571 Z10 F1000
G01 X71.602041 Y-11.928571 Z9.803922 F1000
G01 X71.683673 Y-11.928571 Z9.607843 F1000
G01 X72.173469 Y-11.928571 Z9.607843 F1000
G01 X72.255102 Y-11.928571 Z9.568627 F1000
G01 X99.520408 Y-11.928571 Z9.568627 F1000
G01 X99.520408 Y-12.010204 Z9.568627 F1000
G01 X99.520408 Y-12.091837 Z9.568627 F1000
G01 X99.520408 Y-12.173469 Z9.568627 F1000
G01 X99.520408 Y-12.255102 Z9.568627 F1000
G01 X99.520408 Y-12.336735 Z9.568627 F1000
G01 X99.520408 Y-12.418367 Z9.568627 F1000
G01 X99.520408 Y-12.5 Z9.568627 F1000
G01 X72.255102 Y-12.5 Z9.568627 F1000
G01 X72.173469 Y-12.5 Z9.607843 F1000
G01 X71.683673 Y-12.5 Z9.607843 F1000
G01 X71.602041 Y-12.5 Z10 F1000
G01 X70.132653 Y-12.5 Z10 F1000
G01 X70.05102 Y-12.5 Z6.470588 F1000
G01 X69.969388 Y-12.5 Z0.54902 F1000
G01 X69.887755 Y-12.5 Z0.470588 F1000
G01 X69.806122 Y-12.5 Z0.470588 F1000
G01 X69.72449 Y-12.5 Z0.431373 F1000
G01 X69.642857 Y-12.5 Z0.352941 F1000
G01 X69.561224 Y-12.5 Z0.352941 F1000
G01 X69.479592 Y-12.5 Z0.27451 F1000
G01 X69.397959 Y-12.5 Z0.235294 F1000
G01 X69.316327 Y-12.5 Z0.078431 F1000
G01 X67.112245 Y-12.5 Z0.078431 F1000
G01 X67.030612 Y-12.5 Z0.117647 F1000
G01 X66.867347 Y-12.5 Z0.117647 F1000
G01 X66.785714 Y-12.5 Z0.156863 F1000
G01 X66.704082 Y-12.5 Z0.196078 F1000
G01 X66.622449 Y-12.5 Z0.235294 F1000
G01 X66.540816 Y-12.5 Z0.27451 F1000
G01 X66.459184 Y-12.5 Z0.27451 F1000
G01 X66.377551 Y-12.5 Z3.490196 F1000
G01 X66.295918 Y-12.5 Z10 F1000
G01 X33.642857 Y-12.5 Z10 F1000
G01 X33.561224 Y-12.5 Z3.568627 F1000
G01 X33.479592 Y-12.5 Z0.509804 F1000
G01 X33.397959 Y-12.5 Z0.470588 F1000
G01 X33.316327 Y-12.5 Z0.352941 F1000
G01 X33.234694 Y-12.5 Z0.196078 F1000
G01 X33.153061 Y-12.5 Z0.117647 F1000
G01 X32.826531 Y-12.5 Z0.117647 F1000
G01 X32.744898 Y-12.5 Z0.078431 F1000
G01 X30.540816 Y-12.5 Z0.078431 F1000
G01 X30.459184 Y-12.5 Z0.27451 F1000
G01 X30.377551 Y-12.5 Z0.470588 F1000
G01 X30.132653 Y-12.5 Z0.470588 F1000
G01 X30.05102 Y-12.5 Z0.862745 F1000
G01 X29.969388 Y-12.5 Z0.862745 F1000
G01 X29.887755 Y-12.5 Z6.117647 F1000
G01 X29.806122 Y-12.5 Z10 F1000
G01 X28.255102 Y-12.5 Z10 F1000
G01 X28.173469 Y-12.5 Z9.568627 F1000
G01 X0.418367 Y-12.5 Z9.568627 F1000
G01 X0.418367 Y-12.581633 Z9.568627 F1000
G01 X0.418367 Y-12.663265 Z9.568627 F1000
G01 X0.418367 Y-12.744898 Z9.568627 F1000
G01 X0.418367 Y-12.826531 Z9.568627 F1000
G01 X0.418367 Y-12.908163 Z9.568627 F1000
G01 X0.418367 Y-12.989796 Z9.568627 F1000
G01 X0.418367 Y-13.071429 Z9.568627 F1000
G01 X27.520408 Y-13.071429 Z9.568627 F1000
G01 X27.602041 Y-13.071429 Z9.764706 F1000
G01 X27.683673 Y-13.071429 Z10 F1000
G01 X29.479592 Y-13.071429 Z10 F1000
G01 X29.561224 Y-13.071429 Z6.784314 F1000
G01 X29.642857 Y-13.071429 Z0.901961 F1000
G01 X29.72449 Y-13.071429 Z0.392157 F1000
G01 X29.806122 Y-13.071429 Z0.235294 F1000
G01 X29.887755 Y-13.071429 Z0.156863 F1000
G01 X30.459184 Y-13.071429 Z0.156863 F1000
G01 X30.540816 Y-13.071429 Z0.078431 F1000
G01 X32.744898 Y-13.071429 Z0.078431 F1000
G01 X32.826531 Y-13.071429 Z0.156863 F1000
G01 X32.908163 Y-13.071429 Z0.470588 F1000
G01 X32.989796 Y-13.071429 Z0.54902 F1000
G01 X33.153061 Y-13.071429 Z0.54902 F1000
G01 X33.234694 Y-13.071429 Z3.686275 F1000
G01 X33.316327 Y-13.071429 Z9.843137 F1000
G01 X33.397959 Y-13.071429 Z9.960784 F1000
G01 X33.479592 Y-13.071429 Z9.960784 F1000
G01 X33.561224 Y-13.071429 Z10 F1000
G01 X66.459184 Y-13.071429 Z10 F1000
G01 X66.540816 Y-13.071429 Z9.803922 F1000
G01 X66.622449 Y-13.071429 Z9.686275 F1000
G01 X66.704082 Y-13.071429 Z3.72549 F1000
G01 X66.785714 Y-13.071429 Z0.470588 F1000
G01 X67.030612 Y-13.071429 Z0.470588 F1000
G01 X67.112245 Y-13.071429 Z0.078431 F1000
G01 X69.316327 Y-13.071429 Z0.078431 F1000
G01 X69.397959 Y-13.071429 Z0.117647 F1000
G01 X69.969388 Y-13.071429 Z0.117647 F1000
G01 X70.05102 Y-13.071429 Z0.392157 F1000
G01 X70.132653 Y-13.071429 Z0.392157 F1000
G01 X70.214286 Y-13.071429 Z0.470588 F1000
G01 X70.295918 Y-13.071429 Z0.980392 F1000
G01 X70.377551 Y-13.071429 Z6.745098 F1000
G01 X70.459184 Y-13.071429 Z10 F1000
G01 X71.928571 Y-13.071429 Z10 F1000
G01 X72.010204 Y-13.071429 Z9.882353 F1000
G01 X72.091837 Y-13.071429 Z9.686275 F1000
G01 X72.173469 Y-13.071429 Z9.686275 F1000
G01 X72.255102 Y-13.071429 Z9.607843 F1000
G01 X72.336735 Y-13.071429 Z9.568627 F1000
G01 X99.520408 Y-13.071429 Z9.568627 F1000
G01 X99.520408 Y-13.153061 Z9.568627 F1000
G01 X99.520408 Y-13.234694 Z9.568627 F1000
G01 X99.520408 Y-13.316327 Z9.568627 F1000
G01 X99.520408 Y-13.397959 Z9.568627 F1000
G01 X99.520408 Y-13.479592 Z9.568627 F1000
G01 X99.520408 Y-13.561224 Z9.568627 F1000
G01 X99.520408 Y-13.642857 Z9.568627 F1000
G01 X72.989796 Y-13.642857 Z9.568627 F1000
G01 X72.908163 Y-13.642857 Z9.843137 F1000
G01 X72.418367 Y-13.642857 Z9.843137 F1000
G01 X72.336735 Y-13.642857 Z9.882353 F1000
G01 X72.255102 Y-13.642857 Z9.882353 F1000
G01 X72.173469 Y-13.642857 Z9.921569 F1000
G01 X72.010204 Y-13.642857 Z9.921569 F1000
G01 X71.928571 Y-13.642857 Z10 F1000
G01 X70.785714 Y-13.642857 Z10 F1000
G01 X70.704082 Y-13.642857 Z6.117647 F1000
G01 X70.622449 Y-13.642857 Z0.666667 F1000
G01 X70.459184 Y-13.642857 Z0.666667 F1000
G01 X70.377551 Y-13.642857 Z0.431373 F1000
G01 X70.295918 Y-13.642857 Z0.352941 F1000
G01 X70.05102 Y-13.642857 Z0.352941 F1000
G01 X69.969388 Y-13.642857 Z0.078431 F1000
G01 X67.765306 Y-13.642857 Z0.078431 F1000
G01 X67.683673 Y-13.642857 Z0.313725 F1000
G01 X67.602041 Y-13.642857 Z0.431373 F1000
G01 X67.112245 Y-13.642857 Z0.431373 F1000
G01 X67.030612 Y-13.642857 Z3.568627 F1000
G01 X66.94898 Y-13.642857 Z10 F1000
G01 X65.479592 Y-13.642857 Z10 F1000
G01 X65.397959 Y-13.642857 Z9.647059 F1000
G01 X64.826531 Y-13.642857 Z9.647059 F1000
G01 X64.744898 Y-13.642857 Z9.568627 F1000
G01 X35.112245 Y-13.642857 Z9.568627 F1000
G01 X35.030612 Y-13.642857 Z9.686275 F1000
G01 X34.94898 Y-13.642857 Z9.882353 F1000
G01 X34.704082 Y-13.642857 Z9.882353 F1000
G01 X34.622449 Y-13.642857 Z9.921569 F1000
G01 X34.540816 Y-13.642857 Z10 F1000
G01 X32.989796 Y-13.642857 Z10 F1000
G01 X32.908163 Y-13.642857 Z3.607843 F1000
G01 X32.826531 Y-13.642857 Z0.54902 F1000
G01 X32.744898 Y-13.642857 Z0.196078 F1000
G01 X32.581633 Y-13.642857 Z0.196078 F1000
G01 X32.5 Y-13.642857 Z0.156863 F1000
G01 X32.418367 Y-13.642857 Z0.117647 F1000
G01 X32.336735 Y-13.642857 Z0.117647 F1000
G01 X32.255102 Y-13.642857 Z0.078431 F1000
G01 X29.887755 Y-13.642857 Z0.078431 F1000
G01 X29.806122 Y-13.642857 Z0.235294 F1000
G01 X29.72449 Y-13.642857 Z0.392157 F1000
G01 X29.642857 Y-13.642857 Z0.509804 F1000
G01 X29.561224 Y-13.642857 Z0.509804 F1000
G01 X29.479592 Y-13.642857 Z0.627451 F1000
G01 X29.397959 Y-13.642857 Z0.627451 F1000
G01 X29.316327 Y-13.642857 Z0.980392 F1000
G01 X29.234694 Y-13.642857 Z6.156863 F1000
G01 X29.153061 Y-13.642857 Z10 F1000
G01 X27.602041 Y-13.642857 Z10 F1000
G01 X27.520408 Y-13.642857 Z9.607843 F1000
G01 X26.94898 Y-13.642857 Z9.607843 F1000
G01 X26.867347 Y-13.642857 Z9.568627 F1000
G01 X0.418367 Y-13.642857 Z9.568627 F1000
G01 X0.418367 Y-13.72449 Z9.568627 F1000
G01 X0.418367 Y-13.806122 Z9.568627 F1000
G01 X0.418367 Y-13.887755 Z9.568627 F1000
G01 X0.418367 Y-13.969388 Z9.568627 F1000
G01 X0.418367 Y-14.05102 Z9.568627 F1000
G01 X0.418367 Y-14.132653 Z9.568627 F1000
G01 X0.418367 Y-14.214286 Z9.568627 F1000
G01 X26.867347 Y-14.214286 Z9.568627 F1000
G01 X26.94898 Y-14.214286 Z9.607843 F1000
G01 X27.030612 Y-14.214286 Z9.647059 F1000
G01 X27.112245 Y-14.214286 Z9.647059 F1000
G01 X27.193878 Y-14.214286 Z9.764706 F1000
G01 X27.27551 Y-14.214286 Z10 F1000
G01 X28.826531 Y-14.214286 Z10 F1000
G01 X28.908163 Y-14.214286 Z6.470588 F1000
G01 X28.989796 Y-14.214286 Z0.862745 F1000
G01 X29.153061 Y-14.214286 Z0.862745 F1000
G01 X29.234694 Y-14.214286 Z0.078431 F1000
G01 X32.091837 Y-14.214286 Z0.078431 F1000
G01 X32.173469 Y-14.214286 Z0.352941 F1000
G01 X32.255102 Y-14.214286 Z0.509804 F1000
G01 X32.336735 Y-14.214286 Z0.509804 F1000
G01 X32.418367 Y-14.214286 Z0.705882 F1000
G01 X32.5 Y-14.214286 Z0.705882 F1000
G01 X32.581633 Y-14.214286 Z3.490196 F1000
G01 X32.663265 Y-14.214286 Z10 F1000
G01 X34.295918 Y-14.214286 Z10 F1000
G01 X34.377551 Y-14.214286 Z9.764706 F1000
G01 X34.459184 Y-14.214286 Z9.568627 F1000
G01 X65.397959 Y-14.214286 Z9.568627 F1000
G01 X65.479592 Y-14.214286 Z9.764706 F1000
G01 X65.561224 Y-14.214286 Z10 F1000
G01 X67.27551 Y-14.214286 Z10 F1000
G01 X67.357143 Y-14.214286 Z3.490196 F1000
G01 X67.438776 Y-14.214286 Z0.588235 F1000
G01 X67.520408 Y-14.214286 Z0.54902 F1000
G01 X67.602041 Y-14.214286 Z0.54902 F1000
G01 X67.683673 Y-14.214286 Z0.313725 F1000
G01 X67.765306 Y-14.214286 Z0.078431 F1000
G01 X70.622449 Y-14.214286 Z0.078431 F1000
G01 X70.704082 Y-14.214286 Z0.235294 F1000
G01 X70.785714 Y-14.214286 Z0.235294 F1000
G01 X70.867347 Y-14.214286 Z0.509804 F1000
G01 X70.94898 Y-14.214286 Z0.627451 F1000
G01 X71.030612 Y-14.214286 Z6.352941 F1000
G01 X71.112245 Y-14.214286 Z9.921569 F1000
G01 X71.438776 Y-14.214286 Z9.921569 F1000
G01 X71.520408 Y-14.214286 Z10 F1000
G01 X72.663265 Y-14.214286 Z10 F1000
G01 X72.744898 Y-14.214286 Z9.921569 F1000
G01 X72.826531 Y-14.214286 Z9.921569 F1000
G01 X72.908163 Y-14.214286 Z9.843137 F1000
G01 X72.989796 Y-14.214286 Z9.568627 F1000
G01 X99.520408 Y-14.214286 Z9.568627 F1000
G01 X99.520408 Y-14.295918 Z9.568627 F1000
G01 X99.520408 Y-14.377551 Z9.568627 F1000
G01 X99.520408 Y-14.459184 Z9.568627 F1000
G01 X99.520408 Y-14.540816 Z9.568627 F1000
G01 X99.520408 Y-14.622449 Z9.568627 F1000
G01 X99.520408 Y-14.704082 Z9.568627 F1000
G01 X99.520408 Y-14.785714 Z9.568627 F1000
G01 X73.642857 Y-14.785714 Z9.568627 F1000
G01 X73.561224 Y-14.785714 Z9.921569 F1000
G01 X73.071429 Y-14.785714 Z9.921569 F1000
G01 X72.989796 Y-14.785714 Z10 F1000
G01 X71.520408 Y-14.785714 Z10 F1000
G01 X71.438776 Y-14.785714 Z9.72549 F1000
G01 X71.357143 Y-14.785714 Z7.294118 F1000
G01 X71.27551 Y-14.785714 Z0.509804 F1000
G01 X71.193878 Y-14.785714 Z0.509804 F1000
G01 X71.112245 Y-14.785714 Z0.470588 F1000
G01 X71.030612 Y-14.785714 Z0.470588 F1000
G01 X70.94898 Y-14.785714 Z0.196078 F1000
G01 X70.867347 Y-14.785714 Z0.196078 F1000
G01 X70.785714 Y-14.785714 Z0.156863 F1000
G01 X70.704082 Y-14.785714 Z0.117647 F1000
G01 X70.622449 Y-14.785714 Z0.078431 F1000
G01 X68.418367 Y-14.785714 Z0.078431 F1000
G01 X68.336735 Y-14.785714 Z0.235294 F1000
G01 X68.255102 Y-14.785714 Z0.509804 F1000
G01 X67.928571 Y-14.785714 Z0.509804 F1000
G01 X67.846939 Y-14.785714 Z1.294118 F1000
G01 X67.765306 Y-14.785714 Z1.294118 F1000
G01 X67.683673 Y-14.785714 Z3.607843 F1000
G01 X67.602041 Y-14.785714 Z9.686275 F1000
G01 X67.520408 Y-14.785714 Z10 F1000
G01 X65.561224 Y-14.785714 Z10 F1000
G01 X65.479592 Y-14.785714 Z9.568627 F1000
G01 X34.459184 Y-14.785714 Z9.568627 F1000
G01 X34.377551 Y-14.785714 Z9.647059 F1000
G01 X34.295918 Y-14.785714 Z9.882353 F1000
G01 X33.72449 Y-14.785714 Z9.882353 F1000
G01 X33.642857 Y-14.785714 Z10 F1000
G01 X32.336735 Y-14.785714 Z10 F1000
G01 X32.255102 Y-14.785714 Z3.607843 F1000
G01 X32.173469 Y-14.785714 Z0.823529 F1000
G01 X32.010204 Y-14.785714 Z0.823529 F1000
G01 X31.928571 Y-14.785714 Z0.392157 F1000
G01 X31.602041 Y-14.785714 Z0.392157 F1000
G01 X31.520408 Y-14.785714 Z0.117647 F1000
G01 X31.438776 Y-14.785714 Z0.078431 F1000
G01 X29.234694 Y-14.785714 Z0.078431 F1000
G01 X29.153061 Y-14.785714 Z0.27451 F1000
G01 X29.071429 Y-14.785714 Z0.27451 F1000
G01 X28.989796 Y-14.785714 Z0.392157 F1000
G01 X28.744898 Y-14.785714 Z0.392157 F1000
G01 X28.663265 Y-14.785714 Z0.745098 F1000
G01 X28.581633 Y-14.785714 Z6.980392 F1000
G01 X28.5 Y-14.785714 Z9.529412 F1000
G01 X28.418367 Y-14.785714 Z10 F1000
G01 X26.94898 Y-14.785714 Z10 F1000
G01 X26.867347 Y-14.785714 Z9.921569 F1000
G01 X26.295918 Y-14.785714 Z9.921569 F1000
G01 X26.214286 Y-14.785714 Z9.568627 F1000
G01 X0.418367 Y-14.785714 Z9.568627 F1000
G01 X0.418367 Y-14.867347 Z9.568627 F1000
G01 X0.418367 Y-14.94898 Z9.568627 F1000
G01 X0.418367 Y-15.030612 Z9.568627 F1000
G01 X0.418367 Y-15.112245 Z9.568627 F1000
G01 X0.418367 Y-15.193878 Z9.568627 F1000
G01 X0.418367 Y-15.27551 Z9.568627 F1000
G01 X0.418367 Y-15.357143 Z9.568627 F1000
G01 X26.214286 Y-15.357143 Z9.568627 F1000
G01 X26.295918 Y-15.357143 Z9.921569 F1000
G01 X26.704082 Y-15.357143 Z9.921569 F1000
G01 X26.785714 Y-15.357143 Z10 F1000
G01 X27.928571 Y-15.357143 Z10 F1000
G01 X28.010204 Y-15.357143 Z9.921569 F1000
G01 X28.091837 Y-15.357143 Z9.882353 F1000
G01 X28.173469 Y-15.357143 Z9.490196 F1000
G01 X28.255102 Y-15.357143 Z6.509804 F1000
G01 X28.336735 Y-15.357143 Z0.901961 F1000
G01 X28.418367 Y-15.357143 Z0.509804 F1000
G01 X28.5 Y-15.357143 Z0.509804 F1000
G01 X28.581633 Y-15.357143 Z0.313725 F1000
G01 X28.744898 Y-15.357143 Z0.313725 F1000
G01 X28.826531 Y-15.357143 Z0.235294 F1000
G01 X28.908163 Y-15.357143 Z0.196078 F1000
G01 X29.153061 Y-15.357143 Z0.196078 F1000
G01 X29.234694 Y-15.357143 Z0.078431 F1000
G01 X31.438776 Y-15.357143 Z0.078431 F1000
G01 X31.520408 Y-15.357143 Z0.27451 F1000
G01 X31.602041 Y-15.357143 Z0.627451 F1000
G01 X31.765306 Y-15.357143 Z0.627451 F1000
G01 X31.846939 Y-15.357143 Z0.745098 F1000
G01 X31.928571 Y-15.357143 Z3.45098 F1000
G01 X32.010204 Y-15.357143 Z10 F1000
G01 X33.642857 Y-15.357143 Z10 F1000
G01 X33.72449 Y-15.357143 Z9.686275 F1000
G01 X33.806122 Y-15.357143 Z9.607843 F1000
G01 X34.132653 Y-15.357143 Z9.607843 F1000
G01 X34.214286 Y-15.357143 Z9.568627 F1000
G01 X66.05102 Y-15.357143 Z9.568627 F1000
G01 X66.132653 Y-15.357143 Z9.764706 F1000
G01 X66.214286 Y-15.357143 Z10 F1000
G01 X67.846939 Y-15.357143 Z10 F1000
G01 X67.928571 Y-15.357143 Z9.764706 F1000
G01 X68.010204 Y-15.357143 Z3.803922 F1000
G01 X68.091837 Y-15.357143 Z0.901961 F1000
G01 X68.173469 Y-15.357143 Z0.901961 F1000
G01 X68.255102 Y-15.357143 Z0.784314 F1000
G01 X68.336735 Y-15.357143 Z0.666667 F1000
G01 X68.418367 Y-15.357143 Z0.078431 F1000
G01 X70.94898 Y-15.357143 Z0.078431 F1000
G01 X71.030612 Y-15.357143 Z0.117647 F1000
G01 X71.112245 Y-15.357143 Z0.156863 F1000
G01 X71.193878 Y-15.357143 Z0.196078 F1000
G01 X71.27551 Y-15.357143 Z0.235294 F1000
G01 X71.357143 Y-15.357143 Z0.470588 F1000
G01 X71.438776 Y-15.357143 Z0.54902 F1000
G01 X71.520408 Y-15.357143 Z0.627451 F1000
G01 X71.602041 Y-15.357143 Z0.666667 F1000
G01 X71.683673 Y-15.357143 Z6.54902 F1000
G01 X71.765306 Y-15.357143 Z9.803922 F1000
G01 X71.846939 Y-15.357143 Z10 F1000
G01 X73.479592 Y-15.357143 Z10 F1000
G01 X73.561224 Y-15.357143 Z9.921569 F1000
G01 X73.642857 Y-15.357143 Z9.607843 F1000
G01 X73.887755 Y-15.357143 Z9.607843 F1000
G01 X73.969388 Y-15.357143 Z9.568627 F1000
G01 X99.520408 Y-15.357143 Z9.568627 F1000
G01 X99.520408 Y-15.438776 Z9.568627 F1000
G01 X99.520408 Y-15.520408 Z9.568627 F1000
G01 X99.520408 Y-15.602041 Z9.568627 F1000
G01 X99.520408 Y-15.683673 Z9.568627 F1000
G01 X99.520408 Y-15.765306 Z9.568627 F1000
G01 X99.520408 Y-15.846939 Z9.568627 F1000
G01 X99.520408 Y-15.928571 Z9.568627 F1000
G01 X74.295918 Y-15.928571 Z9.568627 F1000
G01 X74.214286 Y-15.928571 Z9.686275 F1000
G01 X74.132653 Y-15.928571 Z9.686275 F1000
G01 X74.05102 Y-15.928571 Z9.764706 F1000
G01 X73.969388 Y-15.928571 Z9.803922 F1000
G01 X73.887755 Y-15.928571 Z9.803922 F1000
G01 X73.806122 Y-15.928571 Z10 F1000
G01 X72.255102 Y-15.928571 Z10 F1000
G01 X72.173469 Y-15.928571 Z9.843137 F1000
G01 X72.091837 Y-15.928571 Z9.764706 F1000
G01 X72.010204 Y-15.928571 Z6.666667 F1000
G01 X71.928571 Y-15.928571 Z0.627451 F1000
G01 X71.765306 Y-15.928571 Z0.627451 F1000
G01 X71.683673 Y-15.928571 Z0.352941 F1000
G01 X71.602041 Y-15.928571 Z0.313725 F1000
G01 X71.520408 Y-15.928571 Z0.313725 F1000
G01 X71.438776 Y-15.928571 Z0.27451 F1000
G01 X71.357143 Y-15.928571 Z0.235294 F1000
G01 X71.27551 Y-15.928571 Z0.078431 F1000
G01 X69.071429 Y-15.928571 Z0.078431 F1000
G01 X68.989796 Y-15.928571 Z0.27451 F1000
G01 X68.908163 Y-15.928571 Z0.352941 F1000
G01 X68.581633 Y-15.928571 Z0.352941 F1000
G01 X68.5 Y-15.928571 Z0.745098 F1000
G01 X68.418367 Y-15.928571 Z0.745098 F1000
G01 X68.336735 Y-15.928571 Z3.921569 F1000
G01 X68.255102 Y-15.928571 Z9.019608 F1000
G01 X68.173469 Y-15.928571 Z10 F1000
G01 X66.377551 Y-15.928571 Z10 F1000
G01 X66.295918 Y-15.928571 Z9.764706 F1000
G01 X66.214286 Y-15.928571 Z9.764706 F1000
G01 X66.132653 Y-15.928571 Z9.686275 F1000
G01 X66.05102 Y-15.928571 Z9.568627 F1000
G01 X33.806122 Y-15.928571 Z9.568627 F1000
G01 X33.72449 Y-15.928571 Z9.686275 F1000
G01 X33.642857 Y-15.928571 Z10 F1000
G01 X31.928571 Y-15.928571 Z10 F1000
G01 X31.846939 Y-15.928571 Z9.960784 F1000
G01 X31.765306 Y-15.928571 Z9.843137 F1000
G01 X31.683673 Y-15.928571 Z9.333333 F1000
G01 X31.602041 Y-15.928571 Z4.039216 F1000
G01 X31.520408 Y-15.928571 Z1.098039 F1000
G01 X31.357143 Y-15.928571 Z1.098039 F1000
G01 X31.27551 Y-15.928571 Z0.509804 F1000
G01 X31.112245 Y-15.928571 Z0.509804 F1000
G01 X31.030612 Y-15.928571 Z0.235294 F1000
G01 X30.867347 Y-15.928571 Z0.235294 F1000
G01 X30.785714 Y-15.928571 Z0.078431 F1000
G01 X28.581633 Y-15.928571 Z0.078431 F1000
G01 X28.5 Y-15.928571 Z0.509804 F1000
G01 X28.418367 Y-15.928571 Z0.509804 F1000
G01 X28.336735 Y-15.928571 Z0.627451 F1000
G01 X28.010204 Y-15.928571 Z0.627451 F1000
G01 X27.928571 Y-15.928571 Z6.431373 F1000
G01 X27.846939 Y-15.928571 Z10 F1000
G01 X25.969388 Y-15.928571 Z10 F1000
G01 X25.887755 Y-15.928571 Z9.843137 F1000
G01 X25.72449 Y-15.928571 Z9.843137 F1000
G01 X25.642857 Y-15.928571 Z9.686275 F1000
G01 X25.561224 Y-15.928571 Z9.568627 F1000
G01 X0.418367 Y-15.928571 Z9.568627 F1000
G01 X0.418367 Y-16.010204 Z9.568627 F1000
G01 X0.418367 Y-16.091837 Z9.568627 F1000
G01 X0.418367 Y-16.173469 Z9.568627 F1000
G01 X0.418367 Y-16.255102 Z9.568627 F1000
G01 X0.418367 Y-16.336735 Z9.568627 F1000
G01 X0.418367 Y-16.418367 Z9.568627 F1000
G01 X0.418367 Y-16.5 Z9.568627 F1000
G01 X25.561224 Y-16.5 Z9.568627 F1000
G01 X25.642857 Y-16.5 Z9.803922 F1000
G01 X25.72449 Y-16.5 Z9.843137 F1000
G01 X25.806122 Y-16.5 Z9.882353 F1000
G01 X25.887755 Y-16.5 Z9.882353 F1000
G01 X25.969388 Y-16.5 Z10 F1000
G01 X27.357143 Y-16.5 Z10 F1000
G01 X27.438776 Y-16.5 Z9.960784 F1000
G01 X27.520408 Y-16.5 Z9.960784 F1000
G01 X27.602041 Y-16.5 Z6.392157 F1000
G01 X27.683673 Y-16.5 Z1.098039 F1000
G01 X27.765306 Y-16.5 Z0.784314 F1000
G01 X27.846939 Y-16.5 Z0.666667 F1000
G01 X27.928571 Y-16.5 Z0.235294 F1000
G01 X28.010204 Y-16.5 Z0.156863 F1000
G01 X28.091837 Y-16.5 Z0.117647 F1000
G01 X28.418367 Y-16.5 Z0.117647 F1000
G01 X28.5 Y-16.5 Z0.078431 F1000
G01 X30.214286 Y-16.5 Z0.078431 F1000
G01 X30.295918 Y-16.5 Z0.117647 F1000
G01 X30.622449 Y-16.5 Z0.117647 F1000
G01 X30.704082 Y-16.5 Z0.156863 F1000
G01 X30.785714 Y-16.5 Z0.235294 F1000
G01 X30.867347 Y-16.5 Z0.235294 F1000
G01 X30.94898 Y-16.5 Z0.470588 F1000
G01 X31.030612 Y-16.5 Z0.470588 F1000
G01 X31.112245 Y-16.5 Z0.823529 F1000
G01 X31.193878 Y-16.5 Z0.862745 F1000
G01 X31.27551 Y-16.5 Z4.196078 F1000
G01 X31.357143 Y-16.5 Z9.647059 F1000
G01 X31.438776 Y-16.5 Z9.843137 F1000
G01 X31.520408 Y-16.5 Z9.843137 F1000
G01 X31.602041 Y-16.5 Z10 F1000
G01 X32.989796 Y-16.5 Z10 F1000
G01 X33.071429 Y-16.5 Z9.843137 F1000
G01 X33.153061 Y-16.5 Z9.647059 F1000
G01 X33.72449 Y-16.5 Z9.647059 F1000
G01 X33.806122 Y-16.5 Z9.568627 F1000
G01 X66.05102 Y-16.5 Z9.568627 F1000
G01 X66.132653 Y-16.5 Z9.686275 F1000
G01 X66.704082 Y-16.5 Z9.686275 F1000
G01 X66.785714 Y-16.5 Z9.764706 F1000
G01 X66.867347 Y-16.5 Z9.803922 F1000
G01 X66.94898 Y-16.5 Z9.803922 F1000
G01 X67.030612 Y-16.5 Z9.921569 F1000
G01 X67.112245 Y-16.5 Z9.960784 F1000
G01 X67.193878 Y-16.5 Z10 F1000
G01 X68.581633 Y-16.5 Z10 F1000
G01 X68.663265 Y-16.5 Z3.568627 F1000
G01 X68.744898 Y-16.5 Z0.705882 F1000
G01 X68.908163 Y-16.5 Z0.705882 F1000
G01 X68.989796 Y-16.5 Z0.27451 F1000
G01 X69.071429 Y-16.5 Z0.27451 F1000
G01 X69.153061 Y-16.5 Z0.196078 F1000
G01 X69.234694 Y-16.5 Z0.156863 F1000
G01 X69.316327 Y-16.5 Z0.117647 F1000
G01 X69.642857 Y-16.5 Z0.117647 F1000
G01 X69.72449 Y-16.5 Z0.078431 F1000
G01 X71.928571 Y-16.5 Z0.078431 F1000
G01 X72.010204 Y-16.5 Z0.392157 F1000
G01 X72.091837 Y-16.5 Z0.470588 F1000
G01 X72.173469 Y-16.5 Z0.588235 F1000
G01 X72.255102 Y-16.5 Z0.823529 F1000
G01 X72.336735 Y-16.5 Z6.745098 F1000
G01 X72.418367 Y-16.5 Z9.921569 F1000
G01 X72.5 Y-16.5 Z9.960784 F1000
G01 X72.581633 Y-16.5 Z10 F1000
G01 X74.132653 Y-16.5 Z10 F1000
G01 X74.214286 Y-16.5 Z9.803922 F1000
G01 X74.295918 Y-16.5 Z9.568627 F1000
G01 X99.520408 Y-16.5 Z9.568627 F1000
G01 X99.520408 Y-16.581633 Z9.568627 F1000
G01 X99.520408 Y-16.663265 Z9.568627 F1000
G01 X99.520408 Y-16.744898 Z9.568627 F1000
G01 X99.520408 Y-16.826531 Z9.568627 F1000
G01 X99.520408 Y-16.908163 Z9.568627 F1000
G01 X99.520408 Y-16.989796 Z9.568627 F1000
G01 X99.520408 Y-17.071429 Z9.568627 F1000
G01 X74.295918 Y-17.071429 Z9.568627 F1000
G01 X74.214286 Y-17.071429 Z10 F1000
G01 X72.744898 Y-17.071429 Z10 F1000
G01 X72.663265 Y-17.071429 Z6.392157 F1000
G01 X72.581633 Y-17.071429 Z0.54902 F1000
G01 X72.418367 Y-17.071429 Z0.54902 F1000
G01 X72.336735 Y-17.071429 Z0.352941 F1000
G01 X72.010204 Y-17.071429 Z0.352941 F1000
G01 X71.928571 Y-17.071429 Z0.078431 F1000
G01 X69.72449 Y-17.071429 Z0.078431 F1000
G01 X69.642857 Y-17.071429 Z0.117647 F1000
G01 X69.316327 Y-17.071429 Z0.117647 F1000
G01 X69.234694 Y-17.071429 Z0.156863 F1000
G01 X69.153061 Y-17.071429 Z0.196078 F1000
G01 X69.071429 Y-17.071429 Z0.27451 F1000
G01 X68.989796 Y-17.071429 Z3.215686 F1000
G01 X68.908163 Y-17.071429 Z9.803922 F1000
G01 X68.826531 Y-17.071429 Z9.803922 F1000
G01 X68.744898 Y-17.071429 Z10 F1000
G01 X67.27551 Y-17.071429 Z10 F1000
G01 X67.193878 Y-17.071429 Z9.882353 F1000
G01 X67.030612 Y-17.071429 Z9.882353 F1000
G01 X66.94898 Y-17.071429 Z9.764706 F1000
G01 X66.785714 Y-17.071429 Z9.764706 F1000
G01 X66.704082 Y-17.071429 Z9.568627 F1000
G01 X33.153061 Y-17.071429 Z9.568627 F1000
G01 X33.071429 Y-17.071429 Z9.843137 F1000
G01 X32.989796 Y-17.071429 Z10 F1000
G01 X31.030612 Y-17.071429 Z10 F1000
G01 X30.94898 Y-17.071429 Z3.45098 F1000
G01 X30.867347 Y-17.071429 Z0.509804 F1000
G01 X30.785714 Y-17.071429 Z0.235294 F1000
G01 X30.704082 Y-17.071429 Z0.156863 F1000
G01 X30.622449 Y-17.071429 Z0.117647 F1000
G01 X30.295918 Y-17.071429 Z0.117647 F1000
G01 X30.214286 Y-17.071429 Z0.078431 F1000
G01 X27.928571 Y-17.071429 Z0.078431 F1000
G01 X27.846939 Y-17.071429 Z0.27451 F1000
G01 X27.765306 Y-17.071429 Z0.588235 F1000
G01 X27.602041 Y-17.071429 Z0.588235 F1000
G01 X27.520408 Y-17.071429 Z0.705882 F1000
G01 X27.357143 Y-17.071429 Z0.705882 F1000
G01 X27.27551 Y-17.071429 Z6.235294 F1000
G01 X27.193878 Y-17.071429 Z10 F1000
G01 X25.72449 Y-17.071429 Z10 F1000
G01 X25.642857 Y-17.071429 Z9.882353 F1000
G01 X25.561224 Y-17.071429 Z9.568627 F1000
G01 X0.418367 Y-17.071429 Z9.568627 F1000
G01 X0.418367 Y-17.153061 Z9.568627 F1000
G01 X0.418367 Y-17.234694 Z9.568627 F1000
G01 X0.418367 Y-17.316327 Z9.568627 F1000
G01 X0.418367 Y-17.397959 Z9.568627 F1000
G01 X0.418367 Y-17.479592 Z9.568627 F1000
G01 X0.418367 Y-17.561224 Z9.568627 F1000
G01 X0.418367 Y-17.642857 Z9.568627 F1000
G01 X24.908163 Y-17.642857 Z9.568627 F1000
G01 X24.989796 Y-17.642857 Z9.72549 F1000
G01 X25.071429 Y-17.642857 Z10 F1000
G01 X26.704082 Y-17.642857 Z10 F1000
G01 X26.785714 Y-17.642857 Z9.803922 F1000
G01 X26.867347 Y-17.642857 Z9.72549 F1000
G01 X26.94898 Y-17.642857 Z6.980392 F1000
G01 X27.030612 Y-17.642857 Z0.705882 F1000
G01 X27.112245 Y-17.642857 Z0.666667 F1000
G01 X27.193878 Y-17.642857 Z0.313725 F1000
G01 X27.27551 Y-17.642857 Z0.156863 F1000
G01 X27.357143 Y-17.642857 Z0.156863 F1000
G01 X27.438776 Y-17.642857 Z0.117647 F1000
G01 X27.520408 Y-17.642857 Z0.117647 F1000
G01 X27.602041 Y-17.642857 Z0.078431 F1000
G01 X30.132653 Y-17.642857 Z0.078431 F1000
G01 X30.214286 Y-17.642857 Z0.117647 F1000
G01 X30.295918 Y-17.642857 Z0.54902 F1000
G01 X30.377551 Y-17.642857 Z0.627451 F1000
G01 X30.540816 Y-17.642857 Z0.627451 F1000
G01 X30.622449 Y-17.642857 Z3.686275 F1000
G01 X30.704082 Y-17.642857 Z10 F1000
G01 X32.173469 Y-17.642857 Z10 F1000
G01 X32.255102 Y-17.642857 Z9.960784 F1000
G01 X32.336735 Y-17.642857 Z9.960784 F1000
G01 X32.418367 Y-17.642857 Z9.803922 F1000
G01 X32.5 Y-17.642857 Z9.607843 F1000
G01 X32.989796 Y-17.642857 Z9.607843 F1000
G01 X33.071429 Y-17.642857 Z9.568627 F1000
G01 X67.357143 Y-17.642857 Z9.568627 F1000
G01 X67.438776 Y-17.642857 Z9.647059 F1000
G01 X67.520408 Y-17.642857 Z9.764706 F1000
G01 X67.602041 Y-17.642857 Z9.882353 F1000
G01 X67.683673 Y-17.642857 Z10 F1000
G01 X69.071429 Y-17.642857 Z10 F1000
G01 X69.153061 Y-17.642857 Z9.843137 F1000
G01 X69.234694 Y-17.642857 Z9.843137 F1000
G01 X69.316327 Y-17.642857 Z3.803922 F1000
G01 X69.397959 Y-17.642857 Z0.54902 F1000
G01 X69.479592 Y-17.642857 Z0.470588 F1000
G01 X69.642857 Y-17.642857 Z0.470588 F1000
G01 X69.72449 Y-17.642857 Z0.078431 F1000
G01 X71.928571 Y-17.642857 Z0.078431 F1000
G01 X72.010204 Y-17.642857 Z0.117647 F1000
G01 X72.581633 Y-17.642857 Z0.117647 F1000
G01 X72.663265 Y-17.642857 Z0.431373 F1000
G01 X72.744898 Y-17.642857 Z0.431373 F1000
G01 X72.826531 Y-17.642857 Z0.784314 F1000
G01 X72.908163 Y-17.642857 Z1.098039 F1000
G01 X72.989796 Y-17.642857 Z7.019608 F1000
G01 X73.071429 Y-17.642857 Z10 F1000
G01 X74.622449 Y-17.642857 Z10 F1000
G01 X74.704082 Y-17.642857 Z9.803922 F1000
G01 X74.785714 Y-17.642857 Z9.647059 F1000
G01 X74.867347 Y-17.642857 Z9.607843 F1000
G01 X74.94898 Y-17.642857 Z9.568627 F1000
G01 X99.520408 Y-17.642857 Z9.568627 F1000
G01 X99.520408 Y-17.72449 Z9.568627 F1000
G01 X99.520408 Y-17.806122 Z9.568627 F1000
G01 X99.520408 Y-17.887755 Z9.568627 F1000
G01 X99.520408 Y-17.969388 Z9.568627 F1000
G01 X99.520408 Y-18.05102 Z9.568627 F1000
G01 X99.520408 Y-18.132653 Z9.568627 F1000
G01 X99.520408 Y-18.214286 Z9.568627 F1000
G01 X75.602041 Y-18.214286 Z9.568627 F1000
G01 X75.520408 Y-18.214286 Z9.72549 F1000
G01 X75.438776 Y-18.214286 Z9.72549 F1000
G01 X75.357143 Y-18.214286 Z9.764706 F1000
G01 X74.94898 Y-18.214286 Z9.764706 F1000
G01 X74.867347 Y-18.214286 Z10 F1000
G01 X73.397959 Y-18.214286 Z10 F1000
G01 X73.316327 Y-18.214286 Z6.352941 F1000
G01 X73.234694 Y-18.214286 Z0.54902 F1000
G01 X73.153061 Y-18.214286 Z0.431373 F1000
G01 X72.989796 Y-18.214286 Z0.431373 F1000
G01 X72.908163 Y-18.214286 Z0.313725 F1000
G01 X72.826531 Y-18.214286 Z0.235294 F1000
G01 X72.663265 Y-18.214286 Z0.235294 F1000
G01 X72.581633 Y-18.214286 Z0.078431 F1000
G01 X70.377551 Y-18.214286 Z0.078431 F1000
G01 X70.295918 Y-18.214286 Z0.470588 F1000
G01 X69.72449 Y-18.214286 Z0.470588 F1000
G01 X69.642857 Y-18.214286 Z3.882353 F1000
G01 X69.561224 Y-18.214286 Z9.960784 F1000
G01 X69.479592 Y-18.214286 Z10 F1000
G01 X68.091837 Y-18.214286 Z10 F1000
G01 X68.010204 Y-18.214286 Z9.72549 F1000
G01 X67.765306 Y-18.214286 Z9.72549 F1000
G01 X67.683673 Y-18.214286 Z9.686275 F1000
G01 X67.602041 Y-18.214286 Z9.647059 F1000
G01 X67.438776 Y-18.214286 Z9.647059 F1000
G01 X67.357143 Y-18.214286 Z9.568627 F1000
G01 X32.5 Y-18.214286 Z9.568627 F1000
G01 X32.418367 Y-18.214286 Z9.921569 F1000
G01 X32.010204 Y-18.214286 Z9.921569 F1000
G01 X31.928571 Y-18.214286 Z10 F1000
G01 X30.459184 Y-18.214286 Z10 F1000
G01 X30.377551 Y-18.214286 Z9.882353 F1000
G01 X30.295918 Y-18.214286 Z3.803922 F1000
G01 X30.214286 Y-18.214286 Z0.431373 F1000
G01 X30.132653 Y-18.214286 Z0.156863 F1000
G01 X29.969388 Y-18.214286 Z0.156863 F1000
G01 X29.887755 Y-18.214286 Z0.117647 F1000
G01 X29.806122 Y-18.214286 Z0.078431 F1000
G01 X27.27551 Y-18.214286 Z0.078431 F1000
G01 X27.193878 Y-18.214286 Z0.313725 F1000
G01 X27.112245 Y-18.214286 Z0.431373 F1000
G01 X26.785714 Y-18.214286 Z0.431373 F1000
G01 X26.704082 Y-18.214286 Z1.098039 F1000
G01 X26.622449 Y-18.214286 Z6 F1000
G01 X26.540816 Y-18.214286 Z10 F1000
G01 X24.989796 Y-18.214286 Z10 F1000
G01 X24.908163 Y-18.214286 Z9.607843 F1000
G01 X24.581633 Y-18.214286 Z9.607843 F1000
G01 X24.5 Y-18.214286 Z9.568627 F1000
G01 X0.418367 Y-18.214286 Z9.568627 F1000
G01 X0.418367 Y-18.295918 Z9.568627 F1000
G01 X0.418367 Y-18.377551 Z9.568627 F1000
G01 X0.418367 Y-18.459184 Z9.568627 F1000
G01 X0.418367 Y-18.540816 Z9.568627 F1000
G01 X0.418367 Y-18.622449 Z9.568627 F1000
G01 X0.418367 Y-18.704082 Z9.568627 F1000
G01 X0.418367 Y-18.785714 Z9.568627 F1000
G01 X24.255102 Y-18.785714 Z9.568627 F1000
G01 X24.336735 Y-18.785714 Z9.647059 F1000
G01 X24.418367 Y-18.785714 Z9.960784 F1000
G01 X24.581633 Y-18.785714 Z9.960784 F1000
G01 X24.663265 Y-18.785714 Z10 F1000
G01 X26.214286 Y-18.785714 Z10 F1000
G01 X26.295918 Y-18.785714 Z6.666667 F1000
G01 X26.377551 Y-18.785714 Z0.54902 F1000
G01 X26.459184 Y-18.785714 Z0.54902 F1000
G01 X26.540816 Y-18.785714 Z0.470588 F1000
G01 X26.622449 Y-18.785714 Z0.078431 F1000
G01 X29.479592 Y-18.785714 Z0.078431 F1000
G01 X29.561224 Y-18.785714 Z0.431373 F1000
G01 X29.642857 Y-18.785714 Z0.431373 F1000
G01 X29.72449 Y-18.785714 Z0.470588 F1000
G01 X29.806122 Y-18.785714 Z0.588235 F1000
G01 X29.887755 Y-18.785714 Z0.588235 F1000
G01 X29.969388 Y-18.785714 Z3.764706 F1000
G01 X30.05102 Y-18.785714 Z10 F1000
G01 X31.602041 Y-18.785714 Z10 F1000
G01 X31.683673 Y-18.785714 Z9.960784 F1000
G01 X31.765306 Y-18.785714 Z9.960784 F1000
G01 X31.846939 Y-18.785714 Z9.568627 F1000
G01 X68.010204 Y-18.785714 Z9.568627 F1000
G01 X68.091837 Y-18.785714 Z9.803922 F1000
G01 X68.173469 Y-18.785714 Z10 F1000
G01 X69.887755 Y-18.785714 Z10 F1000
G01 X69.969388 Y-18.785714 Z3.882353 F1000
G01 X70.05102 Y-18.785714 Z0.627451 F1000
G01 X70.295918 Y-18.785714 Z0.627451 F1000
G01 X70.377551 Y-18.785714 Z0.117647 F1000
G01 X70.94898 Y-18.785714 Z0.117647 F1000
G01 X71.030612 Y-18.785714 Z0.078431 F1000
G01 X73.234694 Y-18.785714 Z0.078431 F1000
G01 X73.316327 Y-18.785714 Z0.352941 F1000
G01 X73.397959 Y-18.785714 Z0.352941 F1000
G01 X73.479592 Y-18.785714 Z0.901961 F1000
G01 X73.561224 Y-18.785714 Z0.901961 F1000
G01 X73.642857 Y-18.785714 Z6.705882 F1000
G01 X73.72449 Y-18.785714 Z9.843137 F1000
G01 X73.806122 Y-18.785714 Z10 F1000
G01 X75.193878 Y-18.785714 Z10 F1000
G01 X75.27551 Y-18.785714 Z9.960784 F1000
G01 X75.438776 Y-18.785714 Z9.960784 F1000
G01 X75.520408 Y-18.785714 Z9.764706 F1000
G01 X75.602041 Y-18.785714 Z9.568627 F1000
G01 X99.520408 Y-18.785714 Z9.568627 F1000
G01 X99.520408 Y-18.867347 Z9.568627 F1000
G01 X99.520408 Y-18.94898 Z9.568627 F1000
G01 X99.520408 Y-19.030612 Z9.568627 F1000
G01 X99.520408 Y-19.112245 Z9.568627 F1000
G01 X99.520408 Y-19.193878 Z9.568627 F1000
G01 X99.520408 Y-19.27551 Z9.568627 F1000
G01 X99.520408 Y-19.357143 Z9.568627 F1000
G01 X76.255102 Y-19.357143 Z9.568627 F1000
G01 X76.173469 Y-19.357143 Z9.882353 F1000
G01 X75.602041 Y-19.357143 Z9.882353 F1000
G01 X75.520408 Y-19.357143 Z9.960784 F1000
G01 X75.438776 Y-19.357143 Z10 F1000
G01 X74.132653 Y-19.357143 Z10 F1000
G01 X74.05102 Y-19.357143 Z9.568627 F1000
G01 X73.969388 Y-19.357143 Z7.294118 F1000
G01 X73.887755 Y-19.357143 Z0.54902 F1000
G01 X73.806122 Y-19.357143 Z0.54902 F1000
G01 X73.72449 Y-19.357143 Z0.313725 F1000
G01 X73.642857 Y-19.357143 Z0.235294 F1000
G01 X73.397959 Y-19.357143 Z0.235294 F1000
G01 X73.316327 Y-19.357143 Z0.117647 F1000
G01 X73.234694 Y-19.357143 Z0.078431 F1000
G01 X71.030612 Y-19.357143 Z0.078431 F1000
G01 X70.94898 Y-19.357143 Z0.509804 F1000
G01 X70.622449 Y-19.357143 Z0.509804 F1000
G01 X70.540816 Y-19.357143 Z0.54902 F1000
G01 X70.459184 Y-19.357143 Z1.372549 F1000
G01 X70.377551 Y-19.357143 Z1.372549 F1000
G01 X70.295918 Y-19.357143 Z4.156863 F1000
G01 X70.214286 Y-19.357143 Z9.45098 F1000
G01 X70.132653 Y-19.357143 Z9.960784 F1000
G01 X70.05102 Y-19.357143 Z10 F1000
G01 X68.173469 Y-19.357143 Z10 F1000
G01 X68.091837 Y-19.357143 Z9.568627 F1000
G01 X31.765306 Y-19.357143 Z9.568627 F1000
G01 X31.683673 Y-19.357143 Z9.921569 F1000
G01 X31.357143 Y-19.357143 Z9.921569 F1000
G01 X31.27551 Y-19.357143 Z10 F1000
G01 X29.72449 Y-19.357143 Z10 F1000
G01 X29.642857 Y-19.357143 Z3.490196 F1000
G01 X29.561224 Y-19.357143 Z0.745098 F1000
G01 X29.479592 Y-19.357143 Z0.431373 F1000
G01 X28.908163 Y-19.357143 Z0.431373 F1000
G01 X28.826531 Y-19.357143 Z0.078431 F1000
G01 X26.622449 Y-19.357143 Z0.078431 F1000
G01 X26.540816 Y-19.357143 Z0.313725 F1000
G01 X26.459184 Y-19.357143 Z0.313725 F1000
G01 X26.377551 Y-19.357143 Z0.509804 F1000
G01 X26.132653 Y-19.357143 Z0.509804 F1000
G01 X26.05102 Y-19.357143 Z0.901961 F1000
G01 X25.969388 Y-19.357143 Z6.941176 F1000
G01 X25.887755 Y-19.357143 Z9.529412 F1000
G01 X25.806122 Y-19.357143 Z9.803922 F1000
G01 X25.72449 Y-19.357143 Z9.960784 F1000
G01 X25.642857 Y-19.357143 Z10 F1000
G01 X24.336735 Y-19.357143 Z10 F1000
G01 X24.255102 Y-19.357143 Z9.921569 F1000
G01 X24.010204 Y-19.357143 Z9.921569 F1000
G01 X23.928571 Y-19.357143 Z9.843137 F1000
G01 X23.683673 Y-19.357143 Z9.843137 F1000
G01 X23.602041 Y-19.357143 Z9.568627 F1000
G01 X0.418367 Y-19.357143 Z9.568627 F1000
G01 X0.418367 Y-19.438776 Z9.568627 F1000
G01 X0.418367 Y-19.520408 Z9.568627 F1000
G01 X0.418367 Y-19.602041 Z9.568627 F1000
G01 X0.418367 Y-19.683673 Z9.568627 F1000
G01 X0.418367 Y-19.765306 Z9.568627 F1000
G01 X0.418367 Y-19.846939 Z9.568627 F1000
G01 X0.418367 Y-19.928571 Z9.568627 F1000
G01 X23.602041 Y-19.928571 Z9.568627 F1000
G01 X23.683673 Y-19.928571 Z10 F1000
G01 X25.316327 Y-19.928571 Z10 F1000
G01 X25.397959 Y-19.928571 Z9.72549 F1000
G01 X25.479592 Y-19.928571 Z9.72549 F1000
G01 X25.561224 Y-19.928571 Z9.490196 F1000
G01 X25.642857 Y-19.928571 Z6.235294 F1000
G01 X25.72449 Y-19.928571 Z1.058824 F1000
G01 X25.806122 Y-19.928571 Z0.705882 F1000
G01 X25.887755 Y-19.928571 Z0.431373 F1000
G01 X25.969388 Y-19.928571 Z0.352941 F1000
G01 X26.132653 Y-19.928571 Z0.352941 F1000
G01 X26.214286 Y-19.928571 Z0.235294 F1000
G01 X26.377551 Y-19.928571 Z0.235294 F1000
G01 X26.459184 Y-19.928571 Z0.156863 F1000
G01 X26.540816 Y-19.928571 Z0.156863 F1000
G01 X26.622449 Y-19.928571 Z0.078431 F1000
G01 X28.826531 Y-19.928571 Z0.078431 F1000
G01 X28.908163 Y-19.928571 Z0.431373 F1000
G01 X28.989796 Y-19.928571 Z0.431373 F1000
G01 X29.071429 Y-19.928571 Z0.54902 F1000
G01 X29.153061 Y-19.928571 Z0.54902 F1000
G01 X29.234694 Y-19.928571 Z1.058824 F1000
G01 X29.316327 Y-19.928571 Z3.294118 F1000
G01 X29.397959 Y-19.928571 Z9.843137 F1000
G01 X29.479592 Y-19.928571 Z9.843137 F1000
G01 X29.561224 Y-19.928571 Z10 F1000
G01 X31.030612 Y-19.928571 Z10 F1000
G01 X31.112245 Y-19.928571 Z9.72549 F1000
G01 X31.193878 Y-19.928571 Z9.568627 F1000
G01 X68.663265 Y-19.928571 Z9.568627 F1000
G01 X68.744898 Y-19.928571 Z9.764706 F1000
G01 X68.826531 Y-19.928571 Z9.960784 F1000
G01 X68.908163 Y-19.928571 Z9.960784 F1000
G01 X68.989796 Y-19.928571 Z10 F1000
G01 X70.459184 Y-19.928571 Z10 F1000
G01 X70.540816 Y-19.928571 Z9.72549 F1000
G01 X70.622449 Y-19.928571 Z3.333333 F1000
G01 X70.704082 Y-19.928571 Z1.098039 F1000
G01 X70.785714 Y-19.928571 Z0.823529 F1000
G01 X70.867347 Y-19.928571 Z0.823529 F1000
G01 X70.94898 Y-19.928571 Z0.509804 F1000
G01 X71.030612 Y-19.928571 Z0.117647 F1000
G01 X71.602041 Y-19.928571 Z0.117647 F1000
G01 X71.683673 Y-19.928571 Z0.078431 F1000
G01 X73.234694 Y-19.928571 Z0.078431 F1000
G01 X73.316327 Y-19.928571 Z0.117647 F1000
G01 X73.887755 Y-19.928571 Z0.117647 F1000
G01 X73.969388 Y-19.928571 Z0.509804 F1000
G01 X74.05102 Y-19.928571 Z0.627451 F1000
G01 X74.132653 Y-19.928571 Z0.823529 F1000
G01 X74.214286 Y-19.928571 Z0.823529 F1000
G01 X74.295918 Y-19.928571 Z6.392157 F1000
G01 X74.377551 Y-19.928571 Z9.72549 F1000
G01 X74.459184 Y-19.928571 Z10 F1000
G01 X75.846939 Y-19.928571 Z10 F1000
G01 X75.928571 Y-19.928571 Z9.882353 F1000
G01 X76.173469 Y-19.928571 Z9.882353 F1000
G01 X76.255102 Y-19.928571 Z9.568627 F1000
G01 X99.520408 Y-19.928571 Z9.568627 F1000
G01 X99.520408 Y-20.010204 Z9.568627 F1000
G01 X99.520408 Y-20.091837 Z9.568627 F1000
G01 X99.520408 Y-20.173469 Z9.568627 F1000
G01 X99.520408 Y-20.255102 Z9.568627 F1000
G01 X99.520408 Y-20.336735 Z9.568627 F1000
G01 X99.520408 Y-20.418367 Z9.568627 F1000
G01 X99.520408 Y-20.5 Z9.568627 F1000
G01 X76.908163 Y-20.5 Z9.568627 F1000
G01 X76.826531 Y-20.5 Z9.803922 F1000
G01 X76.663265 Y-20.5 Z9.803922 F1000
G01 X76.581633 Y-20.5 Z9.843137 F1000
G01 X76.5 Y-20.5 Z9.882353 F1000
G01 X76.336735 Y-20.5 Z9.882353 F1000
G01 X76.255102 Y-20.5 Z10 F1000
G01 X74.867347 Y-20.5 Z10 F1000
G01 X74.785714 Y-20.5 Z9.647059 F1000
G01 X74.704082 Y-20.5 Z9.529412 F1000
G01 X74.622449 Y-20.5 Z6.705882 F1000
G01 X74.540816 Y-20.5 Z0.705882 F1000
G01 X74.377551 Y-20.5 Z0.705882 F1000
G01 X74.295918 Y-20.5 Z0.392157 F1000
G01 X74.214286 Y-20.5 Z0.352941 F1000
G01 X74.132653 Y-20.5 Z0.352941 F1000
G01 X74.05102 Y-20.5 Z0.27451 F1000
G01 X73.969388 Y-20.5 Z0.27451 F1000
G01 X73.887755 Y-20.5 Z0.078431 F1000
G01 X71.683673 Y-20.5 Z0.078431 F1000
G01 X71.602041 Y-20.5 Z0.156863 F1000
G01 X71.520408 Y-20.5 Z0.54902 F1000
G01 X71.193878 Y-20.5 Z0.54902 F1000
G01 X71.112245 Y-20.5 Z1.137255 F1000
G01 X71.030612 Y-20.5 Z1.137255 F1000
G01 X70.94898 Y-20.5 Z3.960784 F1000
G01 X70.867347 Y-20.5 Z9.019608 F1000
G01 X70.785714 Y-20.5 Z10 F1000
G01 X68.989796 Y-20.5 Z10 F1000
G01 X68.908163 Y-20.5 Z9.764706 F1000
G01 X68.826531 Y-20.5 Z9.764706 F1000
G01 X68.744898 Y-20.5 Z9.568627 F1000
G01 X31.193878 Y-20.5 Z9.568627 F1000
G01 X31.112245 Y-20.5 Z9.72549 F1000
G01 X31.030612 Y-20.5 Z10 F1000
G01 X29.316327 Y-20.5 Z10 F1000
G01 X29.234694 Y-20.5 Z9.960784 F1000
G01 X29.153061 Y-20.5 Z9.960784 F1000
G01 X29.071429 Y-20.5 Z9.294118 F1000
G01 X28.989796 Y-20.5 Z4.039216 F1000
G01 X28.908163 Y-20.5 Z1.294118 F1000
G01 X28.744898 Y-20.5 Z1.294118 F1000
G01 X28.663265 Y-20.5 Z0.392157 F1000
G01 X28.581633 Y-20.5 Z0.392157 F1000
G01 X28.5 Y-20.5 Z0.352941 F1000
G01 X28.418367 Y-20.5 Z0.352941 F1000
G01 X28.336735 Y-20.5 Z0.117647 F1000
G01 X28.255102 Y-20.5 Z0.117647 F1000
G01 X28.173469 Y-20.5 Z0.078431 F1000
G01 X25.969388 Y-20.5 Z0.078431 F1000
G01 X25.887755 Y-20.5 Z0.313725 F1000
G01 X25.806122 Y-20.5 Z0.705882 F1000
G01 X25.397959 Y-20.5 Z0.705882 F1000
G01 X25.316327 Y-20.5 Z6.627451 F1000
G01 X25.234694 Y-20.5 Z10 F1000
G01 X23.27551 Y-20.5 Z10 F1000
G01 X23.193878 Y-20.5 Z9.72549 F1000
G01 X23.030612 Y-20.5 Z9.72549 F1000
G01 X22.94898 Y-20.5 Z9.568627 F1000
G01 X0.418367 Y-20.5 Z9.568627 F1000
G01 X0.418367 Y-20.581633 Z9.568627 F1000
G01 X0.418367 Y-20.663265 Z9.568627 F1000
G01 X0.418367 Y-20.744898 Z9.568627 F1000
G01 X0.418367 Y-20.826531 Z9.568627 F1000
G01 X0.418367 Y-20.908163 Z9.568627 F1000
G01 X0.418367 Y-20.989796 Z9.568627 F1000
G01 X0.418367 Y-21.071429 Z9.568627 F1000
G01 X22.94898 Y-21.071429 Z9.568627 F1000
G01 X23.030612 Y-21.071429 Z9.960784 F1000
G01 X23.193878 Y-21.071429 Z9.960784 F1000
G01 X23.27551 Y-21.071429 Z10 F1000
G01 X24.908163 Y-21.071429 Z10 F1000
G01 X24.989796 Y-21.071429 Z6.078431 F1000
G01 X25.071429 Y-21.071429 Z0.627451 F1000
G01 X25.153061 Y-21.071429 Z0.627451 F1000
G01 X25.234694 Y-21.071429 Z0.470588 F1000
G01 X25.316327 Y-21.071429 Z0.313725 F1000
G01 X25.397959 Y-21.071429 Z0.27451 F1000
G01 X25.479592 Y-21.071429 Z0.196078 F1000
G01 X25.561224 Y-21.071429 Z0.156863 F1000
G01 X25.887755 Y-21.071429 Z0.156863 F1000
G01 X25.969388 Y-21.071429 Z0.078431 F1000
G01 X28.173469 Y-21.071429 Z0.078431 F1000
G01 X28.255102 Y-21.071429 Z0.196078 F1000
G01 X28.336735 Y-21.071429 Z0.313725 F1000
G01 X28.418367 Y-21.071429 Z0.352941 F1000
G01 X28.5 Y-21.071429 Z0.352941 F1000
G01 X28.581633 Y-21.071429 Z0.431373 F1000
G01 X28.663265 Y-21.071429 Z3.960784 F1000
G01 X28.744898 Y-21.071429 Z10 F1000
G01 X30.377551 Y-21.071429 Z10 F1000
G01 X30.459184 Y-21.071429 Z9.843137 F1000
G01 X30.540816 Y-21.071429 Z9.568627 F1000
G01 X69.316327 Y-21.071429 Z9.568627 F1000
G01 X69.397959 Y-21.071429 Z9.764706 F1000
G01 X69.479592 Y-21.071429 Z9.843137 F1000
G01 X69.642857 Y-21.071429 Z9.843137 F1000
G01 X69.72449 Y-21.071429 Z10 F1000
G01 X71.193878 Y-21.071429 Z10 F1000
G01 X71.27551 Y-21.071429 Z3.882353 F1000
G01 X71.357143 Y-21.071429 Z0.54902 F1000
G01 X71.520408 Y-21.071429 Z0.54902 F1000
G01 X71.602041 Y-21.071429 Z0.352941 F1000
G01 X71.683673 Y-21.071429 Z0.156863 F1000
G01 X72.010204 Y-21.071429 Z0.156863 F1000
G01 X72.091837 Y-21.071429 Z0.117647 F1000
G01 X72.173469 Y-21.071429 Z0.078431 F1000
G01 X73.887755 Y-21.071429 Z0.078431 F1000
G01 X73.969388 Y-21.071429 Z0.117647 F1000
G01 X74.377551 Y-21.071429 Z0.117647 F1000
G01 X74.459184 Y-21.071429 Z0.156863 F1000
G01 X74.540816 Y-21.071429 Z0.196078 F1000
G01 X74.622449 Y-21.071429 Z0.392157 F1000
G01 X74.704082 Y-21.071429 Z0.392157 F1000
G01 X74.785714 Y-21.071429 Z0.588235 F1000
G01 X74.867347 Y-21.071429 Z0.588235 F1000
G01 X74.94898 Y-21.071429 Z6.588235 F1000
G01 X75.030612 Y-21.071429 Z9.72549 F1000
G01 X75.112245 Y-21.071429 Z9.960784 F1000
G01 X75.193878 Y-21.071429 Z10 F1000
G01 X76.744898 Y-21.071429 Z10 F1000
G01 X76.826531 Y-21.071429 Z9.803922 F1000
G01 X76.908163 Y-21.071429 Z9.568627 F1000
G01 X99.520408 Y-21.071429 Z9.568627 F1000
G01 X99.520408 Y-21.153061 Z9.568627 F1000
G01 X99.520408 Y-21.234694 Z9.568627 F1000
G01 X99.520408 Y-21.316327 Z9.568627 F1000
G01 X99.520408 Y-21.397959 Z9.568627 F1000
G01 X99.520408 Y-21.479592 Z9.568627 F1000
G01 X99.520408 Y-21.561224 Z9.568627 F1000
G01 X99.520408 Y-21.642857 Z9.568627 F1000
G01 X76.908163 Y-21.642857 Z9.568627 F1000
G01 X76.826531 Y-21.642857 Z9.803922 F1000
G01 X76.744898 Y-21.642857 Z10 F1000
G01 X75.357143 Y-21.642857 Z10 F1000
G01 X75.27551 Y-21.642857 Z6.352941 F1000
G01 X75.193878 Y-21.642857 Z0.666667 F1000
G01 X75.030612 Y-21.642857 Z0.666667 F1000
G01 X74.94898 Y-21.642857 Z0.627451 F1000
G01 X74.867347 Y-21.642857 Z0.313725 F1000
G01 X74.704082 Y-21.642857 Z0.313725 F1000
G01 X74.622449 Y-21.642857 Z0.156863 F1000
G01 X74.540816 Y-21.642857 Z0.078431 F1000
G01 X72.336735 Y-21.642857 Z0.078431 F1000
G01 X72.255102 Y-21.642857 Z0.117647 F1000
G01 X72.173469 Y-21.642857 Z0.117647 F1000
G01 X72.091837 Y-21.642857 Z0.235294 F1000
G01 X71.765306 Y-21.642857 Z0.235294 F1000
G01 X71.683673 Y-21.642857 Z0.27451 F1000
G01 X71.602041 Y-21.642857 Z3.529412 F1000
G01 X71.520408 Y-21.642857 Z10 F1000
G01 X70.132653 Y-21.642857 Z10 F1000
G01 X70.05102 Y-21.642857 Z9.882353 F1000
G01 X69.887755 Y-21.642857 Z9.882353 F1000
G01 X69.806122 Y-21.642857 Z9.843137 F1000
G01 X69.642857 Y-21.642857 Z9.843137 F1000
G01 X69.561224 Y-21.642857 Z9.764706 F1000
G01 X69.397959 Y-21.642857 Z9.764706 F1000
G01 X69.316327 Y-21.642857 Z9.568627 F1000
G01 X30.540816 Y-21.642857 Z9.568627 F1000
G01 X30.459184 Y-21.642857 Z9.843137 F1000
G01 X30.377551 Y-21.642857 Z10 F1000
G01 X28.581633 Y-21.642857 Z10 F1000
G01 X28.5 Y-21.642857 Z9.843137 F1000
G01 X28.418367 Y-21.642857 Z9.843137 F1000
G01 X28.336735 Y-21.642857 Z4.039216 F1000
G01 X28.255102 Y-21.642857 Z0.588235 F1000
G01 X28.173469 Y-21.642857 Z0.117647 F1000
G01 X27.602041 Y-21.642857 Z0.117647 F1000
G01 X27.520408 Y-21.642857 Z0.078431 F1000
G01 X25.316327 Y-21.642857 Z0.078431 F1000
G01 X25.234694 Y-21.642857 Z0.313725 F1000
G01 X25.153061 Y-21.642857 Z0.431373 F1000
G01 X25.071429 Y-21.642857 Z0.627451 F1000
G01 X24.826531 Y-21.642857 Z0.627451 F1000
G01 X24.744898 Y-21.642857 Z0.862745 F1000
G01 X24.663265 Y-21.642857 Z6.27451 F1000
G01 X24.581633 Y-21.642857 Z10 F1000
G01 X23.193878 Y-21.642857 Z10 F1000
G01 X23.112245 Y-21.642857 Z9.960784 F1000
G01 X23.030612 Y-21.642857 Z9.960784 F1000
G01 X22.94898 Y-21.642857 Z9.568627 F1000
G01 X0.418367 Y-21.642857 Z9.568627 F1000
G01 X0.418367 Y-21.72449 Z9.568627 F1000
G01 X0.418367 Y-21.806122 Z9.568627 F1000
G01 X0.418367 Y-21.887755 Z9.568627 F1000
G01 X0.418367 Y-21.969388 Z9.568627 F1000
G01 X0.418367 Y-22.05102 Z9.568627 F1000
G01 X0.418367 Y-22.132653 Z9.568627 F1000
G01 X0.418367 Y-22.214286 Z9.568627 F1000
G01 X22.295918 Y-22.214286 Z9.568627 F1000
G01 X22.377551 Y-22.214286 Z9.72549 F1000
G01 X22.459184 Y-22.214286 Z9.921569 F1000
G01 X22.704082 Y-22.214286 Z9.921569 F1000
G01 X22.785714 Y-22.214286 Z10 F1000
G01 X24.010204 Y-22.214286 Z10 F1000
G01 X24.091837 Y-22.214286 Z9.921569 F1000
G01 X24.173469 Y-22.214286 Z9.921569 F1000
G01 X24.255102 Y-22.214286 Z9.882353 F1000
G01 X24.336735 Y-22.214286 Z6.392157 F1000
G01 X24.418367 Y-22.214286 Z0.745098 F1000
G01 X24.5 Y-22.214286 Z0.745098 F1000
G01 X24.581633 Y-22.214286 Z0.431373 F1000
G01 X24.663265 Y-22.214286 Z0.078431 F1000
G01 X27.520408 Y-22.214286 Z0.078431 F1000
G01 X27.602041 Y-22.214286 Z0.352941 F1000
G01 X27.683673 Y-22.214286 Z0.392157 F1000
G01 X27.765306 Y-22.214286 Z0.392157 F1000
G01 X27.846939 Y-22.214286 Z0.54902 F1000
G01 X27.928571 Y-22.214286 Z0.54902 F1000
G01 X28.010204 Y-22.214286 Z3.843137 F1000
G01 X28.091837 Y-22.214286 Z9.843137 F1000
G01 X28.173469 Y-22.214286 Z9.921569 F1000
G01 X28.255102 Y-22.214286 Z10 F1000
G01 X29.642857 Y-22.214286 Z10 F1000
G01 X29.72449 Y-22.214286 Z9.882353 F1000
G01 X29.806122 Y-22.214286 Z9.882353 F1000
G01 X29.887755 Y-22.214286 Z9.607843 F1000
G01 X30.459184 Y-22.214286 Z9.607843 F1000
G01 X30.540816 Y-22.214286 Z9.568627 F1000
G01 X69.969388 Y-22.214286 Z9.568627 F1000
G01 X70.05102 Y-22.214286 Z9.686275 F1000
G01 X70.132653 Y-22.214286 Z10 F1000
G01 X71.683673 Y-22.214286 Z10 F1000
G01 X71.765306 Y-22.214286 Z9.882353 F1000
G01 X71.846939 Y-22.214286 Z9.72549 F1000
G01 X71.928571 Y-22.214286 Z3.843137 F1000
G01 X72.010204 Y-22.214286 Z0.470588 F1000
G01 X72.091837 Y-22.214286 Z0.431373 F1000
G01 X72.255102 Y-22.214286 Z0.431373 F1000
G01 X72.336735 Y-22.214286 Z0.078431 F1000
G01 X75.193878 Y-22.214286 Z0.078431 F1000
G01 X75.27551 Y-22.214286 Z0.470588 F1000
G01 X75.357143 Y-22.214286 Z0.54902 F1000
G01 X75.438776 Y-22.214286 Z0.627451 F1000
G01 X75.520408 Y-22.214286 Z0.784314 F1000
G01 X75.602041 Y-22.214286 Z6.54902 F1000
G01 X75.683673 Y-22.214286 Z10 F1000
G01 X77.071429 Y-22.214286 Z10 F1000
G01 X77.153061 Y-22.214286 Z9.960784 F1000
G01 X77.397959 Y-22.214286 Z9.960784 F1000
G01 X77.479592 Y-22.214286 Z9.803922 F1000
G01 X77.561224 Y-22.214286 Z9.568627 F1000
G01 X99.520408 Y-22.214286 Z9.568627 F1000
G01 X99.520408 Y-22.295918 Z9.568627 F1000
G01 X99.520408 Y-22.377551 Z9.568627 F1000
G01 X99.520408 Y-22.459184 Z9.568627 F1000
G01 X99.520408 Y-22.540816 Z9.568627 F1000
G01 X99.520408 Y-22.622449 Z9.568627 F1000
G01 X99.520408 Y-22.704082 Z9.568627 F1000
G01 X99.520408 Y-22.785714 Z9.568627 F1000
G01 X78.214286 Y-22.785714 Z9.568627 F1000
G01 X78.132653 Y-22.785714 Z9.843137 F1000
G01 X77.887755 Y-22.785714 Z9.843137 F1000
G01 X77.806122 Y-22.785714 Z9.882353 F1000
G01 X77.642857 Y-22.785714 Z9.882353 F1000
G01 X77.561224 Y-22.785714 Z10 F1000
G01 X76.010204 Y-22.785714 Z10 F1000
G01 X75.928571 Y-22.785714 Z5.764706 F1000
G01 X75.846939 Y-22.785714 Z0.666667 F1000
G01 X75.765306 Y-22.785714 Z0.54902 F1000
G01 X75.683673 Y-22.785714 Z0.509804 F1000
G01 X75.602041 Y-22.785714 Z0.27451 F1000
G01 X75.27551 Y-22.785714 Z0.27451 F1000
G01 X75.193878 Y-22.785714 Z0.078431 F1000
G01 X72.989796 Y-22.785714 Z0.078431 F1000
G01 X72.908163 Y-22.785714 Z0.313725 F1000
G01 X72.826531 Y-22.785714 Z0.470588 F1000
G01 X72.744898 Y-22.785714 Z0.54902 F1000
G01 X72.581633 Y-22.785714 Z0.54902 F1000
G01 X72.5 Y-22.785714 Z0.901961 F1000
G01 X72.336735 Y-22.785714 Z0.901961 F1000
G01 X72.255102 Y-22.785714 Z3.568627 F1000
G01 X72.173469 Y-22.785714 Z9.960784 F1000
G01 X72.091837 Y-22.785714 Z10 F1000
G01 X70.704082 Y-22.785714 Z10 F1000
G01 X70.622449 Y-22.785714 Z9.72549 F1000
G01 X70.214286 Y-22.785714 Z9.72549 F1000
G01 X70.132653 Y-22.785714 Z9.686275 F1000
G01 X70.05102 Y-22.785714 Z9.686275 F1000
G01 X69.969388 Y-22.785714 Z9.568627 F1000
G01 X29.887755 Y-22.785714 Z9.568627 F1000
G01 X29.806122 Y-22.785714 Z9.843137 F1000
G01 X29.642857 Y-22.785714 Z9.843137 F1000
G01 X29.561224 Y-22.785714 Z10 F1000
G01 X27.765306 Y-22.785714 Z10 F1000
G01 X27.683673 Y-22.785714 Z3.529412 F1000
G01 X27.602041 Y-22.785714 Z0.470588 F1000
G01 X27.520408 Y-22.785714 Z0.235294 F1000
G01 X27.438776 Y-22.785714 Z0.196078 F1000
G01 X27.357143 Y-22.785714 Z0.156863 F1000
G01 X27.27551 Y-22.785714 Z0.117647 F1000
G01 X27.193878 Y-22.785714 Z0.078431 F1000
G01 X24.663265 Y-22.785714 Z0.078431 F1000
G01 X24.581633 Y-22.785714 Z0.392157 F1000
G01 X24.5 Y-22.785714 Z0.392157 F1000
G01 X24.418367 Y-22.785714 Z0.431373 F1000
G01 X24.255102 Y-22.785714 Z0.431373 F1000
G01 X24.173469 Y-22.785714 Z0.627451 F1000
G01 X24.091837 Y-22.785714 Z1.176471 F1000
G01 X24.010204 Y-22.785714 Z5.843137 F1000
G01 X23.928571 Y-22.785714 Z10 F1000
G01 X22.377551 Y-22.785714 Z10 F1000
G01 X22.295918 Y-22.785714 Z9.568627 F1000
G01 X0.418367 Y-22.785714 Z9.568627 F1000
G01 X0.418367 Y-22.867347 Z9.568627 F1000
G01 X0.418367 Y-22.94898 Z9.568627 F1000
G01 X0.418367 Y-23.030612 Z9.568627 F1000
G01 X0.418367 Y-23.112245 Z9.568627 F1000
G01 X0.418367 Y-23.193878 Z9.568627 F1000
G01 X0.418367 Y-23.27551 Z9.568627 F1000
G01 X0.418367 Y-23.357143 Z9.568627 F1000
G01 X21.642857 Y-23.357143 Z9.568627 F1000
G01 X21.72449 Y-23.357143 Z9.764706 F1000
G01 X21.887755 Y-23.357143 Z9.764706 F1000
G01 X21.969388 Y-23.357143 Z9.803922 F1000
G01 X22.05102 Y-23.357143 Z10 F1000
G01 X23.602041 Y-23.357143 Z10 F1000
G01 X23.683673 Y-23.357143 Z6.509804 F1000
G01 X23.765306 Y-23.357143 Z0.588235 F1000
G01 X23.846939 Y-23.357143 Z0.588235 F1000
G01 X23.928571 Y-23.357143 Z0.431373 F1000
G01 X24.010204 Y-23.357143 Z0.078431 F1000
G01 X26.867347 Y-23.357143 Z0.078431 F1000
G01 X26.94898 Y-23.357143 Z0.196078 F1000
G01 X27.030612 Y-23.357143 Z0.588235 F1000
G01 X27.112245 Y-23.357143 Z0.666667 F1000
G01 X27.27551 Y-23.357143 Z0.666667 F1000
G01 X27.357143 Y-23.357143 Z3.764706 F1000
G01 X27.438776 Y-23.357143 Z9.843137 F1000
G01 X27.520408 Y-23.357143 Z9.960784 F1000
G01 X27.602041 Y-23.357143 Z9.960784 F1000
G01 X27.683673 Y-23.357143 Z10 F1000
G01 X29.153061 Y-23.357143 Z10 F1000
G01 X29.234694 Y-23.357143 Z9.568627 F1000
G01 X70.622449 Y-23.357143 Z9.568627 F1000
G01 X70.704082 Y-23.357143 Z9.843137 F1000
G01 X70.785714 Y-23.357143 Z10 F1000
G01 X72.5 Y-23.357143 Z10 F1000
G01 X72.581633 Y-23.357143 Z3.607843 F1000
G01 X72.663265 Y-23.357143 Z0.784314 F1000
G01 X72.826531 Y-23.357143 Z0.784314 F1000
G01 X72.908163 Y-23.357143 Z0.431373 F1000
G01 X72.989796 Y-23.357143 Z0.078431 F1000
G01 X75.846939 Y-23.357143 Z0.078431 F1000
G01 X75.928571 Y-23.357143 Z0.27451 F1000
G01 X76.010204 Y-23.357143 Z0.470588 F1000
G01 X76.091837 Y-23.357143 Z0.627451 F1000
G01 X76.173469 Y-23.357143 Z0.627451 F1000
G01 X76.255102 Y-23.357143 Z6.27451 F1000
G01 X76.336735 Y-23.357143 Z9.882353 F1000
G01 X76.5 Y-23.357143 Z9.882353 F1000
G01 X76.581633 Y-23.357143 Z10 F1000
G01 X77.887755 Y-23.357143 Z10 F1000
G01 X77.969388 Y-23.357143 Z9.960784 F1000
G01 X78.05102 Y-23.357143 Z9.960784 F1000
G01 X78.132653 Y-23.357143 Z9.843137 F1000
G01 X78.214286 Y-23.357143 Z9.568627 F1000
G01 X99.520408 Y-23.357143 Z9.568627 F1000
G01 X99.520408 Y-23.438776 Z9.568627 F1000
G01 X99.520408 Y-23.520408 Z9.568627 F1000
G01 X99.520408 Y-23.602041 Z9.568627 F1000
G01 X99.520408 Y-23.683673 Z9.568627 F1000
G01 X99.520408 Y-23.765306 Z9.568627 F1000
G01 X99.520408 Y-23.846939 Z9.568627 F1000
G01 X99.520408 Y-23.928571 Z9.568627 F1000
G01 X78.867347 Y-23.928571 Z9.568627 F1000
G01 X78.785714 Y-23.928571 Z9.921569 F1000
G01 X78.704082 Y-23.928571 Z9.921569 F1000
G01 X78.622449 Y-23.928571 Z9.960784 F1000
G01 X78.295918 Y-23.928571 Z9.960784 F1000
G01 X78.214286 Y-23.928571 Z10 F1000
G01 X76.744898 Y-23.928571 Z10 F1000
G01 X76.663265 Y-23.928571 Z9.803922 F1000
G01 X76.581633 Y-23.928571 Z7.058824 F1000
G01 X76.5 Y-23.928571 Z0.666667 F1000
G01 X76.418367 Y-23.928571 Z0.666667 F1000
G01 X76.336735 Y-23.928571 Z0.431373 F1000
G01 X76.010204 Y-23.928571 Z0.431373 F1000
G01 X75.928571 Y-23.928571 Z0.078431 F1000
G01 X73.642857 Y-23.928571 Z0.078431 F1000
G01 X73.561224 Y-23.928571 Z0.196078 F1000
G01 X73.479592 Y-23.928571 Z0.196078 F1000
G01 X73.397959 Y-23.928571 Z0.27451 F1000
G01 X73.153061 Y-23.928571 Z0.27451 F1000
G01 X73.071429 Y-23.928571 Z1.529412 F1000
G01 X72.989796 Y-23.928571 Z1.529412 F1000
G01 X72.908163 Y-23.928571 Z4.117647 F1000
G01 X72.826531 Y-23.928571 Z9.686275 F1000
G01 X72.744898 Y-23.928571 Z10 F1000
G01 X70.785714 Y-23.928571 Z10 F1000
G01 X70.704082 Y-23.928571 Z9.568627 F1000
G01 X29.234694 Y-23.928571 Z9.568627 F1000
G01 X29.153061 Y-23.928571 Z9.607843 F1000
G01 X29.071429 Y-23.928571 Z10 F1000
G01 X27.112245 Y-23.928571 Z10 F1000
G01 X27.030612 Y-23.928571 Z3.686275 F1000
G01 X26.94898 Y-23.928571 Z0.627451 F1000
G01 X26.459184 Y-23.928571 Z0.627451 F1000
G01 X26.377551 Y-23.928571 Z0.352941 F1000
G01 X26.295918 Y-23.928571 Z0.352941 F1000
G01 X26.214286 Y-23.928571 Z0.078431 F1000
G01 X24.010204 Y-23.928571 Z0.078431 F1000
G01 X23.928571 Y-23.928571 Z0.235294 F1000
G01 X23.846939 Y-23.928571 Z0.235294 F1000
G01 X23.765306 Y-23.928571 Z0.588235 F1000
G01 X23.520408 Y-23.928571 Z0.588235 F1000
G01 X23.438776 Y-23.928571 Z0.627451 F1000
G01 X23.357143 Y-23.928571 Z6.862745 F1000
G01 X23.27551 Y-23.928571 Z9.568627 F1000
G01 X23.193878 Y-23.928571 Z10 F1000
G01 X21.397959 Y-23.928571 Z10 F1000
G01 X21.316327 Y-23.928571 Z9.843137 F1000
G01 X21.071429 Y-23.928571 Z9.843137 F1000
G01 X20.989796 Y-23.928571 Z9.568627 F1000
G01 X0.418367 Y-23.928571 Z9.568627 F1000
G01 X0.418367 Y-24.010204 Z9.568627 F1000
G01 X0.418367 Y-24.091837 Z9.568627 F1000
G01 X0.418367 Y-24.173469 Z9.568627 F1000
G01 X0.418367 Y-24.255102 Z9.568627 F1000
G01 X0.418367 Y-24.336735 Z9.568627 F1000
G01 X0.418367 Y-24.418367 Z9.568627 F1000
G01 X0.418367 Y-24.5 Z9.568627 F1000
G01 X20.989796 Y-24.5 Z9.568627 F1000
G01 X21.071429 Y-24.5 Z9.882353 F1000
G01 X21.234694 Y-24.5 Z9.882353 F1000
G01 X21.316327 Y-24.5 Z9.921569 F1000
G01 X21.397959 Y-24.5 Z10 F1000
G01 X22.704082 Y-24.5 Z10 F1000
G01 X22.785714 Y-24.5 Z9.882353 F1000
G01 X22.867347 Y-24.5 Z9.686275 F1000
G01 X22.94898 Y-24.5 Z9.411765 F1000
G01 X23.030612 Y-24.5 Z6.470588 F1000
G01 X23.112245 Y-24.5 Z0.901961 F1000
G01 X23.27551 Y-24.5 Z0.901961 F1000
G01 X23.357143 Y-24.5 Z0.54902 F1000
G01 X23.438776 Y-24.5 Z0.27451 F1000
G01 X23.683673 Y-24.5 Z0.27451 F1000
G01 X23.765306 Y-24.5 Z0.156863 F1000
G01 X23.846939 Y-24.5 Z0.078431 F1000
G01 X26.214286 Y-24.5 Z0.078431 F1000
G01 X26.295918 Y-24.5 Z0.509804 F1000
G01 X26.377551 Y-24.5 Z0.588235 F1000
G01 X26.459184 Y-24.5 Z0.705882 F1000
G01 X26.540816 Y-24.5 Z0.705882 F1000
G01 X26.622449 Y-24.5 Z0.745098 F1000
G01 X26.704082 Y-24.5 Z3.647059 F1000
G01 X26.785714 Y-24.5 Z10 F1000
G01 X28.418367 Y-24.5 Z10 F1000
G01 X28.5 Y-24.5 Z9.803922 F1000
G01 X28.581633 Y-24.5 Z9.568627 F1000
G01 X70.785714 Y-24.5 Z9.568627 F1000
G01 X70.867347 Y-24.5 Z9.607843 F1000
G01 X70.94898 Y-24.5 Z9.647059 F1000
G01 X71.27551 Y-24.5 Z9.647059 F1000
G01 X71.357143 Y-24.5 Z9.764706 F1000
G01 X71.438776 Y-24.5 Z10 F1000
G01 X73.071429 Y-24.5 Z10 F1000
G01 X73.153061 Y-24.5 Z9.568627 F1000
G01 X73.234694 Y-24.5 Z4.078431 F1000
G01 X73.316327 Y-24.5 Z0.784314 F1000
G01 X73.397959 Y-24.5 Z0.470588 F1000
G01 X73.479592 Y-24.5 Z0.470588 F1000
G01 X73.561224 Y-24.5 Z0.431373 F1000
G01 X73.642857 Y-24.5 Z0.117647 F1000
G01 X74.214286 Y-24.5 Z0.117647 F1000
G01 X74.295918 Y-24.5 Z0.078431 F1000
G01 X76.5 Y-24.5 Z0.078431 F1000
G01 X76.581633 Y-24.5 Z0.627451 F1000
G01 X76.744898 Y-24.5 Z0.627451 F1000
G01 X76.826531 Y-24.5 Z0.705882 F1000
G01 X76.908163 Y-24.5 Z6.588235 F1000
G01 X76.989796 Y-24.5 Z9.568627 F1000
G01 X77.071429 Y-24.5 Z10 F1000
G01 X78.377551 Y-24.5 Z10 F1000
G01 X78.459184 Y-24.5 Z9.960784 F1000
G01 X78.704082 Y-24.5 Z9.960784 F1000
G01 X78.785714 Y-24.5 Z9.921569 F1000
G01 X78.867347 Y-24.5 Z9.568627 F1000
G01 X99.520408 Y-24.5 Z9.568627 F1000
G01 X99.520408 Y-24.581633 Z9.568627 F1000
G01 X99.520408 Y-24.663265 Z9.568627 F1000
G01 X99.520408 Y-24.744898 Z9.568627 F1000
G01 X99.520408 Y-24.826531 Z9.568627 F1000
G01 X99.520408 Y-24.908163 Z9.568627 F1000
G01 X99.520408 Y-24.989796 Z9.568627 F1000
G01 X99.520408 Y-25.071429 Z9.568627 F1000
G01 X79.438776 Y-25.071429 Z9.568627 F1000
G01 X79.357143 Y-25.071429 Z9.607843 F1000
G01 X79.193878 Y-25.071429 Z9.607843 F1000
G01 X79.112245 Y-25.071429 Z9.921569 F1000
G01 X79.030612 Y-25.071429 Z9.921569 F1000
G01 X78.94898 Y-25.071429 Z10 F1000
G01 X77.397959 Y-25.071429 Z10 F1000
G01 X77.316327 Y-25.071429 Z9.333333 F1000
G01 X77.234694 Y-25.071429 Z6.627451 F1000
G01 X77.153061 Y-25.071429 Z0.745098 F1000
G01 X76.989796 Y-25.071429 Z0.745098 F1000
G01 X76.908163 Y-25.071429 Z0.470588 F1000
G01 X76.744898 Y-25.071429 Z0.470588 F1000
G01 X76.663265 Y-25.071429 Z0.196078 F1000
G01 X76.581633 Y-25.071429 Z0.156863 F1000
G01 X76.5 Y-25.071429 Z0.078431 F1000
G01 X74.295918 Y-25.071429 Z0.078431 F1000
G01 X74.214286 Y-25.071429 Z0.235294 F1000
G01 X74.132653 Y-25.071429 Z0.54902 F1000
G01 X73.806122 Y-25.071429 Z0.54902 F1000
G01 X73.72449 Y-25.071429 Z1.098039 F1000
G01 X73.642857 Y-25.071429 Z1.098039 F1000
G01 X73.561224 Y-25.071429 Z4.313725 F1000
G01 X73.479592 Y-25.071429 Z8.823529 F1000
G01 X73.397959 Y-25.071429 Z9.843137 F1000
G01 X73.316327 Y-25.071429 Z9.882353 F1000
G01 X73.153061 Y-25.071429 Z9.882353 F1000
G01 X73.071429 Y-25.071429 Z10 F1000
G01 X71.846939 Y-25.071429 Z10 F1000
G01 X71.765306 Y-25.071429 Z9.960784 F1000
G01 X71.683673 Y-25.071429 Z9.843137 F1000
G01 X71.438776 Y-25.071429 Z9.843137 F1000
G01 X71.357143 Y-25.071429 Z9.568627 F1000
G01 X28.5 Y-25.071429 Z9.568627 F1000
G01 X28.418367 Y-25.071429 Z10 F1000
G01 X26.785714 Y-25.071429 Z10 F1000
G01 X26.704082 Y-25.071429 Z9.960784 F1000
G01 X26.622449 Y-25.071429 Z9.882353 F1000
G01 X26.540816 Y-25.071429 Z9.882353 F1000
G01 X26.459184 Y-25.071429 Z9.058824 F1000
G01 X26.377551 Y-25.071429 Z4.392157 F1000
G01 X26.295918 Y-25.071429 Z1.058824 F1000
G01 X26.132653 Y-25.071429 Z1.058824 F1000
G01 X26.05102 Y-25.071429 Z0.431373 F1000
G01 X25.806122 Y-25.071429 Z0.431373 F1000
G01 X25.72449 Y-25.071429 Z0.156863 F1000
G01 X25.642857 Y-25.071429 Z0.156863 F1000
G01 X25.561224 Y-25.071429 Z0.078431 F1000
G01 X23.357143 Y-25.071429 Z0.078431 F1000
G01 X23.27551 Y-25.071429 Z0.901961 F1000
G01 X22.785714 Y-25.071429 Z0.901961 F1000
G01 X22.704082 Y-25.071429 Z6.352941 F1000
G01 X22.622449 Y-25.071429 Z9.843137 F1000
G01 X22.540816 Y-25.071429 Z10 F1000
G01 X20.744898 Y-25.071429 Z10 F1000
G01 X20.663265 Y-25.071429 Z9.882353 F1000
G01 X20.418367 Y-25.071429 Z9.882353 F1000
G01 X20.336735 Y-25.071429 Z9.568627 F1000
G01 X0.418367 Y-25.071429 Z9.568627 F1000
G01 X0.418367 Y-25.153061 Z9.568627 F1000
G01 X0.418367 Y-25.234694 Z9.568627 F1000
G01 X0.418367 Y-25.316327 Z9.568627 F1000
G01 X0.418367 Y-25.397959 Z9.568627 F1000
G01 X0.418367 Y-25.479592 Z9.568627 F1000
G01 X0.418367 Y-25.561224 Z9.568627 F1000
G01 X0.418367 Y-25.642857 Z9.568627 F1000
G01 X19.928571 Y-25.642857 Z9.568627 F1000
G01 X20.010204 Y-25.642857 Z9.607843 F1000
G01 X20.336735 Y-25.642857 Z9.607843 F1000
G01 X20.418367 Y-25.642857 Z9.921569 F1000
G01 X20.663265 Y-25.642857 Z9.921569 F1000
G01 X20.744898 Y-25.642857 Z10 F1000
G01 X22.132653 Y-25.642857 Z10 F1000
G01 X22.214286 Y-25.642857 Z9.647059 F1000
G01 X22.295918 Y-25.642857 Z9.529412 F1000
G01 X22.377551 Y-25.642857 Z6.509804 F1000
G01 X22.459184 Y-25.642857 Z0.980392 F1000
G01 X22.540816 Y-25.642857 Z0.509804 F1000
G01 X22.622449 Y-25.642857 Z0.352941 F1000
G01 X22.704082 Y-25.642857 Z0.156863 F1000
G01 X22.785714 Y-25.642857 Z0.117647 F1000
G01 X23.27551 Y-25.642857 Z0.117647 F1000
G01 X23.357143 Y-25.642857 Z0.078431 F1000
G01 X24.908163 Y-25.642857 Z0.078431 F1000
G01 X24.989796 Y-25.642857 Z0.117647 F1000
G01 X25.561224 Y-25.642857 Z0.117647 F1000
G01 X25.642857 Y-25.642857 Z0.196078 F1000
G01 X25.72449 Y-25.642857 Z0.705882 F1000
G01 X25.969388 Y-25.642857 Z0.705882 F1000
G01 X26.05102 Y-25.642857 Z3.882353 F1000
G01 X26.132653 Y-25.642857 Z9.45098 F1000
G01 X26.214286 Y-25.642857 Z9.45098 F1000
G01 X26.295918 Y-25.642857 Z10 F1000
G01 X27.438776 Y-25.642857 Z10 F1000
G01 X27.520408 Y-25.642857 Z9.960784 F1000
G01 X27.683673 Y-25.642857 Z9.960784 F1000
G01 X27.765306 Y-25.642857 Z9.843137 F1000
G01 X27.846939 Y-25.642857 Z9.803922 F1000
G01 X27.928571 Y-25.642857 Z9.568627 F1000
G01 X71.928571 Y-25.642857 Z9.568627 F1000
G01 X72.010204 Y-25.642857 Z9.803922 F1000
G01 X72.091837 Y-25.642857 Z10 F1000
G01 X73.806122 Y-25.642857 Z10 F1000
G01 X73.887755 Y-25.642857 Z3.764706 F1000
G01 X73.969388 Y-25.642857 Z0.627451 F1000
G01 X74.214286 Y-25.642857 Z0.627451 F1000
G01 X74.295918 Y-25.642857 Z0.117647 F1000
G01 X74.622449 Y-25.642857 Z0.117647 F1000
G01 X74.704082 Y-25.642857 Z0.078431 F1000
G01 X76.5 Y-25.642857 Z0.078431 F1000
G01 X76.581633 Y-25.642857 Z0.117647 F1000
G01 X76.663265 Y-25.642857 Z0.117647 F1000
G01 X76.744898 Y-25.642857 Z0.156863 F1000
G01 X77.153061 Y-25.642857 Z0.156863 F1000
G01 X77.234694 Y-25.642857 Z0.235294 F1000
G01 X77.316327 Y-25.642857 Z0.470588 F1000
G01 X77.397959 Y-25.642857 Z0.470588 F1000
G01 X77.479592 Y-25.642857 Z0.823529 F1000
G01 X77.561224 Y-25.642857 Z6.666667 F1000
G01 X77.642857 Y-25.642857 Z9.882353 F1000
G01 X77.72449 Y-25.642857 Z9.921569 F1000
G01 X77.806122 Y-25.642857 Z10 F1000
G01 X79.357143 Y-25.642857 Z10 F1000
G01 X79.438776 Y-25.642857 Z9.843137 F1000
G01 X79.520408 Y-25.642857 Z9.568627 F1000
G01 X99.520408 Y-25.642857 Z9.568627 F1000
G01 X99.520408 Y-25.72449 Z9.568627 F1000
G01 X99.520408 Y-25.806122 Z9.568627 F1000
G01 X99.520408 Y-25.887755 Z9.568627 F1000
G01 X99.520408 Y-25.969388 Z9.568627 F1000
G01 X99.520408 Y-26.05102 Z9.568627 F1000
G01 X99.520408 Y-26.132653 Z9.568627 F1000
G01 X99.520408 Y-26.214286 Z9.568627 F1000
G01 X79.520408 Y-26.214286 Z9.568627 F1000
G01 X79.438776 Y-26.214286 Z10 F1000
G01 X77.969388 Y-26.214286 Z10 F1000
G01 X77.887755 Y-26.214286 Z6 F1000
G01 X77.806122 Y-26.214286 Z0.588235 F1000
G01 X77.642857 Y-26.214286 Z0.588235 F1000
G01 X77.561224 Y-26.214286 Z0.470588 F1000
G01 X77.316327 Y-26.214286 Z0.470588 F1000
G01 X77.234694 Y-26.214286 Z0.117647 F1000
G01 X77.153061 Y-26.214286 Z0.078431 F1000
G01 X74.94898 Y-26.214286 Z0.078431 F1000
G01 X74.867347 Y-26.214286 Z0.117647 F1000
G01 X74.785714 Y-26.214286 Z0.117647 F1000
G01 X74.704082 Y-26.214286 Z0.156863 F1000
G01 X74.622449 Y-26.214286 Z0.235294 F1000
G01 X74.540816 Y-26.214286 Z0.313725 F1000
G01 X74.459184 Y-26.214286 Z0.352941 F1000
G01 X74.295918 Y-26.214286 Z0.352941 F1000
G01 X74.214286 Y-26.214286 Z3.215686 F1000
G01 X74.132653 Y-26.214286 Z10 F1000
G01 X72.826531 Y-26.214286 Z10 F1000
G01 X72.744898 Y-26.214286 Z9.843137 F1000
G01 X72.091837 Y-26.214286 Z9.843137 F1000
G01 X72.010204 Y-26.214286 Z9.686275 F1000
G01 X71.928571 Y-26.214286 Z9.568627 F1000
G01 X27.928571 Y-26.214286 Z9.568627 F1000
G01 X27.846939 Y-26.214286 Z9.803922 F1000
G01 X27.765306 Y-26.214286 Z9.803922 F1000
G01 X27.683673 Y-26.214286 Z9.960784 F1000
G01 X27.520408 Y-26.214286 Z9.960784 F1000
G01 X27.438776 Y-26.214286 Z10 F1000
G01 X25.806122 Y-26.214286 Z10 F1000
G01 X25.72449 Y-26.214286 Z3.529412 F1000
G01 X25.642857 Y-26.214286 Z0.470588 F1000
G01 X25.561224 Y-26.214286 Z0.470588 F1000
G01 X25.479592 Y-26.214286 Z0.431373 F1000
G01 X25.397959 Y-26.214286 Z0.392157 F1000
G01 X25.316327 Y-26.214286 Z0.27451 F1000
G01 X25.234694 Y-26.214286 Z0.196078 F1000
G01 X25.153061 Y-26.214286 Z0.117647 F1000
G01 X24.989796 Y-26.214286 Z0.117647 F1000
G01 X24.908163 Y-26.214286 Z0.078431 F1000
G01 X22.704082 Y-26.214286 Z0.078431 F1000
G01 X22.622449 Y-26.214286 Z0.313725 F1000
G01 X22.540816 Y-26.214286 Z0.313725 F1000
G01 X22.459184 Y-26.214286 Z0.54902 F1000
G01 X22.295918 Y-26.214286 Z0.54902 F1000
G01 X22.214286 Y-26.214286 Z0.627451 F1000
G01 X22.132653 Y-26.214286 Z0.627451 F1000
G01 X22.05102 Y-26.214286 Z5.921569 F1000
G01 X21.969388 Y-26.214286 Z10 F1000
G01 X20.5 Y-26.214286 Z10 F1000
G01 X20.418367 Y-26.214286 Z9.921569 F1000
G01 X20.336735 Y-26.214286 Z9.607843 F1000
G01 X20.010204 Y-26.214286 Z9.607843 F1000
G01 X19.928571 Y-26.214286 Z9.568627 F1000
G01 X0.418367 Y-26.214286 Z9.568627 F1000
G01 X0.418367 Y-26.295918 Z9.568627 F1000
G01 X0.418367 Y-26.377551 Z9.568627 F1000
G01 X0.418367 Y-26.459184 Z9.568627 F1000
G01 X0.418367 Y-26.540816 Z9.568627 F1000
G01 X0.418367 Y-26.622449 Z9.568627 F1000
G01 X0.418367 Y-26.704082 Z9.568627 F1000
G01 X0.418367 Y-26.785714 Z9.568627 F1000
G01 X19.683673 Y-26.785714 Z9.568627 F1000
G01 X19.765306 Y-26.785714 Z9.72549 F1000
G01 X19.846939 Y-26.785714 Z10 F1000
G01 X21.642857 Y-26.785714 Z10 F1000
G01 X21.72449 Y-26.785714 Z6.235294 F1000
G01 X21.806122 Y-26.785714 Z0.784314 F1000
G01 X21.887755 Y-26.785714 Z0.784314 F1000
G01 X21.969388 Y-26.785714 Z0.745098 F1000
G01 X22.05102 Y-26.785714 Z0.196078 F1000
G01 X22.132653 Y-26.785714 Z0.156863 F1000
G01 X22.214286 Y-26.785714 Z0.117647 F1000
G01 X22.622449 Y-26.785714 Z0.117647 F1000
G01 X22.704082 Y-26.785714 Z0.078431 F1000
G01 X24.908163 Y-26.785714 Z0.078431 F1000
G01 X24.989796 Y-26.785714 Z0.27451 F1000
G01 X25.071429 Y-26.785714 Z0.27451 F1000
G01 X25.153061 Y-26.785714 Z0.352941 F1000
G01 X25.234694 Y-26.785714 Z0.352941 F1000
G01 X25.316327 Y-26.785714 Z0.627451 F1000
G01 X25.397959 Y-26.785714 Z4.156863 F1000
G01 X25.479592 Y-26.785714 Z9.72549 F1000
G01 X25.561224 Y-26.785714 Z9.882353 F1000
G01 X25.642857 Y-26.785714 Z9.882353 F1000
G01 X25.72449 Y-26.785714 Z10 F1000
G01 X27.112245 Y-26.785714 Z10 F1000
G01 X27.193878 Y-26.785714 Z9.882353 F1000
G01 X27.27551 Y-26.785714 Z9.568627 F1000
G01 X72.581633 Y-26.785714 Z9.568627 F1000
G01 X72.663265 Y-26.785714 Z9.686275 F1000
G01 X72.744898 Y-26.785714 Z9.764706 F1000
G01 X72.826531 Y-26.785714 Z9.843137 F1000
G01 X72.908163 Y-26.785714 Z9.843137 F1000
G01 X72.989796 Y-26.785714 Z10 F1000
G01 X74.377551 Y-26.785714 Z10 F1000
G01 X74.459184 Y-26.785714 Z9.882353 F1000
G01 X74.540816 Y-26.785714 Z4.039216 F1000
G01 X74.622449 Y-26.785714 Z0.431373 F1000
G01 X74.704082 Y-26.785714 Z0.392157 F1000
G01 X74.867347 Y-26.785714 Z0.392157 F1000
G01 X74.94898 Y-26.785714 Z0.078431 F1000
G01 X77.806122 Y-26.785714 Z0.078431 F1000
G01 X77.887755 Y-26.785714 Z0.313725 F1000
G01 X77.969388 Y-26.785714 Z0.470588 F1000
G01 X78.05102 Y-26.785714 Z0.509804 F1000
G01 X78.132653 Y-26.785714 Z0.745098 F1000
G01 X78.214286 Y-26.785714 Z6.509804 F1000
G01 X78.295918 Y-26.785714 Z10 F1000
G01 X79.765306 Y-26.785714 Z10 F1000
G01 X79.846939 Y-26.785714 Z9.921569 F1000
G01 X79.928571 Y-26.785714 Z9.764706 F1000
G01 X80.010204 Y-26.785714 Z9.764706 F1000
G01 X80.091837 Y-26.785714 Z9.607843 F1000
G01 X80.173469 Y-26.785714 Z9.568627 F1000
G01 X99.520408 Y-26.785714 Z9.568627 F1000
G01 X99.520408 Y-26.867347 Z9.568627 F1000
G01 X99.520408 Y-26.94898 Z9.568627 F1000
G01 X99.520408 Y-27.030612 Z9.568627 F1000
G01 X99.520408 Y-27.112245 Z9.568627 F1000
G01 X99.520408 Y-27.193878 Z9.568627 F1000
G01 X99.520408 Y-27.27551 Z9.568627 F1000
G01 X99.520408 Y-27.357143 Z9.568627 F1000
G01 X80.826531 Y-27.357143 Z9.568627 F1000
G01 X80.744898 Y-27.357143 Z9.72549 F1000
G01 X80.581633 Y-27.357143 Z9.72549 F1000
G01 X80.5 Y-27.357143 Z9.803922 F1000
G01 X80.255102 Y-27.357143 Z9.803922 F1000
G01 X80.173469 Y-27.357143 Z9.960784 F1000
G01 X80.091837 Y-27.357143 Z10 F1000
G01 X78.622449 Y-27.357143 Z10 F1000
G01 X78.540816 Y-27.357143 Z6.196078 F1000
G01 X78.459184 Y-27.357143 Z0.666667 F1000
G01 X78.295918 Y-27.357143 Z0.666667 F1000
G01 X78.214286 Y-27.357143 Z0.352941 F1000
G01 X78.05102 Y-27.357143 Z0.352941 F1000
G01 X77.969388 Y-27.357143 Z0.313725 F1000
G01 X77.887755 Y-27.357143 Z0.27451 F1000
G01 X77.806122 Y-27.357143 Z0.078431 F1000
G01 X75.602041 Y-27.357143 Z0.078431 F1000
G01 X75.520408 Y-27.357143 Z0.313725 F1000
G01 X75.438776 Y-27.357143 Z0.352941 F1000
G01 X75.357143 Y-27.357143 Z0.352941 F1000
G01 X75.27551 Y-27.357143 Z0.509804 F1000
G01 X74.94898 Y-27.357143 Z0.509804 F1000
G01 X74.867347 Y-27.357143 Z3.72549 F1000
G01 X74.785714 Y-27.357143 Z10 F1000
G01 X73.397959 Y-27.357143 Z10 F1000
G01 X73.316327 Y-27.357143 Z9.960784 F1000
G01 X73.234694 Y-27.357143 Z9.764706 F1000
G01 X72.989796 Y-27.357143 Z9.764706 F1000
G01 X72.908163 Y-27.357143 Z9.686275 F1000
G01 X72.826531 Y-27.357143 Z9.647059 F1000
G01 X72.744898 Y-27.357143 Z9.607843 F1000
G01 X72.663265 Y-27.357143 Z9.607843 F1000
G01 X72.581633 Y-27.357143 Z9.568627 F1000
G01 X27.27551 Y-27.357143 Z9.568627 F1000
G01 X27.193878 Y-27.357143 Z9.647059 F1000
G01 X27.112245 Y-27.357143 Z9.882353 F1000
G01 X27.030612 Y-27.357143 Z9.882353 F1000
G01 X26.94898 Y-27.357143 Z9.960784 F1000
G01 X26.785714 Y-27.357143 Z9.960784 F1000
G01 X26.704082 Y-27.357143 Z10 F1000
G01 X25.153061 Y-27.357143 Z10 F1000
G01 X25.071429 Y-27.357143 Z4.039216 F1000
G01 X24.989796 Y-27.357143 Z0.666667 F1000
G01 X24.908163 Y-27.357143 Z0.196078 F1000
G01 X24.826531 Y-27.357143 Z0.156863 F1000
G01 X24.663265 Y-27.357143 Z0.156863 F1000
G01 X24.581633 Y-27.357143 Z0.117647 F1000
G01 X24.336735 Y-27.357143 Z0.117647 F1000
G01 X24.255102 Y-27.357143 Z0.078431 F1000
G01 X22.05102 Y-27.357143 Z0.078431 F1000
G01 X21.969388 Y-27.357143 Z0.27451 F1000
G01 X21.887755 Y-27.357143 Z0.54902 F1000
G01 X21.642857 Y-27.357143 Z0.54902 F1000
G01 X21.561224 Y-27.357143 Z0.666667 F1000
G01 X21.479592 Y-27.357143 Z0.980392 F1000
G01 X21.397959 Y-27.357143 Z6.078431 F1000
G01 X21.316327 Y-27.357143 Z10 F1000
G01 X19.846939 Y-27.357143 Z10 F1000
G01 X19.765306 Y-27.357143 Z9.843137 F1000
G01 X19.683673 Y-27.357143 Z9.568627 F1000
G01 X0.418367 Y-27.357143 Z9.568627 F1000
G01 X0.418367 Y-27.438776 Z9.568627 F1000
G01 X0.418367 Y-27.520408 Z9.568627 F1000
G01 X0.418367 Y-27.602041 Z9.568627 F1000
G01 X0.418367 Y-27.683673 Z9.568627 F1000
G01 X0.418367 Y-27.765306 Z9.568627 F1000
G01 X0.418367 Y-27.846939 Z9.568627 F1000
G01 X0.418367 Y-27.928571 Z9.568627 F1000
G01 X19.112245 Y-27.928571 Z9.568627 F1000
G01 X19.193878 Y-27.928571 Z9.843137 F1000
G01 X19.357143 Y-27.928571 Z9.843137 F1000
G01 X19.438776 Y-27.928571 Z10 F1000
G01 X20.908163 Y-27.928571 Z10 F1000
G01 X20.989796 Y-27.928571 Z9.960784 F1000
G01 X21.071429 Y-27.928571 Z6.509804 F1000
G01 X21.153061 Y-27.928571 Z0.745098 F1000
G01 X21.234694 Y-27.928571 Z0.588235 F1000
G01 X21.316327 Y-27.928571 Z0.54902 F1000
G01 X21.397959 Y-27.928571 Z0.078431 F1000
G01 X24.255102 Y-27.928571 Z0.078431 F1000
G01 X24.336735 Y-27.928571 Z0.470588 F1000
G01 X24.5 Y-27.928571 Z0.470588 F1000
G01 X24.581633 Y-27.928571 Z0.901961 F1000
G01 X24.663265 Y-27.928571 Z0.901961 F1000
G01 X24.744898 Y-27.928571 Z3.686275 F1000
G01 X24.826531 Y-27.928571 Z10 F1000
G01 X26.377551 Y-27.928571 Z10 F1000
G01 X26.459184 Y-27.928571 Z9.882353 F1000
G01 X26.540816 Y-27.928571 Z9.72549 F1000
G01 X26.622449 Y-27.928571 Z9.568627 F1000
G01 X73.234694 Y-27.928571 Z9.568627 F1000
G01 X73.316327 Y-27.928571 Z9.882353 F1000
G01 X73.397959 Y-27.928571 Z10 F1000
G01 X75.112245 Y-27.928571 Z10 F1000
G01 X75.193878 Y-27.928571 Z3.72549 F1000
G01 X75.27551 Y-27.928571 Z0.745098 F1000
G01 X75.357143 Y-27.928571 Z0.745098 F1000
G01 X75.438776 Y-27.928571 Z0.588235 F1000
G01 X75.520408 Y-27.928571 Z0.588235 F1000
G01 X75.602041 Y-27.928571 Z0.078431 F1000
G01 X78.459184 Y-27.928571 Z0.078431 F1000
G01 X78.540816 Y-27.928571 Z0.235294 F1000
G01 X78.622449 Y-27.928571 Z0.392157 F1000
G01 X78.704082 Y-27.928571 Z0.745098 F1000
G01 X78.785714 Y-27.928571 Z1.098039 F1000
G01 X78.867347 Y-27.928571 Z6.627451 F1000
G01 X78.94898 Y-27.928571 Z9.686275 F1000
G01 X79.030612 Y-27.928571 Z9.921569 F1000
G01 X79.112245 Y-27.928571 Z10 F1000
G01 X80.5 Y-27.928571 Z10 F1000
G01 X80.581633 Y-27.928571 Z9.960784 F1000
G01 X80.663265 Y-27.928571 Z9.960784 F1000
G01 X80.744898 Y-27.928571 Z9.843137 F1000
G01 X80.826531 Y-27.928571 Z9.568627 F1000
G01 X99.520408 Y-27.928571 Z9.568627 F1000
G01 X99.520408 Y-28.010204 Z9.568627 F1000
G01 X99.520408 Y-28.091837 Z9.568627 F1000
G01 X99.520408 Y-28.173469 Z9.568627 F1000
G01 X99.520408 Y-28.255102 Z9.568627 F1000
G01 X99.520408 Y-28.336735 Z9.568627 F1000
G01 X99.520408 Y-28.418367 Z9.568627 F1000
G01 X99.520408 Y-28.5 Z9.568627 F1000
G01 X81.479592 Y-28.5 Z9.568627 F1000
G01 X81.397959 Y-28.5 Z9.921569 F1000
G01 X81.234694 Y-28.5 Z9.921569 F1000
G01 X81.153061 Y-28.5 Z10 F1000
G01 X79.357143 Y-28.5 Z10 F1000
G01 X79.27551 Y-28.5 Z9.764706 F1000
G01 X79.193878 Y-28.5 Z7.176471 F1000
G01 X79.112245 Y-28.5 Z0.313725 F1000
G01 X79.030612 Y-28.5 Z0.313725 F1000
G01 X78.94898 Y-28.5 Z0.27451 F1000
G01 X78.867347 Y-28.5 Z0.27451 F1000
G01 X78.785714 Y-28.5 Z0.235294 F1000
G01 X78.622449 Y-28.5 Z0.235294 F1000
G01 X78.540816 Y-28.5 Z0.078431 F1000
G01 X76.255102 Y-28.5 Z0.078431 F1000
G01 X76.173469 Y-28.5 Z0.27451 F1000
G01 X76.091837 Y-28.5 Z0.27451 F1000
G01 X76.010204 Y-28.5 Z0.745098 F1000
G01 X75.928571 Y-28.5 Z0.745098 F1000
G01 X75.846939 Y-28.5 Z0.823529 F1000
G01 X75.765306 Y-28.5 Z1.058824 F1000
G01 X75.602041 Y-28.5 Z1.058824 F1000
G01 X75.520408 Y-28.5 Z3.72549 F1000
G01 X75.438776 Y-28.5 Z9.568627 F1000
G01 X75.357143 Y-28.5 Z10 F1000
G01 X73.397959 Y-28.5 Z10 F1000
G01 X73.316327 Y-28.5 Z9.568627 F1000
G01 X26.540816 Y-28.5 Z9.568627 F1000
G01 X26.459184 Y-28.5 Z9.843137 F1000
G01 X26.295918 Y-28.5 Z9.843137 F1000
G01 X26.214286 Y-28.5 Z10 F1000
G01 X24.581633 Y-28.5 Z10 F1000
G01 X24.5 Y-28.5 Z9.882353 F1000
G01 X24.418367 Y-28.5 Z3.764706 F1000
G01 X24.336735 Y-28.5 Z0.627451 F1000
G01 X24.255102 Y-28.5 Z0.470588 F1000
G01 X23.765306 Y-28.5 Z0.470588 F1000
G01 X23.683673 Y-28.5 Z0.313725 F1000
G01 X23.602041 Y-28.5 Z0.078431 F1000
G01 X21.397959 Y-28.5 Z0.078431 F1000
G01 X21.316327 Y-28.5 Z0.27451 F1000
G01 X21.234694 Y-28.5 Z0.27451 F1000
G01 X21.153061 Y-28.5 Z0.470588 F1000
G01 X20.908163 Y-28.5 Z0.470588 F1000
G01 X20.826531 Y-28.5 Z0.784314 F1000
G01 X20.744898 Y-28.5 Z6.823529 F1000
G01 X20.663265 Y-28.5 Z9.568627 F1000
G01 X20.581633 Y-28.5 Z9.960784 F1000
G01 X20.5 Y-28.5 Z10 F1000
G01 X19.193878 Y-28.5 Z10 F1000
G01 X19.112245 Y-28.5 Z9.960784 F1000
G01 X18.459184 Y-28.5 Z9.960784 F1000
G01 X18.377551 Y-28.5 Z9.568627 F1000
G01 X0.418367 Y-28.5 Z9.568627 F1000
G01 X0.418367 Y-28.581633 Z9.568627 F1000
G01 X0.418367 Y-28.663265 Z9.568627 F1000
G01 X0.418367 Y-28.744898 Z9.568627 F1000
G01 X0.418367 Y-28.826531 Z9.568627 F1000
G01 X0.418367 Y-28.908163 Z9.568627 F1000
G01 X0.418367 Y-28.989796 Z9.568627 F1000
G01 X0.418367 Y-29.071429 Z9.568627 F1000
G01 X18.377551 Y-29.071429 Z9.568627 F1000
G01 X18.459184 Y-29.071429 Z9.960784 F1000
G01 X18.704082 Y-29.071429 Z9.960784 F1000
G01 X18.785714 Y-29.071429 Z10 F1000
G01 X20.255102 Y-29.071429 Z10 F1000
G01 X20.336735 Y-29.071429 Z9.686275 F1000
G01 X20.418367 Y-29.071429 Z5.843137 F1000
G01 X20.5 Y-29.071429 Z0.666667 F1000
G01 X20.581633 Y-29.071429 Z0.666667 F1000
G01 X20.663265 Y-29.071429 Z0.509804 F1000
G01 X20.744898 Y-29.071429 Z0.313725 F1000
G01 X20.826531 Y-29.071429 Z0.235294 F1000
G01 X20.908163 Y-29.071429 Z0.196078 F1000
G01 X21.316327 Y-29.071429 Z0.196078 F1000
G01 X21.397959 Y-29.071429 Z0.078431 F1000
G01 X23.602041 Y-29.071429 Z0.078431 F1000
G01 X23.683673 Y-29.071429 Z0.313725 F1000
G01 X23.765306 Y-29.071429 Z0.588235 F1000
G01 X24.010204 Y-29.071429 Z0.588235 F1000
G01 X24.091837 Y-29.071429 Z3.490196 F1000
G01 X24.173469 Y-29.071429 Z10 F1000
G01 X25.806122 Y-29.071429 Z10 F1000
G01 X25.887755 Y-29.071429 Z9.72549 F1000
G01 X25.969388 Y-29.071429 Z9.568627 F1000
G01 X73.887755 Y-29.071429 Z9.568627 F1000
G01 X73.969388 Y-29.071429 Z9.647059 F1000
G01 X74.05102 Y-29.071429 Z10 F1000
G01 X75.683673 Y-29.071429 Z10 F1000
G01 X75.765306 Y-29.071429 Z9.607843 F1000
G01 X75.846939 Y-29.071429 Z3.607843 F1000
G01 X75.928571 Y-29.071429 Z0.823529 F1000
G01 X76.010204 Y-29.071429 Z0.745098 F1000
G01 X76.091837 Y-29.071429 Z0.54902 F1000
G01 X76.173469 Y-29.071429 Z0.54902 F1000
G01 X76.255102 Y-29.071429 Z0.196078 F1000
G01 X76.336735 Y-29.071429 Z0.117647 F1000
G01 X76.418367 Y-29.071429 Z0.078431 F1000
G01 X78.540816 Y-29.071429 Z0.078431 F1000
G01 X78.622449 Y-29.071429 Z0.117647 F1000
G01 X78.94898 Y-29.071429 Z0.117647 F1000
G01 X79.030612 Y-29.071429 Z0.156863 F1000
G01 X79.112245 Y-29.071429 Z0.235294 F1000
G01 X79.193878 Y-29.071429 Z0.627451 F1000
G01 X79.27551 Y-29.071429 Z0.627451 F1000
G01 X79.357143 Y-29.071429 Z0.901961 F1000
G01 X79.438776 Y-29.071429 Z0.901961 F1000
G01 X79.520408 Y-29.071429 Z6 F1000
G01 X79.602041 Y-29.071429 Z9.764706 F1000
G01 X79.683673 Y-29.071429 Z10 F1000
G01 X81.153061 Y-29.071429 Z10 F1000
G01 X81.234694 Y-29.071429 Z9.921569 F1000
G01 X81.397959 Y-29.071429 Z9.921569 F1000
G01 X81.479592 Y-29.071429 Z9.568627 F1000
G01 X99.520408 Y-29.071429 Z9.568627 F1000
G01 X99.520408 Y-29.153061 Z9.568627 F1000
G01 X99.520408 Y-29.234694 Z9.568627 F1000
G01 X99.520408 Y-29.316327 Z9.568627 F1000
G01 X99.520408 Y-29.397959 Z9.568627 F1000
G01 X99.520408 Y-29.479592 Z9.568627 F1000
G01 X99.520408 Y-29.561224 Z9.568627 F1000
G01 X99.520408 Y-29.642857 Z9.568627 F1000
G01 X82.132653 Y-29.642857 Z9.568627 F1000
G01 X82.05102 Y-29.642857 Z9.764706 F1000
G01 X81.969388 Y-29.642857 Z9.843137 F1000
G01 X81.887755 Y-29.642857 Z9.843137 F1000
G01 X81.806122 Y-29.642857 Z9.921569 F1000
G01 X81.642857 Y-29.642857 Z9.921569 F1000
G01 X81.561224 Y-29.642857 Z10 F1000
G01 X79.928571 Y-29.642857 Z10 F1000
G01 X79.846939 Y-29.642857 Z6.745098 F1000
G01 X79.765306 Y-29.642857 Z1.019608 F1000
G01 X79.602041 Y-29.642857 Z1.019608 F1000
G01 X79.520408 Y-29.642857 Z0.431373 F1000
G01 X79.438776 Y-29.642857 Z0.27451 F1000
G01 X79.27551 Y-29.642857 Z0.27451 F1000
G01 X79.193878 Y-29.642857 Z0.156863 F1000
G01 X79.112245 Y-29.642857 Z0.078431 F1000
G01 X76.908163 Y-29.642857 Z0.078431 F1000
G01 X76.826531 Y-29.642857 Z0.117647 F1000
G01 X76.744898 Y-29.642857 Z0.54902 F1000
G01 X76.336735 Y-29.642857 Z0.54902 F1000
G01 X76.255102 Y-29.642857 Z0.588235 F1000
G01 X76.173469 Y-29.642857 Z4.313725 F1000
G01 X76.091837 Y-29.642857 Z9.019608 F1000
G01 X76.010204 Y-29.642857 Z9.764706 F1000
G01 X75.928571 Y-29.642857 Z10 F1000
G01 X74.214286 Y-29.642857 Z10 F1000
G01 X74.132653 Y-29.642857 Z9.843137 F1000
G01 X74.05102 Y-29.642857 Z9.843137 F1000
G01 X73.969388 Y-29.642857 Z9.647059 F1000
G01 X73.887755 Y-29.642857 Z9.568627 F1000
G01 X25.969388 Y-29.642857 Z9.568627 F1000
G01 X25.887755 Y-29.642857 Z9.607843 F1000
G01 X25.806122 Y-29.642857 Z10 F1000
G01 X24.010204 Y-29.642857 Z10 F1000
G01 X23.928571 Y-29.642857 Z9.803922 F1000
G01 X23.846939 Y-29.642857 Z9.333333 F1000
G01 X23.765306 Y-29.642857 Z4.156863 F1000
G01 X23.683673 Y-29.642857 Z0.901961 F1000
G01 X23.520408 Y-29.642857 Z0.901961 F1000
G01 X23.438776 Y-29.642857 Z0.313725 F1000
G01 X23.112245 Y-29.642857 Z0.313725 F1000
G01 X23.030612 Y-29.642857 Z0.117647 F1000
G01 X22.94898 Y-29.642857 Z0.078431 F1000
G01 X20.744898 Y-29.642857 Z0.078431 F1000
G01 X20.663265 Y-29.642857 Z0.509804 F1000
G01 X20.581633 Y-29.642857 Z0.666667 F1000
G01 X20.173469 Y-29.642857 Z0.666667 F1000
G01 X20.091837 Y-29.642857 Z6.588235 F1000
G01 X20.010204 Y-29.642857 Z10 F1000
G01 X18.132653 Y-29.642857 Z10 F1000
G01 X18.05102 Y-29.642857 Z9.764706 F1000
G01 X17.887755 Y-29.642857 Z9.764706 F1000
G01 X17.806122 Y-29.642857 Z9.647059 F1000
G01 X17.72449 Y-29.642857 Z9.568627 F1000
G01 X0.418367 Y-29.642857 Z9.568627 F1000
G01 X0.418367 Y-29.72449 Z9.568627 F1000
G01 X0.418367 Y-29.806122 Z9.568627 F1000
G01 X0.418367 Y-29.887755 Z9.568627 F1000
G01 X0.418367 Y-29.969388 Z9.568627 F1000
G01 X0.418367 Y-30.05102 Z9.568627 F1000
G01 X0.418367 Y-30.132653 Z9.568627 F1000
G01 X0.418367 Y-30.214286 Z9.568627 F1000
G01 X17.72449 Y-30.214286 Z9.568627 F1000
G01 X17.806122 Y-30.214286 Z9.921569 F1000
G01 X17.887755 Y-30.214286 Z9.921569 F1000
G01 X17.969388 Y-30.214286 Z9.960784 F1000
G01 X18.05102 Y-30.214286 Z9.960784 F1000
G01 X18.132653 Y-30.214286 Z10 F1000
G01 X19.683673 Y-30.214286 Z10 F1000
G01 X19.765306 Y-30.214286 Z6.352941 F1000
G01 X19.846939 Y-30.214286 Z0.823529 F1000
G01 X19.928571 Y-30.214286 Z0.823529 F1000
G01 X20.010204 Y-30.214286 Z0.627451 F1000
G01 X20.091837 Y-30.214286 Z0.156863 F1000
G01 X20.173469 Y-30.214286 Z0.117647 F1000
G01 X20.418367 Y-30.214286 Z0.117647 F1000
G01 X20.5 Y-30.214286 Z0.078431 F1000
G01 X22.540816 Y-30.214286 Z0.078431 F1000
G01 X22.622449 Y-30.214286 Z0.117647 F1000
G01 X22.94898 Y-30.214286 Z0.117647 F1000
G01 X23.030612 Y-30.214286 Z0.431373 F1000
G01 X23.193878 Y-30.214286 Z0.431373 F1000
G01 X23.27551 Y-30.214286 Z0.54902 F1000
G01 X23.357143 Y-30.214286 Z0.784314 F1000
G01 X23.438776 Y-30.214286 Z4.431373 F1000
G01 X23.520408 Y-30.214286 Z9.215686 F1000
G01 X23.602041 Y-30.214286 Z9.921569 F1000
G01 X23.683673 Y-30.214286 Z9.921569 F1000
G01 X23.765306 Y-30.214286 Z10 F1000
G01 X25.071429 Y-30.214286 Z10 F1000
G01 X25.153061 Y-30.214286 Z9.882353 F1000
G01 X25.234694 Y-30.214286 Z9.882353 F1000
G01 X25.316327 Y-30.214286 Z9.647059 F1000
G01 X25.479592 Y-30.214286 Z9.647059 F1000
G01 X25.561224 Y-30.214286 Z9.607843 F1000
G01 X25.642857 Y-30.214286 Z9.607843 F1000
G01 X25.72449 Y-30.214286 Z9.568627 F1000
G01 X74.540816 Y-30.214286 Z9.568627 F1000
G01 X74.622449 Y-30.214286 Z9.72549 F1000
G01 X74.704082 Y-30.214286 Z10 F1000
G01 X76.418367 Y-30.214286 Z10 F1000
G01 X76.5 Y-30.214286 Z3.72549 F1000
G01 X76.581633 Y-30.214286 Z0.705882 F1000
G01 X76.663265 Y-30.214286 Z0.54902 F1000
G01 X76.744898 Y-30.214286 Z0.54902 F1000
G01 X76.826531 Y-30.214286 Z0.392157 F1000
G01 X76.908163 Y-30.214286 Z0.078431 F1000
G01 X79.357143 Y-30.214286 Z0.078431 F1000
G01 X79.438776 Y-30.214286 Z0.117647 F1000
G01 X79.683673 Y-30.214286 Z0.117647 F1000
G01 X79.765306 Y-30.214286 Z0.156863 F1000
G01 X79.846939 Y-30.214286 Z0.196078 F1000
G01 X79.928571 Y-30.214286 Z0.470588 F1000
G01 X80.010204 Y-30.214286 Z0.470588 F1000
G01 X80.091837 Y-30.214286 Z0.745098 F1000
G01 X80.173469 Y-30.214286 Z6.784314 F1000
G01 X80.255102 Y-30.214286 Z9.882353 F1000
G01 X80.336735 Y-30.214286 Z9.882353 F1000
G01 X80.418367 Y-30.214286 Z10 F1000
G01 X81.969388 Y-30.214286 Z10 F1000
G01 X82.05102 Y-30.214286 Z9.803922 F1000
G01 X82.132653 Y-30.214286 Z9.568627 F1000
G01 X99.520408 Y-30.214286 Z9.568627 F1000
G01 X99.520408 Y-30.295918 Z9.568627 F1000
G01 X99.520408 Y-30.377551 Z9.568627 F1000
G01 X99.520408 Y-30.459184 Z9.568627 F1000
G01 X99.520408 Y-30.540816 Z9.568627 F1000
G01 X99.520408 Y-30.622449 Z9.568627 F1000
G01 X99.520408 Y-30.704082 Z9.568627 F1000
G01 X99.520408 Y-30.785714 Z9.568627 F1000
G01 X82.132653 Y-30.785714 Z9.568627 F1000
G01 X82.05102 Y-30.785714 Z10 F1000
G01 X80.581633 Y-30.785714 Z10 F1000
G01 X80.5 Y-30.785714 Z6.117647 F1000
G01 X80.418367 Y-30.785714 Z0.470588 F1000
G01 X80.255102 Y-30.785714 Z0.470588 F1000
G01 X80.173469 Y-30.785714 Z0.352941 F1000
G01 X79.928571 Y-30.785714 Z0.352941 F1000
G01 X79.846939 Y-30.785714 Z0.156863 F1000
G01 X79.765306 Y-30.785714 Z0.078431 F1000
G01 X77.397959 Y-30.785714 Z0.078431 F1000
G01 X77.316327 Y-30.785714 Z0.117647 F1000
G01 X77.234694 Y-30.785714 Z0.156863 F1000
G01 X77.153061 Y-30.785714 Z0.196078 F1000
G01 X77.071429 Y-30.785714 Z0.196078 F1000
G01 X76.989796 Y-30.785714 Z0.235294 F1000
G01 X76.908163 Y-30.785714 Z0.27451 F1000
G01 X76.826531 Y-30.785714 Z3.137255 F1000
G01 X76.744898 Y-30.785714 Z10 F1000
G01 X75.357143 Y-30.785714 Z10 F1000
G01 X75.27551 Y-30.785714 Z9.843137 F1000
G01 X75.112245 Y-30.785714 Z9.843137 F1000
G01 X75.030612 Y-30.785714 Z9.803922 F1000
G01 X74.867347 Y-30.785714 Z9.803922 F1000
G01 X74.785714 Y-30.785714 Z9.72549 F1000
G01 X74.622449 Y-30.785714 Z9.72549 F1000
G01 X74.540816 Y-30.785714 Z9.568627 F1000
G01 X25.316327 Y-30.785714 Z9.568627 F1000
G01 X25.234694 Y-30.785714 Z9.882353 F1000
G01 X25.071429 Y-30.785714 Z9.882353 F1000
G01 X24.989796 Y-30.785714 Z9.960784 F1000
G01 X24.826531 Y-30.785714 Z9.960784 F1000
G01 X24.744898 Y-30.785714 Z10 F1000
G01 X23.193878 Y-30.785714 Z10 F1000
G01 X23.112245 Y-30.785714 Z3.960784 F1000
G01 X23.030612 Y-30.785714 Z0.470588 F1000
G01 X22.94898 Y-30.785714 Z0.392157 F1000
G01 X22.867347 Y-30.785714 Z0.313725 F1000
G01 X22.785714 Y-30.785714 Z0.196078 F1000
G01 X22.704082 Y-30.785714 Z0.117647 F1000
G01 X22.377551 Y-30.785714 Z0.117647 F1000
G01 X22.295918 Y-30.785714 Z0.078431 F1000
G01 X20.091837 Y-30.785714 Z0.078431 F1000
G01 X20.010204 Y-30.785714 Z0.470588 F1000
G01 X19.602041 Y-30.785714 Z0.470588 F1000
G01 X19.520408 Y-30.785714 Z0.745098 F1000
G01 X19.438776 Y-30.785714 Z5.921569 F1000
G01 X19.357143 Y-30.785714 Z10 F1000
G01 X17.887755 Y-30.785714 Z10 F1000
G01 X17.806122 Y-30.785714 Z9.921569 F1000
G01 X17.72449 Y-30.785714 Z9.568627 F1000
G01 X0.418367 Y-30.785714 Z9.568627 F1000
G01 X0.418367 Y-30.867347 Z9.568627 F1000
G01 X0.418367 Y-30.94898 Z9.568627 F1000
G01 X0.418367 Y-31.030612 Z9.568627 F1000
G01 X0.418367 Y-31.112245 Z9.568627 F1000
G01 X0.418367 Y-31.193878 Z9.568627 F1000
G01 X0.418367 Y-31.27551 Z9.568627 F1000
G01 X0.418367 Y-31.357143 Z9.568627 F1000
G01 X17.071429 Y-31.357143 Z9.568627 F1000
G01 X17.153061 Y-31.357143 Z9.72549 F1000
G01 X17.234694 Y-31.357143 Z10 F1000
G01 X19.030612 Y-31.357143 Z10 F1000
G01 X19.112245 Y-31.357143 Z6.470588 F1000
G01 X19.193878 Y-31.357143 Z1.058824 F1000
G01 X19.27551 Y-31.357143 Z0.666667 F1000
G01 X19.357143 Y-31.357143 Z0.313725 F1000
G01 X19.438776 Y-31.357143 Z0.156863 F1000
G01 X20.010204 Y-31.357143 Z0.156863 F1000
G01 X20.091837 Y-31.357143 Z0.078431 F1000
G01 X22.295918 Y-31.357143 Z0.078431 F1000
G01 X22.377551 Y-31.357143 Z0.235294 F1000
G01 X22.459184 Y-31.357143 Z0.784314 F1000
G01 X22.704082 Y-31.357143 Z0.784314 F1000
G01 X22.785714 Y-31.357143 Z3.529412 F1000
G01 X22.867347 Y-31.357143 Z9.529412 F1000
G01 X22.94898 Y-31.357143 Z9.764706 F1000
G01 X23.030612 Y-31.357143 Z9.803922 F1000
G01 X23.112245 Y-31.357143 Z10 F1000
G01 X24.418367 Y-31.357143 Z10 F1000
G01 X24.5 Y-31.357143 Z9.882353 F1000
G01 X24.581633 Y-31.357143 Z9.882353 F1000
G01 X24.663265 Y-31.357143 Z9.568627 F1000
G01 X75.193878 Y-31.357143 Z9.568627 F1000
G01 X75.27551 Y-31.357143 Z9.803922 F1000
G01 X75.357143 Y-31.357143 Z9.882353 F1000
G01 X75.438776 Y-31.357143 Z9.882353 F1000
G01 X75.520408 Y-31.357143 Z10 F1000
G01 X76.908163 Y-31.357143 Z10 F1000
G01 X76.989796 Y-31.357143 Z9.921569 F1000
G01 X77.071429 Y-31.357143 Z9.490196 F1000
G01 X77.153061 Y-31.357143 Z3.803922 F1000
G01 X77.234694 Y-31.357143 Z0.627451 F1000
G01 X77.479592 Y-31.357143 Z0.627451 F1000
G01 X77.561224 Y-31.357143 Z0.078431 F1000
G01 X80.255102 Y-31.357143 Z0.078431 F1000
G01 X80.336735 Y-31.357143 Z0.156863 F1000
G01 X80.418367 Y-31.357143 Z0.156863 F1000
G01 X80.5 Y-31.357143 Z0.392157 F1000
G01 X80.581633 Y-31.357143 Z0.392157 F1000
G01 X80.663265 Y-31.357143 Z0.431373 F1000
G01 X80.744898 Y-31.357143 Z0.666667 F1000
G01 X80.826531 Y-31.357143 Z6.509804 F1000
G01 X80.908163 Y-31.357143 Z10 F1000
G01 X82.622449 Y-31.357143 Z10 F1000
G01 X82.704082 Y-31.357143 Z9.803922 F1000
G01 X82.785714 Y-31.357143 Z9.568627 F1000
G01 X99.520408 Y-31.357143 Z9.568627 F1000
G01 X99.520408 Y-31.438776 Z9.568627 F1000
G01 X99.520408 Y-31.520408 Z9.568627 F1000
G01 X99.520408 Y-31.602041 Z9.568627 F1000
G01 X99.520408 Y-31.683673 Z9.568627 F1000
G01 X99.520408 Y-31.765306 Z9.568627 F1000
G01 X99.520408 Y-31.846939 Z9.568627 F1000
G01 X99.520408 Y-31.928571 Z9.568627 F1000
G01 X83.438776 Y-31.928571 Z9.568627 F1000
G01 X83.357143 Y-31.928571 Z9.647059 F1000
G01 X83.27551 Y-31.928571 Z9.764706 F1000
G01 X83.193878 Y-31.928571 Z9.882353 F1000
G01 X83.030612 Y-31.928571 Z9.882353 F1000
G01 X82.94898 Y-31.928571 Z9.921569 F1000
G01 X82.867347 Y-31.928571 Z9.921569 F1000
G01 X82.785714 Y-31.928571 Z10 F1000
G01 X81.234694 Y-31.928571 Z10 F1000
G01 X81.153061 Y-31.928571 Z5.960784 F1000
G01 X81.071429 Y-31.928571 Z0.627451 F1000
G01 X80.989796 Y-31.928571 Z0.588235 F1000
G01 X80.908163 Y-31.928571 Z0.588235 F1000
G01 X80.826531 Y-31.928571 Z0.352941 F1000
G01 X80.744898 Y-31.928571 Z0.352941 F1000
G01 X80.663265 Y-31.928571 Z0.235294 F1000
G01 X80.5 Y-31.928571 Z0.235294 F1000
G01 X80.418367 Y-31.928571 Z0.078431 F1000
G01 X78.214286 Y-31.928571 Z0.078431 F1000
G01 X78.132653 Y-31.928571 Z0.431373 F1000
G01 X77.561224 Y-31.928571 Z0.431373 F1000
G01 X77.479592 Y-31.928571 Z3.960784 F1000
G01 X77.397959 Y-31.928571 Z9.686275 F1000
G01 X77.316327 Y-31.928571 Z10 F1000
G01 X75.928571 Y-31.928571 Z10 F1000
G01 X75.846939 Y-31.928571 Z9.803922 F1000
G01 X75.602041 Y-31.928571 Z9.803922 F1000
G01 X75.520408 Y-31.928571 Z9.72549 F1000
G01 X75.27551 Y-31.928571 Z9.72549 F1000
G01 X75.193878 Y-31.928571 Z9.568627 F1000
G01 X24.663265 Y-31.928571 Z9.568627 F1000
G01 X24.581633 Y-31.928571 Z9.882353 F1000
G01 X24.173469 Y-31.928571 Z9.882353 F1000
G01 X24.091837 Y-31.928571 Z10 F1000
G01 X22.540816 Y-31.928571 Z10 F1000
G01 X22.459184 Y-31.928571 Z3.843137 F1000
G01 X22.377551 Y-31.928571 Z0.470588 F1000
G01 X22.295918 Y-31.928571 Z0.156863 F1000
G01 X22.132653 Y-31.928571 Z0.156863 F1000
G01 X22.05102 Y-31.928571 Z0.117647 F1000
G01 X21.969388 Y-31.928571 Z0.117647 F1000
G01 X21.887755 Y-31.928571 Z0.078431 F1000
G01 X19.438776 Y-31.928571 Z0.078431 F1000
G01 X19.357143 Y-31.928571 Z0.313725 F1000
G01 X19.27551 Y-31.928571 Z0.431373 F1000
G01 X19.193878 Y-31.928571 Z0.627451 F1000
G01 X19.030612 Y-31.928571 Z0.627451 F1000
G01 X18.94898 Y-31.928571 Z0.705882 F1000
G01 X18.867347 Y-31.928571 Z0.901961 F1000
G01 X18.785714 Y-31.928571 Z5.882353 F1000
G01 X18.704082 Y-31.928571 Z10 F1000
G01 X17.153061 Y-31.928571 Z10 F1000
G01 X17.071429 Y-31.928571 Z9.568627 F1000
G01 X0.418367 Y-31.928571 Z9.568627 F1000
G01 X0.418367 Y-32.010204 Z9.568627 F1000
G01 X0.418367 Y-32.091837 Z9.568627 F1000
G01 X0.418367 Y-32.173469 Z9.568627 F1000
G01 X0.418367 Y-32.255102 Z9.568627 F1000
G01 X0.418367 Y-32.336735 Z9.568627 F1000
G01 X0.418367 Y-32.418367 Z9.568627 F1000
G01 X0.418367 Y-32.5 Z9.568627 F1000
G01 X16.418367 Y-32.5 Z9.568627 F1000
G01 X16.5 Y-32.5 Z9.686275 F1000
G01 X16.581633 Y-32.5 Z9.764706 F1000
G01 X16.744898 Y-32.5 Z9.764706 F1000
G01 X16.826531 Y-32.5 Z10 F1000
G01 X18.377551 Y-32.5 Z10 F1000
G01 X18.459184 Y-32.5 Z6.470588 F1000
G01 X18.540816 Y-32.5 Z0.666667 F1000
G01 X18.622449 Y-32.5 Z0.666667 F1000
G01 X18.704082 Y-32.5 Z0.588235 F1000
G01 X18.785714 Y-32.5 Z0.117647 F1000
G01 X19.357143 Y-32.5 Z0.117647 F1000
G01 X19.438776 Y-32.5 Z0.078431 F1000
G01 X21.642857 Y-32.5 Z0.078431 F1000
G01 X21.72449 Y-32.5 Z0.470588 F1000
G01 X21.887755 Y-32.5 Z0.470588 F1000
G01 X21.969388 Y-32.5 Z0.823529 F1000
G01 X22.05102 Y-32.5 Z0.823529 F1000
G01 X22.132653 Y-32.5 Z3.568627 F1000
G01 X22.214286 Y-32.5 Z10 F1000
G01 X23.765306 Y-32.5 Z10 F1000
G01 X23.846939 Y-32.5 Z9.882353 F1000
G01 X23.928571 Y-32.5 Z9.882353 F1000
G01 X24.010204 Y-32.5 Z9.568627 F1000
G01 X75.846939 Y-32.5 Z9.568627 F1000
G01 X75.928571 Y-32.5 Z9.843137 F1000
G01 X76.010204 Y-32.5 Z9.960784 F1000
G01 X76.091837 Y-32.5 Z10 F1000
G01 X77.72449 Y-32.5 Z10 F1000
G01 X77.806122 Y-32.5 Z3.607843 F1000
G01 X77.887755 Y-32.5 Z0.627451 F1000
G01 X77.969388 Y-32.5 Z0.470588 F1000
G01 X78.05102 Y-32.5 Z0.470588 F1000
G01 X78.132653 Y-32.5 Z0.431373 F1000
G01 X78.214286 Y-32.5 Z0.078431 F1000
G01 X81.071429 Y-32.5 Z0.078431 F1000
G01 X81.153061 Y-32.5 Z0.431373 F1000
G01 X81.234694 Y-32.5 Z0.431373 F1000
G01 X81.316327 Y-32.5 Z0.509804 F1000
G01 X81.397959 Y-32.5 Z0.509804 F1000
G01 X81.479592 Y-32.5 Z6.352941 F1000
G01 X81.561224 Y-32.5 Z10 F1000
G01 X83.112245 Y-32.5 Z10 F1000
G01 X83.193878 Y-32.5 Z9.882353 F1000
G01 X83.27551 Y-32.5 Z9.764706 F1000
G01 X83.357143 Y-32.5 Z9.647059 F1000
G01 X83.438776 Y-32.5 Z9.568627 F1000
G01 X99.520408 Y-32.5 Z9.568627 F1000
G01 X99.520408 Y-32.581633 Z9.568627 F1000
G01 X99.520408 Y-32.663265 Z9.568627 F1000
G01 X99.520408 Y-32.744898 Z9.568627 F1000
G01 X99.520408 Y-32.826531 Z9.568627 F1000
G01 X99.520408 Y-32.908163 Z9.568627 F1000
G01 X99.520408 Y-32.989796 Z9.568627 F1000
G01 X99.520408 Y-33.071429 Z9.568627 F1000
G01 X84.091837 Y-33.071429 Z9.568627 F1000
G01 X84.010204 Y-33.071429 Z10 F1000
G01 X81.887755 Y-33.071429 Z10 F1000
G01 X81.806122 Y-33.071429 Z7.411765 F1000
G01 X81.72449 Y-33.071429 Z0.588235 F1000
G01 X81.642857 Y-33.071429 Z0.588235 F1000
G01 X81.561224 Y-33.071429 Z0.431373 F1000
G01 X81.479592 Y-33.071429 Z0.431373 F1000
G01 X81.397959 Y-33.071429 Z0.196078 F1000
G01 X81.153061 Y-33.071429 Z0.196078 F1000
G01 X81.071429 Y-33.071429 Z0.078431 F1000
G01 X78.785714 Y-33.071429 Z0.078431 F1000
G01 X78.704082 Y-33.071429 Z0.117647 F1000
G01 X78.622449 Y-33.071429 Z0.392157 F1000
G01 X78.540816 Y-33.071429 Z0.470588 F1000
G01 X78.459184 Y-33.071429 Z0.470588 F1000
G01 X78.377551 Y-33.071429 Z0.588235 F1000
G01 X78.295918 Y-33.071429 Z1.568627 F1000
G01 X78.214286 Y-33.071429 Z1.568627 F1000
G01 X78.132653 Y-33.071429 Z4.196078 F1000
G01 X78.05102 Y-33.071429 Z9.529412 F1000
G01 X77.969388 Y-33.071429 Z10 F1000
G01 X76.5 Y-33.071429 Z10 F1000
G01 X76.418367 Y-33.071429 Z9.960784 F1000
G01 X76.010204 Y-33.071429 Z9.960784 F1000
G01 X75.928571 Y-33.071429 Z9.568627 F1000
G01 X23.928571 Y-33.071429 Z9.568627 F1000
G01 X23.846939 Y-33.071429 Z9.607843 F1000
G01 X23.765306 Y-33.071429 Z9.764706 F1000
G01 X23.683673 Y-33.071429 Z9.764706 F1000
G01 X23.602041 Y-33.071429 Z9.960784 F1000
G01 X23.520408 Y-33.071429 Z9.960784 F1000
G01 X23.438776 Y-33.071429 Z10 F1000
G01 X21.969388 Y-33.071429 Z10 F1000
G01 X21.887755 Y-33.071429 Z9.921569 F1000
G01 X21.806122 Y-33.071429 Z4.313725 F1000
G01 X21.72449 Y-33.071429 Z0.627451 F1000
G01 X21.234694 Y-33.071429 Z0.627451 F1000
G01 X21.153061 Y-33.071429 Z0.313725 F1000
G01 X21.071429 Y-33.071429 Z0.313725 F1000
G01 X20.989796 Y-33.071429 Z0.078431 F1000
G01 X19.438776 Y-33.071429 Z0.078431 F1000
G01 X19.357143 Y-33.071429 Z0.117647 F1000
G01 X18.785714 Y-33.071429 Z0.117647 F1000
G01 X18.704082 Y-33.071429 Z0.313725 F1000
G01 X18.622449 Y-33.071429 Z0.313725 F1000
G01 X18.540816 Y-33.071429 Z0.509804 F1000
G01 X18.295918 Y-33.071429 Z0.509804 F1000
G01 X18.214286 Y-33.071429 Z0.588235 F1000
G01 X18.132653 Y-33.071429 Z6.901961 F1000
G01 X18.05102 Y-33.071429 Z9.568627 F1000
G01 X17.969388 Y-33.071429 Z10 F1000
G01 X16.5 Y-33.071429 Z10 F1000
G01 X16.418367 Y-33.071429 Z9.960784 F1000
G01 X15.846939 Y-33.071429 Z9.960784 F1000
G01 X15.765306 Y-33.071429 Z9.568627 F1000
G01 X0.418367 Y-33.071429 Z9.568627 F1000
G01 X0.418367 Y-33.153061 Z9.568627 F1000
G01 X0.418367 Y-33.234694 Z9.568627 F1000
G01 X0.418367 Y-33.316327 Z9.568627 F1000
G01 X0.418367 Y-33.397959 Z9.568627 F1000
G01 X0.418367 Y-33.479592 Z9.568627 F1000
G01 X0.418367 Y-33.561224 Z9.568627 F1000
G01 X0.418367 Y-33.642857 Z9.568627 F1000
G01 X15.357143 Y-33.642857 Z9.568627 F1000
G01 X15.438776 Y-33.642857 Z9.607843 F1000
G01 X15.765306 Y-33.642857 Z9.607843 F1000
G01 X15.846939 Y-33.642857 Z9.960784 F1000
G01 X16.091837 Y-33.642857 Z9.960784 F1000
G01 X16.173469 Y-33.642857 Z10 F1000
G01 X17.479592 Y-33.642857 Z10 F1000
G01 X17.561224 Y-33.642857 Z9.803922 F1000
G01 X17.72449 Y-33.642857 Z9.803922 F1000
G01 X17.806122 Y-33.642857 Z6.117647 F1000
G01 X17.887755 Y-33.642857 Z0.941176 F1000
G01 X17.969388 Y-33.642857 Z0.666667 F1000
G01 X18.05102 Y-33.642857 Z0.588235 F1000
G01 X18.132653 Y-33.642857 Z0.156863 F1000
G01 X18.704082 Y-33.642857 Z0.156863 F1000
G01 X18.785714 Y-33.642857 Z0.078431 F1000
G01 X20.989796 Y-33.642857 Z0.078431 F1000
G01 X21.071429 Y-33.642857 Z0.313725 F1000
G01 X21.153061 Y-33.642857 Z0.509804 F1000
G01 X21.234694 Y-33.642857 Z0.627451 F1000
G01 X21.316327 Y-33.642857 Z0.627451 F1000
G01 X21.397959 Y-33.642857 Z1.098039 F1000
G01 X21.479592 Y-33.642857 Z3.45098 F1000
G01 X21.561224 Y-33.642857 Z10 F1000
G01 X23.193878 Y-33.642857 Z10 F1000
G01 X23.27551 Y-33.642857 Z9.764706 F1000
G01 X23.357143 Y-33.642857 Z9.607843 F1000
G01 X23.846939 Y-33.642857 Z9.607843 F1000
G01 X23.928571 Y-33.642857 Z9.568627 F1000
G01 X76.5 Y-33.642857 Z9.568627 F1000
G01 X76.581633 Y-33.642857 Z10 F1000
G01 X78.295918 Y-33.642857 Z10 F1000
G01 X78.377551 Y-33.642857 Z9.960784 F1000
G01 X78.459184 Y-33.642857 Z3.686275 F1000
G01 X78.540816 Y-33.642857 Z1.098039 F1000
G01 X78.622449 Y-33.642857 Z1.098039 F1000
G01 X78.704082 Y-33.642857 Z0.54902 F1000
G01 X78.785714 Y-33.642857 Z0.313725 F1000
G01 X78.867347 Y-33.642857 Z0.078431 F1000
G01 X81.071429 Y-33.642857 Z0.078431 F1000
G01 X81.153061 Y-33.642857 Z0.156863 F1000
G01 X81.72449 Y-33.642857 Z0.156863 F1000
G01 X81.806122 Y-33.642857 Z0.352941 F1000
G01 X81.887755 Y-33.642857 Z0.470588 F1000
G01 X81.969388 Y-33.642857 Z0.705882 F1000
G01 X82.05102 Y-33.642857 Z0.745098 F1000
G01 X82.132653 Y-33.642857 Z6.352941 F1000
G01 X82.214286 Y-33.642857 Z9.686275 F1000
G01 X82.295918 Y-33.642857 Z9.921569 F1000
G01 X82.377551 Y-33.642857 Z9.921569 F1000
G01 X82.459184 Y-33.642857 Z10 F1000
G01 X84.010204 Y-33.642857 Z10 F1000
G01 X84.091837 Y-33.642857 Z9.568627 F1000
G01 X99.520408 Y-33.642857 Z9.568627 F1000
G01 X99.520408 Y-33.72449 Z9.568627 F1000
G01 X99.520408 Y-33.806122 Z9.568627 F1000
G01 X99.520408 Y-33.887755 Z9.568627 F1000
G01 X99.520408 Y-33.969388 Z9.568627 F1000
G01 X99.520408 Y-34.05102 Z9.568627 F1000
G01 X99.520408 Y-34.132653 Z9.568627 F1000
G01 X99.520408 Y-34.214286 Z9.568627 F1000
G01 X84.663265 Y-34.214286 Z9.568627 F1000
G01 X84.581633 Y-34.214286 Z9.607843 F1000
G01 X84.5 Y-34.214286 Z9.647059 F1000
G01 X84.418367 Y-34.214286 Z9.72549 F1000
G01 X84.336735 Y-34.214286 Z9.843137 F1000
G01 X84.255102 Y-34.214286 Z9.921569 F1000
G01 X84.173469 Y-34.214286 Z9.960784 F1000
G01 X84.091837 Y-34.214286 Z10 F1000
G01 X82.540816 Y-34.214286 Z10 F1000
G01 X82.459184 Y-34.214286 Z6.27451 F1000
G01 X82.377551 Y-34.214286 Z0.862745 F1000
G01 X82.214286 Y-34.214286 Z0.862745 F1000
G01 X82.132653 Y-34.214286 Z0.352941 F1000
G01 X81.887755 Y-34.214286 Z0.352941 F1000
G01 X81.806122 Y-34.214286 Z0.235294 F1000
G01 X81.72449 Y-34.214286 Z0.078431 F1000
G01 X79.520408 Y-34.214286 Z0.078431 F1000
G01 X79.438776 Y-34.214286 Z0.27451 F1000
G01 X79.357143 Y-34.214286 Z0.27451 F1000
G01 X79.27551 Y-34.214286 Z0.313725 F1000
G01 X79.193878 Y-34.214286 Z0.352941 F1000
G01 X79.112245 Y-34.214286 Z0.392157 F1000
G01 X79.030612 Y-34.214286 Z0.470588 F1000
G01 X78.94898 Y-34.214286 Z0.862745 F1000
G01 X78.867347 Y-34.214286 Z0.862745 F1000
G01 X78.785714 Y-34.214286 Z3.960784 F1000
G01 X78.704082 Y-34.214286 Z8.745098 F1000
G01 X78.622449 Y-34.214286 Z9.960784 F1000
G01 X78.377551 Y-34.214286 Z9.960784 F1000
G01 X78.295918 Y-34.214286 Z10 F1000
G01 X76.826531 Y-34.214286 Z10 F1000
G01 X76.744898 Y-34.214286 Z9.882353 F1000
G01 X76.663265 Y-34.214286 Z9.882353 F1000
G01 X76.581633 Y-34.214286 Z9.647059 F1000
G01 X76.5 Y-34.214286 Z9.568627 F1000
G01 X23.357143 Y-34.214286 Z9.568627 F1000
G01 X23.27551 Y-34.214286 Z9.764706 F1000
G01 X23.193878 Y-34.214286 Z10 F1000
G01 X21.479592 Y-34.214286 Z10 F1000
G01 X21.397959 Y-34.214286 Z9.882353 F1000
G01 X21.316327 Y-34.214286 Z9.882353 F1000
G01 X21.234694 Y-34.214286 Z9.098039 F1000
G01 X21.153061 Y-34.214286 Z3.960784 F1000
G01 X21.071429 Y-34.214286 Z0.784314 F1000
G01 X20.989796 Y-34.214286 Z0.784314 F1000
G01 X20.908163 Y-34.214286 Z0.745098 F1000
G01 X20.826531 Y-34.214286 Z0.588235 F1000
G01 X20.744898 Y-34.214286 Z0.588235 F1000
G01 X20.663265 Y-34.214286 Z0.392157 F1000
G01 X20.5 Y-34.214286 Z0.392157 F1000
G01 X20.418367 Y-34.214286 Z0.117647 F1000
G01 X20.336735 Y-34.214286 Z0.078431 F1000
G01 X18.132653 Y-34.214286 Z0.078431 F1000
G01 X18.05102 Y-34.214286 Z0.588235 F1000
G01 X17.969388 Y-34.214286 Z0.627451 F1000
G01 X17.561224 Y-34.214286 Z0.627451 F1000
G01 X17.479592 Y-34.214286 Z6.27451 F1000
G01 X17.397959 Y-34.214286 Z10 F1000
G01 X15.520408 Y-34.214286 Z10 F1000
G01 X15.438776 Y-34.214286 Z9.764706 F1000
G01 X15.27551 Y-34.214286 Z9.764706 F1000
G01 X15.193878 Y-34.214286 Z9.72549 F1000
G01 X15.112245 Y-34.214286 Z9.568627 F1000
G01 X0.418367 Y-34.214286 Z9.568627 F1000
G01 X0.418367 Y-34.295918 Z9.568627 F1000
G01 X0.418367 Y-34.377551 Z9.568627 F1000
G01 X0.418367 Y-34.459184 Z9.568627 F1000
G01 X0.418367 Y-34.540816 Z9.568627 F1000
G01 X0.418367 Y-34.622449 Z9.568627 F1000
G01 X0.418367 Y-34.704082 Z9.568627 F1000
G01 X0.418367 Y-34.785714 Z9.568627 F1000
G01 X15.112245 Y-34.785714 Z9.568627 F1000
G01 X15.193878 Y-34.785714 Z9.843137 F1000
G01 X15.27551 Y-34.785714 Z9.882353 F1000
G01 X15.357143 Y-34.785714 Z10 F1000
G01 X16.908163 Y-34.785714 Z10 F1000
G01 X16.989796 Y-34.785714 Z9.921569 F1000
G01 X17.071429 Y-34.785714 Z9.921569 F1000
G01 X17.153061 Y-34.785714 Z6.196078 F1000
G01 X17.234694 Y-34.785714 Z0.588235 F1000
G01 X17.316327 Y-34.785714 Z0.509804 F1000
G01 X17.397959 Y-34.785714 Z0.431373 F1000
G01 X17.479592 Y-34.785714 Z0.27451 F1000
G01 X17.561224 Y-34.785714 Z0.156863 F1000
G01 X17.642857 Y-34.785714 Z0.117647 F1000
G01 X17.969388 Y-34.785714 Z0.117647 F1000
G01 X18.05102 Y-34.785714 Z0.078431 F1000
G01 X20.173469 Y-34.785714 Z0.078431 F1000
G01 X20.255102 Y-34.785714 Z0.117647 F1000
G01 X20.336735 Y-34.785714 Z0.196078 F1000
G01 X20.418367 Y-34.785714 Z0.196078 F1000
G01 X20.5 Y-34.785714 Z0.509804 F1000
G01 X20.581633 Y-34.785714 Z0.509804 F1000
G01 X20.663265 Y-34.785714 Z0.627451 F1000
G01 X20.744898 Y-34.785714 Z0.627451 F1000
G01 X20.826531 Y-34.785714 Z4.431373 F1000
G01 X20.908163 Y-34.785714 Z9.294118 F1000
G01 X20.989796 Y-34.785714 Z9.72549 F1000
G01 X21.071429 Y-34.785714 Z9.921569 F1000
G01 X21.153061 Y-34.785714 Z9.960784 F1000
G01 X21.397959 Y-34.785714 Z9.960784 F1000
G01 X21.479592 Y-34.785714 Z10 F1000
G01 X22.459184 Y-34.785714 Z10 F1000
G01 X22.540816 Y-34.785714 Z9.843137 F1000
G01 X22.622449 Y-34.785714 Z9.843137 F1000
G01 X22.704082 Y-34.785714 Z9.568627 F1000
G01 X77.153061 Y-34.785714 Z9.568627 F1000
G01 X77.234694 Y-34.785714 Z9.72549 F1000
G01 X77.316327 Y-34.785714 Z9.882353 F1000
G01 X77.561224 Y-34.785714 Z9.882353 F1000
G01 X77.642857 Y-34.785714 Z9.960784 F1000
G01 X77.969388 Y-34.785714 Z9.960784 F1000
G01 X78.05102 Y-34.785714 Z10 F1000
G01 X79.030612 Y-34.785714 Z10 F1000
G01 X79.112245 Y-34.785714 Z3.372549 F1000
G01 X79.193878 Y-34.785714 Z0.705882 F1000
G01 X79.357143 Y-34.785714 Z0.705882 F1000
G01 X79.438776 Y-34.785714 Z0.27451 F1000
G01 X79.520408 Y-34.785714 Z0.156863 F1000
G01 X79.928571 Y-34.785714 Z0.156863 F1000
G01 X80.010204 Y-34.785714 Z0.117647 F1000
G01 X80.091837 Y-34.785714 Z0.078431 F1000
G01 X82.377551 Y-34.785714 Z0.078431 F1000
G01 X82.459184 Y-34.785714 Z0.392157 F1000
G01 X82.540816 Y-34.785714 Z0.588235 F1000
G01 X82.622449 Y-34.785714 Z0.588235 F1000
G01 X82.704082 Y-34.785714 Z1.019608 F1000
G01 X82.785714 Y-34.785714 Z6.745098 F1000
G01 X82.867347 Y-34.785714 Z9.686275 F1000
G01 X82.94898 Y-34.785714 Z9.686275 F1000
G01 X83.030612 Y-34.785714 Z10 F1000
G01 X84.581633 Y-34.785714 Z10 F1000
G01 X84.663265 Y-34.785714 Z9.647059 F1000
G01 X84.744898 Y-34.785714 Z9.568627 F1000
G01 X99.520408 Y-34.785714 Z9.568627 F1000
G01 X99.520408 Y-34.867347 Z9.568627 F1000
G01 X99.520408 Y-34.94898 Z9.568627 F1000
G01 X99.520408 Y-35.030612 Z9.568627 F1000
G01 X99.520408 Y-35.112245 Z9.568627 F1000
G01 X99.520408 Y-35.193878 Z9.568627 F1000
G01 X99.520408 Y-35.27551 Z9.568627 F1000
G01 X99.520408 Y-35.357143 Z9.568627 F1000
G01 X84.744898 Y-35.357143 Z9.568627 F1000
G01 X84.663265 Y-35.357143 Z9.960784 F1000
G01 X84.581633 Y-35.357143 Z10 F1000
G01 X83.193878 Y-35.357143 Z10 F1000
G01 X83.112245 Y-35.357143 Z6.156863 F1000
G01 X83.030612 Y-35.357143 Z0.627451 F1000
G01 X82.867347 Y-35.357143 Z0.627451 F1000
G01 X82.785714 Y-35.357143 Z0.470588 F1000
G01 X82.704082 Y-35.357143 Z0.313725 F1000
G01 X82.540816 Y-35.357143 Z0.313725 F1000
G01 X82.459184 Y-35.357143 Z0.235294 F1000
G01 X82.377551 Y-35.357143 Z0.078431 F1000
G01 X80.173469 Y-35.357143 Z0.078431 F1000
G01 X80.091837 Y-35.357143 Z0.117647 F1000
G01 X80.010204 Y-35.357143 Z0.117647 F1000
G01 X79.928571 Y-35.357143 Z0.156863 F1000
G01 X79.683673 Y-35.357143 Z0.156863 F1000
G01 X79.602041 Y-35.357143 Z0.352941 F1000
G01 X79.520408 Y-35.357143 Z0.509804 F1000
G01 X79.438776 Y-35.357143 Z3.176471 F1000
G01 X79.357143 Y-35.357143 Z10 F1000
G01 X77.969388 Y-35.357143 Z10 F1000
G01 X77.887755 Y-35.357143 Z9.882353 F1000
G01 X77.316327 Y-35.357143 Z9.882353 F1000
G01 X77.234694 Y-35.357143 Z9.686275 F1000
G01 X77.153061 Y-35.357143 Z9.568627 F1000
G01 X22.704082 Y-35.357143 Z9.568627 F1000
G01 X22.622449 Y-35.357143 Z9.803922 F1000
G01 X22.459184 Y-35.357143 Z9.803922 F1000
G01 X22.377551 Y-35.357143 Z9.960784 F1000
G01 X21.887755 Y-35.357143 Z9.960784 F1000
G01 X21.806122 Y-35.357143 Z10 F1000
G01 X20.744898 Y-35.357143 Z10 F1000
G01 X20.663265 Y-35.357143 Z9.72549 F1000
G01 X20.581633 Y-35.357143 Z9.72549 F1000
G01 X20.5 Y-35.357143 Z3.686275 F1000
G01 X20.418367 Y-35.357143 Z0.588235 F1000
G01 X20.336735 Y-35.357143 Z0.196078 F1000
G01 X20.255102 Y-35.357143 Z0.117647 F1000
G01 X20.173469 Y-35.357143 Z0.078431 F1000
G01 X17.479592 Y-35.357143 Z0.078431 F1000
G01 X17.397959 Y-35.357143 Z0.235294 F1000
G01 X17.316327 Y-35.357143 Z0.235294 F1000
G01 X17.234694 Y-35.357143 Z0.588235 F1000
G01 X16.989796 Y-35.357143 Z0.588235 F1000
G01 X16.908163 Y-35.357143 Z0.705882 F1000
G01 X16.826531 Y-35.357143 Z5.960784 F1000
G01 X16.744898 Y-35.357143 Z10 F1000
G01 X15.27551 Y-35.357143 Z10 F1000
G01 X15.193878 Y-35.357143 Z9.843137 F1000
G01 X15.112245 Y-35.357143 Z9.568627 F1000
G01 X0.418367 Y-35.357143 Z9.568627 F1000
G01 X0.418367 Y-35.438776 Z9.568627 F1000
G01 X0.418367 Y-35.520408 Z9.568627 F1000
G01 X0.418367 Y-35.602041 Z9.568627 F1000
G01 X0.418367 Y-35.683673 Z9.568627 F1000
G01 X0.418367 Y-35.765306 Z9.568627 F1000
G01 X0.418367 Y-35.846939 Z9.568627 F1000
G01 X0.418367 Y-35.928571 Z9.568627 F1000
G01 X14.459184 Y-35.928571 Z9.568627 F1000
G01 X14.540816 Y-35.928571 Z9.686275 F1000
G01 X14.622449 Y-35.928571 Z10 F1000
G01 X16.418367 Y-35.928571 Z10 F1000
G01 X16.5 Y-35.928571 Z6.470588 F1000
G01 X16.581633 Y-35.928571 Z1.215686 F1000
G01 X16.663265 Y-35.928571 Z0.745098 F1000
G01 X16.744898 Y-35.928571 Z0.470588 F1000
G01 X16.826531 Y-35.928571 Z0.117647 F1000
G01 X17.071429 Y-35.928571 Z0.117647 F1000
G01 X17.153061 Y-35.928571 Z0.078431 F1000
G01 X19.683673 Y-35.928571 Z0.078431 F1000
G01 X19.765306 Y-35.928571 Z0.156863 F1000
G01 X19.846939 Y-35.928571 Z0.509804 F1000
G01 X20.091837 Y-35.928571 Z0.509804 F1000
G01 X20.173469 Y-35.928571 Z3.960784 F1000
G01 X20.255102 Y-35.928571 Z9.921569 F1000
G01 X20.336735 Y-35.928571 Z9.921569 F1000
G01 X20.418367 Y-35.928571 Z10 F1000
G01 X21.887755 Y-35.928571 Z10 F1000
G01 X21.969388 Y-35.928571 Z9.764706 F1000
G01 X22.05102 Y-35.928571 Z9.686275 F1000
G01 X22.132653 Y-35.928571 Z9.647059 F1000
G01 X22.214286 Y-35.928571 Z9.607843 F1000
G01 X22.459184 Y-35.928571 Z9.607843 F1000
G01 X22.540816 Y-35.928571 Z9.568627 F1000
G01 X77.806122 Y-35.928571 Z9.568627 F1000
G01 X77.887755 Y-35.928571 Z9.72549 F1000
G01 X77.969388 Y-35.928571 Z10 F1000
G01 X79.602041 Y-35.928571 Z10 F1000
G01 X79.683673 Y-35.928571 Z9.843137 F1000
G01 X79.765306 Y-35.928571 Z3.843137 F1000
G01 X79.846939 Y-35.928571 Z0.588235 F1000
G01 X79.928571 Y-35.928571 Z0.588235 F1000
G01 X80.010204 Y-35.928571 Z0.431373 F1000
G01 X80.091837 Y-35.928571 Z0.431373 F1000
G01 X80.173469 Y-35.928571 Z0.078431 F1000
G01 X82.377551 Y-35.928571 Z0.078431 F1000
G01 X82.459184 Y-35.928571 Z0.117647 F1000
G01 X83.030612 Y-35.928571 Z0.117647 F1000
G01 X83.112245 Y-35.928571 Z0.235294 F1000
G01 X83.193878 Y-35.928571 Z0.588235 F1000
G01 X83.27551 Y-35.928571 Z0.901961 F1000
G01 X83.357143 Y-35.928571 Z0.901961 F1000
G01 X83.438776 Y-35.928571 Z6.117647 F1000
G01 X83.520408 Y-35.928571 Z10 F1000
G01 X84.826531 Y-35.928571 Z10 F1000
G01 X84.908163 Y-35.928571 Z9.960784 F1000
G01 X84.989796 Y-35.928571 Z9.960784 F1000
G01 X85.071429 Y-35.928571 Z9.882353 F1000
G01 X85.316327 Y-35.928571 Z9.882353 F1000
G01 X85.397959 Y-35.928571 Z9.568627 F1000
G01 X99.520408 Y-35.928571 Z9.568627 F1000
G01 X99.520408 Y-36.010204 Z9.568627 F1000
G01 X99.520408 Y-36.091837 Z9.568627 F1000
G01 X99.520408 Y-36.173469 Z9.568627 F1000
G01 X99.520408 Y-36.255102 Z9.568627 F1000
G01 X99.520408 Y-36.336735 Z9.568627 F1000
G01 X99.520408 Y-36.418367 Z9.568627 F1000
G01 X99.520408 Y-36.5 Z9.568627 F1000
G01 X86.05102 Y-36.5 Z9.568627 F1000
G01 X85.969388 Y-36.5 Z9.803922 F1000
G01 X85.72449 Y-36.5 Z9.803922 F1000
G01 X85.642857 Y-36.5 Z9.843137 F1000
G01 X85.479592 Y-36.5 Z9.843137 F1000
G01 X85.397959 Y-36.5 Z10 F1000
G01 X83.846939 Y-36.5 Z10 F1000
G01 X83.765306 Y-36.5 Z6.117647 F1000
G01 X83.683673 Y-36.5 Z0.627451 F1000
G01 X83.602041 Y-36.5 Z0.392157 F1000
G01 X83.438776 Y-36.5 Z0.392157 F1000
G01 X83.357143 Y-36.5 Z0.352941 F1000
G01 X83.193878 Y-36.5 Z0.352941 F1000
G01 X83.112245 Y-36.5 Z0.156863 F1000
G01 X83.030612 Y-36.5 Z0.078431 F1000
G01 X80.826531 Y-36.5 Z0.078431 F1000
G01 X80.744898 Y-36.5 Z0.235294 F1000
G01 X80.663265 Y-36.5 Z0.666667 F1000
G01 X80.173469 Y-36.5 Z0.666667 F1000
G01 X80.091837 Y-36.5 Z3.647059 F1000
G01 X80.010204 Y-36.5 Z10 F1000
G01 X78.540816 Y-36.5 Z10 F1000
G01 X78.459184 Y-36.5 Z9.803922 F1000
G01 X78.295918 Y-36.5 Z9.803922 F1000
G01 X78.214286 Y-36.5 Z9.764706 F1000
G01 X78.132653 Y-36.5 Z9.647059 F1000
G01 X77.887755 Y-36.5 Z9.647059 F1000
G01 X77.806122 Y-36.5 Z9.568627 F1000
G01 X22.05102 Y-36.5 Z9.568627 F1000
G01 X21.969388 Y-36.5 Z9.803922 F1000
G01 X21.887755 Y-36.5 Z9.882353 F1000
G01 X21.806122 Y-36.5 Z9.921569 F1000
G01 X21.561224 Y-36.5 Z9.921569 F1000
G01 X21.479592 Y-36.5 Z10 F1000
G01 X19.928571 Y-36.5 Z10 F1000
G01 X19.846939 Y-36.5 Z3.843137 F1000
G01 X19.765306 Y-36.5 Z0.392157 F1000
G01 X19.683673 Y-36.5 Z0.27451 F1000
G01 X19.602041 Y-36.5 Z0.235294 F1000
G01 X19.520408 Y-36.5 Z0.196078 F1000
G01 X19.438776 Y-36.5 Z0.117647 F1000
G01 X19.357143 Y-36.5 Z0.078431 F1000
G01 X16.826531 Y-36.5 Z0.078431 F1000
G01 X16.744898 Y-36.5 Z0.235294 F1000
G01 X16.663265 Y-36.5 Z0.509804 F1000
G01 X16.336735 Y-36.5 Z0.509804 F1000
G01 X16.255102 Y-36.5 Z0.980392 F1000
G01 X16.173469 Y-36.5 Z6.078431 F1000
G01 X16.091837 Y-36.5 Z10 F1000
G01 X14.540816 Y-36.5 Z10 F1000
G01 X14.459184 Y-36.5 Z9.568627 F1000
G01 X0.418367 Y-36.5 Z9.568627 F1000
G01 X0.418367 Y-36.581633 Z9.568627 F1000
G01 X0.418367 Y-36.663265 Z9.568627 F1000
G01 X0.418367 Y-36.744898 Z9.568627 F1000
G01 X0.418367 Y-36.826531 Z9.568627 F1000
G01 X0.418367 Y-36.908163 Z9.568627 F1000
G01 X0.418367 Y-36.989796 Z9.568627 F1000
G01 X0.418367 Y-37.071429 Z9.568627 F1000
G01 X13.806122 Y-37.071429 Z9.568627 F1000
G01 X13.887755 Y-37.071429 Z9.647059 F1000
G01 X13.969388 Y-37.071429 Z9.921569 F1000
G01 X14.132653 Y-37.071429 Z9.921569 F1000
G01 X14.214286 Y-37.071429 Z10 F1000
G01 X15.602041 Y-37.071429 Z10 F1000
G01 X15.683673 Y-37.071429 Z9.960784 F1000
G01 X15.765306 Y-37.071429 Z9.764706 F1000
G01 X15.846939 Y-37.071429 Z6.588235 F1000
G01 X15.928571 Y-37.071429 Z0.901961 F1000
G01 X16.010204 Y-37.071429 Z0.666667 F1000
G01 X16.091837 Y-37.071429 Z0.431373 F1000
G01 X16.173469 Y-37.071429 Z0.078431 F1000
G01 X19.030612 Y-37.071429 Z0.078431 F1000
G01 X19.112245 Y-37.071429 Z0.470588 F1000
G01 X19.193878 Y-37.071429 Z0.470588 F1000
G01 X19.27551 Y-37.071429 Z0.509804 F1000
G01 X19.357143 Y-37.071429 Z0.588235 F1000
G01 X19.438776 Y-37.071429 Z0.588235 F1000
G01 X19.520408 Y-37.071429 Z3.490196 F1000
G01 X19.602041 Y-37.071429 Z10 F1000
G01 X21.234694 Y-37.071429 Z10 F1000
G01 X21.316327 Y-37.071429 Z9.882353 F1000
G01 X21.397959 Y-37.071429 Z9.568627 F1000
G01 X78.459184 Y-37.071429 Z9.568627 F1000
G01 X78.540816 Y-37.071429 Z9.803922 F1000
G01 X78.622449 Y-37.071429 Z10 F1000
G01 X80.091837 Y-37.071429 Z10 F1000
G01 X80.173469 Y-37.071429 Z9.803922 F1000
G01 X80.336735 Y-37.071429 Z9.803922 F1000
G01 X80.418367 Y-37.071429 Z3.764706 F1000
G01 X80.5 Y-37.071429 Z0.666667 F1000
G01 X80.744898 Y-37.071429 Z0.666667 F1000
G01 X80.826531 Y-37.071429 Z0.196078 F1000
G01 X80.908163 Y-37.071429 Z0.117647 F1000
G01 X80.989796 Y-37.071429 Z0.078431 F1000
G01 X83.683673 Y-37.071429 Z0.078431 F1000
G01 X83.765306 Y-37.071429 Z0.313725 F1000
G01 X83.846939 Y-37.071429 Z0.509804 F1000
G01 X84.010204 Y-37.071429 Z0.509804 F1000
G01 X84.091837 Y-37.071429 Z5.843137 F1000
G01 X84.173469 Y-37.071429 Z9.843137 F1000
G01 X84.336735 Y-37.071429 Z9.843137 F1000
G01 X84.418367 Y-37.071429 Z10 F1000
G01 X85.72449 Y-37.071429 Z10 F1000
G01 X85.806122 Y-37.071429 Z9.843137 F1000
G01 X85.887755 Y-37.071429 Z9.843137 F1000
G01 X85.969388 Y-37.071429 Z9.803922 F1000
G01 X86.05102 Y-37.071429 Z9.568627 F1000
G01 X99.520408 Y-37.071429 Z9.568627 F1000
G01 X99.520408 Y-37.153061 Z9.568627 F1000
G01 X99.520408 Y-37.234694 Z9.568627 F1000
G01 X99.520408 Y-37.316327 Z9.568627 F1000
G01 X99.520408 Y-37.397959 Z9.568627 F1000
G01 X99.520408 Y-37.479592 Z9.568627 F1000
G01 X99.520408 Y-37.561224 Z9.568627 F1000
G01 X99.520408 Y-37.642857 Z9.568627 F1000
G01 X86.704082 Y-37.642857 Z9.568627 F1000
G01 X86.622449 Y-37.642857 Z9.843137 F1000
G01 X86.540816 Y-37.642857 Z9.921569 F1000
G01 X86.459184 Y-37.642857 Z9.921569 F1000
G01 X86.377551 Y-37.642857 Z9.960784 F1000
G01 X86.214286 Y-37.642857 Z9.960784 F1000
G01 X86.132653 Y-37.642857 Z10 F1000
G01 X84.5 Y-37.642857 Z10 F1000
G01 X84.418367 Y-37.642857 Z6.941176 F1000
G01 X84.336735 Y-37.642857 Z0.784314 F1000
G01 X84.255102 Y-37.642857 Z0.784314 F1000
G01 X84.173469 Y-37.642857 Z0.392157 F1000
G01 X84.091837 Y-37.642857 Z0.392157 F1000
G01 X84.010204 Y-37.642857 Z0.313725 F1000
G01 X83.928571 Y-37.642857 Z0.313725 F1000
G01 X83.846939 Y-37.642857 Z0.27451 F1000
G01 X83.765306 Y-37.642857 Z0.117647 F1000
G01 X83.683673 Y-37.642857 Z0.078431 F1000
G01 X81.479592 Y-37.642857 Z0.078431 F1000
G01 X81.397959 Y-37.642857 Z0.509804 F1000
G01 X80.989796 Y-37.642857 Z0.509804 F1000
G01 X80.908163 Y-37.642857 Z1.137255 F1000
G01 X80.826531 Y-37.642857 Z1.137255 F1000
G01 X80.744898 Y-37.642857 Z4.27451 F1000
G01 X80.663265 Y-37.642857 Z9.333333 F1000
G01 X80.581633 Y-37.642857 Z10 F1000
G01 X78.867347 Y-37.642857 Z10 F1000
G01 X78.785714 Y-37.642857 Z9.960784 F1000
G01 X78.704082 Y-37.642857 Z9.960784 F1000
G01 X78.622449 Y-37.642857 Z9.686275 F1000
G01 X78.540816 Y-37.642857 Z9.686275 F1000
G01 X78.459184 Y-37.642857 Z9.568627 F1000
G01 X21.397959 Y-37.642857 Z9.568627 F1000
G01 X21.316327 Y-37.642857 Z9.607843 F1000
G01 X21.234694 Y-37.642857 Z10 F1000
G01 X19.27551 Y-37.642857 Z10 F1000
G01 X19.193878 Y-37.642857 Z3.843137 F1000
G01 X19.112245 Y-37.642857 Z0.784314 F1000
G01 X19.030612 Y-37.642857 Z0.431373 F1000
G01 X18.94898 Y-37.642857 Z0.392157 F1000
G01 X18.867347 Y-37.642857 Z0.27451 F1000
G01 X18.622449 Y-37.642857 Z0.27451 F1000
G01 X18.540816 Y-37.642857 Z0.235294 F1000
G01 X18.459184 Y-37.642857 Z0.235294 F1000
G01 X18.377551 Y-37.642857 Z0.078431 F1000
G01 X16.173469 Y-37.642857 Z0.078431 F1000
G01 X16.091837 Y-37.642857 Z0.27451 F1000
G01 X16.010204 Y-37.642857 Z0.27451 F1000
G01 X15.928571 Y-37.642857 Z0.901961 F1000
G01 X15.602041 Y-37.642857 Z0.901961 F1000
G01 X15.520408 Y-37.642857 Z6.509804 F1000
G01 X15.438776 Y-37.642857 Z9.568627 F1000
G01 X15.357143 Y-37.642857 Z9.764706 F1000
G01 X15.27551 Y-37.642857 Z10 F1000
G01 X13.642857 Y-37.642857 Z10 F1000
G01 X13.561224 Y-37.642857 Z9.882353 F1000
G01 X13.479592 Y-37.642857 Z9.764706 F1000
G01 X13.316327 Y-37.642857 Z9.764706 F1000
G01 X13.234694 Y-37.642857 Z9.647059 F1000
G01 X13.153061 Y-37.642857 Z9.568627 F1000
G01 X0.418367 Y-37.642857 Z9.568627 F1000
G01 X0.418367 Y-37.72449 Z9.568627 F1000
G01 X0.418367 Y-37.806122 Z9.568627 F1000
G01 X0.418367 Y-37.887755 Z9.568627 F1000
G01 X0.418367 Y-37.969388 Z9.568627 F1000
G01 X0.418367 Y-38.05102 Z9.568627 F1000
G01 X0.418367 Y-38.132653 Z9.568627 F1000
G01 X0.418367 Y-38.214286 Z9.568627 F1000
G01 X13.153061 Y-38.214286 Z9.568627 F1000
G01 X13.234694 Y-38.214286 Z9.882353 F1000
G01 X13.397959 Y-38.214286 Z9.882353 F1000
G01 X13.479592 Y-38.214286 Z9.921569 F1000
G01 X13.561224 Y-38.214286 Z10 F1000
G01 X14.867347 Y-38.214286 Z10 F1000
G01 X14.94898 Y-38.214286 Z9.843137 F1000
G01 X15.030612 Y-38.214286 Z9.843137 F1000
G01 X15.112245 Y-38.214286 Z9.529412 F1000
G01 X15.193878 Y-38.214286 Z6.235294 F1000
G01 X15.27551 Y-38.214286 Z0.745098 F1000
G01 X15.438776 Y-38.214286 Z0.745098 F1000
G01 X15.520408 Y-38.214286 Z0.235294 F1000
G01 X15.928571 Y-38.214286 Z0.235294 F1000
G01 X16.010204 Y-38.214286 Z0.196078 F1000
G01 X16.091837 Y-38.214286 Z0.196078 F1000
G01 X16.173469 Y-38.214286 Z0.078431 F1000
G01 X18.377551 Y-38.214286 Z0.078431 F1000
G01 X18.459184 Y-38.214286 Z0.352941 F1000
G01 X18.622449 Y-38.214286 Z0.352941 F1000
G01 X18.704082 Y-38.214286 Z0.509804 F1000
G01 X18.785714 Y-38.214286 Z1.098039 F1000
G01 X18.867347 Y-38.214286 Z3.176471 F1000
G01 X18.94898 Y-38.214286 Z9.764706 F1000
G01 X19.030612 Y-38.214286 Z9.803922 F1000
G01 X19.112245 Y-38.214286 Z10 F1000
G01 X20.581633 Y-38.214286 Z10 F1000
G01 X20.663265 Y-38.214286 Z9.921569 F1000
G01 X20.744898 Y-38.214286 Z9.647059 F1000
G01 X20.826531 Y-38.214286 Z9.647059 F1000
G01 X20.908163 Y-38.214286 Z9.607843 F1000
G01 X21.316327 Y-38.214286 Z9.607843 F1000
G01 X21.397959 Y-38.214286 Z9.568627 F1000
G01 X78.785714 Y-38.214286 Z9.568627 F1000
G01 X78.867347 Y-38.214286 Z9.647059 F1000
G01 X79.112245 Y-38.214286 Z9.647059 F1000
G01 X79.193878 Y-38.214286 Z9.843137 F1000
G01 X79.27551 Y-38.214286 Z10 F1000
G01 X80.908163 Y-38.214286 Z10 F1000
G01 X80.989796 Y-38.214286 Z9.647059 F1000
G01 X81.071429 Y-38.214286 Z3.72549 F1000
G01 X81.153061 Y-38.214286 Z0.941176 F1000
G01 X81.234694 Y-38.214286 Z0.941176 F1000
G01 X81.316327 Y-38.214286 Z0.784314 F1000
G01 X81.397959 Y-38.214286 Z0.509804 F1000
G01 X81.479592 Y-38.214286 Z0.078431 F1000
G01 X83.928571 Y-38.214286 Z0.078431 F1000
G01 X84.010204 Y-38.214286 Z0.117647 F1000
G01 X84.091837 Y-38.214286 Z0.117647 F1000
G01 X84.173469 Y-38.214286 Z0.156863 F1000
G01 X84.336735 Y-38.214286 Z0.156863 F1000
G01 X84.418367 Y-38.214286 Z0.54902 F1000
G01 X84.5 Y-38.214286 Z0.54902 F1000
G01 X84.581633 Y-38.214286 Z0.784314 F1000
G01 X84.663265 Y-38.214286 Z0.784314 F1000
G01 X84.744898 Y-38.214286 Z6.313725 F1000
G01 X84.826531 Y-38.214286 Z9.647059 F1000
G01 X84.908163 Y-38.214286 Z10 F1000
G01 X86.295918 Y-38.214286 Z10 F1000
G01 X86.377551 Y-38.214286 Z9.960784 F1000
G01 X86.459184 Y-38.214286 Z9.921569 F1000
G01 X86.540816 Y-38.214286 Z9.921569 F1000
G01 X86.622449 Y-38.214286 Z9.843137 F1000
G01 X86.704082 Y-38.214286 Z9.568627 F1000
G01 X99.520408 Y-38.214286 Z9.568627 F1000
G01 X99.520408 Y-38.295918 Z9.568627 F1000
G01 X99.520408 Y-38.377551 Z9.568627 F1000
G01 X99.520408 Y-38.459184 Z9.568627 F1000
G01 X99.520408 Y-38.540816 Z9.568627 F1000
G01 X99.520408 Y-38.622449 Z9.568627 F1000
G01 X99.520408 Y-38.704082 Z9.568627 F1000
G01 X99.520408 Y-38.785714 Z9.568627 F1000
G01 X87.27551 Y-38.785714 Z9.568627 F1000
G01 X87.193878 Y-38.785714 Z9.647059 F1000
G01 X86.704082 Y-38.785714 Z9.647059 F1000
G01 X86.622449 Y-38.785714 Z10 F1000
G01 X85.234694 Y-38.785714 Z10 F1000
G01 X85.153061 Y-38.785714 Z9.882353 F1000
G01 X85.071429 Y-38.785714 Z6.862745 F1000
G01 X84.989796 Y-38.785714 Z0.784314 F1000
G01 X84.908163 Y-38.785714 Z0.666667 F1000
G01 X84.826531 Y-38.785714 Z0.588235 F1000
G01 X84.744898 Y-38.785714 Z0.588235 F1000
G01 X84.663265 Y-38.785714 Z0.470588 F1000
G01 X84.418367 Y-38.785714 Z0.470588 F1000
G01 X84.336735 Y-38.785714 Z0.078431 F1000
G01 X82.132653 Y-38.785714 Z0.078431 F1000
G01 X82.05102 Y-38.785714 Z0.313725 F1000
G01 X81.72449 Y-38.785714 Z0.313725 F1000
G01 X81.642857 Y-38.785714 Z0.588235 F1000
G01 X81.561224 Y-38.785714 Z0.980392 F1000
G01 X81.479592 Y-38.785714 Z0.980392 F1000
G01 X81.397959 Y-38.785714 Z4.235294 F1000
G01 X81.316327 Y-38.785714 Z9.215686 F1000
G01 X81.234694 Y-38.785714 Z10 F1000
G01 X79.928571 Y-38.785714 Z10 F1000
G01 X79.846939 Y-38.785714 Z9.921569 F1000
G01 X79.765306 Y-38.785714 Z9.921569 F1000
G01 X79.683673 Y-38.785714 Z9.843137 F1000
G01 X79.438776 Y-38.785714 Z9.843137 F1000
G01 X79.357143 Y-38.785714 Z9.803922 F1000
G01 X79.27551 Y-38.785714 Z9.803922 F1000
G01 X79.193878 Y-38.785714 Z9.686275 F1000
G01 X79.112245 Y-38.785714 Z9.568627 F1000
G01 X20.663265 Y-38.785714 Z9.568627 F1000
G01 X20.581633 Y-38.785714 Z10 F1000
G01 X18.867347 Y-38.785714 Z10 F1000
G01 X18.785714 Y-38.785714 Z9.803922 F1000
G01 X18.704082 Y-38.785714 Z9.72549 F1000
G01 X18.622449 Y-38.785714 Z9.215686 F1000
G01 X18.540816 Y-38.785714 Z4.039216 F1000
G01 X18.459184 Y-38.785714 Z0.901961 F1000
G01 X18.377551 Y-38.785714 Z0.901961 F1000
G01 X18.295918 Y-38.785714 Z0.784314 F1000
G01 X18.214286 Y-38.785714 Z0.392157 F1000
G01 X18.05102 Y-38.785714 Z0.392157 F1000
G01 X17.969388 Y-38.785714 Z0.313725 F1000
G01 X17.887755 Y-38.785714 Z0.196078 F1000
G01 X17.806122 Y-38.785714 Z0.078431 F1000
G01 X15.520408 Y-38.785714 Z0.078431 F1000
G01 X15.438776 Y-38.785714 Z0.588235 F1000
G01 X15.357143 Y-38.785714 Z0.627451 F1000
G01 X15.193878 Y-38.785714 Z0.627451 F1000
G01 X15.112245 Y-38.785714 Z0.705882 F1000
G01 X15.030612 Y-38.785714 Z0.784314 F1000
G01 X14.94898 Y-38.785714 Z0.784314 F1000
G01 X14.867347 Y-38.785714 Z6.627451 F1000
G01 X14.785714 Y-38.785714 Z10 F1000
G01 X13.479592 Y-38.785714 Z10 F1000
G01 X13.397959 Y-38.785714 Z9.921569 F1000
G01 X13.316327 Y-38.785714 Z9.882353 F1000
G01 X13.234694 Y-38.785714 Z9.882353 F1000
G01 X13.153061 Y-38.785714 Z9.568627 F1000
G01 X0.418367 Y-38.785714 Z9.568627 F1000
G01 X0.418367 Y-38.867347 Z9.568627 F1000
G01 X0.418367 Y-38.94898 Z9.568627 F1000
G01 X0.418367 Y-39.030612 Z9.568627 F1000
G01 X0.418367 Y-39.112245 Z9.568627 F1000
G01 X0.418367 Y-39.193878 Z9.568627 F1000
G01 X0.418367 Y-39.27551 Z9.568627 F1000
G01 X0.418367 Y-39.357143 Z9.568627 F1000
G01 X13.153061 Y-39.357143 Z9.568627 F1000
G01 X13.234694 Y-39.357143 Z10 F1000
G01 X14.459184 Y-39.357143 Z10 F1000
G01 X14.540816 Y-39.357143 Z6.509804 F1000
G01 X14.622449 Y-39.357143 Z0.784314 F1000
G01 X14.704082 Y-39.357143 Z0.705882 F1000
G01 X14.785714 Y-39.357143 Z0.352941 F1000
G01 X14.867347 Y-39.357143 Z0.156863 F1000
G01 X15.193878 Y-39.357143 Z0.156863 F1000
G01 X15.27551 Y-39.357143 Z0.117647 F1000
G01 X15.357143 Y-39.357143 Z0.078431 F1000
G01 X17.72449 Y-39.357143 Z0.078431 F1000
G01 X17.806122 Y-39.357143 Z0.196078 F1000
G01 X17.887755 Y-39.357143 Z0.27451 F1000
G01 X17.969388 Y-39.357143 Z0.588235 F1000
G01 X18.132653 Y-39.357143 Z0.588235 F1000
G01 X18.214286 Y-39.357143 Z3.686275 F1000
G01 X18.295918 Y-39.357143 Z9.490196 F1000
G01 X18.377551 Y-39.357143 Z10 F1000
G01 X19.928571 Y-39.357143 Z10 F1000
G01 X20.010204 Y-39.357143 Z9.72549 F1000
G01 X20.091837 Y-39.357143 Z9.568627 F1000
G01 X79.765306 Y-39.357143 Z9.568627 F1000
G01 X79.846939 Y-39.357143 Z9.803922 F1000
G01 X80.010204 Y-39.357143 Z9.803922 F1000
G01 X80.091837 Y-39.357143 Z9.843137 F1000
G01 X80.173469 Y-39.357143 Z9.921569 F1000
G01 X80.255102 Y-39.357143 Z10 F1000
G01 X81.642857 Y-39.357143 Z10 F1000
G01 X81.72449 Y-39.357143 Z3.607843 F1000
G01 X81.806122 Y-39.357143 Z0.784314 F1000
G01 X81.969388 Y-39.357143 Z0.784314 F1000
G01 X82.05102 Y-39.357143 Z0.313725 F1000
G01 X82.132653 Y-39.357143 Z0.078431 F1000
G01 X84.826531 Y-39.357143 Z0.078431 F1000
G01 X84.908163 Y-39.357143 Z0.117647 F1000
G01 X84.989796 Y-39.357143 Z0.117647 F1000
G01 X85.071429 Y-39.357143 Z0.235294 F1000
G01 X85.153061 Y-39.357143 Z0.431373 F1000
G01 X85.234694 Y-39.357143 Z0.431373 F1000
G01 X85.316327 Y-39.357143 Z0.666667 F1000
G01 X85.397959 Y-39.357143 Z6.745098 F1000
G01 X85.479592 Y-39.357143 Z9.921569 F1000
G01 X85.561224 Y-39.357143 Z10 F1000
G01 X86.622449 Y-39.357143 Z10 F1000
G01 X86.704082 Y-39.357143 Z9.960784 F1000
G01 X86.785714 Y-39.357143 Z9.686275 F1000
G01 X87.030612 Y-39.357143 Z9.686275 F1000
G01 X87.112245 Y-39.357143 Z9.647059 F1000
G01 X87.193878 Y-39.357143 Z9.647059 F1000
G01 X87.27551 Y-39.357143 Z9.607843 F1000
G01 X87.357143 Y-39.357143 Z9.568627 F1000
G01 X99.520408 Y-39.357143 Z9.568627 F1000
G01 X99.520408 Y-39.438776 Z9.568627 F1000
G01 X99.520408 Y-39.520408 Z9.568627 F1000
G01 X99.520408 Y-39.602041 Z9.568627 F1000
G01 X99.520408 Y-39.683673 Z9.568627 F1000
G01 X99.520408 Y-39.765306 Z9.568627 F1000
G01 X99.520408 Y-39.846939 Z9.568627 F1000
G01 X99.520408 Y-39.928571 Z9.568627 F1000
G01 X87.357143 Y-39.928571 Z9.568627 F1000
G01 X87.27551 Y-39.928571 Z9.607843 F1000
G01 X87.112245 Y-39.928571 Z9.607843 F1000
G01 X87.030612 Y-39.928571 Z9.686275 F1000
G01 X86.785714 Y-39.928571 Z9.686275 F1000
G01 X86.704082 Y-39.928571 Z10 F1000
G01 X85.72449 Y-39.928571 Z10 F1000
G01 X85.642857 Y-39.928571 Z8.313725 F1000
G01 X85.561224 Y-39.928571 Z0.862745 F1000
G01 X85.479592 Y-39.928571 Z0.54902 F1000
G01 X85.397959 Y-39.928571 Z0.470588 F1000
G01 X85.316327 Y-39.928571 Z0.431373 F1000
G01 X85.153061 Y-39.928571 Z0.431373 F1000
G01 X85.071429 Y-39.928571 Z0.235294 F1000
G01 X84.989796 Y-39.928571 Z0.078431 F1000
G01 X82.132653 Y-39.928571 Z0.078431 F1000
G01 X82.05102 Y-39.928571 Z0.470588 F1000
G01 X81.969388 Y-39.928571 Z0.784314 F1000
G01 X81.887755 Y-39.928571 Z0.784314 F1000
G01 X81.806122 Y-39.928571 Z1.529412 F1000
G01 X81.72449 Y-39.928571 Z9.058824 F1000
G01 X81.642857 Y-39.928571 Z10 F1000
G01 X80.5 Y-39.928571 Z10 F1000
G01 X80.418367 Y-39.928571 Z9.882353 F1000
G01 X80.336735 Y-39.928571 Z9.882353 F1000
G01 X80.255102 Y-39.928571 Z9.843137 F1000
G01 X80.091837 Y-39.928571 Z9.843137 F1000
G01 X80.010204 Y-39.928571 Z9.803922 F1000
G01 X79.846939 Y-39.928571 Z9.803922 F1000
G01 X79.765306 Y-39.928571 Z9.568627 F1000
G01 X20.091837 Y-39.928571 Z9.568627 F1000
G01 X20.010204 Y-39.928571 Z9.72549 F1000
G01 X19.928571 Y-39.928571 Z10 F1000
G01 X18.377551 Y-39.928571 Z10 F1000
G01 X18.295918 Y-39.928571 Z9.960784 F1000
G01 X18.214286 Y-39.928571 Z9.490196 F1000
G01 X18.132653 Y-39.928571 Z1.215686 F1000
G01 X18.05102 Y-39.928571 Z0.588235 F1000
G01 X17.969388 Y-39.928571 Z0.588235 F1000
G01 X17.887755 Y-39.928571 Z0.54902 F1000
G01 X17.806122 Y-39.928571 Z0.54902 F1000
G01 X17.72449 Y-39.928571 Z0.078431 F1000
G01 X14.867347 Y-39.928571 Z0.078431 F1000
G01 X14.785714 Y-39.928571 Z0.313725 F1000
G01 X14.704082 Y-39.928571 Z0.54902 F1000
G01 X14.622449 Y-39.928571 Z0.705882 F1000
G01 X14.377551 Y-39.928571 Z0.705882 F1000
G01 X14.295918 Y-39.928571 Z8.352941 F1000
G01 X14.214286 Y-39.928571 Z10 F1000
G01 X13.234694 Y-39.928571 Z10 F1000
G01 X13.153061 Y-39.928571 Z9.568627 F1000
G01 X0.418367 Y-39.928571 Z9.568627 F1000
G01 X0.418367 Y-40.010204 Z9.568627 F1000
G01 X0.418367 Y-40.091837 Z9.568627 F1000
G01 X0.418367 Y-40.173469 Z9.568627 F1000
G01 X0.418367 Y-40.255102 Z9.568627 F1000
G01 X0.418367 Y-40.336735 Z9.568627 F1000
G01 X0.418367 Y-40.418367 Z9.568627 F1000
G01 X0.418367 Y-40.5 Z9.568627 F1000
G01 X13.153061 Y-40.5 Z9.568627 F1000
G01 X13.234694 Y-40.5 Z9.960784 F1000
G01 X13.316327 Y-40.5 Z9.960784 F1000
G01 X13.397959 Y-40.5 Z10 F1000
G01 X14.377551 Y-40.5 Z10 F1000
G01 X14.459184 Y-40.5 Z8.745098 F1000
G01 X14.540816 Y-40.5 Z2.156863 F1000
G01 X14.622449 Y-40.5 Z0.627451 F1000
G01 X14.704082 Y-40.5 Z0.509804 F1000
G01 X14.785714 Y-40.5 Z0.313725 F1000
G01 X14.867347 Y-40.5 Z0.078431 F1000
G01 X17.72449 Y-40.5 Z0.078431 F1000
G01 X17.806122 Y-40.5 Z0.431373 F1000
G01 X17.887755 Y-40.5 Z0.431373 F1000
G01 X17.969388 Y-40.5 Z0.54902 F1000
G01 X18.05102 Y-40.5 Z0.54902 F1000
G01 X18.132653 Y-40.5 Z1.215686 F1000
G01 X18.214286 Y-40.5 Z9.490196 F1000
G01 X18.295918 Y-40.5 Z9.960784 F1000
G01 X18.377551 Y-40.5 Z10 F1000
G01 X19.765306 Y-40.5 Z10 F1000
G01 X19.846939 Y-40.5 Z9.960784 F1000
G01 X19.928571 Y-40.5 Z9.921569 F1000
G01 X20.010204 Y-40.5 Z9.647059 F1000
G01 X20.091837 Y-40.5 Z9.568627 F1000
G01 X79.765306 Y-40.5 Z9.568627 F1000
G01 X79.846939 Y-40.5 Z9.72549 F1000
G01 X79.928571 Y-40.5 Z10 F1000
G01 X81.479592 Y-40.5 Z10 F1000
G01 X81.561224 Y-40.5 Z9.803922 F1000
G01 X81.642857 Y-40.5 Z9.803922 F1000
G01 X81.72449 Y-40.5 Z9.058824 F1000
G01 X81.806122 Y-40.5 Z1.176471 F1000
G01 X81.887755 Y-40.5 Z0.627451 F1000
G01 X81.969388 Y-40.5 Z0.470588 F1000
G01 X82.05102 Y-40.5 Z0.470588 F1000
G01 X82.132653 Y-40.5 Z0.078431 F1000
G01 X84.989796 Y-40.5 Z0.078431 F1000
G01 X85.071429 Y-40.5 Z0.313725 F1000
G01 X85.153061 Y-40.5 Z0.509804 F1000
G01 X85.234694 Y-40.5 Z0.509804 F1000
G01 X85.316327 Y-40.5 Z0.627451 F1000
G01 X85.397959 Y-40.5 Z2.078431 F1000
G01 X85.479592 Y-40.5 Z8.392157 F1000
G01 X85.561224 Y-40.5 Z10 F1000
G01 X86.704082 Y-40.5 Z10 F1000
G01 X86.785714 Y-40.5 Z9.686275 F1000
G01 X87.030612 Y-40.5 Z9.686275 F1000
G01 X87.112245 Y-40.5 Z9.647059 F1000
G01 X87.193878 Y-40.5 Z9.607843 F1000
G01 X87.27551 Y-40.5 Z9.568627 F1000
G01 X99.520408 Y-40.5 Z9.568627 F1000
G01 X99.520408 Y-40.581633 Z9.568627 F1000
G01 X99.520408 Y-40.663265 Z9.568627 F1000
G01 X99.520408 Y-40.744898 Z9.568627 F1000
G01 X99.520408 Y-40.826531 Z9.568627 F1000
G01 X99.520408 Y-40.908163 Z9.568627 F1000
G01 X99.520408 Y-40.989796 Z9.568627 F1000
G01 X99.520408 Y-41.071429 Z9.568627 F1000
G01 X87.27551 Y-41.071429 Z9.568627 F1000
G01 X87.193878 Y-41.071429 Z9.607843 F1000
G01 X87.112245 Y-41.071429 Z9.647059 F1000
G01 X86.785714 Y-41.071429 Z9.647059 F1000
G01 X86.704082 Y-41.071429 Z9.686275 F1000
G01 X86.622449 Y-41.071429 Z9.960784 F1000
G01 X86.540816 Y-41.071429 Z10 F1000
G01 X85.234694 Y-41.071429 Z10 F1000
G01 X85.153061 Y-41.071429 Z8.27451 F1000
G01 X85.071429 Y-41.071429 Z1.294118 F1000
G01 X84.989796 Y-41.071429 Z0.509804 F1000
G01 X84.908163 Y-41.071429 Z0.352941 F1000
G01 X84.826531 Y-41.071429 Z0.27451 F1000
G01 X84.744898 Y-41.071429 Z0.27451 F1000
G01 X84.663265 Y-41.071429 Z0.196078 F1000
G01 X84.418367 Y-41.071429 Z0.196078 F1000
G01 X84.336735 Y-41.071429 Z0.078431 F1000
G01 X82.132653 Y-41.071429 Z0.078431 F1000
G01 X82.05102 Y-41.071429 Z0.392157 F1000
G01 X81.969388 Y-41.071429 Z0.470588 F1000
G01 X81.72449 Y-41.071429 Z0.470588 F1000
G01 X81.642857 Y-41.071429 Z0.588235 F1000
G01 X81.561224 Y-41.071429 Z0.901961 F1000
G01 X81.479592 Y-41.071429 Z2.313725 F1000
G01 X81.397959 Y-41.071429 Z8.666667 F1000
G01 X81.316327 Y-41.071429 Z10 F1000
G01 X79.928571 Y-41.071429 Z10 F1000
G01 X79.846939 Y-41.071429 Z9.843137 F1000
G01 X79.765306 Y-41.071429 Z9.686275 F1000
G01 X79.193878 Y-41.071429 Z9.686275 F1000
G01 X79.112245 Y-41.071429 Z9.568627 F1000
G01 X20.744898 Y-41.071429 Z9.568627 F1000
G01 X20.663265 Y-41.071429 Z9.72549 F1000
G01 X20.581633 Y-41.071429 Z9.764706 F1000
G01 X20.5 Y-41.071429 Z9.803922 F1000
G01 X20.336735 Y-41.071429 Z9.803922 F1000
G01 X20.255102 Y-41.071429 Z9.843137 F1000
G01 X20.173469 Y-41.071429 Z10 F1000
G01 X18.785714 Y-41.071429 Z10 F1000
G01 X18.704082 Y-41.071429 Z9.843137 F1000
G01 X18.622449 Y-41.071429 Z9.843137 F1000
G01 X18.540816 Y-41.071429 Z9.019608 F1000
G01 X18.459184 Y-41.071429 Z2.392157 F1000
G01 X18.377551 Y-41.071429 Z0.431373 F1000
G01 X18.295918 Y-41.071429 Z0.352941 F1000
G01 X18.214286 Y-41.071429 Z0.27451 F1000
G01 X18.132653 Y-41.071429 Z0.196078 F1000
G01 X18.05102 Y-41.071429 Z0.117647 F1000
G01 X17.806122 Y-41.071429 Z0.117647 F1000
G01 X17.72449 Y-41.071429 Z0.078431 F1000
G01 X15.520408 Y-41.071429 Z0.078431 F1000
G01 X15.438776 Y-41.071429 Z0.470588 F1000
G01 X15.112245 Y-41.071429 Z0.470588 F1000
G01 X15.030612 Y-41.071429 Z0.823529 F1000
G01 X14.94898 Y-41.071429 Z0.823529 F1000
G01 X14.867347 Y-41.071429 Z1.294118 F1000
G01 X14.785714 Y-41.071429 Z8.627451 F1000
G01 X14.704082 Y-41.071429 Z10 F1000
G01 X13.397959 Y-41.071429 Z10 F1000
G01 X13.316327 Y-41.071429 Z9.921569 F1000
G01 X13.234694 Y-41.071429 Z9.843137 F1000
G01 X13.153061 Y-41.071429 Z9.568627 F1000
G01 X0.418367 Y-41.071429 Z9.568627 F1000
G01 X0.418367 Y-41.153061 Z9.568627 F1000
G01 X0.418367 Y-41.234694 Z9.568627 F1000
G01 X0.418367 Y-41.316327 Z9.568627 F1000
G01 X0.418367 Y-41.397959 Z9.568627 F1000
G01 X0.418367 Y-41.479592 Z9.568627 F1000
G01 X0.418367 Y-41.561224 Z9.568627 F1000
G01 X0.418367 Y-41.642857 Z9.568627 F1000
G01 X13.153061 Y-41.642857 Z9.568627 F1000
G01 X13.234694 Y-41.642857 Z9.843137 F1000
G01 X13.316327 Y-41.642857 Z9.843137 F1000
G01 X13.397959 Y-41.642857 Z9.882353 F1000
G01 X13.479592 Y-41.642857 Z9.921569 F1000
G01 X13.561224 Y-41.642857 Z9.921569 F1000
G01 X13.642857 Y-41.642857 Z10 F1000
G01 X15.030612 Y-41.642857 Z10 F1000
G01 X15.112245 Y-41.642857 Z8.745098 F1000
G01 X15.193878 Y-41.642857 Z0.980392 F1000
G01 X15.357143 Y-41.642857 Z0.980392 F1000
G01 X15.438776 Y-41.642857 Z0.509804 F1000
G01 X15.520408 Y-41.642857 Z0.078431 F1000
G01 X18.377551 Y-41.642857 Z0.078431 F1000
G01 X18.459184 Y-41.642857 Z0.313725 F1000
G01 X18.540816 Y-41.642857 Z0.705882 F1000
G01 X18.704082 Y-41.642857 Z0.705882 F1000
G01 X18.785714 Y-41.642857 Z1.490196 F1000
G01 X18.867347 Y-41.642857 Z8.980392 F1000
G01 X18.94898 Y-41.642857 Z10 F1000
G01 X20.581633 Y-41.642857 Z10 F1000
G01 X20.663265 Y-41.642857 Z9.72549 F1000
G01 X20.744898 Y-41.642857 Z9.568627 F1000
G01 X79.112245 Y-41.642857 Z9.568627 F1000
G01 X79.193878 Y-41.642857 Z9.686275 F1000
G01 X79.27551 Y-41.642857 Z10 F1000
G01 X80.989796 Y-41.642857 Z10 F1000
G01 X81.071429 Y-41.642857 Z8.862745 F1000
G01 X81.153061 Y-41.642857 Z1.490196 F1000
G01 X81.234694 Y-41.642857 Z0.54902 F1000
G01 X81.316327 Y-41.642857 Z0.470588 F1000
G01 X81.397959 Y-41.642857 Z0.352941 F1000
G01 X81.479592 Y-41.642857 Z0.078431 F1000
G01 X84.336735 Y-41.642857 Z0.078431 F1000
G01 X84.418367 Y-41.642857 Z0.54902 F1000
G01 X84.5 Y-41.642857 Z0.901961 F1000
G01 X84.744898 Y-41.642857 Z0.901961 F1000
G01 X84.826531 Y-41.642857 Z8.039216 F1000
G01 X84.908163 Y-41.642857 Z10 F1000
G01 X86.540816 Y-41.642857 Z10 F1000
G01 X86.622449 Y-41.642857 Z9.921569 F1000
G01 X86.704082 Y-41.642857 Z9.568627 F1000
G01 X99.520408 Y-41.642857 Z9.568627 F1000
G01 X99.520408 Y-41.72449 Z9.568627 F1000
G01 X99.520408 Y-41.806122 Z9.568627 F1000
G01 X99.520408 Y-41.887755 Z9.568627 F1000
G01 X99.520408 Y-41.969388 Z9.568627 F1000
G01 X99.520408 Y-42.05102 Z9.568627 F1000
G01 X99.520408 Y-42.132653 Z9.568627 F1000
G01 X99.520408 Y-42.214286 Z9.568627 F1000
G01 X86.704082 Y-42.214286 Z9.568627 F1000
G01 X86.622449 Y-42.214286 Z9.647059 F1000
G01 X86.540816 Y-42.214286 Z9.686275 F1000
G01 X86.459184 Y-42.214286 Z9.686275 F1000
G01 X86.377551 Y-42.214286 Z9.72549 F1000
G01 X86.214286 Y-42.214286 Z9.72549 F1000
G01 X86.132653 Y-42.214286 Z9.921569 F1000
G01 X86.05102 Y-42.214286 Z9.921569 F1000
G01 X85.969388 Y-42.214286 Z10 F1000
G01 X84.581633 Y-42.214286 Z10 F1000
G01 X84.5 Y-42.214286 Z8.196078 F1000
G01 X84.418367 Y-42.214286 Z1.215686 F1000
G01 X84.336735 Y-42.214286 Z0.588235 F1000
G01 X83.846939 Y-42.214286 Z0.588235 F1000
G01 X83.765306 Y-42.214286 Z0.352941 F1000
G01 X83.683673 Y-42.214286 Z0.078431 F1000
G01 X81.397959 Y-42.214286 Z0.078431 F1000
G01 X81.316327 Y-42.214286 Z0.27451 F1000
G01 X81.234694 Y-42.214286 Z0.27451 F1000
G01 X81.153061 Y-42.214286 Z0.313725 F1000
G01 X80.908163 Y-42.214286 Z0.313725 F1000
G01 X80.826531 Y-42.214286 Z1.647059 F1000
G01 X80.744898 Y-42.214286 Z9.372549 F1000
G01 X80.663265 Y-42.214286 Z10 F1000
G01 X78.785714 Y-42.214286 Z10 F1000
G01 X78.704082 Y-42.214286 Z9.803922 F1000
G01 X78.622449 Y-42.214286 Z9.647059 F1000
G01 X78.540816 Y-42.214286 Z9.647059 F1000
G01 X78.459184 Y-42.214286 Z9.568627 F1000
G01 X21.397959 Y-42.214286 Z9.568627 F1000
G01 X21.316327 Y-42.214286 Z9.72549 F1000
G01 X21.153061 Y-42.214286 Z9.72549 F1000
G01 X21.071429 Y-42.214286 Z9.843137 F1000
G01 X20.826531 Y-42.214286 Z9.843137 F1000
G01 X20.744898 Y-42.214286 Z10 F1000
G01 X19.27551 Y-42.214286 Z10 F1000
G01 X19.193878 Y-42.214286 Z8.666667 F1000
G01 X19.112245 Y-42.214286 Z1.686275 F1000
G01 X19.030612 Y-42.214286 Z0.313725 F1000
G01 X18.785714 Y-42.214286 Z0.313725 F1000
G01 X18.704082 Y-42.214286 Z0.27451 F1000
G01 X18.459184 Y-42.214286 Z0.27451 F1000
G01 X18.377551 Y-42.214286 Z0.078431 F1000
G01 X16.173469 Y-42.214286 Z0.078431 F1000
G01 X16.091837 Y-42.214286 Z0.470588 F1000
G01 X16.010204 Y-42.214286 Z0.470588 F1000
G01 X15.928571 Y-42.214286 Z0.705882 F1000
G01 X15.602041 Y-42.214286 Z0.705882 F1000
G01 X15.520408 Y-42.214286 Z1.137255 F1000
G01 X15.438776 Y-42.214286 Z8.54902 F1000
G01 X15.357143 Y-42.214286 Z10 F1000
G01 X13.969388 Y-42.214286 Z10 F1000
G01 X13.887755 Y-42.214286 Z9.843137 F1000
G01 X13.806122 Y-42.214286 Z9.764706 F1000
G01 X13.479592 Y-42.214286 Z9.764706 F1000
G01 X13.397959 Y-42.214286 Z9.686275 F1000
G01 X13.316327 Y-42.214286 Z9.607843 F1000
G01 X13.234694 Y-42.214286 Z9.607843 F1000
G01 X13.153061 Y-42.214286 Z9.568627 F1000
G01 X0.418367 Y-42.214286 Z9.568627 F1000
G01 X0.418367 Y-42.295918 Z9.568627 F1000
G01 X0.418367 Y-42.377551 Z9.568627 F1000
G01 X0.418367 Y-42.459184 Z9.568627 F1000
G01 X0.418367 Y-42.540816 Z9.568627 F1000
G01 X0.418367 Y-42.622449 Z9.568627 F1000
G01 X0.418367 Y-42.704082 Z9.568627 F1000
G01 X0.418367 Y-42.785714 Z9.568627 F1000
G01 X13.316327 Y-42.785714 Z9.568627 F1000
G01 X13.397959 Y-42.785714 Z9.607843 F1000
G01 X13.479592 Y-42.785714 Z9.647059 F1000
G01 X13.806122 Y-42.785714 Z9.647059 F1000
G01 X13.887755 Y-42.785714 Z9.72549 F1000
G01 X13.969388 Y-42.785714 Z9.843137 F1000
G01 X14.05102 Y-42.785714 Z10 F1000
G01 X15.602041 Y-42.785714 Z10 F1000
G01 X15.683673 Y-42.785714 Z9.568627 F1000
G01 X15.765306 Y-42.785714 Z8.235294 F1000
G01 X15.846939 Y-42.785714 Z1.45098 F1000
G01 X15.928571 Y-42.785714 Z0.705882 F1000
G01 X16.010204 Y-42.785714 Z0.470588 F1000
G01 X16.091837 Y-42.785714 Z0.470588 F1000
G01 X16.173469 Y-42.785714 Z0.235294 F1000
G01 X16.255102 Y-42.785714 Z0.156863 F1000
G01 X16.336735 Y-42.785714 Z0.117647 F1000
G01 X16.581633 Y-42.785714 Z0.117647 F1000
G01 X16.663265 Y-42.785714 Z0.078431 F1000
G01 X19.030612 Y-42.785714 Z0.078431 F1000
G01 X19.112245 Y-42.785714 Z0.509804 F1000
G01 X19.193878 Y-42.785714 Z0.705882 F1000
G01 X19.357143 Y-42.785714 Z0.705882 F1000
G01 X19.438776 Y-42.785714 Z1.686275 F1000
G01 X19.520408 Y-42.785714 Z8.54902 F1000
G01 X19.602041 Y-42.785714 Z9.607843 F1000
G01 X19.683673 Y-42.785714 Z10 F1000
G01 X21.071429 Y-42.785714 Z10 F1000
G01 X21.153061 Y-42.785714 Z9.72549 F1000
G01 X21.316327 Y-42.785714 Z9.72549 F1000
G01 X21.397959 Y-42.785714 Z9.568627 F1000
G01 X78.459184 Y-42.785714 Z9.568627 F1000
G01 X78.540816 Y-42.785714 Z9.921569 F1000
G01 X78.622449 Y-42.785714 Z10 F1000
G01 X80.336735 Y-42.785714 Z10 F1000
G01 X80.418367 Y-42.785714 Z8.54902 F1000
G01 X80.5 Y-42.785714 Z1.647059 F1000
G01 X80.581633 Y-42.785714 Z0.509804 F1000
G01 X80.744898 Y-42.785714 Z0.509804 F1000
G01 X80.826531 Y-42.785714 Z0.27451 F1000
G01 X80.908163 Y-42.785714 Z0.156863 F1000
G01 X80.989796 Y-42.785714 Z0.117647 F1000
G01 X81.316327 Y-42.785714 Z0.117647 F1000
G01 X81.397959 Y-42.785714 Z0.078431 F1000
G01 X83.030612 Y-42.785714 Z0.078431 F1000
G01 X83.112245 Y-42.785714 Z0.117647 F1000
G01 X83.683673 Y-42.785714 Z0.117647 F1000
G01 X83.765306 Y-42.785714 Z0.352941 F1000
G01 X83.846939 Y-42.785714 Z0.588235 F1000
G01 X84.091837 Y-42.785714 Z0.588235 F1000
G01 X84.173469 Y-42.785714 Z9.058824 F1000
G01 X84.255102 Y-42.785714 Z9.843137 F1000
G01 X84.336735 Y-42.785714 Z10 F1000
G01 X85.561224 Y-42.785714 Z10 F1000
G01 X85.642857 Y-42.785714 Z9.960784 F1000
G01 X85.887755 Y-42.785714 Z9.960784 F1000
G01 X85.969388 Y-42.785714 Z9.843137 F1000
G01 X86.05102 Y-42.785714 Z9.647059 F1000
G01 X86.459184 Y-42.785714 Z9.647059 F1000
G01 X86.540816 Y-42.785714 Z9.607843 F1000
G01 X86.622449 Y-42.785714 Z9.568627 F1000
G01 X99.520408 Y-42.785714 Z9.568627 F1000
G01 X99.520408 Y-42.867347 Z9.568627 F1000
G01 X99.520408 Y-42.94898 Z9.568627 F1000
G01 X99.520408 Y-43.030612 Z9.568627 F1000
G01 X99.520408 Y-43.112245 Z9.568627 F1000
G01 X99.520408 Y-43.193878 Z9.568627 F1000
G01 X99.520408 Y-43.27551 Z9.568627 F1000
G01 X99.520408 Y-43.357143 Z9.568627 F1000
G01 X86.05102 Y-43.357143 Z9.568627 F1000
G01 X85.969388 Y-43.357143 Z9.72549 F1000
G01 X85.887755 Y-43.357143 Z9.960784 F1000
G01 X85.479592 Y-43.357143 Z9.960784 F1000
G01 X85.397959 Y-43.357143 Z10 F1000
G01 X83.928571 Y-43.357143 Z10 F1000
G01 X83.846939 Y-43.357143 Z8.235294 F1000
G01 X83.765306 Y-43.357143 Z1.254902 F1000
G01 X83.683673 Y-43.357143 Z0.54902 F1000
G01 X83.27551 Y-43.357143 Z0.54902 F1000
G01 X83.193878 Y-43.357143 Z0.235294 F1000
G01 X83.112245 Y-43.357143 Z0.235294 F1000
G01 X83.030612 Y-43.357143 Z0.078431 F1000
G01 X80.826531 Y-43.357143 Z0.078431 F1000
G01 X80.744898 Y-43.357143 Z0.235294 F1000
G01 X80.581633 Y-43.357143 Z0.235294 F1000
G01 X80.5 Y-43.357143 Z0.27451 F1000
G01 X80.418367 Y-43.357143 Z0.392157 F1000
G01 X80.336735 Y-43.357143 Z0.392157 F1000
G01 X80.255102 Y-43.357143 Z0.941176 F1000
G01 X80.173469 Y-43.357143 Z1.490196 F1000
G01 X80.091837 Y-43.357143 Z8.627451 F1000
G01 X80.010204 Y-43.357143 Z10 F1000
G01 X77.969388 Y-43.357143 Z10 F1000
G01 X77.887755 Y-43.357143 Z9.568627 F1000
G01 X22.05102 Y-43.357143 Z9.568627 F1000
G01 X21.969388 Y-43.357143 Z9.607843 F1000
G01 X21.887755 Y-43.357143 Z9.607843 F1000
G01 X21.806122 Y-43.357143 Z9.686275 F1000
G01 X21.72449 Y-43.357143 Z9.686275 F1000
G01 X21.642857 Y-43.357143 Z9.803922 F1000
G01 X21.561224 Y-43.357143 Z10 F1000
G01 X20.091837 Y-43.357143 Z10 F1000
G01 X20.010204 Y-43.357143 Z9.921569 F1000
G01 X19.928571 Y-43.357143 Z9.803922 F1000
G01 X19.846939 Y-43.357143 Z8.666667 F1000
G01 X19.765306 Y-43.357143 Z1.568627 F1000
G01 X19.683673 Y-43.357143 Z0.627451 F1000
G01 X19.602041 Y-43.357143 Z0.588235 F1000
G01 X19.520408 Y-43.357143 Z0.54902 F1000
G01 X19.438776 Y-43.357143 Z0.54902 F1000
G01 X19.357143 Y-43.357143 Z0.509804 F1000
G01 X19.193878 Y-43.357143 Z0.509804 F1000
G01 X19.112245 Y-43.357143 Z0.117647 F1000
G01 X19.030612 Y-43.357143 Z0.078431 F1000
G01 X16.826531 Y-43.357143 Z0.078431 F1000
G01 X16.744898 Y-43.357143 Z0.196078 F1000
G01 X16.663265 Y-43.357143 Z0.392157 F1000
G01 X16.581633 Y-43.357143 Z1.019608 F1000
G01 X16.173469 Y-43.357143 Z1.019608 F1000
G01 X16.091837 Y-43.357143 Z7.921569 F1000
G01 X16.010204 Y-43.357143 Z10 F1000
G01 X14.05102 Y-43.357143 Z10 F1000
G01 X13.969388 Y-43.357143 Z9.843137 F1000
G01 X13.887755 Y-43.357143 Z9.568627 F1000
G01 X0.418367 Y-43.357143 Z9.568627 F1000
G01 X0.418367 Y-43.438776 Z9.568627 F1000
G01 X0.418367 Y-43.520408 Z9.568627 F1000
G01 X0.418367 Y-43.602041 Z9.568627 F1000
G01 X0.418367 Y-43.683673 Z9.568627 F1000
G01 X0.418367 Y-43.765306 Z9.568627 F1000
G01 X0.418367 Y-43.846939 Z9.568627 F1000
G01 X0.418367 Y-43.928571 Z9.568627 F1000
G01 X14.459184 Y-43.928571 Z9.568627 F1000
G01 X14.540816 Y-43.928571 Z9.843137 F1000
G01 X14.704082 Y-43.928571 Z9.843137 F1000
G01 X14.785714 Y-43.928571 Z10 F1000
G01 X16.336735 Y-43.928571 Z10 F1000
G01 X16.418367 Y-43.928571 Z9.098039 F1000
G01 X16.5 Y-43.928571 Z1.176471 F1000
G01 X16.581633 Y-43.928571 Z1.019608 F1000
G01 X16.663265 Y-43.928571 Z0.509804 F1000
G01 X16.744898 Y-43.928571 Z0.352941 F1000
G01 X16.826531 Y-43.928571 Z0.196078 F1000
G01 X17.397959 Y-43.928571 Z0.196078 F1000
G01 X17.479592 Y-43.928571 Z0.078431 F1000
G01 X19.520408 Y-43.928571 Z0.078431 F1000
G01 X19.602041 Y-43.928571 Z0.117647 F1000
G01 X19.683673 Y-43.928571 Z0.117647 F1000
G01 X19.765306 Y-43.928571 Z0.54902 F1000
G01 X19.846939 Y-43.928571 Z0.54902 F1000
G01 X19.928571 Y-43.928571 Z0.705882 F1000
G01 X20.010204 Y-43.928571 Z0.705882 F1000
G01 X20.091837 Y-43.928571 Z1.647059 F1000
G01 X20.173469 Y-43.928571 Z8.901961 F1000
G01 X20.255102 Y-43.928571 Z10 F1000
G01 X21.72449 Y-43.928571 Z10 F1000
G01 X21.806122 Y-43.928571 Z9.921569 F1000
G01 X21.969388 Y-43.928571 Z9.921569 F1000
G01 X22.05102 Y-43.928571 Z9.72549 F1000
G01 X22.622449 Y-43.928571 Z9.72549 F1000
G01 X22.704082 Y-43.928571 Z9.568627 F1000
G01 X77.397959 Y-43.928571 Z9.568627 F1000
G01 X77.479592 Y-43.928571 Z9.607843 F1000
G01 X77.561224 Y-43.928571 Z9.607843 F1000
G01 X77.642857 Y-43.928571 Z9.647059 F1000
G01 X77.806122 Y-43.928571 Z9.647059 F1000
G01 X77.887755 Y-43.928571 Z9.882353 F1000
G01 X77.969388 Y-43.928571 Z10 F1000
G01 X79.602041 Y-43.928571 Z10 F1000
G01 X79.683673 Y-43.928571 Z9.72549 F1000
G01 X79.765306 Y-43.928571 Z9.294118 F1000
G01 X79.846939 Y-43.928571 Z1.647059 F1000
G01 X79.928571 Y-43.928571 Z0.784314 F1000
G01 X80.010204 Y-43.928571 Z0.784314 F1000
G01 X80.091837 Y-43.928571 Z0.470588 F1000
G01 X80.173469 Y-43.928571 Z0.117647 F1000
G01 X80.255102 Y-43.928571 Z0.078431 F1000
G01 X82.377551 Y-43.928571 Z0.078431 F1000
G01 X82.459184 Y-43.928571 Z0.117647 F1000
G01 X83.030612 Y-43.928571 Z0.117647 F1000
G01 X83.112245 Y-43.928571 Z0.27451 F1000
G01 X83.193878 Y-43.928571 Z0.392157 F1000
G01 X83.27551 Y-43.928571 Z0.54902 F1000
G01 X83.357143 Y-43.928571 Z0.588235 F1000
G01 X83.438776 Y-43.928571 Z1.019608 F1000
G01 X83.520408 Y-43.928571 Z8.980392 F1000
G01 X83.602041 Y-43.928571 Z10 F1000
G01 X85.153061 Y-43.928571 Z10 F1000
G01 X85.234694 Y-43.928571 Z9.803922 F1000
G01 X85.316327 Y-43.928571 Z9.72549 F1000
G01 X85.397959 Y-43.928571 Z9.607843 F1000
G01 X85.806122 Y-43.928571 Z9.607843 F1000
G01 X85.887755 Y-43.928571 Z9.568627 F1000
G01 X99.520408 Y-43.928571 Z9.568627 F1000
G01 X99.520408 Y-44.010204 Z9.568627 F1000
G01 X99.520408 Y-44.091837 Z9.568627 F1000
G01 X99.520408 Y-44.173469 Z9.568627 F1000
G01 X99.520408 Y-44.255102 Z9.568627 F1000
G01 X99.520408 Y-44.336735 Z9.568627 F1000
G01 X99.520408 Y-44.418367 Z9.568627 F1000
G01 X99.520408 Y-44.5 Z9.568627 F1000
G01 X85.397959 Y-44.5 Z9.568627 F1000
G01 X85.316327 Y-44.5 Z9.72549 F1000
G01 X85.234694 Y-44.5 Z9.803922 F1000
G01 X85.153061 Y-44.5 Z10 F1000
G01 X83.602041 Y-44.5 Z10 F1000
G01 X83.520408 Y-44.5 Z9.960784 F1000
G01 X83.357143 Y-44.5 Z9.960784 F1000
G01 X83.27551 Y-44.5 Z9.882353 F1000
G01 X83.193878 Y-44.5 Z8.862745 F1000
G01 X83.112245 Y-44.5 Z0.980392 F1000
G01 X83.030612 Y-44.5 Z0.313725 F1000
G01 X82.94898 Y-44.5 Z0.313725 F1000
G01 X82.867347 Y-44.5 Z0.27451 F1000
G01 X82.785714 Y-44.5 Z0.196078 F1000
G01 X82.704082 Y-44.5 Z0.117647 F1000
G01 X82.459184 Y-44.5 Z0.117647 F1000
G01 X82.377551 Y-44.5 Z0.078431 F1000
G01 X80.173469 Y-44.5 Z0.078431 F1000
G01 X80.091837 Y-44.5 Z0.470588 F1000
G01 X79.765306 Y-44.5 Z0.470588 F1000
G01 X79.683673 Y-44.5 Z0.54902 F1000
G01 X79.602041 Y-44.5 Z0.666667 F1000
G01 X79.520408 Y-44.5 Z1.882353 F1000
G01 X79.438776 Y-44.5 Z8.627451 F1000
G01 X79.357143 Y-44.5 Z10 F1000
G01 X78.05102 Y-44.5 Z10 F1000
G01 X77.969388 Y-44.5 Z9.960784 F1000
G01 X77.887755 Y-44.5 Z9.882353 F1000
G01 X77.806122 Y-44.5 Z9.647059 F1000
G01 X77.642857 Y-44.5 Z9.647059 F1000
G01 X77.561224 Y-44.5 Z9.607843 F1000
G01 X77.479592 Y-44.5 Z9.607843 F1000
G01 X77.397959 Y-44.5 Z9.568627 F1000
G01 X22.704082 Y-44.5 Z9.568627 F1000
G01 X22.622449 Y-44.5 Z9.72549 F1000
G01 X22.05102 Y-44.5 Z9.72549 F1000
G01 X21.969388 Y-44.5 Z10 F1000
G01 X20.663265 Y-44.5 Z10 F1000
G01 X20.581633 Y-44.5 Z9.843137 F1000
G01 X20.5 Y-44.5 Z9.137255 F1000
G01 X20.418367 Y-44.5 Z1.843137 F1000
G01 X20.336735 Y-44.5 Z0.823529 F1000
G01 X20.255102 Y-44.5 Z0.588235 F1000
G01 X20.010204 Y-44.5 Z0.588235 F1000
G01 X19.928571 Y-44.5 Z0.196078 F1000
G01 X19.765306 Y-44.5 Z0.196078 F1000
G01 X19.683673 Y-44.5 Z0.078431 F1000
G01 X17.479592 Y-44.5 Z0.078431 F1000
G01 X17.397959 Y-44.5 Z0.196078 F1000
G01 X17.234694 Y-44.5 Z0.196078 F1000
G01 X17.153061 Y-44.5 Z0.27451 F1000
G01 X17.071429 Y-44.5 Z0.431373 F1000
G01 X16.989796 Y-44.5 Z0.54902 F1000
G01 X16.826531 Y-44.5 Z0.54902 F1000
G01 X16.744898 Y-44.5 Z8.901961 F1000
G01 X16.663265 Y-44.5 Z10 F1000
G01 X15.193878 Y-44.5 Z10 F1000
G01 X15.112245 Y-44.5 Z9.843137 F1000
G01 X14.540816 Y-44.5 Z9.843137 F1000
G01 X14.459184 Y-44.5 Z9.568627 F1000
G01 X0.418367 Y-44.5 Z9.568627 F1000
G01 X0.418367 Y-44.581633 Z9.568627 F1000
G01 X0.418367 Y-44.663265 Z9.568627 F1000
G01 X0.418367 Y-44.744898 Z9.568627 F1000
G01 X0.418367 Y-44.826531 Z9.568627 F1000
G01 X0.418367 Y-44.908163 Z9.568627 F1000
G01 X0.418367 Y-44.989796 Z9.568627 F1000
G01 X0.418367 Y-45.071429 Z9.568627 F1000
G01 X15.112245 Y-45.071429 Z9.568627 F1000
G01 X15.193878 Y-45.071429 Z9.803922 F1000
G01 X15.27551 Y-45.071429 Z10 F1000
G01 X16.989796 Y-45.071429 Z10 F1000
G01 X17.071429 Y-45.071429 Z8.980392 F1000
G01 X17.153061 Y-45.071429 Z1.294118 F1000
G01 X17.234694 Y-45.071429 Z0.705882 F1000
G01 X17.316327 Y-45.071429 Z0.705882 F1000
G01 X17.397959 Y-45.071429 Z0.392157 F1000
G01 X17.479592 Y-45.071429 Z0.156863 F1000
G01 X17.561224 Y-45.071429 Z0.117647 F1000
G01 X17.642857 Y-45.071429 Z0.078431 F1000
G01 X20.336735 Y-45.071429 Z0.078431 F1000
G01 X20.418367 Y-45.071429 Z0.313725 F1000
G01 X20.5 Y-45.071429 Z0.392157 F1000
G01 X20.581633 Y-45.071429 Z0.392157 F1000
G01 X20.663265 Y-45.071429 Z0.509804 F1000
G01 X20.744898 Y-45.071429 Z1.803922 F1000
G01 X20.826531 Y-45.071429 Z9.254902 F1000
G01 X20.908163 Y-45.071429 Z10 F1000
G01 X22.459184 Y-45.071429 Z10 F1000
G01 X22.540816 Y-45.071429 Z9.764706 F1000
G01 X22.622449 Y-45.071429 Z9.764706 F1000
G01 X22.704082 Y-45.071429 Z9.568627 F1000
G01 X77.153061 Y-45.071429 Z9.568627 F1000
G01 X77.234694 Y-45.071429 Z9.843137 F1000
G01 X77.316327 Y-45.071429 Z10 F1000
G01 X79.030612 Y-45.071429 Z10 F1000
G01 X79.112245 Y-45.071429 Z8.627451 F1000
G01 X79.193878 Y-45.071429 Z1.647059 F1000
G01 X79.27551 Y-45.071429 Z0.54902 F1000
G01 X79.357143 Y-45.071429 Z0.54902 F1000
G01 X79.438776 Y-45.071429 Z0.470588 F1000
G01 X79.520408 Y-45.071429 Z0.235294 F1000
G01 X79.602041 Y-45.071429 Z0.196078 F1000
G01 X79.683673 Y-45.071429 Z0.117647 F1000
G01 X79.765306 Y-45.071429 Z0.078431 F1000
G01 X82.377551 Y-45.071429 Z0.078431 F1000
G01 X82.459184 Y-45.071429 Z0.627451 F1000
G01 X82.540816 Y-45.071429 Z0.627451 F1000
G01 X82.622449 Y-45.071429 Z0.823529 F1000
G01 X82.704082 Y-45.071429 Z0.823529 F1000
G01 X82.785714 Y-45.071429 Z1.294118 F1000
G01 X82.867347 Y-45.071429 Z8.470588 F1000
G01 X82.94898 Y-45.071429 Z10 F1000
G01 X84.173469 Y-45.071429 Z10 F1000
G01 X84.255102 Y-45.071429 Z9.960784 F1000
G01 X84.418367 Y-45.071429 Z9.960784 F1000
G01 X84.5 Y-45.071429 Z9.882353 F1000
G01 X84.663265 Y-45.071429 Z9.882353 F1000
G01 X84.744898 Y-45.071429 Z9.568627 F1000
G01 X99.520408 Y-45.071429 Z9.568627 F1000
G01 X99.520408 Y-45.153061 Z9.568627 F1000
G01 X99.520408 Y-45.234694 Z9.568627 F1000
G01 X99.520408 Y-45.316327 Z9.568627 F1000
G01 X99.520408 Y-45.397959 Z9.568627 F1000
G01 X99.520408 Y-45.479592 Z9.568627 F1000
G01 X99.520408 Y-45.561224 Z9.568627 F1000
G01 X99.520408 Y-45.642857 Z9.568627 F1000
G01 X84.744898 Y-45.642857 Z9.568627 F1000
G01 X84.663265 Y-45.642857 Z9.843137 F1000
G01 X84.5 Y-45.642857 Z9.843137 F1000
G01 X84.418367 Y-45.642857 Z9.921569 F1000
G01 X84.255102 Y-45.642857 Z9.921569 F1000
G01 X84.173469 Y-45.642857 Z10 F1000
G01 X82.622449 Y-45.642857 Z10 F1000
G01 X82.540816 Y-45.642857 Z8.313725 F1000
G01 X82.459184 Y-45.642857 Z1.372549 F1000
G01 X82.377551 Y-45.642857 Z0.313725 F1000
G01 X82.295918 Y-45.642857 Z0.27451 F1000
G01 X81.806122 Y-45.642857 Z0.27451 F1000
G01 X81.72449 Y-45.642857 Z0.078431 F1000
G01 X79.520408 Y-45.642857 Z0.078431 F1000
G01 X79.438776 Y-45.642857 Z0.196078 F1000
G01 X79.357143 Y-45.642857 Z0.431373 F1000
G01 X79.193878 Y-45.642857 Z0.431373 F1000
G01 X79.112245 Y-45.642857 Z0.470588 F1000
G01 X79.030612 Y-45.642857 Z0.901961 F1000
G01 X78.94898 Y-45.642857 Z0.901961 F1000
G01 X78.867347 Y-45.642857 Z2.039216 F1000
G01 X78.785714 Y-45.642857 Z8.862745 F1000
G01 X78.704082 Y-45.642857 Z9.921569 F1000
G01 X78.622449 Y-45.642857 Z10 F1000
G01 X77.316327 Y-45.642857 Z10 F1000
G01 X77.234694 Y-45.642857 Z9.882353 F1000
G01 X77.153061 Y-45.642857 Z9.686275 F1000
G01 X77.071429 Y-45.642857 Z9.686275 F1000
G01 X76.989796 Y-45.642857 Z9.647059 F1000
G01 X76.908163 Y-45.642857 Z9.647059 F1000
G01 X76.826531 Y-45.642857 Z9.607843 F1000
G01 X76.581633 Y-45.642857 Z9.607843 F1000
G01 X76.5 Y-45.642857 Z9.568627 F1000
G01 X23.357143 Y-45.642857 Z9.568627 F1000
G01 X23.27551 Y-45.642857 Z9.686275 F1000
G01 X23.193878 Y-45.642857 Z9.764706 F1000
G01 X23.112245 Y-45.642857 Z9.803922 F1000
G01 X23.030612 Y-45.642857 Z9.882353 F1000
G01 X22.867347 Y-45.642857 Z9.882353 F1000
G01 X22.785714 Y-45.642857 Z10 F1000
G01 X21.316327 Y-45.642857 Z10 F1000
G01 X21.234694 Y-45.642857 Z9.45098 F1000
G01 X21.153061 Y-45.642857 Z8.666667 F1000
G01 X21.071429 Y-45.642857 Z2.27451 F1000
G01 X20.989796 Y-45.642857 Z0.352941 F1000
G01 X20.826531 Y-45.642857 Z0.352941 F1000
G01 X20.744898 Y-45.642857 Z0.235294 F1000
G01 X20.663265 Y-45.642857 Z0.117647 F1000
G01 X20.418367 Y-45.642857 Z0.117647 F1000
G01 X20.336735 Y-45.642857 Z0.078431 F1000
G01 X18.132653 Y-45.642857 Z0.078431 F1000
G01 X18.05102 Y-45.642857 Z0.27451 F1000
G01 X17.969388 Y-45.642857 Z0.470588 F1000
G01 X17.561224 Y-45.642857 Z0.470588 F1000
G01 X17.479592 Y-45.642857 Z1.294118 F1000
G01 X17.397959 Y-45.642857 Z8.901961 F1000
G01 X17.316327 Y-45.642857 Z10 F1000
G01 X15.846939 Y-45.642857 Z10 F1000
G01 X15.765306 Y-45.642857 Z9.647059 F1000
G01 X15.438776 Y-45.642857 Z9.647059 F1000
G01 X15.357143 Y-45.642857 Z9.607843 F1000
G01 X15.193878 Y-45.642857 Z9.607843 F1000
G01 X15.112245 Y-45.642857 Z9.568627 F1000
G01 X0.418367 Y-45.642857 Z9.568627 F1000
G01 X0.418367 Y-45.72449 Z9.568627 F1000
G01 X0.418367 Y-45.806122 Z9.568627 F1000
G01 X0.418367 Y-45.887755 Z9.568627 F1000
G01 X0.418367 Y-45.969388 Z9.568627 F1000
G01 X0.418367 Y-46.05102 Z9.568627 F1000
G01 X0.418367 Y-46.132653 Z9.568627 F1000
G01 X0.418367 Y-46.214286 Z9.568627 F1000
G01 X15.765306 Y-46.214286 Z9.568627 F1000
G01 X15.846939 Y-46.214286 Z9.686275 F1000
G01 X15.928571 Y-46.214286 Z9.686275 F1000
G01 X16.010204 Y-46.214286 Z9.803922 F1000
G01 X16.091837 Y-46.214286 Z9.960784 F1000
G01 X16.255102 Y-46.214286 Z9.960784 F1000
G01 X16.336735 Y-46.214286 Z10 F1000
G01 X17.642857 Y-46.214286 Z10 F1000
G01 X17.72449 Y-46.214286 Z8.941176 F1000
G01 X17.806122 Y-46.214286 Z0.823529 F1000
G01 X17.887755 Y-46.214286 Z0.705882 F1000
G01 X17.969388 Y-46.214286 Z0.588235 F1000
G01 X18.05102 Y-46.214286 Z0.470588 F1000
G01 X18.132653 Y-46.214286 Z0.078431 F1000
G01 X20.989796 Y-46.214286 Z0.078431 F1000
G01 X21.071429 Y-46.214286 Z0.313725 F1000
G01 X21.153061 Y-46.214286 Z0.431373 F1000
G01 X21.316327 Y-46.214286 Z0.431373 F1000
G01 X21.397959 Y-46.214286 Z1.803922 F1000
G01 X21.479592 Y-46.214286 Z8.901961 F1000
G01 X21.561224 Y-46.214286 Z10 F1000
G01 X23.193878 Y-46.214286 Z10 F1000
G01 X23.27551 Y-46.214286 Z9.686275 F1000
G01 X23.357143 Y-46.214286 Z9.568627 F1000
G01 X76.5 Y-46.214286 Z9.568627 F1000
G01 X76.581633 Y-46.214286 Z9.686275 F1000
G01 X76.663265 Y-46.214286 Z10 F1000
G01 X78.05102 Y-46.214286 Z10 F1000
G01 X78.132653 Y-46.214286 Z9.960784 F1000
G01 X78.377551 Y-46.214286 Z9.960784 F1000
G01 X78.459184 Y-46.214286 Z8.588235 F1000
G01 X78.540816 Y-46.214286 Z1.529412 F1000
G01 X78.622449 Y-46.214286 Z0.784314 F1000
G01 X78.704082 Y-46.214286 Z0.666667 F1000
G01 X78.785714 Y-46.214286 Z0.470588 F1000
G01 X78.867347 Y-46.214286 Z0.078431 F1000
G01 X81.72449 Y-46.214286 Z0.078431 F1000
G01 X81.806122 Y-46.214286 Z0.431373 F1000
G01 X81.887755 Y-46.214286 Z0.431373 F1000
G01 X81.969388 Y-46.214286 Z0.784314 F1000
G01 X82.132653 Y-46.214286 Z0.784314 F1000
G01 X82.214286 Y-46.214286 Z8.313725 F1000
G01 X82.295918 Y-46.214286 Z10 F1000
G01 X83.683673 Y-46.214286 Z10 F1000
G01 X83.765306 Y-46.214286 Z9.960784 F1000
G01 X83.928571 Y-46.214286 Z9.960784 F1000
G01 X84.010204 Y-46.214286 Z9.843137 F1000
G01 X84.091837 Y-46.214286 Z9.568627 F1000
G01 X99.520408 Y-46.214286 Z9.568627 F1000
G01 X99.520408 Y-46.295918 Z9.568627 F1000
G01 X99.520408 Y-46.377551 Z9.568627 F1000
G01 X99.520408 Y-46.459184 Z9.568627 F1000
G01 X99.520408 Y-46.540816 Z9.568627 F1000
G01 X99.520408 Y-46.622449 Z9.568627 F1000
G01 X99.520408 Y-46.704082 Z9.568627 F1000
G01 X99.520408 Y-46.785714 Z9.568627 F1000
G01 X83.846939 Y-46.785714 Z9.568627 F1000
G01 X83.765306 Y-46.785714 Z9.843137 F1000
G01 X83.602041 Y-46.785714 Z9.843137 F1000
G01 X83.520408 Y-46.785714 Z9.921569 F1000
G01 X83.438776 Y-46.785714 Z9.921569 F1000
G01 X83.357143 Y-46.785714 Z10 F1000
G01 X81.969388 Y-46.785714 Z10 F1000
G01 X81.887755 Y-46.785714 Z8.156863 F1000
G01 X81.806122 Y-46.785714 Z1.098039 F1000
G01 X81.72449 Y-46.785714 Z0.54902 F1000
G01 X81.479592 Y-46.785714 Z0.54902 F1000
G01 X81.397959 Y-46.785714 Z0.352941 F1000
G01 X81.234694 Y-46.785714 Z0.352941 F1000
G01 X81.153061 Y-46.785714 Z0.235294 F1000
G01 X81.071429 Y-46.785714 Z0.078431 F1000
G01 X78.867347 Y-46.785714 Z0.078431 F1000
G01 X78.785714 Y-46.785714 Z0.235294 F1000
G01 X78.622449 Y-46.785714 Z0.235294 F1000
G01 X78.540816 Y-46.785714 Z0.470588 F1000
G01 X78.295918 Y-46.785714 Z0.470588 F1000
G01 X78.214286 Y-46.785714 Z1.843137 F1000
G01 X78.132653 Y-46.785714 Z9.45098 F1000
G01 X78.05102 Y-46.785714 Z10 F1000
G01 X76.173469 Y-46.785714 Z10 F1000
G01 X76.091837 Y-46.785714 Z9.764706 F1000
G01 X76.010204 Y-46.785714 Z9.764706 F1000
G01 X75.928571 Y-46.785714 Z9.607843 F1000
G01 X75.846939 Y-46.785714 Z9.568627 F1000
G01 X24.010204 Y-46.785714 Z9.568627 F1000
G01 X23.928571 Y-46.785714 Z9.72549 F1000
G01 X23.846939 Y-46.785714 Z9.960784 F1000
G01 X23.765306 Y-46.785714 Z9.960784 F1000
G01 X23.683673 Y-46.785714 Z10 F1000
G01 X21.887755 Y-46.785714 Z10 F1000
G01 X21.806122 Y-46.785714 Z8.901961 F1000
G01 X21.72449 Y-46.785714 Z2.27451 F1000
G01 X21.642857 Y-46.785714 Z0.392157 F1000
G01 X21.316327 Y-46.785714 Z0.392157 F1000
G01 X21.234694 Y-46.785714 Z0.313725 F1000
G01 X21.071429 Y-46.785714 Z0.313725 F1000
G01 X20.989796 Y-46.785714 Z0.078431 F1000
G01 X18.785714 Y-46.785714 Z0.078431 F1000
G01 X18.704082 Y-46.785714 Z0.352941 F1000
G01 X18.622449 Y-46.785714 Z0.392157 F1000
G01 X18.540816 Y-46.785714 Z0.745098 F1000
G01 X18.214286 Y-46.785714 Z0.745098 F1000
G01 X18.132653 Y-46.785714 Z1.019608 F1000
G01 X18.05102 Y-46.785714 Z8.27451 F1000
G01 X17.969388 Y-46.785714 Z10 F1000
G01 X16.336735 Y-46.785714 Z10 F1000
G01 X16.255102 Y-46.785714 Z9.686275 F1000
G01 X16.010204 Y-46.785714 Z9.686275 F1000
G01 X15.928571 Y-46.785714 Z9.568627 F1000
G01 X0.418367 Y-46.785714 Z9.568627 F1000
G01 X0.418367 Y-46.867347 Z9.568627 F1000
G01 X0.418367 Y-46.94898 Z9.568627 F1000
G01 X0.418367 Y-47.030612 Z9.568627 F1000
G01 X0.418367 Y-47.112245 Z9.568627 F1000
G01 X0.418367 Y-47.193878 Z9.568627 F1000
G01 X0.418367 Y-47.27551 Z9.568627 F1000
G01 X0.418367 Y-47.357143 Z9.568627 F1000
G01 X16.418367 Y-47.357143 Z9.568627 F1000
G01 X16.5 Y-47.357143 Z9.686275 F1000
G01 X16.581633 Y-47.357143 Z9.764706 F1000
G01 X16.663265 Y-47.357143 Z9.882353 F1000
G01 X16.744898 Y-47.357143 Z9.882353 F1000
G01 X16.826531 Y-47.357143 Z10 F1000
G01 X18.214286 Y-47.357143 Z10 F1000
G01 X18.295918 Y-47.357143 Z9.72549 F1000
G01 X18.377551 Y-47.357143 Z8.392157 F1000
G01 X18.459184 Y-47.357143 Z1.372549 F1000
G01 X18.540816 Y-47.357143 Z0.745098 F1000
G01 X18.622449 Y-47.357143 Z0.54902 F1000
G01 X18.704082 Y-47.357143 Z0.54902 F1000
G01 X18.785714 Y-47.357143 Z0.196078 F1000
G01 X18.867347 Y-47.357143 Z0.117647 F1000
G01 X18.94898 Y-47.357143 Z0.078431 F1000
G01 X21.153061 Y-47.357143 Z0.078431 F1000
G01 X21.234694 Y-47.357143 Z0.117647 F1000
G01 X21.642857 Y-47.357143 Z0.117647 F1000
G01 X21.72449 Y-47.357143 Z0.509804 F1000
G01 X21.806122 Y-47.357143 Z0.588235 F1000
G01 X21.969388 Y-47.357143 Z0.588235 F1000
G01 X22.05102 Y-47.357143 Z1.607843 F1000
G01 X22.132653 Y-47.357143 Z8.823529 F1000
G01 X22.214286 Y-47.357143 Z10 F1000
G01 X23.765306 Y-47.357143 Z10 F1000
G01 X23.846939 Y-47.357143 Z9.960784 F1000
G01 X23.928571 Y-47.357143 Z9.764706 F1000
G01 X24.010204 Y-47.357143 Z9.568627 F1000
G01 X75.846939 Y-47.357143 Z9.568627 F1000
G01 X75.928571 Y-47.357143 Z9.764706 F1000
G01 X76.091837 Y-47.357143 Z9.764706 F1000
G01 X76.173469 Y-47.357143 Z10 F1000
G01 X77.72449 Y-47.357143 Z10 F1000
G01 X77.806122 Y-47.357143 Z9.058824 F1000
G01 X77.887755 Y-47.357143 Z1.568627 F1000
G01 X77.969388 Y-47.357143 Z0.470588 F1000
G01 X78.05102 Y-47.357143 Z0.392157 F1000
G01 X78.132653 Y-47.357143 Z0.392157 F1000
G01 X78.214286 Y-47.357143 Z0.196078 F1000
G01 X78.377551 Y-47.357143 Z0.196078 F1000
G01 X78.459184 Y-47.357143 Z0.156863 F1000
G01 X78.540816 Y-47.357143 Z0.117647 F1000
G01 X78.622449 Y-47.357143 Z0.078431 F1000
G01 X81.071429 Y-47.357143 Z0.078431 F1000
G01 X81.153061 Y-47.357143 Z0.392157 F1000
G01 X81.234694 Y-47.357143 Z0.627451 F1000
G01 X81.479592 Y-47.357143 Z0.627451 F1000
G01 X81.561224 Y-47.357143 Z8.862745 F1000
G01 X81.642857 Y-47.357143 Z9.960784 F1000
G01 X81.72449 Y-47.357143 Z10 F1000
G01 X83.112245 Y-47.357143 Z10 F1000
G01 X83.193878 Y-47.357143 Z9.960784 F1000
G01 X83.27551 Y-47.357143 Z9.960784 F1000
G01 X83.357143 Y-47.357143 Z9.803922 F1000
G01 X83.438776 Y-47.357143 Z9.568627 F1000
G01 X99.520408 Y-47.357143 Z9.568627 F1000
G01 X99.520408 Y-47.438776 Z9.568627 F1000
G01 X99.520408 Y-47.520408 Z9.568627 F1000
G01 X99.520408 Y-47.602041 Z9.568627 F1000
G01 X99.520408 Y-47.683673 Z9.568627 F1000
G01 X99.520408 Y-47.765306 Z9.568627 F1000
G01 X99.520408 Y-47.846939 Z9.568627 F1000
G01 X99.520408 Y-47.928571 Z9.568627 F1000
G01 X83.438776 Y-47.928571 Z9.568627 F1000
G01 X83.357143 Y-47.928571 Z9.803922 F1000
G01 X83.27551 Y-47.928571 Z9.960784 F1000
G01 X82.867347 Y-47.928571 Z9.960784 F1000
G01 X82.785714 Y-47.928571 Z10 F1000
G01 X81.316327 Y-47.928571 Z10 F1000
G01 X81.234694 Y-47.928571 Z8.196078 F1000
G01 X81.153061 Y-47.928571 Z1.333333 F1000
G01 X81.071429 Y-47.928571 Z0.705882 F1000
G01 X80.826531 Y-47.928571 Z0.705882 F1000
G01 X80.744898 Y-47.928571 Z0.470588 F1000
G01 X80.663265 Y-47.928571 Z0.470588 F1000
G01 X80.581633 Y-47.928571 Z0.235294 F1000
G01 X80.5 Y-47.928571 Z0.235294 F1000
G01 X80.418367 Y-47.928571 Z0.078431 F1000
G01 X78.132653 Y-47.928571 Z0.078431 F1000
G01 X78.05102 Y-47.928571 Z0.235294 F1000
G01 X77.969388 Y-47.928571 Z0.235294 F1000
G01 X77.887755 Y-47.928571 Z0.352941 F1000
G01 X77.806122 Y-47.928571 Z0.470588 F1000
G01 X77.72449 Y-47.928571 Z0.470588 F1000
G01 X77.642857 Y-47.928571 Z0.54902 F1000
G01 X77.561224 Y-47.928571 Z1.490196 F1000
G01 X77.479592 Y-47.928571 Z8.705882 F1000
G01 X77.397959 Y-47.928571 Z10 F1000
G01 X75.357143 Y-47.928571 Z10 F1000
G01 X75.27551 Y-47.928571 Z9.568627 F1000
G01 X24.581633 Y-47.928571 Z9.568627 F1000
G01 X24.5 Y-47.928571 Z9.764706 F1000
G01 X24.418367 Y-47.928571 Z10 F1000
G01 X22.622449 Y-47.928571 Z10 F1000
G01 X22.540816 Y-47.928571 Z9.843137 F1000
G01 X22.459184 Y-47.928571 Z8.980392 F1000
G01 X22.377551 Y-47.928571 Z1.686275 F1000
G01 X22.295918 Y-47.928571 Z0.588235 F1000
G01 X21.806122 Y-47.928571 Z0.588235 F1000
G01 X21.72449 Y-47.928571 Z0.078431 F1000
G01 X19.438776 Y-47.928571 Z0.078431 F1000
G01 X19.357143 Y-47.928571 Z0.392157 F1000
G01 X19.27551 Y-47.928571 Z0.392157 F1000
G01 X19.193878 Y-47.928571 Z0.470588 F1000
G01 X19.112245 Y-47.928571 Z0.823529 F1000
G01 X18.867347 Y-47.928571 Z0.823529 F1000
G01 X18.785714 Y-47.928571 Z1.137255 F1000
G01 X18.704082 Y-47.928571 Z8.235294 F1000
G01 X18.622449 Y-47.928571 Z10 F1000
G01 X17.071429 Y-47.928571 Z10 F1000
G01 X16.989796 Y-47.928571 Z9.921569 F1000
G01 X16.908163 Y-47.928571 Z9.921569 F1000
G01 X16.826531 Y-47.928571 Z9.843137 F1000
G01 X16.663265 Y-47.928571 Z9.843137 F1000
G01 X16.581633 Y-47.928571 Z9.764706 F1000
G01 X16.5 Y-47.928571 Z9.607843 F1000
G01 X16.418367 Y-47.928571 Z9.568627 F1000
G01 X0.418367 Y-47.928571 Z9.568627 F1000
G01 X0.418367 Y-48.010204 Z9.568627 F1000
G01 X0.418367 Y-48.091837 Z9.568627 F1000
G01 X0.418367 Y-48.173469 Z9.568627 F1000
G01 X0.418367 Y-48.255102 Z9.568627 F1000
G01 X0.418367 Y-48.336735 Z9.568627 F1000
G01 X0.418367 Y-48.418367 Z9.568627 F1000
G01 X0.418367 Y-48.5 Z9.568627 F1000
G01 X16.663265 Y-48.5 Z9.568627 F1000
G01 X16.744898 Y-48.5 Z9.607843 F1000
G01 X17.071429 Y-48.5 Z9.607843 F1000
G01 X17.153061 Y-48.5 Z9.843137 F1000
G01 X17.234694 Y-48.5 Z9.921569 F1000
G01 X17.316327 Y-48.5 Z9.921569 F1000
G01 X17.397959 Y-48.5 Z10 F1000
G01 X18.94898 Y-48.5 Z10 F1000
G01 X19.030612 Y-48.5 Z9.098039 F1000
G01 X19.112245 Y-48.5 Z1.568627 F1000
G01 X19.193878 Y-48.5 Z0.588235 F1000
G01 X19.27551 Y-48.5 Z0.588235 F1000
G01 X19.357143 Y-48.5 Z0.431373 F1000
G01 X19.438776 Y-48.5 Z0.156863 F1000
G01 X19.520408 Y-48.5 Z0.117647 F1000
G01 X19.846939 Y-48.5 Z0.117647 F1000
G01 X19.928571 Y-48.5 Z0.078431 F1000
G01 X22.295918 Y-48.5 Z0.078431 F1000
G01 X22.377551 Y-48.5 Z0.392157 F1000
G01 X22.459184 Y-48.5 Z0.705882 F1000
G01 X22.540816 Y-48.5 Z0.705882 F1000
G01 X22.622449 Y-48.5 Z0.784314 F1000
G01 X22.704082 Y-48.5 Z1.568627 F1000
G01 X22.785714 Y-48.5 Z9.137255 F1000
G01 X22.867347 Y-48.5 Z10 F1000
G01 X24.5 Y-48.5 Z10 F1000
G01 X24.581633 Y-48.5 Z9.686275 F1000
G01 X24.663265 Y-48.5 Z9.568627 F1000
G01 X75.193878 Y-48.5 Z9.568627 F1000
G01 X75.27551 Y-48.5 Z9.882353 F1000
G01 X75.357143 Y-48.5 Z10 F1000
G01 X76.989796 Y-48.5 Z10 F1000
G01 X77.071429 Y-48.5 Z9.529412 F1000
G01 X77.153061 Y-48.5 Z9.45098 F1000
G01 X77.234694 Y-48.5 Z1.45098 F1000
G01 X77.316327 Y-48.5 Z1.137255 F1000
G01 X77.397959 Y-48.5 Z1.137255 F1000
G01 X77.479592 Y-48.5 Z0.431373 F1000
G01 X77.561224 Y-48.5 Z0.078431 F1000
G01 X79.765306 Y-48.5 Z0.078431 F1000
G01 X79.846939 Y-48.5 Z0.196078 F1000
G01 X80.418367 Y-48.5 Z0.196078 F1000
G01 X80.5 Y-48.5 Z0.392157 F1000
G01 X80.581633 Y-48.5 Z0.431373 F1000
G01 X80.663265 Y-48.5 Z0.470588 F1000
G01 X80.744898 Y-48.5 Z0.509804 F1000
G01 X80.826531 Y-48.5 Z1.254902 F1000
G01 X80.908163 Y-48.5 Z9.176471 F1000
G01 X80.989796 Y-48.5 Z10 F1000
G01 X82.622449 Y-48.5 Z10 F1000
G01 X82.704082 Y-48.5 Z9.764706 F1000
G01 X82.785714 Y-48.5 Z9.607843 F1000
G01 X83.357143 Y-48.5 Z9.607843 F1000
G01 X83.438776 Y-48.5 Z9.568627 F1000
G01 X99.520408 Y-48.5 Z9.568627 F1000
G01 X99.520408 Y-48.581633 Z9.568627 F1000
G01 X99.520408 Y-48.663265 Z9.568627 F1000
G01 X99.520408 Y-48.744898 Z9.568627 F1000
G01 X99.520408 Y-48.826531 Z9.568627 F1000
G01 X99.520408 Y-48.908163 Z9.568627 F1000
G01 X99.520408 Y-48.989796 Z9.568627 F1000
G01 X99.520408 Y-49.071429 Z9.568627 F1000
G01 X82.785714 Y-49.071429 Z9.568627 F1000
G01 X82.704082 Y-49.071429 Z9.72549 F1000
G01 X82.622449 Y-49.071429 Z10 F1000
G01 X80.989796 Y-49.071429 Z10 F1000
G01 X80.908163 Y-49.071429 Z9.960784 F1000
G01 X80.826531 Y-49.071429 Z9.960784 F1000
G01 X80.744898 Y-49.071429 Z9.882353 F1000
G01 X80.663265 Y-49.071429 Z9.568627 F1000
G01 X80.581633 Y-49.071429 Z8.980392 F1000
G01 X80.5 Y-49.071429 Z0.901961 F1000
G01 X80.418367 Y-49.071429 Z0.352941 F1000
G01 X80.336735 Y-49.071429 Z0.27451 F1000
G01 X80.255102 Y-49.071429 Z0.196078 F1000
G01 X79.846939 Y-49.071429 Z0.196078 F1000
G01 X79.765306 Y-49.071429 Z0.078431 F1000
G01 X77.561224 Y-49.071429 Z0.078431 F1000
G01 X77.479592 Y-49.071429 Z0.27451 F1000
G01 X77.397959 Y-49.071429 Z0.27451 F1000
G01 X77.316327 Y-49.071429 Z0.352941 F1000
G01 X77.234694 Y-49.071429 Z0.588235 F1000
G01 X77.071429 Y-49.071429 Z0.588235 F1000
G01 X76.989796 Y-49.071429 Z1.137255 F1000
G01 X76.908163 Y-49.071429 Z1.686275 F1000
G01 X76.826531 Y-49.071429 Z9.137255 F1000
G01 X76.744898 Y-49.071429 Z10 F1000
G01 X75.357143 Y-49.071429 Z10 F1000
G01 X75.27551 Y-49.071429 Z9.882353 F1000
G01 X75.193878 Y-49.071429 Z9.568627 F1000
G01 X24.663265 Y-49.071429 Z9.568627 F1000
G01 X24.581633 Y-49.071429 Z10 F1000
G01 X23.27551 Y-49.071429 Z10 F1000
G01 X23.193878 Y-49.071429 Z9.960784 F1000
G01 X23.112245 Y-49.071429 Z8.980392 F1000
G01 X23.030612 Y-49.071429 Z2.117647 F1000
G01 X22.94898 Y-49.071429 Z0.823529 F1000
G01 X22.867347 Y-49.071429 Z0.509804 F1000
G01 X22.459184 Y-49.071429 Z0.509804 F1000
G01 X22.377551 Y-49.071429 Z0.392157 F1000
G01 X22.295918 Y-49.071429 Z0.078431 F1000
G01 X20.091837 Y-49.071429 Z0.078431 F1000
G01 X20.010204 Y-49.071429 Z0.156863 F1000
G01 X19.765306 Y-49.071429 Z0.156863 F1000
G01 X19.683673 Y-49.071429 Z0.235294 F1000
G01 X19.602041 Y-49.071429 Z0.392157 F1000
G01 X19.520408 Y-49.071429 Z0.509804 F1000
G01 X19.438776 Y-49.071429 Z0.627451 F1000
G01 X19.357143 Y-49.071429 Z8.980392 F1000
G01 X19.27551 Y-49.071429 Z10 F1000
G01 X17.561224 Y-49.071429 Z10 F1000
G01 X17.479592 Y-49.071429 Z9.882353 F1000
G01 X17.316327 Y-49.071429 Z9.882353 F1000
G01 X17.234694 Y-49.071429 Z9.764706 F1000
G01 X17.153061 Y-49.071429 Z9.764706 F1000
G01 X17.071429 Y-49.071429 Z9.568627 F1000
G01 X0.418367 Y-49.071429 Z9.568627 F1000
G01 X0.418367 Y-49.153061 Z9.568627 F1000
G01 X0.418367 Y-49.234694 Z9.568627 F1000
G01 X0.418367 Y-49.316327 Z9.568627 F1000
G01 X0.418367 Y-49.397959 Z9.568627 F1000
G01 X0.418367 Y-49.479592 Z9.568627 F1000
G01 X0.418367 Y-49.561224 Z9.568627 F1000
G01 X0.418367 Y-49.642857 Z9.568627 F1000
G01 X17.72449 Y-49.642857 Z9.568627 F1000
G01 X17.806122 Y-49.642857 Z9.764706 F1000
G01 X17.887755 Y-49.642857 Z10 F1000
G01 X19.602041 Y-49.642857 Z10 F1000
G01 X19.683673 Y-49.642857 Z8.509804 F1000
G01 X19.765306 Y-49.642857 Z1.176471 F1000
G01 X19.846939 Y-49.642857 Z0.705882 F1000
G01 X20.010204 Y-49.642857 Z0.705882 F1000
G01 X20.091837 Y-49.642857 Z0.078431 F1000
G01 X22.94898 Y-49.642857 Z0.078431 F1000
G01 X23.030612 Y-49.642857 Z0.431373 F1000
G01 X23.112245 Y-49.642857 Z0.627451 F1000
G01 X23.27551 Y-49.642857 Z0.627451 F1000
G01 X23.357143 Y-49.642857 Z1.921569 F1000
G01 X23.438776 Y-49.642857 Z9.294118 F1000
G01 X23.520408 Y-49.642857 Z10 F1000
G01 X25.071429 Y-49.642857 Z10 F1000
G01 X25.153061 Y-49.642857 Z9.960784 F1000
G01 X25.234694 Y-49.642857 Z9.686275 F1000
G01 X25.316327 Y-49.642857 Z9.568627 F1000
G01 X74.540816 Y-49.642857 Z9.568627 F1000
G01 X74.622449 Y-49.642857 Z9.921569 F1000
G01 X74.704082 Y-49.642857 Z10 F1000
G01 X76.336735 Y-49.642857 Z10 F1000
G01 X76.418367 Y-49.642857 Z9.843137 F1000
G01 X76.5 Y-49.642857 Z8.901961 F1000
G01 X76.581633 Y-49.642857 Z1.607843 F1000
G01 X76.663265 Y-49.642857 Z0.627451 F1000
G01 X76.744898 Y-49.642857 Z0.470588 F1000
G01 X76.826531 Y-49.642857 Z0.431373 F1000
G01 X76.908163 Y-49.642857 Z0.078431 F1000
G01 X79.765306 Y-49.642857 Z0.078431 F1000
G01 X79.846939 Y-49.642857 Z0.705882 F1000
G01 X80.091837 Y-49.642857 Z0.705882 F1000
G01 X80.173469 Y-49.642857 Z1.098039 F1000
G01 X80.255102 Y-49.642857 Z8.27451 F1000
G01 X80.336735 Y-49.642857 Z9.882353 F1000
G01 X80.418367 Y-49.642857 Z10 F1000
G01 X81.642857 Y-49.642857 Z10 F1000
G01 X81.72449 Y-49.642857 Z9.960784 F1000
G01 X82.05102 Y-49.642857 Z9.960784 F1000
G01 X82.132653 Y-49.642857 Z9.568627 F1000
G01 X99.520408 Y-49.642857 Z9.568627 F1000
G01 X99.520408 Y-49.72449 Z9.568627 F1000
G01 X99.520408 Y-49.806122 Z9.568627 F1000
G01 X99.520408 Y-49.887755 Z9.568627 F1000
G01 X99.520408 Y-49.969388 Z9.568627 F1000
G01 X99.520408 Y-50.05102 Z9.568627 F1000
G01 X99.520408 Y-50.132653 Z9.568627 F1000
G01 X99.520408 Y-50.214286 Z9.568627 F1000
G01 X82.132653 Y-50.214286 Z9.568627 F1000
G01 X82.05102 Y-50.214286 Z9.764706 F1000
G01 X81.969388 Y-50.214286 Z9.803922 F1000
G01 X81.887755 Y-50.214286 Z9.803922 F1000
G01 X81.806122 Y-50.214286 Z9.921569 F1000
G01 X81.642857 Y-50.214286 Z9.921569 F1000
G01 X81.561224 Y-50.214286 Z10 F1000
G01 X80.010204 Y-50.214286 Z10 F1000
G01 X79.928571 Y-50.214286 Z8.27451 F1000
G01 X79.846939 Y-50.214286 Z1.372549 F1000
G01 X79.765306 Y-50.214286 Z0.352941 F1000
G01 X79.683673 Y-50.214286 Z0.313725 F1000
G01 X79.602041 Y-50.214286 Z0.235294 F1000
G01 X79.520408 Y-50.214286 Z0.235294 F1000
G01 X79.438776 Y-50.214286 Z0.196078 F1000
G01 X79.357143 Y-50.214286 Z0.117647 F1000
G01 X79.193878 Y-50.214286 Z0.117647 F1000
G01 X79.112245 Y-50.214286 Z0.078431 F1000
G01 X76.908163 Y-50.214286 Z0.078431 F1000
G01 X76.826531 Y-50.214286 Z0.431373 F1000
G01 X76.5 Y-50.214286 Z0.431373 F1000
G01 X76.418367 Y-50.214286 Z0.823529 F1000
G01 X76.336735 Y-50.214286 Z0.823529 F1000
G01 X76.255102 Y-50.214286 Z1.921569 F1000
G01 X76.173469 Y-50.214286 Z9.176471 F1000
G01 X76.091837 Y-50.214286 Z9.764706 F1000
G01 X76.010204 Y-50.214286 Z10 F1000
G01 X74.704082 Y-50.214286 Z10 F1000
G01 X74.622449 Y-50.214286 Z9.921569 F1000
G01 X74.540816 Y-50.214286 Z9.607843 F1000
G01 X74.214286 Y-50.214286 Z9.607843 F1000
G01 X74.132653 Y-50.214286 Z9.568627 F1000
G01 X25.969388 Y-50.214286 Z9.568627 F1000
G01 X25.887755 Y-50.214286 Z9.803922 F1000
G01 X25.806122 Y-50.214286 Z9.803922 F1000
G01 X25.72449 Y-50.214286 Z9.882353 F1000
G01 X25.479592 Y-50.214286 Z9.882353 F1000
G01 X25.397959 Y-50.214286 Z10 F1000
G01 X23.928571 Y-50.214286 Z10 F1000
G01 X23.846939 Y-50.214286 Z9.72549 F1000
G01 X23.765306 Y-50.214286 Z8.823529 F1000
G01 X23.683673 Y-50.214286 Z2 F1000
G01 X23.602041 Y-50.214286 Z0.117647 F1000
G01 X23.438776 Y-50.214286 Z0.117647 F1000
G01 X23.357143 Y-50.214286 Z0.078431 F1000
G01 X20.744898 Y-50.214286 Z0.078431 F1000
G01 X20.663265 Y-50.214286 Z0.117647 F1000
G01 X20.581633 Y-50.214286 Z0.54902 F1000
G01 X20.173469 Y-50.214286 Z0.54902 F1000
G01 X20.091837 Y-50.214286 Z1.372549 F1000
G01 X20.010204 Y-50.214286 Z8.352941 F1000
G01 X19.928571 Y-50.214286 Z10 F1000
G01 X18.459184 Y-50.214286 Z10 F1000
G01 X18.377551 Y-50.214286 Z9.72549 F1000
G01 X18.295918 Y-50.214286 Z9.686275 F1000
G01 X18.214286 Y-50.214286 Z9.607843 F1000
G01 X17.806122 Y-50.214286 Z9.607843 F1000
G01 X17.72449 Y-50.214286 Z9.568627 F1000
G01 X0.418367 Y-50.214286 Z9.568627 F1000
G01 X0.418367 Y-50.295918 Z9.568627 F1000
G01 X0.418367 Y-50.377551 Z9.568627 F1000
G01 X0.418367 Y-50.459184 Z9.568627 F1000
G01 X0.418367 Y-50.540816 Z9.568627 F1000
G01 X0.418367 Y-50.622449 Z9.568627 F1000
G01 X0.418367 Y-50.704082 Z9.568627 F1000
G01 X0.418367 Y-50.785714 Z9.568627 F1000
G01 X18.377551 Y-50.785714 Z9.568627 F1000
G01 X18.459184 Y-50.785714 Z9.960784 F1000
G01 X18.540816 Y-50.785714 Z9.960784 F1000
G01 X18.622449 Y-50.785714 Z10 F1000
G01 X20.255102 Y-50.785714 Z10 F1000
G01 X20.336735 Y-50.785714 Z8.784314 F1000
G01 X20.418367 Y-50.785714 Z0.823529 F1000
G01 X20.5 Y-50.785714 Z0.666667 F1000
G01 X20.663265 Y-50.785714 Z0.666667 F1000
G01 X20.744898 Y-50.785714 Z0.235294 F1000
G01 X20.826531 Y-50.785714 Z0.196078 F1000
G01 X20.908163 Y-50.785714 Z0.156863 F1000
G01 X20.989796 Y-50.785714 Z0.117647 F1000
G01 X21.316327 Y-50.785714 Z0.117647 F1000
G01 X21.397959 Y-50.785714 Z0.078431 F1000
G01 X23.602041 Y-50.785714 Z0.078431 F1000
G01 X23.683673 Y-50.785714 Z0.352941 F1000
G01 X23.765306 Y-50.785714 Z0.705882 F1000
G01 X23.928571 Y-50.785714 Z0.705882 F1000
G01 X24.010204 Y-50.785714 Z1.568627 F1000
G01 X24.091837 Y-50.785714 Z9.137255 F1000
G01 X24.173469 Y-50.785714 Z10 F1000
G01 X25.806122 Y-50.785714 Z10 F1000
G01 X25.887755 Y-50.785714 Z9.803922 F1000
G01 X25.969388 Y-50.785714 Z9.568627 F1000
G01 X73.887755 Y-50.785714 Z9.568627 F1000
G01 X73.969388 Y-50.785714 Z9.960784 F1000
G01 X74.05102 Y-50.785714 Z9.960784 F1000
G01 X74.132653 Y-50.785714 Z10 F1000
G01 X75.765306 Y-50.785714 Z10 F1000
G01 X75.846939 Y-50.785714 Z8.745098 F1000
G01 X75.928571 Y-50.785714 Z1.647059 F1000
G01 X76.010204 Y-50.785714 Z0.745098 F1000
G01 X76.091837 Y-50.785714 Z0.745098 F1000
G01 X76.173469 Y-50.785714 Z0.627451 F1000
G01 X76.255102 Y-50.785714 Z0.078431 F1000
G01 X79.112245 Y-50.785714 Z0.078431 F1000
G01 X79.193878 Y-50.785714 Z0.470588 F1000
G01 X79.27551 Y-50.785714 Z0.470588 F1000
G01 X79.357143 Y-50.785714 Z0.666667 F1000
G01 X79.438776 Y-50.785714 Z0.666667 F1000
G01 X79.520408 Y-50.785714 Z0.862745 F1000
G01 X79.602041 Y-50.785714 Z8.745098 F1000
G01 X79.683673 Y-50.785714 Z10 F1000
G01 X81.316327 Y-50.785714 Z10 F1000
G01 X81.397959 Y-50.785714 Z9.803922 F1000
G01 X81.479592 Y-50.785714 Z9.568627 F1000
G01 X99.520408 Y-50.785714 Z9.568627 F1000
G01 X99.520408 Y-50.867347 Z9.568627 F1000
G01 X99.520408 Y-50.94898 Z9.568627 F1000
G01 X99.520408 Y-51.030612 Z9.568627 F1000
G01 X99.520408 Y-51.112245 Z9.568627 F1000
G01 X99.520408 Y-51.193878 Z9.568627 F1000
G01 X99.520408 Y-51.27551 Z9.568627 F1000
G01 X99.520408 Y-51.357143 Z9.568627 F1000
G01 X81.479592 Y-51.357143 Z9.568627 F1000
G01 X81.397959 Y-51.357143 Z9.686275 F1000
G01 X81.153061 Y-51.357143 Z9.686275 F1000
G01 X81.071429 Y-51.357143 Z9.803922 F1000
G01 X80.826531 Y-51.357143 Z9.803922 F1000
G01 X80.744898 Y-51.357143 Z10 F1000
G01 X79.357143 Y-51.357143 Z10 F1000
G01 X79.27551 Y-51.357143 Z8.196078 F1000
G01 X79.193878 Y-51.357143 Z1.176471 F1000
G01 X79.112245 Y-51.357143 Z0.588235 F1000
G01 X78.622449 Y-51.357143 Z0.588235 F1000
G01 X78.540816 Y-51.357143 Z0.196078 F1000
G01 X78.459184 Y-51.357143 Z0.078431 F1000
G01 X76.255102 Y-51.357143 Z0.078431 F1000
G01 X76.173469 Y-51.357143 Z0.235294 F1000
G01 X75.928571 Y-51.357143 Z0.235294 F1000
G01 X75.846939 Y-51.357143 Z0.470588 F1000
G01 X75.683673 Y-51.357143 Z0.470588 F1000
G01 X75.602041 Y-51.357143 Z1.529412 F1000
G01 X75.520408 Y-51.357143 Z9.607843 F1000
G01 X75.438776 Y-51.357143 Z10 F1000
G01 X73.806122 Y-51.357143 Z10 F1000
G01 X73.72449 Y-51.357143 Z9.960784 F1000
G01 X73.316327 Y-51.357143 Z9.960784 F1000
G01 X73.234694 Y-51.357143 Z9.568627 F1000
G01 X26.622449 Y-51.357143 Z9.568627 F1000
G01 X26.540816 Y-51.357143 Z9.686275 F1000
G01 X26.459184 Y-51.357143 Z9.686275 F1000
G01 X26.377551 Y-51.357143 Z9.72549 F1000
G01 X26.214286 Y-51.357143 Z9.72549 F1000
G01 X26.132653 Y-51.357143 Z9.764706 F1000
G01 X26.05102 Y-51.357143 Z10 F1000
G01 X24.5 Y-51.357143 Z10 F1000
G01 X24.418367 Y-51.357143 Z8.666667 F1000
G01 X24.336735 Y-51.357143 Z1.647059 F1000
G01 X24.255102 Y-51.357143 Z0.666667 F1000
G01 X24.091837 Y-51.357143 Z0.666667 F1000
G01 X24.010204 Y-51.357143 Z0.470588 F1000
G01 X23.928571 Y-51.357143 Z0.470588 F1000
G01 X23.846939 Y-51.357143 Z0.352941 F1000
G01 X23.683673 Y-51.357143 Z0.352941 F1000
G01 X23.602041 Y-51.357143 Z0.078431 F1000
G01 X21.397959 Y-51.357143 Z0.078431 F1000
G01 X21.316327 Y-51.357143 Z0.392157 F1000
G01 X21.234694 Y-51.357143 Z0.470588 F1000
G01 X21.153061 Y-51.357143 Z0.627451 F1000
G01 X20.908163 Y-51.357143 Z0.627451 F1000
G01 X20.826531 Y-51.357143 Z0.705882 F1000
G01 X20.744898 Y-51.357143 Z0.980392 F1000
G01 X20.663265 Y-51.357143 Z8.313725 F1000
G01 X20.581633 Y-51.357143 Z10 F1000
G01 X18.622449 Y-51.357143 Z10 F1000
G01 X18.540816 Y-51.357143 Z9.960784 F1000
G01 X18.459184 Y-51.357143 Z9.960784 F1000
G01 X18.377551 Y-51.357143 Z9.568627 F1000
G01 X0.418367 Y-51.357143 Z9.568627 F1000
G01 X0.418367 Y-51.438776 Z9.568627 F1000
G01 X0.418367 Y-51.520408 Z9.568627 F1000
G01 X0.418367 Y-51.602041 Z9.568627 F1000
G01 X0.418367 Y-51.683673 Z9.568627 F1000
G01 X0.418367 Y-51.765306 Z9.568627 F1000
G01 X0.418367 Y-51.846939 Z9.568627 F1000
G01 X0.418367 Y-51.928571 Z9.568627 F1000
G01 X19.030612 Y-51.928571 Z9.568627 F1000
G01 X19.112245 Y-51.928571 Z9.764706 F1000
G01 X19.193878 Y-51.928571 Z9.764706 F1000
G01 X19.27551 Y-51.928571 Z10 F1000
G01 X20.826531 Y-51.928571 Z10 F1000
G01 X20.908163 Y-51.928571 Z9.529412 F1000
G01 X20.989796 Y-51.928571 Z8.196078 F1000
G01 X21.071429 Y-51.928571 Z1.568627 F1000
G01 X21.153061 Y-51.928571 Z0.627451 F1000
G01 X21.234694 Y-51.928571 Z0.627451 F1000
G01 X21.316327 Y-51.928571 Z0.470588 F1000
G01 X21.397959 Y-51.928571 Z0.078431 F1000
G01 X23.765306 Y-51.928571 Z0.078431 F1000
G01 X23.846939 Y-51.928571 Z0.117647 F1000
G01 X24.255102 Y-51.928571 Z0.117647 F1000
G01 X24.336735 Y-51.928571 Z0.392157 F1000
G01 X24.418367 Y-51.928571 Z0.431373 F1000
G01 X24.5 Y-51.928571 Z0.509804 F1000
G01 X24.581633 Y-51.928571 Z0.745098 F1000
G01 X24.663265 Y-51.928571 Z1.960784 F1000
G01 X24.744898 Y-51.928571 Z9.098039 F1000
G01 X24.826531 Y-51.928571 Z10 F1000
G01 X26.214286 Y-51.928571 Z10 F1000
G01 X26.295918 Y-51.928571 Z9.803922 F1000
G01 X26.540816 Y-51.928571 Z9.803922 F1000
G01 X26.622449 Y-51.928571 Z9.568627 F1000
G01 X73.234694 Y-51.928571 Z9.568627 F1000
G01 X73.316327 Y-51.928571 Z9.960784 F1000
G01 X73.479592 Y-51.928571 Z9.960784 F1000
G01 X73.561224 Y-51.928571 Z10 F1000
G01 X75.112245 Y-51.928571 Z10 F1000
G01 X75.193878 Y-51.928571 Z8.823529 F1000
G01 X75.27551 Y-51.928571 Z1.882353 F1000
G01 X75.357143 Y-51.928571 Z1.254902 F1000
G01 X75.438776 Y-51.928571 Z0.54902 F1000
G01 X75.520408 Y-51.928571 Z0.54902 F1000
G01 X75.602041 Y-51.928571 Z0.117647 F1000
G01 X76.010204 Y-51.928571 Z0.117647 F1000
G01 X76.091837 Y-51.928571 Z0.078431 F1000
G01 X78.459184 Y-51.928571 Z0.078431 F1000
G01 X78.540816 Y-51.928571 Z0.27451 F1000
G01 X78.622449 Y-51.928571 Z1.137255 F1000
G01 X78.867347 Y-51.928571 Z1.137255 F1000
G01 X78.94898 Y-51.928571 Z8.54902 F1000
G01 X79.030612 Y-51.928571 Z9.843137 F1000
G01 X79.112245 Y-51.928571 Z10 F1000
G01 X80.663265 Y-51.928571 Z10 F1000
G01 X80.744898 Y-51.928571 Z9.882353 F1000
G01 X80.826531 Y-51.928571 Z9.686275 F1000
G01 X81.397959 Y-51.928571 Z9.686275 F1000
G01 X81.479592 Y-51.928571 Z9.568627 F1000
G01 X99.520408 Y-51.928571 Z9.568627 F1000
G01 X99.520408 Y-52.010204 Z9.568627 F1000
G01 X99.520408 Y-52.091837 Z9.568627 F1000
G01 X99.520408 Y-52.173469 Z9.568627 F1000
G01 X99.520408 Y-52.255102 Z9.568627 F1000
G01 X99.520408 Y-52.336735 Z9.568627 F1000
G01 X99.520408 Y-52.418367 Z9.568627 F1000
G01 X99.520408 Y-52.5 Z9.568627 F1000
G01 X80.826531 Y-52.5 Z9.568627 F1000
G01 X80.744898 Y-52.5 Z9.764706 F1000
G01 X80.663265 Y-52.5 Z10 F1000
G01 X78.704082 Y-52.5 Z10 F1000
G01 X78.622449 Y-52.5 Z8 F1000
G01 X78.540816 Y-52.5 Z1.254902 F1000
G01 X78.459184 Y-52.5 Z0.627451 F1000
G01 X78.377551 Y-52.5 Z0.509804 F1000
G01 X78.05102 Y-52.5 Z0.509804 F1000
G01 X77.969388 Y-52.5 Z0.156863 F1000
G01 X77.887755 Y-52.5 Z0.078431 F1000
G01 X75.602041 Y-52.5 Z0.078431 F1000
G01 X75.520408 Y-52.5 Z0.156863 F1000
G01 X75.438776 Y-52.5 Z0.431373 F1000
G01 X75.112245 Y-52.5 Z0.431373 F1000
G01 X75.030612 Y-52.5 Z0.666667 F1000
G01 X74.94898 Y-52.5 Z1.568627 F1000
G01 X74.867347 Y-52.5 Z9.098039 F1000
G01 X74.785714 Y-52.5 Z10 F1000
G01 X73.561224 Y-52.5 Z10 F1000
G01 X73.479592 Y-52.5 Z9.960784 F1000
G01 X73.397959 Y-52.5 Z9.960784 F1000
G01 X73.316327 Y-52.5 Z9.882353 F1000
G01 X72.744898 Y-52.5 Z9.882353 F1000
G01 X72.663265 Y-52.5 Z9.568627 F1000
G01 X27.27551 Y-52.5 Z9.568627 F1000
G01 X27.193878 Y-52.5 Z9.647059 F1000
G01 X27.112245 Y-52.5 Z9.764706 F1000
G01 X27.030612 Y-52.5 Z10 F1000
G01 X25.153061 Y-52.5 Z10 F1000
G01 X25.071429 Y-52.5 Z8.627451 F1000
G01 X24.989796 Y-52.5 Z1.921569 F1000
G01 X24.908163 Y-52.5 Z0.54902 F1000
G01 X24.663265 Y-52.5 Z0.54902 F1000
G01 X24.581633 Y-52.5 Z0.431373 F1000
G01 X24.418367 Y-52.5 Z0.431373 F1000
G01 X24.336735 Y-52.5 Z0.078431 F1000
G01 X22.704082 Y-52.5 Z0.078431 F1000
G01 X22.622449 Y-52.5 Z0.156863 F1000
G01 X22.05102 Y-52.5 Z0.156863 F1000
G01 X21.969388 Y-52.5 Z0.27451 F1000
G01 X21.887755 Y-52.5 Z0.27451 F1000
G01 X21.806122 Y-52.5 Z0.54902 F1000
G01 X21.72449 Y-52.5 Z0.54902 F1000
G01 X21.642857 Y-52.5 Z0.627451 F1000
G01 X21.479592 Y-52.5 Z0.627451 F1000
G01 X21.397959 Y-52.5 Z1.372549 F1000
G01 X21.316327 Y-52.5 Z8.196078 F1000
G01 X21.234694 Y-52.5 Z10 F1000
G01 X19.765306 Y-52.5 Z10 F1000
G01 X19.683673 Y-52.5 Z9.960784 F1000
G01 X19.602041 Y-52.5 Z9.882353 F1000
G01 X19.357143 Y-52.5 Z9.882353 F1000
G01 X19.27551 Y-52.5 Z9.764706 F1000
G01 X19.112245 Y-52.5 Z9.764706 F1000
G01 X19.030612 Y-52.5 Z9.568627 F1000
G01 X0.418367 Y-52.5 Z9.568627 F1000
G01 X0.418367 Y-52.581633 Z9.568627 F1000
G01 X0.418367 Y-52.663265 Z9.568627 F1000
G01 X0.418367 Y-52.744898 Z9.568627 F1000
G01 X0.418367 Y-52.826531 Z9.568627 F1000
G01 X0.418367 Y-52.908163 Z9.568627 F1000
G01 X0.418367 Y-52.989796 Z9.568627 F1000
G01 X0.418367 Y-53.071429 Z9.568627 F1000
G01 X19.683673 Y-53.071429 Z9.568627 F1000
G01 X19.765306 Y-53.071429 Z9.843137 F1000
G01 X19.928571 Y-53.071429 Z9.843137 F1000
G01 X20.010204 Y-53.071429 Z10 F1000
G01 X21.561224 Y-53.071429 Z10 F1000
G01 X21.642857 Y-53.071429 Z8.196078 F1000
G01 X21.72449 Y-53.071429 Z1.607843 F1000
G01 X21.806122 Y-53.071429 Z0.705882 F1000
G01 X21.887755 Y-53.071429 Z0.431373 F1000
G01 X21.969388 Y-53.071429 Z0.431373 F1000
G01 X22.05102 Y-53.071429 Z0.27451 F1000
G01 X22.132653 Y-53.071429 Z0.156863 F1000
G01 X22.622449 Y-53.071429 Z0.156863 F1000
G01 X22.704082 Y-53.071429 Z0.078431 F1000
G01 X24.663265 Y-53.071429 Z0.078431 F1000
G01 X24.744898 Y-53.071429 Z0.117647 F1000
G01 X24.908163 Y-53.071429 Z0.117647 F1000
G01 X24.989796 Y-53.071429 Z0.27451 F1000
G01 X25.071429 Y-53.071429 Z0.509804 F1000
G01 X25.153061 Y-53.071429 Z0.705882 F1000
G01 X25.234694 Y-53.071429 Z0.705882 F1000
G01 X25.316327 Y-53.071429 Z1.45098 F1000
G01 X25.397959 Y-53.071429 Z8.823529 F1000
G01 X25.479592 Y-53.071429 Z10 F1000
G01 X27.112245 Y-53.071429 Z10 F1000
G01 X27.193878 Y-53.071429 Z9.72549 F1000
G01 X27.27551 Y-53.071429 Z9.686275 F1000
G01 X27.357143 Y-53.071429 Z9.647059 F1000
G01 X27.846939 Y-53.071429 Z9.647059 F1000
G01 X27.928571 Y-53.071429 Z9.568627 F1000
G01 X72.581633 Y-53.071429 Z9.568627 F1000
G01 X72.663265 Y-53.071429 Z9.921569 F1000
G01 X72.989796 Y-53.071429 Z9.921569 F1000
G01 X73.071429 Y-53.071429 Z9.960784 F1000
G01 X73.153061 Y-53.071429 Z10 F1000
G01 X74.132653 Y-53.071429 Z10 F1000
G01 X74.214286 Y-53.071429 Z9.921569 F1000
G01 X74.295918 Y-53.071429 Z9.803922 F1000
G01 X74.459184 Y-53.071429 Z9.803922 F1000
G01 X74.540816 Y-53.071429 Z9.137255 F1000
G01 X74.622449 Y-53.071429 Z1.607843 F1000
G01 X74.704082 Y-53.071429 Z0.588235 F1000
G01 X74.785714 Y-53.071429 Z0.588235 F1000
G01 X74.867347 Y-53.071429 Z0.352941 F1000
G01 X74.94898 Y-53.071429 Z0.156863 F1000
G01 X75.438776 Y-53.071429 Z0.156863 F1000
G01 X75.520408 Y-53.071429 Z0.117647 F1000
G01 X75.602041 Y-53.071429 Z0.078431 F1000
G01 X77.561224 Y-53.071429 Z0.078431 F1000
G01 X77.642857 Y-53.071429 Z0.117647 F1000
G01 X77.806122 Y-53.071429 Z0.117647 F1000
G01 X77.887755 Y-53.071429 Z0.313725 F1000
G01 X77.969388 Y-53.071429 Z0.784314 F1000
G01 X78.132653 Y-53.071429 Z0.784314 F1000
G01 X78.214286 Y-53.071429 Z1.372549 F1000
G01 X78.295918 Y-53.071429 Z8.823529 F1000
G01 X78.377551 Y-53.071429 Z10 F1000
G01 X79.846939 Y-53.071429 Z10 F1000
G01 X79.928571 Y-53.071429 Z9.960784 F1000
G01 X80.010204 Y-53.071429 Z9.803922 F1000
G01 X80.091837 Y-53.071429 Z9.764706 F1000
G01 X80.173469 Y-53.071429 Z9.568627 F1000
G01 X99.520408 Y-53.071429 Z9.568627 F1000
G01 X99.520408 Y-53.153061 Z9.568627 F1000
G01 X99.520408 Y-53.234694 Z9.568627 F1000
G01 X99.520408 Y-53.316327 Z9.568627 F1000
G01 X99.520408 Y-53.397959 Z9.568627 F1000
G01 X99.520408 Y-53.479592 Z9.568627 F1000
G01 X99.520408 Y-53.561224 Z9.568627 F1000
G01 X99.520408 Y-53.642857 Z9.568627 F1000
G01 X80.173469 Y-53.642857 Z9.568627 F1000
G01 X80.091837 Y-53.642857 Z9.647059 F1000
G01 X80.010204 Y-53.642857 Z9.803922 F1000
G01 X79.928571 Y-53.642857 Z9.960784 F1000
G01 X79.846939 Y-53.642857 Z9.960784 F1000
G01 X79.765306 Y-53.642857 Z10 F1000
G01 X78.05102 Y-53.642857 Z10 F1000
G01 X77.969388 Y-53.642857 Z8.196078 F1000
G01 X77.887755 Y-53.642857 Z1.176471 F1000
G01 X77.806122 Y-53.642857 Z0.117647 F1000
G01 X77.642857 Y-53.642857 Z0.117647 F1000
G01 X77.561224 Y-53.642857 Z0.078431 F1000
G01 X74.94898 Y-53.642857 Z0.078431 F1000
G01 X74.867347 Y-53.642857 Z0.352941 F1000
G01 X74.704082 Y-53.642857 Z0.352941 F1000
G01 X74.622449 Y-53.642857 Z0.666667 F1000
G01 X74.459184 Y-53.642857 Z0.666667 F1000
G01 X74.377551 Y-53.642857 Z0.941176 F1000
G01 X74.295918 Y-53.642857 Z1.764706 F1000
G01 X74.214286 Y-53.642857 Z8.941176 F1000
G01 X74.132653 Y-53.642857 Z10 F1000
G01 X72.826531 Y-53.642857 Z10 F1000
G01 X72.744898 Y-53.642857 Z9.921569 F1000
G01 X72.663265 Y-53.642857 Z9.921569 F1000
G01 X72.581633 Y-53.642857 Z9.568627 F1000
G01 X27.928571 Y-53.642857 Z9.568627 F1000
G01 X27.846939 Y-53.642857 Z9.647059 F1000
G01 X27.357143 Y-53.642857 Z9.647059 F1000
G01 X27.27551 Y-53.642857 Z9.686275 F1000
G01 X27.193878 Y-53.642857 Z9.72549 F1000
G01 X27.112245 Y-53.642857 Z10 F1000
G01 X25.806122 Y-53.642857 Z10 F1000
G01 X25.72449 Y-53.642857 Z8.784314 F1000
G01 X25.642857 Y-53.642857 Z2.039216 F1000
G01 X25.561224 Y-53.642857 Z0.901961 F1000
G01 X25.479592 Y-53.642857 Z0.901961 F1000
G01 X25.397959 Y-53.642857 Z0.431373 F1000
G01 X25.153061 Y-53.642857 Z0.431373 F1000
G01 X25.071429 Y-53.642857 Z0.235294 F1000
G01 X24.989796 Y-53.642857 Z0.196078 F1000
G01 X24.908163 Y-53.642857 Z0.078431 F1000
G01 X22.704082 Y-53.642857 Z0.078431 F1000
G01 X22.622449 Y-53.642857 Z0.117647 F1000
G01 X22.459184 Y-53.642857 Z0.117647 F1000
G01 X22.377551 Y-53.642857 Z0.156863 F1000
G01 X22.214286 Y-53.642857 Z0.156863 F1000
G01 X22.132653 Y-53.642857 Z0.235294 F1000
G01 X22.05102 Y-53.642857 Z0.470588 F1000
G01 X21.969388 Y-53.642857 Z9.058824 F1000
G01 X21.887755 Y-53.642857 Z10 F1000
G01 X20.173469 Y-53.642857 Z10 F1000
G01 X20.091837 Y-53.642857 Z9.843137 F1000
G01 X19.765306 Y-53.642857 Z9.843137 F1000
G01 X19.683673 Y-53.642857 Z9.568627 F1000
G01 X0.418367 Y-53.642857 Z9.568627 F1000
G01 X0.418367 Y-53.72449 Z9.568627 F1000
G01 X0.418367 Y-53.806122 Z9.568627 F1000
G01 X0.418367 Y-53.887755 Z9.568627 F1000
G01 X0.418367 Y-53.969388 Z9.568627 F1000
G01 X0.418367 Y-54.05102 Z9.568627 F1000
G01 X0.418367 Y-54.132653 Z9.568627 F1000
G01 X0.418367 Y-54.214286 Z9.568627 F1000
G01 X20.336735 Y-54.214286 Z9.568627 F1000
G01 X20.418367 Y-54.214286 Z9.803922 F1000
G01 X20.581633 Y-54.214286 Z9.803922 F1000
G01 X20.663265 Y-54.214286 Z10 F1000
G01 X22.214286 Y-54.214286 Z10 F1000
G01 X22.295918 Y-54.214286 Z8.352941 F1000
G01 X22.377551 Y-54.214286 Z1.137255 F1000
G01 X22.459184 Y-54.214286 Z0.941176 F1000
G01 X22.540816 Y-54.214286 Z0.941176 F1000
G01 X22.622449 Y-54.214286 Z0.431373 F1000
G01 X22.704082 Y-54.214286 Z0.078431 F1000
G01 X25.561224 Y-54.214286 Z0.078431 F1000
G01 X25.642857 Y-54.214286 Z0.313725 F1000
G01 X25.72449 Y-54.214286 Z0.705882 F1000
G01 X25.806122 Y-54.214286 Z0.784314 F1000
G01 X25.887755 Y-54.214286 Z0.784314 F1000
G01 X25.969388 Y-54.214286 Z1.568627 F1000
G01 X26.05102 Y-54.214286 Z9.254902 F1000
G01 X26.132653 Y-54.214286 Z10 F1000
G01 X27.683673 Y-54.214286 Z10 F1000
G01 X27.765306 Y-54.214286 Z9.803922 F1000
G01 X27.846939 Y-54.214286 Z9.72549 F1000
G01 X27.928571 Y-54.214286 Z9.568627 F1000
G01 X71.928571 Y-54.214286 Z9.568627 F1000
G01 X72.010204 Y-54.214286 Z9.764706 F1000
G01 X72.091837 Y-54.214286 Z9.882353 F1000
G01 X72.173469 Y-54.214286 Z10 F1000
G01 X73.806122 Y-54.214286 Z10 F1000
G01 X73.887755 Y-54.214286 Z8.745098 F1000
G01 X73.969388 Y-54.214286 Z1.764706 F1000
G01 X74.05102 Y-54.214286 Z0.862745 F1000
G01 X74.132653 Y-54.214286 Z0.862745 F1000
G01 X74.214286 Y-54.214286 Z0.509804 F1000
G01 X74.295918 Y-54.214286 Z0.078431 F1000
G01 X77.153061 Y-54.214286 Z0.078431 F1000
G01 X77.234694 Y-54.214286 Z0.588235 F1000
G01 X77.316327 Y-54.214286 Z0.745098 F1000
G01 X77.479592 Y-54.214286 Z0.745098 F1000
G01 X77.561224 Y-54.214286 Z0.862745 F1000
G01 X77.642857 Y-54.214286 Z8.431373 F1000
G01 X77.72449 Y-54.214286 Z9.72549 F1000
G01 X77.806122 Y-54.214286 Z10 F1000
G01 X79.193878 Y-54.214286 Z10 F1000
G01 X79.27551 Y-54.214286 Z9.960784 F1000
G01 X79.357143 Y-54.214286 Z9.843137 F1000
G01 X79.438776 Y-54.214286 Z9.843137 F1000
G01 X79.520408 Y-54.214286 Z9.607843 F1000
G01 X80.091837 Y-54.214286 Z9.607843 F1000
G01 X80.173469 Y-54.214286 Z9.568627 F1000
G01 X99.520408 Y-54.214286 Z9.568627 F1000
G01 X99.520408 Y-54.295918 Z9.568627 F1000
G01 X99.520408 Y-54.377551 Z9.568627 F1000
G01 X99.520408 Y-54.459184 Z9.568627 F1000
G01 X99.520408 Y-54.540816 Z9.568627 F1000
G01 X99.520408 Y-54.622449 Z9.568627 F1000
G01 X99.520408 Y-54.704082 Z9.568627 F1000
G01 X99.520408 Y-54.785714 Z9.568627 F1000
G01 X79.520408 Y-54.785714 Z9.568627 F1000
G01 X79.438776 Y-54.785714 Z9.843137 F1000
G01 X79.27551 Y-54.785714 Z9.843137 F1000
G01 X79.193878 Y-54.785714 Z9.960784 F1000
G01 X78.94898 Y-54.785714 Z9.960784 F1000
G01 X78.867347 Y-54.785714 Z10 F1000
G01 X77.479592 Y-54.785714 Z10 F1000
G01 X77.397959 Y-54.785714 Z9.882353 F1000
G01 X77.316327 Y-54.785714 Z8 F1000
G01 X77.234694 Y-54.785714 Z1.294118 F1000
G01 X77.153061 Y-54.785714 Z0.470588 F1000
G01 X77.071429 Y-54.785714 Z0.431373 F1000
G01 X76.989796 Y-54.785714 Z0.431373 F1000
G01 X76.908163 Y-54.785714 Z0.352941 F1000
G01 X76.826531 Y-54.785714 Z0.156863 F1000
G01 X76.744898 Y-54.785714 Z0.117647 F1000
G01 X76.581633 Y-54.785714 Z0.117647 F1000
G01 X76.5 Y-54.785714 Z0.078431 F1000
G01 X74.295918 Y-54.785714 Z0.078431 F1000
G01 X74.214286 Y-54.785714 Z0.431373 F1000
G01 X74.132653 Y-54.785714 Z0.431373 F1000
G01 X74.05102 Y-54.785714 Z0.588235 F1000
G01 X73.887755 Y-54.785714 Z0.588235 F1000
G01 X73.806122 Y-54.785714 Z0.745098 F1000
G01 X73.72449 Y-54.785714 Z0.745098 F1000
G01 X73.642857 Y-54.785714 Z2.196078 F1000
G01 X73.561224 Y-54.785714 Z8.941176 F1000
G01 X73.479592 Y-54.785714 Z10 F1000
G01 X72.091837 Y-54.785714 Z10 F1000
G01 X72.010204 Y-54.785714 Z9.686275 F1000
G01 X71.928571 Y-54.785714 Z9.647059 F1000
G01 X71.357143 Y-54.785714 Z9.647059 F1000
G01 X71.27551 Y-54.785714 Z9.568627 F1000
G01 X28.581633 Y-54.785714 Z9.568627 F1000
G01 X28.5 Y-54.785714 Z9.843137 F1000
G01 X28.091837 Y-54.785714 Z9.843137 F1000
G01 X28.010204 Y-54.785714 Z10 F1000
G01 X26.622449 Y-54.785714 Z10 F1000
G01 X26.540816 Y-54.785714 Z9.882353 F1000
G01 X26.459184 Y-54.785714 Z9.882353 F1000
G01 X26.377551 Y-54.785714 Z9.058824 F1000
G01 X26.295918 Y-54.785714 Z2.313725 F1000
G01 X26.214286 Y-54.785714 Z0.156863 F1000
G01 X26.132653 Y-54.785714 Z0.117647 F1000
G01 X26.05102 Y-54.785714 Z0.078431 F1000
G01 X23.357143 Y-54.785714 Z0.078431 F1000
G01 X23.27551 Y-54.785714 Z0.27451 F1000
G01 X23.193878 Y-54.785714 Z0.470588 F1000
G01 X22.94898 Y-54.785714 Z0.470588 F1000
G01 X22.867347 Y-54.785714 Z0.745098 F1000
G01 X22.785714 Y-54.785714 Z0.745098 F1000
G01 X22.704082 Y-54.785714 Z1.137255 F1000
G01 X22.622449 Y-54.785714 Z8.54902 F1000
G01 X22.540816 Y-54.785714 Z10 F1000
G01 X21.071429 Y-54.785714 Z10 F1000
G01 X20.989796 Y-54.785714 Z9.568627 F1000
G01 X0.418367 Y-54.785714 Z9.568627 F1000
G01 X0.418367 Y-54.867347 Z9.568627 F1000
G01 X0.418367 Y-54.94898 Z9.568627 F1000
G01 X0.418367 Y-55.030612 Z9.568627 F1000
G01 X0.418367 Y-55.112245 Z9.568627 F1000
G01 X0.418367 Y-55.193878 Z9.568627 F1000
G01 X0.418367 Y-55.27551 Z9.568627 F1000
G01 X0.418367 Y-55.357143 Z9.568627 F1000
G01 X20.989796 Y-55.357143 Z9.568627 F1000
G01 X21.071429 Y-55.357143 Z9.803922 F1000
G01 X21.153061 Y-55.357143 Z9.803922 F1000
G01 X21.234694 Y-55.357143 Z10 F1000
G01 X22.867347 Y-55.357143 Z10 F1000
G01 X22.94898 Y-55.357143 Z8.823529 F1000
G01 X23.030612 Y-55.357143 Z0.745098 F1000
G01 X23.112245 Y-55.357143 Z0.666667 F1000
G01 X23.193878 Y-55.357143 Z0.54902 F1000
G01 X23.27551 Y-55.357143 Z0.54902 F1000
G01 X23.357143 Y-55.357143 Z0.117647 F1000
G01 X23.928571 Y-55.357143 Z0.117647 F1000
G01 X24.010204 Y-55.357143 Z0.078431 F1000
G01 X26.214286 Y-55.357143 Z0.078431 F1000
G01 X26.295918 Y-55.357143 Z0.509804 F1000
G01 X26.377551 Y-55.357143 Z0.745098 F1000
G01 X26.540816 Y-55.357143 Z0.745098 F1000
G01 X26.622449 Y-55.357143 Z1.72549 F1000
G01 X26.704082 Y-55.357143 Z8.588235 F1000
G01 X26.785714 Y-55.357143 Z10 F1000
G01 X28.418367 Y-55.357143 Z10 F1000
G01 X28.5 Y-55.357143 Z9.843137 F1000
G01 X28.581633 Y-55.357143 Z9.568627 F1000
G01 X71.27551 Y-55.357143 Z9.568627 F1000
G01 X71.357143 Y-55.357143 Z9.72549 F1000
G01 X71.438776 Y-55.357143 Z9.72549 F1000
G01 X71.520408 Y-55.357143 Z9.960784 F1000
G01 X71.602041 Y-55.357143 Z10 F1000
G01 X73.153061 Y-55.357143 Z10 F1000
G01 X73.234694 Y-55.357143 Z9.019608 F1000
G01 X73.316327 Y-55.357143 Z1.45098 F1000
G01 X73.397959 Y-55.357143 Z0.54902 F1000
G01 X73.561224 Y-55.357143 Z0.54902 F1000
G01 X73.642857 Y-55.357143 Z0.078431 F1000
G01 X76.5 Y-55.357143 Z0.078431 F1000
G01 X76.581633 Y-55.357143 Z0.509804 F1000
G01 X76.663265 Y-55.357143 Z0.666667 F1000
G01 X76.744898 Y-55.357143 Z0.666667 F1000
G01 X76.826531 Y-55.357143 Z1.019608 F1000
G01 X76.908163 Y-55.357143 Z1.019608 F1000
G01 X76.989796 Y-55.357143 Z8.235294 F1000
G01 X77.071429 Y-55.357143 Z10 F1000
G01 X78.459184 Y-55.357143 Z10 F1000
G01 X78.540816 Y-55.357143 Z9.882353 F1000
G01 X78.704082 Y-55.357143 Z9.882353 F1000
G01 X78.785714 Y-55.357143 Z9.843137 F1000
G01 X78.867347 Y-55.357143 Z9.568627 F1000
G01 X99.520408 Y-55.357143 Z9.568627 F1000
G01 X99.520408 Y-55.438776 Z9.568627 F1000
G01 X99.520408 Y-55.520408 Z9.568627 F1000
G01 X99.520408 Y-55.602041 Z9.568627 F1000
G01 X99.520408 Y-55.683673 Z9.568627 F1000
G01 X99.520408 Y-55.765306 Z9.568627 F1000
G01 X99.520408 Y-55.846939 Z9.568627 F1000
G01 X99.520408 Y-55.928571 Z9.568627 F1000
G01 X78.785714 Y-55.928571 Z9.568627 F1000
G01 X78.704082 Y-55.928571 Z9.803922 F1000
G01 X78.214286 Y-55.928571 Z9.803922 F1000
G01 X78.132653 Y-55.928571 Z10 F1000
G01 X76.744898 Y-55.928571 Z10 F1000
G01 X76.663265 Y-55.928571 Z8.196078 F1000
G01 X76.581633 Y-55.928571 Z1.215686 F1000
G01 X76.5 Y-55.928571 Z0.627451 F1000
G01 X76.010204 Y-55.928571 Z0.627451 F1000
G01 X75.928571 Y-55.928571 Z0.27451 F1000
G01 X75.846939 Y-55.928571 Z0.078431 F1000
G01 X73.642857 Y-55.928571 Z0.078431 F1000
G01 X73.561224 Y-55.928571 Z0.117647 F1000
G01 X73.397959 Y-55.928571 Z0.117647 F1000
G01 X73.316327 Y-55.928571 Z0.392157 F1000
G01 X73.071429 Y-55.928571 Z0.392157 F1000
G01 X72.989796 Y-55.928571 Z1.529412 F1000
G01 X72.908163 Y-55.928571 Z9.372549 F1000
G01 X72.826531 Y-55.928571 Z9.882353 F1000
G01 X72.744898 Y-55.928571 Z9.882353 F1000
G01 X72.663265 Y-55.928571 Z9.960784 F1000
G01 X72.581633 Y-55.928571 Z10 F1000
G01 X71.357143 Y-55.928571 Z10 F1000
G01 X71.27551 Y-55.928571 Z9.882353 F1000
G01 X70.94898 Y-55.928571 Z9.882353 F1000
G01 X70.867347 Y-55.928571 Z9.803922 F1000
G01 X70.785714 Y-55.928571 Z9.686275 F1000
G01 X70.704082 Y-55.928571 Z9.686275 F1000
G01 X70.622449 Y-55.928571 Z9.568627 F1000
G01 X29.234694 Y-55.928571 Z9.568627 F1000
G01 X29.153061 Y-55.928571 Z9.607843 F1000
G01 X29.071429 Y-55.928571 Z9.803922 F1000
G01 X28.989796 Y-55.928571 Z9.803922 F1000
G01 X28.908163 Y-55.928571 Z10 F1000
G01 X27.112245 Y-55.928571 Z10 F1000
G01 X27.030612 Y-55.928571 Z8.705882 F1000
G01 X26.94898 Y-55.928571 Z1.803922 F1000
G01 X26.867347 Y-55.928571 Z0.627451 F1000
G01 X26.622449 Y-55.928571 Z0.627451 F1000
G01 X26.540816 Y-55.928571 Z0.27451 F1000
G01 X26.295918 Y-55.928571 Z0.27451 F1000
G01 X26.214286 Y-55.928571 Z0.078431 F1000
G01 X24.010204 Y-55.928571 Z0.078431 F1000
G01 X23.928571 Y-55.928571 Z0.313725 F1000
G01 X23.846939 Y-55.928571 Z0.352941 F1000
G01 X23.765306 Y-55.928571 Z0.588235 F1000
G01 X23.438776 Y-55.928571 Z0.588235 F1000
G01 X23.357143 Y-55.928571 Z1.333333 F1000
G01 X23.27551 Y-55.928571 Z8.705882 F1000
G01 X23.193878 Y-55.928571 Z10 F1000
G01 X21.561224 Y-55.928571 Z10 F1000
G01 X21.479592 Y-55.928571 Z9.882353 F1000
G01 X21.234694 Y-55.928571 Z9.882353 F1000
G01 X21.153061 Y-55.928571 Z9.647059 F1000
G01 X21.071429 Y-55.928571 Z9.647059 F1000
G01 X20.989796 Y-55.928571 Z9.568627 F1000
G01 X0.418367 Y-55.928571 Z9.568627 F1000
G01 X0.418367 Y-56.010204 Z9.568627 F1000
G01 X0.418367 Y-56.091837 Z9.568627 F1000
G01 X0.418367 Y-56.173469 Z9.568627 F1000
G01 X0.418367 Y-56.255102 Z9.568627 F1000
G01 X0.418367 Y-56.336735 Z9.568627 F1000
G01 X0.418367 Y-56.418367 Z9.568627 F1000
G01 X0.418367 Y-56.5 Z9.568627 F1000
G01 X21.316327 Y-56.5 Z9.568627 F1000
G01 X21.397959 Y-56.5 Z9.607843 F1000
G01 X21.479592 Y-56.5 Z9.647059 F1000
G01 X21.561224 Y-56.5 Z9.686275 F1000
G01 X21.642857 Y-56.5 Z9.686275 F1000
G01 X21.72449 Y-56.5 Z9.843137 F1000
G01 X21.806122 Y-56.5 Z9.843137 F1000
G01 X21.887755 Y-56.5 Z10 F1000
G01 X23.357143 Y-56.5 Z10 F1000
G01 X23.438776 Y-56.5 Z9.921569 F1000
G01 X23.520408 Y-56.5 Z9.72549 F1000
G01 X23.602041 Y-56.5 Z8.196078 F1000
G01 X23.683673 Y-56.5 Z1.45098 F1000
G01 X23.765306 Y-56.5 Z0.588235 F1000
G01 X23.846939 Y-56.5 Z0.352941 F1000
G01 X23.928571 Y-56.5 Z0.313725 F1000
G01 X24.010204 Y-56.5 Z0.117647 F1000
G01 X24.418367 Y-56.5 Z0.117647 F1000
G01 X24.5 Y-56.5 Z0.078431 F1000
G01 X26.867347 Y-56.5 Z0.078431 F1000
G01 X26.94898 Y-56.5 Z0.392157 F1000
G01 X27.030612 Y-56.5 Z0.666667 F1000
G01 X27.193878 Y-56.5 Z0.666667 F1000
G01 X27.27551 Y-56.5 Z1.568627 F1000
G01 X27.357143 Y-56.5 Z8.784314 F1000
G01 X27.438776 Y-56.5 Z10 F1000
G01 X29.153061 Y-56.5 Z10 F1000
G01 X29.234694 Y-56.5 Z9.568627 F1000
G01 X70.622449 Y-56.5 Z9.568627 F1000
G01 X70.704082 Y-56.5 Z9.686275 F1000
G01 X70.785714 Y-56.5 Z10 F1000
G01 X72.5 Y-56.5 Z10 F1000
G01 X72.581633 Y-56.5 Z9.019608 F1000
G01 X72.663265 Y-56.5 Z1.490196 F1000
G01 X72.744898 Y-56.5 Z0.941176 F1000
G01 X72.826531 Y-56.5 Z0.470588 F1000
G01 X72.908163 Y-56.5 Z0.431373 F1000
G01 X72.989796 Y-56.5 Z0.078431 F1000
G01 X75.683673 Y-56.5 Z0.078431 F1000
G01 X75.765306 Y-56.5 Z0.117647 F1000
G01 X75.846939 Y-56.5 Z0.156863 F1000
G01 X75.928571 Y-56.5 Z0.392157 F1000
G01 X76.010204 Y-56.5 Z0.823529 F1000
G01 X76.255102 Y-56.5 Z0.823529 F1000
G01 X76.336735 Y-56.5 Z8.980392 F1000
G01 X76.418367 Y-56.5 Z10 F1000
G01 X77.72449 Y-56.5 Z10 F1000
G01 X77.806122 Y-56.5 Z9.960784 F1000
G01 X78.05102 Y-56.5 Z9.960784 F1000
G01 X78.132653 Y-56.5 Z9.921569 F1000
G01 X78.214286 Y-56.5 Z9.72549 F1000
G01 X78.295918 Y-56.5 Z9.647059 F1000
G01 X78.377551 Y-56.5 Z9.607843 F1000
G01 X78.622449 Y-56.5 Z9.607843 F1000
G01 X78.704082 Y-56.5 Z9.568627 F1000
G01 X99.520408 Y-56.5 Z9.568627 F1000
G01 X99.520408 Y-56.581633 Z9.568627 F1000
G01 X99.520408 Y-56.663265 Z9.568627 F1000
G01 X99.520408 Y-56.744898 Z9.568627 F1000
G01 X99.520408 Y-56.826531 Z9.568627 F1000
G01 X99.520408 Y-56.908163 Z9.568627 F1000
G01 X99.520408 Y-56.989796 Z9.568627 F1000
G01 X99.520408 Y-57.071429 Z9.568627 F1000
G01 X78.214286 Y-57.071429 Z9.568627 F1000
G01 X78.132653 Y-57.071429 Z9.72549 F1000
G01 X78.05102 Y-57.071429 Z9.960784 F1000
G01 X77.642857 Y-57.071429 Z9.960784 F1000
G01 X77.561224 Y-57.071429 Z10 F1000
G01 X76.091837 Y-57.071429 Z10 F1000
G01 X76.010204 Y-57.071429 Z8.039216 F1000
G01 X75.928571 Y-57.071429 Z1.215686 F1000
G01 X75.846939 Y-57.071429 Z0.588235 F1000
G01 X75.438776 Y-57.071429 Z0.588235 F1000
G01 X75.357143 Y-57.071429 Z0.27451 F1000
G01 X75.27551 Y-57.071429 Z0.27451 F1000
G01 X75.193878 Y-57.071429 Z0.078431 F1000
G01 X72.989796 Y-57.071429 Z0.078431 F1000
G01 X72.908163 Y-57.071429 Z0.431373 F1000
G01 X72.581633 Y-57.071429 Z0.431373 F1000
G01 X72.5 Y-57.071429 Z0.784314 F1000
G01 X72.418367 Y-57.071429 Z1.098039 F1000
G01 X72.336735 Y-57.071429 Z1.72549 F1000
G01 X72.255102 Y-57.071429 Z9.019608 F1000
G01 X72.173469 Y-57.071429 Z9.960784 F1000
G01 X72.010204 Y-57.071429 Z9.960784 F1000
G01 X71.928571 Y-57.071429 Z10 F1000
G01 X70.785714 Y-57.071429 Z10 F1000
G01 X70.704082 Y-57.071429 Z9.960784 F1000
G01 X70.132653 Y-57.071429 Z9.960784 F1000
G01 X70.05102 Y-57.071429 Z9.568627 F1000
G01 X29.72449 Y-57.071429 Z9.568627 F1000
G01 X29.642857 Y-57.071429 Z10 F1000
G01 X27.765306 Y-57.071429 Z10 F1000
G01 X27.683673 Y-57.071429 Z8.823529 F1000
G01 X27.602041 Y-57.071429 Z2.117647 F1000
G01 X27.520408 Y-57.071429 Z0.784314 F1000
G01 X27.438776 Y-57.071429 Z0.666667 F1000
G01 X27.030612 Y-57.071429 Z0.666667 F1000
G01 X26.94898 Y-57.071429 Z0.196078 F1000
G01 X26.867347 Y-57.071429 Z0.078431 F1000
G01 X24.663265 Y-57.071429 Z0.078431 F1000
G01 X24.581633 Y-57.071429 Z0.156863 F1000
G01 X24.5 Y-57.071429 Z0.509804 F1000
G01 X24.255102 Y-57.071429 Z0.509804 F1000
G01 X24.173469 Y-57.071429 Z0.745098 F1000
G01 X24.091837 Y-57.071429 Z0.745098 F1000
G01 X24.010204 Y-57.071429 Z1.333333 F1000
G01 X23.928571 Y-57.071429 Z7.764706 F1000
G01 X23.846939 Y-57.071429 Z10 F1000
G01 X21.887755 Y-57.071429 Z10 F1000
G01 X21.806122 Y-57.071429 Z9.803922 F1000
G01 X21.72449 Y-57.071429 Z9.568627 F1000
G01 X0.418367 Y-57.071429 Z9.568627 F1000
G01 X0.418367 Y-57.153061 Z9.568627 F1000
G01 X0.418367 Y-57.234694 Z9.568627 F1000
G01 X0.418367 Y-57.316327 Z9.568627 F1000
G01 X0.418367 Y-57.397959 Z9.568627 F1000
G01 X0.418367 Y-57.479592 Z9.568627 F1000
G01 X0.418367 Y-57.561224 Z9.568627 F1000
G01 X0.418367 Y-57.642857 Z9.568627 F1000
G01 X22.295918 Y-57.642857 Z9.568627 F1000
G01 X22.377551 Y-57.642857 Z9.882353 F1000
G01 X22.459184 Y-57.642857 Z9.882353 F1000
G01 X22.540816 Y-57.642857 Z10 F1000
G01 X24.173469 Y-57.642857 Z10 F1000
G01 X24.255102 Y-57.642857 Z9.058824 F1000
G01 X24.336735 Y-57.642857 Z0.941176 F1000
G01 X24.418367 Y-57.642857 Z0.901961 F1000
G01 X24.5 Y-57.642857 Z0.901961 F1000
G01 X24.581633 Y-57.642857 Z0.27451 F1000
G01 X24.663265 Y-57.642857 Z0.078431 F1000
G01 X26.867347 Y-57.642857 Z0.078431 F1000
G01 X26.94898 Y-57.642857 Z0.117647 F1000
G01 X27.357143 Y-57.642857 Z0.117647 F1000
G01 X27.438776 Y-57.642857 Z0.156863 F1000
G01 X27.520408 Y-57.642857 Z0.156863 F1000
G01 X27.602041 Y-57.642857 Z0.392157 F1000
G01 X27.683673 Y-57.642857 Z0.54902 F1000
G01 X27.846939 Y-57.642857 Z0.54902 F1000
G01 X27.928571 Y-57.642857 Z2.039216 F1000
G01 X28.010204 Y-57.642857 Z9.058824 F1000
G01 X28.091837 Y-57.642857 Z10 F1000
G01 X29.642857 Y-57.642857 Z10 F1000
G01 X29.72449 Y-57.642857 Z9.960784 F1000
G01 X29.806122 Y-57.642857 Z9.764706 F1000
G01 X29.887755 Y-57.642857 Z9.568627 F1000
G01 X69.969388 Y-57.642857 Z9.568627 F1000
G01 X70.05102 Y-57.642857 Z9.882353 F1000
G01 X70.132653 Y-57.642857 Z9.960784 F1000
G01 X70.377551 Y-57.642857 Z9.960784 F1000
G01 X70.459184 Y-57.642857 Z10 F1000
G01 X71.846939 Y-57.642857 Z10 F1000
G01 X71.928571 Y-57.642857 Z9.568627 F1000
G01 X72.010204 Y-57.642857 Z1.411765 F1000
G01 X72.091837 Y-57.642857 Z0.588235 F1000
G01 X72.173469 Y-57.642857 Z0.54902 F1000
G01 X72.255102 Y-57.642857 Z0.27451 F1000
G01 X72.336735 Y-57.642857 Z0.156863 F1000
G01 X72.908163 Y-57.642857 Z0.156863 F1000
G01 X72.989796 Y-57.642857 Z0.078431 F1000
G01 X75.193878 Y-57.642857 Z0.078431 F1000
G01 X75.27551 Y-57.642857 Z0.27451 F1000
G01 X75.357143 Y-57.642857 Z0.392157 F1000
G01 X75.438776 Y-57.642857 Z0.627451 F1000
G01 X75.520408 Y-57.642857 Z0.705882 F1000
G01 X75.602041 Y-57.642857 Z1.176471 F1000
G01 X75.683673 Y-57.642857 Z8.588235 F1000
G01 X75.765306 Y-57.642857 Z10 F1000
G01 X77.316327 Y-57.642857 Z10 F1000
G01 X77.397959 Y-57.642857 Z9.882353 F1000
G01 X77.479592 Y-57.642857 Z9.882353 F1000
G01 X77.561224 Y-57.642857 Z9.568627 F1000
G01 X99.520408 Y-57.642857 Z9.568627 F1000
G01 X99.520408 Y-57.72449 Z9.568627 F1000
G01 X99.520408 Y-57.806122 Z9.568627 F1000
G01 X99.520408 Y-57.887755 Z9.568627 F1000
G01 X99.520408 Y-57.969388 Z9.568627 F1000
G01 X99.520408 Y-58.05102 Z9.568627 F1000
G01 X99.520408 Y-58.132653 Z9.568627 F1000
G01 X99.520408 Y-58.214286 Z9.568627 F1000
G01 X77.561224 Y-58.214286 Z9.568627 F1000
G01 X77.479592 Y-58.214286 Z9.72549 F1000
G01 X77.397959 Y-58.214286 Z9.72549 F1000
G01 X77.316327 Y-58.214286 Z10 F1000
G01 X75.765306 Y-58.214286 Z10 F1000
G01 X75.683673 Y-58.214286 Z9.921569 F1000
G01 X75.602041 Y-58.214286 Z9.882353 F1000
G01 X75.438776 Y-58.214286 Z9.882353 F1000
G01 X75.357143 Y-58.214286 Z9.176471 F1000
G01 X75.27551 Y-58.214286 Z0.745098 F1000
G01 X75.193878 Y-58.214286 Z0.078431 F1000
G01 X72.336735 Y-58.214286 Z0.078431 F1000
G01 X72.255102 Y-58.214286 Z0.235294 F1000
G01 X72.173469 Y-58.214286 Z0.235294 F1000
G01 X72.091837 Y-58.214286 Z0.588235 F1000
G01 X72.010204 Y-58.214286 Z0.705882 F1000
G01 X71.846939 Y-58.214286 Z0.705882 F1000
G01 X71.765306 Y-58.214286 Z0.941176 F1000
G01 X71.683673 Y-58.214286 Z1.490196 F1000
G01 X71.602041 Y-58.214286 Z8.784314 F1000
G01 X71.520408 Y-58.214286 Z10 F1000
G01 X70.132653 Y-58.214286 Z10 F1000
G01 X70.05102 Y-58.214286 Z9.882353 F1000
G01 X69.969388 Y-58.214286 Z9.568627 F1000
G01 X30.540816 Y-58.214286 Z9.568627 F1000
G01 X30.459184 Y-58.214286 Z9.607843 F1000
G01 X29.887755 Y-58.214286 Z9.607843 F1000
G01 X29.806122 Y-58.214286 Z10 F1000
G01 X28.418367 Y-58.214286 Z10 F1000
G01 X28.336735 Y-58.214286 Z9.137255 F1000
G01 X28.255102 Y-58.214286 Z1.686275 F1000
G01 X28.173469 Y-58.214286 Z0.588235 F1000
G01 X28.091837 Y-58.214286 Z0.588235 F1000
G01 X28.010204 Y-58.214286 Z0.509804 F1000
G01 X27.928571 Y-58.214286 Z0.509804 F1000
G01 X27.846939 Y-58.214286 Z0.470588 F1000
G01 X27.765306 Y-58.214286 Z0.470588 F1000
G01 X27.683673 Y-58.214286 Z0.392157 F1000
G01 X27.602041 Y-58.214286 Z0.27451 F1000
G01 X27.520408 Y-58.214286 Z0.078431 F1000
G01 X25.316327 Y-58.214286 Z0.078431 F1000
G01 X25.234694 Y-58.214286 Z0.156863 F1000
G01 X24.908163 Y-58.214286 Z0.156863 F1000
G01 X24.826531 Y-58.214286 Z0.313725 F1000
G01 X24.744898 Y-58.214286 Z0.431373 F1000
G01 X24.663265 Y-58.214286 Z0.54902 F1000
G01 X24.581633 Y-58.214286 Z9.019608 F1000
G01 X24.5 Y-58.214286 Z10 F1000
G01 X22.540816 Y-58.214286 Z10 F1000
G01 X22.459184 Y-58.214286 Z9.882353 F1000
G01 X22.377551 Y-58.214286 Z9.882353 F1000
G01 X22.295918 Y-58.214286 Z9.568627 F1000
G01 X0.418367 Y-58.214286 Z9.568627 F1000
G01 X0.418367 Y-58.295918 Z9.568627 F1000
G01 X0.418367 Y-58.377551 Z9.568627 F1000
G01 X0.418367 Y-58.459184 Z9.568627 F1000
G01 X0.418367 Y-58.540816 Z9.568627 F1000
G01 X0.418367 Y-58.622449 Z9.568627 F1000
G01 X0.418367 Y-58.704082 Z9.568627 F1000
G01 X0.418367 Y-58.785714 Z9.568627 F1000
G01 X23.030612 Y-58.785714 Z9.568627 F1000
G01 X23.112245 Y-58.785714 Z10 F1000
G01 X24.663265 Y-58.785714 Z10 F1000
G01 X24.744898 Y-58.785714 Z9.607843 F1000
G01 X24.826531 Y-58.785714 Z9.607843 F1000
G01 X24.908163 Y-58.785714 Z9.372549 F1000
G01 X24.989796 Y-58.785714 Z1.294118 F1000
G01 X25.071429 Y-58.785714 Z0.54902 F1000
G01 X25.153061 Y-58.785714 Z0.54902 F1000
G01 X25.234694 Y-58.785714 Z0.509804 F1000
G01 X25.316327 Y-58.785714 Z0.235294 F1000
G01 X25.397959 Y-58.785714 Z0.196078 F1000
G01 X25.479592 Y-58.785714 Z0.156863 F1000
G01 X25.561224 Y-58.785714 Z0.117647 F1000
G01 X25.642857 Y-58.785714 Z0.078431 F1000
G01 X28.173469 Y-58.785714 Z0.078431 F1000
G01 X28.255102 Y-58.785714 Z0.313725 F1000
G01 X28.336735 Y-58.785714 Z0.509804 F1000
G01 X28.418367 Y-58.785714 Z0.666667 F1000
G01 X28.5 Y-58.785714 Z0.666667 F1000
G01 X28.581633 Y-58.785714 Z1.568627 F1000
G01 X28.663265 Y-58.785714 Z9.137255 F1000
G01 X28.744898 Y-58.785714 Z10 F1000
G01 X30.295918 Y-58.785714 Z10 F1000
G01 X30.377551 Y-58.785714 Z9.803922 F1000
G01 X30.459184 Y-58.785714 Z9.764706 F1000
G01 X30.540816 Y-58.785714 Z9.568627 F1000
G01 X69.316327 Y-58.785714 Z9.568627 F1000
G01 X69.397959 Y-58.785714 Z9.72549 F1000
G01 X69.479592 Y-58.785714 Z9.803922 F1000
G01 X69.561224 Y-58.785714 Z9.882353 F1000
G01 X69.642857 Y-58.785714 Z9.960784 F1000
G01 X69.72449 Y-58.785714 Z10 F1000
G01 X71.193878 Y-58.785714 Z10 F1000
G01 X71.27551 Y-58.785714 Z8.313725 F1000
G01 X71.357143 Y-58.785714 Z1.647059 F1000
G01 X71.438776 Y-58.785714 Z0.745098 F1000
G01 X71.520408 Y-58.785714 Z0.54902 F1000
G01 X71.602041 Y-58.785714 Z0.431373 F1000
G01 X71.683673 Y-58.785714 Z0.117647 F1000
G01 X72.255102 Y-58.785714 Z0.117647 F1000
G01 X72.336735 Y-58.785714 Z0.078431 F1000
G01 X73.887755 Y-58.785714 Z0.078431 F1000
G01 X73.969388 Y-58.785714 Z0.117647 F1000
G01 X74.540816 Y-58.785714 Z0.117647 F1000
G01 X74.622449 Y-58.785714 Z0.509804 F1000
G01 X74.704082 Y-58.785714 Z0.745098 F1000
G01 X74.867347 Y-58.785714 Z0.745098 F1000
G01 X74.94898 Y-58.785714 Z1.568627 F1000
G01 X75.030612 Y-58.785714 Z8.588235 F1000
G01 X75.112245 Y-58.785714 Z9.803922 F1000
G01 X75.193878 Y-58.785714 Z10 F1000
G01 X76.418367 Y-58.785714 Z10 F1000
G01 X76.5 Y-58.785714 Z9.921569 F1000
G01 X76.663265 Y-58.785714 Z9.921569 F1000
G01 X76.744898 Y-58.785714 Z9.882353 F1000
G01 X76.826531 Y-58.785714 Z9.882353 F1000
G01 X76.908163 Y-58.785714 Z9.568627 F1000
G01 X99.520408 Y-58.785714 Z9.568627 F1000
G01 X99.520408 Y-58.867347 Z9.568627 F1000
G01 X99.520408 Y-58.94898 Z9.568627 F1000
G01 X99.520408 Y-59.030612 Z9.568627 F1000
G01 X99.520408 Y-59.112245 Z9.568627 F1000
G01 X99.520408 Y-59.193878 Z9.568627 F1000
G01 X99.520408 Y-59.27551 Z9.568627 F1000
G01 X99.520408 Y-59.357143 Z9.568627 F1000
G01 X76.908163 Y-59.357143 Z9.568627 F1000
G01 X76.826531 Y-59.357143 Z9.882353 F1000
G01 X76.581633 Y-59.357143 Z9.882353 F1000
G01 X76.5 Y-59.357143 Z9.921569 F1000
G01 X76.418367 Y-59.357143 Z9.921569 F1000
G01 X76.336735 Y-59.357143 Z10 F1000
G01 X74.785714 Y-59.357143 Z10 F1000
G01 X74.704082 Y-59.357143 Z8.352941 F1000
G01 X74.622449 Y-59.357143 Z1.411765 F1000
G01 X74.540816 Y-59.357143 Z0.509804 F1000
G01 X74.459184 Y-59.357143 Z0.27451 F1000
G01 X74.377551 Y-59.357143 Z0.235294 F1000
G01 X74.214286 Y-59.357143 Z0.235294 F1000
G01 X74.132653 Y-59.357143 Z0.196078 F1000
G01 X73.969388 Y-59.357143 Z0.196078 F1000
G01 X73.887755 Y-59.357143 Z0.078431 F1000
G01 X71.683673 Y-59.357143 Z0.078431 F1000
G01 X71.602041 Y-59.357143 Z0.352941 F1000
G01 X71.520408 Y-59.357143 Z0.352941 F1000
G01 X71.438776 Y-59.357143 Z0.470588 F1000
G01 X71.27551 Y-59.357143 Z0.470588 F1000
G01 X71.193878 Y-59.357143 Z0.705882 F1000
G01 X71.112245 Y-59.357143 Z0.705882 F1000
G01 X71.030612 Y-59.357143 Z2.196078 F1000
G01 X70.94898 Y-59.357143 Z8.666667 F1000
G01 X70.867347 Y-59.357143 Z10 F1000
G01 X69.479592 Y-59.357143 Z10 F1000
G01 X69.397959 Y-59.357143 Z9.882353 F1000
G01 X69.316327 Y-59.357143 Z9.607843 F1000
G01 X68.744898 Y-59.357143 Z9.607843 F1000
G01 X68.663265 Y-59.357143 Z9.568627 F1000
G01 X31.193878 Y-59.357143 Z9.568627 F1000
G01 X31.112245 Y-59.357143 Z10 F1000
G01 X29.234694 Y-59.357143 Z10 F1000
G01 X29.153061 Y-59.357143 Z9.921569 F1000
G01 X29.071429 Y-59.357143 Z9.921569 F1000
G01 X28.989796 Y-59.357143 Z8.980392 F1000
G01 X28.908163 Y-59.357143 Z2.078431 F1000
G01 X28.826531 Y-59.357143 Z0.392157 F1000
G01 X28.744898 Y-59.357143 Z0.313725 F1000
G01 X28.663265 Y-59.357143 Z0.196078 F1000
G01 X28.581633 Y-59.357143 Z0.156863 F1000
G01 X28.5 Y-59.357143 Z0.117647 F1000
G01 X28.418367 Y-59.357143 Z0.117647 F1000
G01 X28.336735 Y-59.357143 Z0.078431 F1000
G01 X25.969388 Y-59.357143 Z0.078431 F1000
G01 X25.887755 Y-59.357143 Z0.27451 F1000
G01 X25.806122 Y-59.357143 Z0.27451 F1000
G01 X25.72449 Y-59.357143 Z0.313725 F1000
G01 X25.642857 Y-59.357143 Z0.431373 F1000
G01 X25.479592 Y-59.357143 Z0.431373 F1000
G01 X25.397959 Y-59.357143 Z0.666667 F1000
G01 X25.316327 Y-59.357143 Z1.490196 F1000
G01 X25.234694 Y-59.357143 Z8.627451 F1000
G01 X25.153061 Y-59.357143 Z10 F1000
G01 X23.683673 Y-59.357143 Z10 F1000
G01 X23.602041 Y-59.357143 Z9.568627 F1000
G01 X0.418367 Y-59.357143 Z9.568627 F1000
G01 X0.418367 Y-59.438776 Z9.568627 F1000
G01 X0.418367 Y-59.520408 Z9.568627 F1000
G01 X0.418367 Y-59.602041 Z9.568627 F1000
G01 X0.418367 Y-59.683673 Z9.568627 F1000
G01 X0.418367 Y-59.765306 Z9.568627 F1000
G01 X0.418367 Y-59.846939 Z9.568627 F1000
G01 X0.418367 Y-59.928571 Z9.568627 F1000
G01 X23.602041 Y-59.928571 Z9.568627 F1000
G01 X23.683673 Y-59.928571 Z9.921569 F1000
G01 X23.765306 Y-59.928571 Z10 F1000
G01 X25.479592 Y-59.928571 Z10 F1000
G01 X25.561224 Y-59.928571 Z8.823529 F1000
G01 X25.642857 Y-59.928571 Z0.980392 F1000
G01 X25.806122 Y-59.928571 Z0.980392 F1000
G01 X25.887755 Y-59.928571 Z0.705882 F1000
G01 X25.969388 Y-59.928571 Z0.078431 F1000
G01 X28.826531 Y-59.928571 Z0.078431 F1000
G01 X28.908163 Y-59.928571 Z0.313725 F1000
G01 X28.989796 Y-59.928571 Z0.784314 F1000
G01 X29.153061 Y-59.928571 Z0.784314 F1000
G01 X29.234694 Y-59.928571 Z1.490196 F1000
G01 X29.316327 Y-59.928571 Z8.823529 F1000
G01 X29.397959 Y-59.928571 Z10 F1000
G01 X31.112245 Y-59.928571 Z10 F1000
G01 X31.193878 Y-59.928571 Z9.568627 F1000
G01 X68.663265 Y-59.928571 Z9.568627 F1000
G01 X68.744898 Y-59.928571 Z9.921569 F1000
G01 X68.826531 Y-59.928571 Z10 F1000
G01 X70.540816 Y-59.928571 Z10 F1000
G01 X70.622449 Y-59.928571 Z9.098039 F1000
G01 X70.704082 Y-59.928571 Z1.058824 F1000
G01 X70.785714 Y-59.928571 Z0.627451 F1000
G01 X70.867347 Y-59.928571 Z0.588235 F1000
G01 X70.94898 Y-59.928571 Z0.588235 F1000
G01 X71.030612 Y-59.928571 Z0.078431 F1000
G01 X73.887755 Y-59.928571 Z0.078431 F1000
G01 X73.969388 Y-59.928571 Z0.352941 F1000
G01 X74.05102 Y-59.928571 Z0.588235 F1000
G01 X74.132653 Y-59.928571 Z0.705882 F1000
G01 X74.295918 Y-59.928571 Z0.705882 F1000
G01 X74.377551 Y-59.928571 Z8.54902 F1000
G01 X74.459184 Y-59.928571 Z10 F1000
G01 X76.091837 Y-59.928571 Z10 F1000
G01 X76.173469 Y-59.928571 Z9.803922 F1000
G01 X76.255102 Y-59.928571 Z9.568627 F1000
G01 X99.520408 Y-59.928571 Z9.568627 F1000
G01 X99.520408 Y-60.010204 Z9.568627 F1000
G01 X99.520408 Y-60.091837 Z9.568627 F1000
G01 X99.520408 Y-60.173469 Z9.568627 F1000
G01 X99.520408 Y-60.255102 Z9.568627 F1000
G01 X99.520408 Y-60.336735 Z9.568627 F1000
G01 X99.520408 Y-60.418367 Z9.568627 F1000
G01 X99.520408 Y-60.5 Z9.568627 F1000
G01 X76.010204 Y-60.5 Z9.568627 F1000
G01 X75.928571 Y-60.5 Z9.764706 F1000
G01 X75.765306 Y-60.5 Z9.764706 F1000
G01 X75.683673 Y-60.5 Z9.882353 F1000
G01 X75.602041 Y-60.5 Z9.882353 F1000
G01 X75.520408 Y-60.5 Z10 F1000
G01 X74.132653 Y-60.5 Z10 F1000
G01 X74.05102 Y-60.5 Z8.431373 F1000
G01 X73.969388 Y-60.5 Z0.980392 F1000
G01 X73.887755 Y-60.5 Z0.470588 F1000
G01 X73.806122 Y-60.5 Z0.431373 F1000
G01 X73.642857 Y-60.5 Z0.431373 F1000
G01 X73.561224 Y-60.5 Z0.392157 F1000
G01 X73.397959 Y-60.5 Z0.392157 F1000
G01 X73.316327 Y-60.5 Z0.352941 F1000
G01 X73.234694 Y-60.5 Z0.078431 F1000
G01 X70.94898 Y-60.5 Z0.078431 F1000
G01 X70.867347 Y-60.5 Z0.588235 F1000
G01 X70.459184 Y-60.5 Z0.588235 F1000
G01 X70.377551 Y-60.5 Z1.529412 F1000
G01 X70.295918 Y-60.5 Z9.372549 F1000
G01 X70.214286 Y-60.5 Z10 F1000
G01 X68.826531 Y-60.5 Z10 F1000
G01 X68.744898 Y-60.5 Z9.960784 F1000
G01 X68.336735 Y-60.5 Z9.960784 F1000
G01 X68.255102 Y-60.5 Z9.764706 F1000
G01 X68.173469 Y-60.5 Z9.607843 F1000
G01 X68.091837 Y-60.5 Z9.607843 F1000
G01 X68.010204 Y-60.5 Z9.568627 F1000
G01 X31.846939 Y-60.5 Z9.568627 F1000
G01 X31.765306 Y-60.5 Z9.843137 F1000
G01 X31.602041 Y-60.5 Z9.843137 F1000
G01 X31.520408 Y-60.5 Z10 F1000
G01 X29.72449 Y-60.5 Z10 F1000
G01 X29.642857 Y-60.5 Z9.490196 F1000
G01 X29.561224 Y-60.5 Z1.45098 F1000
G01 X29.479592 Y-60.5 Z0.313725 F1000
G01 X29.234694 Y-60.5 Z0.313725 F1000
G01 X29.153061 Y-60.5 Z0.156863 F1000
G01 X28.908163 Y-60.5 Z0.156863 F1000
G01 X28.826531 Y-60.5 Z0.078431 F1000
G01 X26.622449 Y-60.5 Z0.078431 F1000
G01 X26.540816 Y-60.5 Z0.431373 F1000
G01 X26.459184 Y-60.5 Z0.431373 F1000
G01 X26.377551 Y-60.5 Z0.588235 F1000
G01 X26.214286 Y-60.5 Z0.588235 F1000
G01 X26.132653 Y-60.5 Z0.666667 F1000
G01 X26.05102 Y-60.5 Z0.666667 F1000
G01 X25.969388 Y-60.5 Z1.176471 F1000
G01 X25.887755 Y-60.5 Z8.588235 F1000
G01 X25.806122 Y-60.5 Z10 F1000
G01 X24.173469 Y-60.5 Z10 F1000
G01 X24.091837 Y-60.5 Z9.764706 F1000
G01 X23.928571 Y-60.5 Z9.764706 F1000
G01 X23.846939 Y-60.5 Z9.686275 F1000
G01 X23.765306 Y-60.5 Z9.686275 F1000
G01 X23.683673 Y-60.5 Z9.568627 F1000
G01 X0.418367 Y-60.5 Z9.568627 F1000
G01 X0.418367 Y-60.581633 Z9.568627 F1000
G01 X0.418367 Y-60.663265 Z9.568627 F1000
G01 X0.418367 Y-60.744898 Z9.568627 F1000
G01 X0.418367 Y-60.826531 Z9.568627 F1000
G01 X0.418367 Y-60.908163 Z9.568627 F1000
G01 X0.418367 Y-60.989796 Z9.568627 F1000
G01 X0.418367 Y-61.071429 Z9.568627 F1000
G01 X24.255102 Y-61.071429 Z9.568627 F1000
G01 X24.336735 Y-61.071429 Z9.843137 F1000
G01 X24.418367 Y-61.071429 Z9.843137 F1000
G01 X24.5 Y-61.071429 Z10 F1000
G01 X26.05102 Y-61.071429 Z10 F1000
G01 X26.132653 Y-61.071429 Z9.647059 F1000
G01 X26.214286 Y-61.071429 Z8.705882 F1000
G01 X26.295918 Y-61.071429 Z1.529412 F1000
G01 X26.377551 Y-61.071429 Z0.588235 F1000
G01 X26.459184 Y-61.071429 Z0.431373 F1000
G01 X26.540816 Y-61.071429 Z0.431373 F1000
G01 X26.622449 Y-61.071429 Z0.156863 F1000
G01 X27.030612 Y-61.071429 Z0.156863 F1000
G01 X27.112245 Y-61.071429 Z0.078431 F1000
G01 X29.234694 Y-61.071429 Z0.078431 F1000
G01 X29.316327 Y-61.071429 Z0.117647 F1000
G01 X29.479592 Y-61.071429 Z0.117647 F1000
G01 X29.561224 Y-61.071429 Z0.54902 F1000
G01 X29.642857 Y-61.071429 Z0.54902 F1000
G01 X29.72449 Y-61.071429 Z0.666667 F1000
G01 X29.806122 Y-61.071429 Z0.666667 F1000
G01 X29.887755 Y-61.071429 Z1.607843 F1000
G01 X29.969388 Y-61.071429 Z8.313725 F1000
G01 X30.05102 Y-61.071429 Z9.921569 F1000
G01 X30.132653 Y-61.071429 Z10 F1000
G01 X31.520408 Y-61.071429 Z10 F1000
G01 X31.602041 Y-61.071429 Z9.921569 F1000
G01 X31.683673 Y-61.071429 Z9.843137 F1000
G01 X31.765306 Y-61.071429 Z9.843137 F1000
G01 X31.846939 Y-61.071429 Z9.568627 F1000
G01 X68.010204 Y-61.071429 Z9.568627 F1000
G01 X68.091837 Y-61.071429 Z9.882353 F1000
G01 X68.173469 Y-61.071429 Z10 F1000
G01 X69.887755 Y-61.071429 Z10 F1000
G01 X69.969388 Y-61.071429 Z8.784314 F1000
G01 X70.05102 Y-61.071429 Z1.333333 F1000
G01 X70.132653 Y-61.071429 Z0.54902 F1000
G01 X70.295918 Y-61.071429 Z0.54902 F1000
G01 X70.377551 Y-61.071429 Z0.235294 F1000
G01 X70.459184 Y-61.071429 Z0.156863 F1000
G01 X70.540816 Y-61.071429 Z0.117647 F1000
G01 X70.867347 Y-61.071429 Z0.117647 F1000
G01 X70.94898 Y-61.071429 Z0.078431 F1000
G01 X72.989796 Y-61.071429 Z0.078431 F1000
G01 X73.071429 Y-61.071429 Z0.117647 F1000
G01 X73.234694 Y-61.071429 Z0.117647 F1000
G01 X73.316327 Y-61.071429 Z0.392157 F1000
G01 X73.397959 Y-61.071429 Z0.666667 F1000
G01 X73.561224 Y-61.071429 Z0.666667 F1000
G01 X73.642857 Y-61.071429 Z0.823529 F1000
G01 X73.72449 Y-61.071429 Z9.019608 F1000
G01 X73.806122 Y-61.071429 Z10 F1000
G01 X75.438776 Y-61.071429 Z10 F1000
G01 X75.520408 Y-61.071429 Z9.921569 F1000
G01 X75.602041 Y-61.071429 Z9.568627 F1000
G01 X99.520408 Y-61.071429 Z9.568627 F1000
G01 X99.520408 Y-61.153061 Z9.568627 F1000
G01 X99.520408 Y-61.234694 Z9.568627 F1000
G01 X99.520408 Y-61.316327 Z9.568627 F1000
G01 X99.520408 Y-61.397959 Z9.568627 F1000
G01 X99.520408 Y-61.479592 Z9.568627 F1000
G01 X99.520408 Y-61.561224 Z9.568627 F1000
G01 X99.520408 Y-61.642857 Z9.568627 F1000
G01 X75.602041 Y-61.642857 Z9.568627 F1000
G01 X75.520408 Y-61.642857 Z9.72549 F1000
G01 X75.438776 Y-61.642857 Z9.72549 F1000
G01 X75.357143 Y-61.642857 Z9.843137 F1000
G01 X75.27551 Y-61.642857 Z9.882353 F1000
G01 X75.193878 Y-61.642857 Z9.882353 F1000
G01 X75.112245 Y-61.642857 Z10 F1000
G01 X73.479592 Y-61.642857 Z10 F1000
G01 X73.397959 Y-61.642857 Z8.470588 F1000
G01 X73.316327 Y-61.642857 Z1.45098 F1000
G01 X73.234694 Y-61.642857 Z0.588235 F1000
G01 X72.989796 Y-61.642857 Z0.588235 F1000
G01 X72.908163 Y-61.642857 Z0.392157 F1000
G01 X72.826531 Y-61.642857 Z0.392157 F1000
G01 X72.744898 Y-61.642857 Z0.27451 F1000
G01 X72.663265 Y-61.642857 Z0.27451 F1000
G01 X72.581633 Y-61.642857 Z0.078431 F1000
G01 X70.377551 Y-61.642857 Z0.078431 F1000
G01 X70.295918 Y-61.642857 Z0.117647 F1000
G01 X70.214286 Y-61.642857 Z0.235294 F1000
G01 X70.05102 Y-61.642857 Z0.235294 F1000
G01 X69.969388 Y-61.642857 Z0.27451 F1000
G01 X69.887755 Y-61.642857 Z0.27451 F1000
G01 X69.806122 Y-61.642857 Z0.901961 F1000
G01 X69.72449 Y-61.642857 Z1.254902 F1000
G01 X69.642857 Y-61.642857 Z8.666667 F1000
G01 X69.561224 Y-61.642857 Z10 F1000
G01 X67.683673 Y-61.642857 Z10 F1000
G01 X67.602041 Y-61.642857 Z9.960784 F1000
G01 X67.520408 Y-61.642857 Z9.960784 F1000
G01 X67.438776 Y-61.642857 Z9.568627 F1000
G01 X32.5 Y-61.642857 Z9.568627 F1000
G01 X32.418367 Y-61.642857 Z9.686275 F1000
G01 X32.336735 Y-61.642857 Z9.686275 F1000
G01 X32.255102 Y-61.642857 Z9.921569 F1000
G01 X32.173469 Y-61.642857 Z10 F1000
G01 X30.622449 Y-61.642857 Z10 F1000
G01 X30.540816 Y-61.642857 Z9.921569 F1000
G01 X30.377551 Y-61.642857 Z9.921569 F1000
G01 X30.295918 Y-61.642857 Z8.588235 F1000
G01 X30.214286 Y-61.642857 Z1.843137 F1000
G01 X30.132653 Y-61.642857 Z0.54902 F1000
G01 X30.05102 Y-61.642857 Z0.54902 F1000
G01 X29.969388 Y-61.642857 Z0.509804 F1000
G01 X29.887755 Y-61.642857 Z0.509804 F1000
G01 X29.806122 Y-61.642857 Z0.470588 F1000
G01 X29.642857 Y-61.642857 Z0.470588 F1000
G01 X29.561224 Y-61.642857 Z0.235294 F1000
G01 X29.479592 Y-61.642857 Z0.078431 F1000
G01 X27.27551 Y-61.642857 Z0.078431 F1000
G01 X27.193878 Y-61.642857 Z0.431373 F1000
G01 X27.112245 Y-61.642857 Z0.431373 F1000
G01 X27.030612 Y-61.642857 Z1.058824 F1000
G01 X26.704082 Y-61.642857 Z1.058824 F1000
G01 X26.622449 Y-61.642857 Z1.764706 F1000
G01 X26.540816 Y-61.642857 Z8.117647 F1000
G01 X26.459184 Y-61.642857 Z10 F1000
G01 X24.744898 Y-61.642857 Z10 F1000
G01 X24.663265 Y-61.642857 Z9.882353 F1000
G01 X24.581633 Y-61.642857 Z9.764706 F1000
G01 X24.5 Y-61.642857 Z9.647059 F1000
G01 X24.418367 Y-61.642857 Z9.607843 F1000
G01 X24.336735 Y-61.642857 Z9.607843 F1000
G01 X24.255102 Y-61.642857 Z9.568627 F1000
G01 X0.418367 Y-61.642857 Z9.568627 F1000
G01 X0.418367 Y-61.72449 Z9.568627 F1000
G01 X0.418367 Y-61.806122 Z9.568627 F1000
G01 X0.418367 Y-61.887755 Z9.568627 F1000
G01 X0.418367 Y-61.969388 Z9.568627 F1000
G01 X0.418367 Y-62.05102 Z9.568627 F1000
G01 X0.418367 Y-62.132653 Z9.568627 F1000
G01 X0.418367 Y-62.214286 Z9.568627 F1000
G01 X24.908163 Y-62.214286 Z9.568627 F1000
G01 X24.989796 Y-62.214286 Z9.803922 F1000
G01 X25.071429 Y-62.214286 Z9.921569 F1000
G01 X25.153061 Y-62.214286 Z9.921569 F1000
G01 X25.234694 Y-62.214286 Z10 F1000
G01 X26.622449 Y-62.214286 Z10 F1000
G01 X26.704082 Y-62.214286 Z9.960784 F1000
G01 X26.785714 Y-62.214286 Z9.960784 F1000
G01 X26.867347 Y-62.214286 Z8.823529 F1000
G01 X26.94898 Y-62.214286 Z1.529412 F1000
G01 X27.030612 Y-62.214286 Z1.058824 F1000
G01 X27.112245 Y-62.214286 Z0.509804 F1000
G01 X27.193878 Y-62.214286 Z0.431373 F1000
G01 X27.27551 Y-62.214286 Z0.235294 F1000
G01 X27.438776 Y-62.214286 Z0.235294 F1000
G01 X27.520408 Y-62.214286 Z0.196078 F1000
G01 X27.602041 Y-62.214286 Z0.156863 F1000
G01 X27.683673 Y-62.214286 Z0.117647 F1000
G01 X27.765306 Y-62.214286 Z0.078431 F1000
G01 X30.132653 Y-62.214286 Z0.078431 F1000
G01 X30.214286 Y-62.214286 Z0.509804 F1000
G01 X30.295918 Y-62.214286 Z0.588235 F1000
G01 X30.459184 Y-62.214286 Z0.588235 F1000
G01 X30.540816 Y-62.214286 Z2 F1000
G01 X30.622449 Y-62.214286 Z8.823529 F1000
G01 X30.704082 Y-62.214286 Z9.843137 F1000
G01 X30.785714 Y-62.214286 Z9.882353 F1000
G01 X30.867347 Y-62.214286 Z10 F1000
G01 X32.173469 Y-62.214286 Z10 F1000
G01 X32.255102 Y-62.214286 Z9.921569 F1000
G01 X32.336735 Y-62.214286 Z9.882353 F1000
G01 X32.418367 Y-62.214286 Z9.882353 F1000
G01 X32.5 Y-62.214286 Z9.568627 F1000
G01 X67.357143 Y-62.214286 Z9.568627 F1000
G01 X67.438776 Y-62.214286 Z9.882353 F1000
G01 X67.520408 Y-62.214286 Z9.960784 F1000
G01 X67.602041 Y-62.214286 Z9.960784 F1000
G01 X67.683673 Y-62.214286 Z10 F1000
G01 X69.153061 Y-62.214286 Z10 F1000
G01 X69.234694 Y-62.214286 Z9.72549 F1000
G01 X69.316327 Y-62.214286 Z9.176471 F1000
G01 X69.397959 Y-62.214286 Z1.568627 F1000
G01 X69.479592 Y-62.214286 Z0.980392 F1000
G01 X69.561224 Y-62.214286 Z0.980392 F1000
G01 X69.642857 Y-62.214286 Z0.509804 F1000
G01 X69.72449 Y-62.214286 Z0.078431 F1000
G01 X71.928571 Y-62.214286 Z0.078431 F1000
G01 X72.010204 Y-62.214286 Z0.117647 F1000
G01 X72.581633 Y-62.214286 Z0.117647 F1000
G01 X72.663265 Y-62.214286 Z0.27451 F1000
G01 X72.744898 Y-62.214286 Z0.352941 F1000
G01 X72.826531 Y-62.214286 Z0.666667 F1000
G01 X72.908163 Y-62.214286 Z0.666667 F1000
G01 X72.989796 Y-62.214286 Z1.215686 F1000
G01 X73.071429 Y-62.214286 Z9.176471 F1000
G01 X73.153061 Y-62.214286 Z10 F1000
G01 X74.704082 Y-62.214286 Z10 F1000
G01 X74.785714 Y-62.214286 Z9.803922 F1000
G01 X74.867347 Y-62.214286 Z9.803922 F1000
G01 X74.94898 Y-62.214286 Z9.607843 F1000
G01 X75.438776 Y-62.214286 Z9.607843 F1000
G01 X75.520408 Y-62.214286 Z9.568627 F1000
G01 X99.520408 Y-62.214286 Z9.568627 F1000
G01 X99.520408 Y-62.295918 Z9.568627 F1000
G01 X99.520408 Y-62.377551 Z9.568627 F1000
G01 X99.520408 Y-62.459184 Z9.568627 F1000
G01 X99.520408 Y-62.540816 Z9.568627 F1000
G01 X99.520408 Y-62.622449 Z9.568627 F1000
G01 X99.520408 Y-62.704082 Z9.568627 F1000
G01 X99.520408 Y-62.785714 Z9.568627 F1000
G01 X74.94898 Y-62.785714 Z9.568627 F1000
G01 X74.867347 Y-62.785714 Z9.803922 F1000
G01 X74.785714 Y-62.785714 Z9.803922 F1000
G01 X74.704082 Y-62.785714 Z9.921569 F1000
G01 X74.622449 Y-62.785714 Z9.921569 F1000
G01 X74.540816 Y-62.785714 Z10 F1000
G01 X72.908163 Y-62.785714 Z10 F1000
G01 X72.826531 Y-62.785714 Z9.882353 F1000
G01 X72.744898 Y-62.785714 Z8.784314 F1000
G01 X72.663265 Y-62.785714 Z0.941176 F1000
G01 X72.581633 Y-62.785714 Z0.27451 F1000
G01 X72.5 Y-62.785714 Z0.235294 F1000
G01 X72.418367 Y-62.785714 Z0.196078 F1000
G01 X72.336735 Y-62.785714 Z0.156863 F1000
G01 X72.255102 Y-62.785714 Z0.117647 F1000
G01 X72.010204 Y-62.785714 Z0.117647 F1000
G01 X71.928571 Y-62.785714 Z0.078431 F1000
G01 X69.72449 Y-62.785714 Z0.078431 F1000
G01 X69.642857 Y-62.785714 Z0.156863 F1000
G01 X69.561224 Y-62.785714 Z0.196078 F1000
G01 X69.479592 Y-62.785714 Z0.509804 F1000
G01 X69.397959 Y-62.785714 Z0.54902 F1000
G01 X69.316327 Y-62.785714 Z0.54902 F1000
G01 X69.234694 Y-62.785714 Z0.588235 F1000
G01 X69.153061 Y-62.785714 Z1.137255 F1000
G01 X69.071429 Y-62.785714 Z1.411765 F1000
G01 X68.989796 Y-62.785714 Z8.745098 F1000
G01 X68.908163 Y-62.785714 Z10 F1000
G01 X67.520408 Y-62.785714 Z10 F1000
G01 X67.438776 Y-62.785714 Z9.882353 F1000
G01 X67.357143 Y-62.785714 Z9.568627 F1000
G01 X32.5 Y-62.785714 Z9.568627 F1000
G01 X32.418367 Y-62.785714 Z10 F1000
G01 X31.030612 Y-62.785714 Z10 F1000
G01 X30.94898 Y-62.785714 Z8.627451 F1000
G01 X30.867347 Y-62.785714 Z2 F1000
G01 X30.785714 Y-62.785714 Z0.588235 F1000
G01 X30.704082 Y-62.785714 Z0.54902 F1000
G01 X30.622449 Y-62.785714 Z0.392157 F1000
G01 X30.377551 Y-62.785714 Z0.392157 F1000
G01 X30.295918 Y-62.785714 Z0.27451 F1000
G01 X30.214286 Y-62.785714 Z0.27451 F1000
G01 X30.132653 Y-62.785714 Z0.078431 F1000
G01 X27.928571 Y-62.785714 Z0.078431 F1000
G01 X27.846939 Y-62.785714 Z0.196078 F1000
G01 X27.520408 Y-62.785714 Z0.196078 F1000
G01 X27.438776 Y-62.785714 Z0.313725 F1000
G01 X27.357143 Y-62.785714 Z0.470588 F1000
G01 X27.27551 Y-62.785714 Z0.54902 F1000
G01 X27.193878 Y-62.785714 Z8.862745 F1000
G01 X27.112245 Y-62.785714 Z9.960784 F1000
G01 X27.030612 Y-62.785714 Z9.960784 F1000
G01 X26.94898 Y-62.785714 Z10 F1000
G01 X25.642857 Y-62.785714 Z10 F1000
G01 X25.561224 Y-62.785714 Z9.960784 F1000
G01 X25.234694 Y-62.785714 Z9.960784 F1000
G01 X25.153061 Y-62.785714 Z9.803922 F1000
G01 X24.989796 Y-62.785714 Z9.803922 F1000
G01 X24.908163 Y-62.785714 Z9.568627 F1000
G01 X0.418367 Y-62.785714 Z9.568627 F1000
G01 X0.418367 Y-62.867347 Z9.568627 F1000
G01 X0.418367 Y-62.94898 Z9.568627 F1000
G01 X0.418367 Y-63.030612 Z9.568627 F1000
G01 X0.418367 Y-63.112245 Z9.568627 F1000
G01 X0.418367 Y-63.193878 Z9.568627 F1000
G01 X0.418367 Y-63.27551 Z9.568627 F1000
G01 X0.418367 Y-63.357143 Z9.568627 F1000
G01 X25.561224 Y-63.357143 Z9.568627 F1000
G01 X25.642857 Y-63.357143 Z9.647059 F1000
G01 X25.72449 Y-63.357143 Z9.921569 F1000
G01 X25.806122 Y-63.357143 Z9.921569 F1000
G01 X25.887755 Y-63.357143 Z10 F1000
G01 X27.27551 Y-63.357143 Z10 F1000
G01 X27.357143 Y-63.357143 Z9.764706 F1000
G01 X27.438776 Y-63.357143 Z9.764706 F1000
G01 X27.520408 Y-63.357143 Z8.862745 F1000
G01 X27.602041 Y-63.357143 Z1.176471 F1000
G01 X27.683673 Y-63.357143 Z0.666667 F1000
G01 X27.846939 Y-63.357143 Z0.666667 F1000
G01 X27.928571 Y-63.357143 Z0.078431 F1000
G01 X30.132653 Y-63.357143 Z0.078431 F1000
G01 X30.214286 Y-63.357143 Z0.117647 F1000
G01 X30.785714 Y-63.357143 Z0.117647 F1000
G01 X30.867347 Y-63.357143 Z0.431373 F1000
G01 X30.94898 Y-63.357143 Z0.627451 F1000
G01 X31.112245 Y-63.357143 Z0.627451 F1000
G01 X31.193878 Y-63.357143 Z1.647059 F1000
G01 X31.27551 Y-63.357143 Z9.333333 F1000
G01 X31.357143 Y-63.357143 Z10 F1000
G01 X32.908163 Y-63.357143 Z10 F1000
G01 X32.989796 Y-63.357143 Z9.803922 F1000
G01 X33.071429 Y-63.357143 Z9.686275 F1000
G01 X33.153061 Y-63.357143 Z9.568627 F1000
G01 X66.704082 Y-63.357143 Z9.568627 F1000
G01 X66.785714 Y-63.357143 Z9.72549 F1000
G01 X66.867347 Y-63.357143 Z10 F1000
G01 X68.581633 Y-63.357143 Z10 F1000
G01 X68.663265 Y-63.357143 Z8.627451 F1000
G01 X68.744898 Y-63.357143 Z1.490196 F1000
G01 X68.826531 Y-63.357143 Z0.666667 F1000
G01 X68.908163 Y-63.357143 Z0.627451 F1000
G01 X68.989796 Y-63.357143 Z0.352941 F1000
G01 X69.071429 Y-63.357143 Z0.27451 F1000
G01 X69.153061 Y-63.357143 Z0.235294 F1000
G01 X69.234694 Y-63.357143 Z0.156863 F1000
G01 X69.316327 Y-63.357143 Z0.117647 F1000
G01 X69.642857 Y-63.357143 Z0.117647 F1000
G01 X69.72449 Y-63.357143 Z0.078431 F1000
G01 X71.928571 Y-63.357143 Z0.078431 F1000
G01 X72.010204 Y-63.357143 Z0.627451 F1000
G01 X72.091837 Y-63.357143 Z0.627451 F1000
G01 X72.173469 Y-63.357143 Z0.666667 F1000
G01 X72.255102 Y-63.357143 Z0.666667 F1000
G01 X72.336735 Y-63.357143 Z1.294118 F1000
G01 X72.418367 Y-63.357143 Z8.431373 F1000
G01 X72.5 Y-63.357143 Z10 F1000
G01 X73.969388 Y-63.357143 Z10 F1000
G01 X74.05102 Y-63.357143 Z9.882353 F1000
G01 X74.214286 Y-63.357143 Z9.882353 F1000
G01 X74.295918 Y-63.357143 Z9.568627 F1000
G01 X99.520408 Y-63.357143 Z9.568627 F1000
G01 X99.520408 Y-63.438776 Z9.568627 F1000
G01 X99.520408 Y-63.520408 Z9.568627 F1000
G01 X99.520408 Y-63.602041 Z9.568627 F1000
G01 X99.520408 Y-63.683673 Z9.568627 F1000
G01 X99.520408 Y-63.765306 Z9.568627 F1000
G01 X99.520408 Y-63.846939 Z9.568627 F1000
G01 X99.520408 Y-63.928571 Z9.568627 F1000
G01 X74.295918 Y-63.928571 Z9.568627 F1000
G01 X74.214286 Y-63.928571 Z9.843137 F1000
G01 X74.05102 Y-63.928571 Z9.843137 F1000
G01 X73.969388 Y-63.928571 Z9.921569 F1000
G01 X73.806122 Y-63.928571 Z9.921569 F1000
G01 X73.72449 Y-63.928571 Z10 F1000
G01 X72.173469 Y-63.928571 Z10 F1000
G01 X72.091837 Y-63.928571 Z8.470588 F1000
G01 X72.010204 Y-63.928571 Z1.45098 F1000
G01 X71.928571 Y-63.928571 Z0.27451 F1000
G01 X71.846939 Y-63.928571 Z0.27451 F1000
G01 X71.765306 Y-63.928571 Z0.235294 F1000
G01 X71.438776 Y-63.928571 Z0.235294 F1000
G01 X71.357143 Y-63.928571 Z0.117647 F1000
G01 X71.27551 Y-63.928571 Z0.078431 F1000
G01 X69.071429 Y-63.928571 Z0.078431 F1000
G01 X68.989796 Y-63.928571 Z0.313725 F1000
G01 X68.908163 Y-63.928571 Z0.392157 F1000
G01 X68.826531 Y-63.928571 Z0.392157 F1000
G01 X68.744898 Y-63.928571 Z0.54902 F1000
G01 X68.581633 Y-63.928571 Z0.54902 F1000
G01 X68.5 Y-63.928571 Z0.705882 F1000
G01 X68.418367 Y-63.928571 Z2.156863 F1000
G01 X68.336735 Y-63.928571 Z8.666667 F1000
G01 X68.255102 Y-63.928571 Z10 F1000
G01 X66.867347 Y-63.928571 Z10 F1000
G01 X66.785714 Y-63.928571 Z9.843137 F1000
G01 X66.704082 Y-63.928571 Z9.607843 F1000
G01 X66.132653 Y-63.928571 Z9.607843 F1000
G01 X66.05102 Y-63.928571 Z9.568627 F1000
G01 X33.806122 Y-63.928571 Z9.568627 F1000
G01 X33.72449 Y-63.928571 Z9.921569 F1000
G01 X33.642857 Y-63.928571 Z10 F1000
G01 X31.846939 Y-63.928571 Z10 F1000
G01 X31.765306 Y-63.928571 Z9.921569 F1000
G01 X31.683673 Y-63.928571 Z9.607843 F1000
G01 X31.602041 Y-63.928571 Z8.862745 F1000
G01 X31.520408 Y-63.928571 Z2.196078 F1000
G01 X31.438776 Y-63.928571 Z0.235294 F1000
G01 X31.357143 Y-63.928571 Z0.235294 F1000
G01 X31.27551 Y-63.928571 Z0.196078 F1000
G01 X31.193878 Y-63.928571 Z0.156863 F1000
G01 X31.112245 Y-63.928571 Z0.117647 F1000
G01 X31.030612 Y-63.928571 Z0.117647 F1000
G01 X30.94898 Y-63.928571 Z0.078431 F1000
G01 X28.581633 Y-63.928571 Z0.078431 F1000
G01 X28.5 Y-63.928571 Z0.196078 F1000
G01 X28.418367 Y-63.928571 Z0.431373 F1000
G01 X28.173469 Y-63.928571 Z0.431373 F1000
G01 X28.091837 Y-63.928571 Z0.509804 F1000
G01 X28.010204 Y-63.928571 Z0.509804 F1000
G01 X27.928571 Y-63.928571 Z1.529412 F1000
G01 X27.846939 Y-63.928571 Z8.980392 F1000
G01 X27.765306 Y-63.928571 Z10 F1000
G01 X26.295918 Y-63.928571 Z10 F1000
G01 X26.214286 Y-63.928571 Z9.843137 F1000
G01 X26.132653 Y-63.928571 Z9.686275 F1000
G01 X26.05102 Y-63.928571 Z9.647059 F1000
G01 X25.806122 Y-63.928571 Z9.647059 F1000
G01 X25.72449 Y-63.928571 Z9.607843 F1000
G01 X25.642857 Y-63.928571 Z9.607843 F1000
G01 X25.561224 Y-63.928571 Z9.568627 F1000
G01 X0.418367 Y-63.928571 Z9.568627 F1000
G01 X0.418367 Y-64.010204 Z9.568627 F1000
G01 X0.418367 Y-64.091837 Z9.568627 F1000
G01 X0.418367 Y-64.173469 Z9.568627 F1000
G01 X0.418367 Y-64.255102 Z9.568627 F1000
G01 X0.418367 Y-64.336735 Z9.568627 F1000
G01 X0.418367 Y-64.418367 Z9.568627 F1000
G01 X0.418367 Y-64.5 Z9.568627 F1000
G01 X26.214286 Y-64.5 Z9.568627 F1000
G01 X26.295918 Y-64.5 Z9.882353 F1000
G01 X26.377551 Y-64.5 Z9.921569 F1000
G01 X26.459184 Y-64.5 Z9.921569 F1000
G01 X26.540816 Y-64.5 Z9.960784 F1000
G01 X26.622449 Y-64.5 Z9.960784 F1000
G01 X26.704082 Y-64.5 Z10 F1000
G01 X28.091837 Y-64.5 Z10 F1000
G01 X28.173469 Y-64.5 Z8.901961 F1000
G01 X28.255102 Y-64.5 Z1.058824 F1000
G01 X28.336735 Y-64.5 Z0.509804 F1000
G01 X28.5 Y-64.5 Z0.509804 F1000
G01 X28.581633 Y-64.5 Z0.196078 F1000
G01 X28.663265 Y-64.5 Z0.156863 F1000
G01 X28.744898 Y-64.5 Z0.156863 F1000
G01 X28.826531 Y-64.5 Z0.117647 F1000
G01 X28.908163 Y-64.5 Z0.117647 F1000
G01 X28.989796 Y-64.5 Z0.078431 F1000
G01 X31.438776 Y-64.5 Z0.078431 F1000
G01 X31.520408 Y-64.5 Z0.392157 F1000
G01 X31.602041 Y-64.5 Z0.627451 F1000
G01 X31.765306 Y-64.5 Z0.627451 F1000
G01 X31.846939 Y-64.5 Z1.803922 F1000
G01 X31.928571 Y-64.5 Z8.901961 F1000
G01 X32.010204 Y-64.5 Z10 F1000
G01 X33.642857 Y-64.5 Z10 F1000
G01 X33.72449 Y-64.5 Z9.921569 F1000
G01 X33.806122 Y-64.5 Z9.568627 F1000
G01 X66.05102 Y-64.5 Z9.568627 F1000
G01 X66.132653 Y-64.5 Z9.921569 F1000
G01 X66.214286 Y-64.5 Z10 F1000
G01 X67.846939 Y-64.5 Z10 F1000
G01 X67.928571 Y-64.5 Z9.960784 F1000
G01 X68.010204 Y-64.5 Z8.705882 F1000
G01 X68.091837 Y-64.5 Z1.333333 F1000
G01 X68.173469 Y-64.5 Z0.666667 F1000
G01 X68.255102 Y-64.5 Z0.470588 F1000
G01 X68.336735 Y-64.5 Z0.470588 F1000
G01 X68.418367 Y-64.5 Z0.078431 F1000
G01 X71.030612 Y-64.5 Z0.078431 F1000
G01 X71.112245 Y-64.5 Z0.117647 F1000
G01 X71.193878 Y-64.5 Z0.156863 F1000
G01 X71.27551 Y-64.5 Z0.156863 F1000
G01 X71.357143 Y-64.5 Z0.470588 F1000
G01 X71.438776 Y-64.5 Z0.470588 F1000
G01 X71.520408 Y-64.5 Z0.980392 F1000
G01 X71.683673 Y-64.5 Z0.980392 F1000
G01 X71.765306 Y-64.5 Z8.627451 F1000
G01 X71.846939 Y-64.5 Z10 F1000
G01 X73.479592 Y-64.5 Z10 F1000
G01 X73.561224 Y-64.5 Z9.803922 F1000
G01 X73.642857 Y-64.5 Z9.568627 F1000
G01 X99.520408 Y-64.5 Z9.568627 F1000
G01 X99.520408 Y-64.581633 Z9.568627 F1000
G01 X99.520408 Y-64.663265 Z9.568627 F1000
G01 X99.520408 Y-64.744898 Z9.568627 F1000
G01 X99.520408 Y-64.826531 Z9.568627 F1000
G01 X99.520408 Y-64.908163 Z9.568627 F1000
G01 X99.520408 Y-64.989796 Z9.568627 F1000
G01 X99.520408 Y-65.071429 Z9.568627 F1000
G01 X73.642857 Y-65.071429 Z9.568627 F1000
G01 X73.561224 Y-65.071429 Z9.686275 F1000
G01 X73.153061 Y-65.071429 Z9.686275 F1000
G01 X73.071429 Y-65.071429 Z9.921569 F1000
G01 X72.989796 Y-65.071429 Z9.921569 F1000
G01 X72.908163 Y-65.071429 Z10 F1000
G01 X71.520408 Y-65.071429 Z10 F1000
G01 X71.438776 Y-65.071429 Z8.352941 F1000
G01 X71.357143 Y-65.071429 Z1.372549 F1000
G01 X71.27551 Y-65.071429 Z0.588235 F1000
G01 X71.193878 Y-65.071429 Z0.470588 F1000
G01 X70.785714 Y-65.071429 Z0.470588 F1000
G01 X70.704082 Y-65.071429 Z0.078431 F1000
G01 X68.418367 Y-65.071429 Z0.078431 F1000
G01 X68.336735 Y-65.071429 Z0.156863 F1000
G01 X68.173469 Y-65.071429 Z0.156863 F1000
G01 X68.091837 Y-65.071429 Z0.431373 F1000
G01 X67.846939 Y-65.071429 Z0.431373 F1000
G01 X67.765306 Y-65.071429 Z1.764706 F1000
G01 X67.683673 Y-65.071429 Z9.529412 F1000
G01 X67.602041 Y-65.071429 Z10 F1000
G01 X65.969388 Y-65.071429 Z10 F1000
G01 X65.887755 Y-65.071429 Z9.960784 F1000
G01 X65.72449 Y-65.071429 Z9.960784 F1000
G01 X65.642857 Y-65.071429 Z9.803922 F1000
G01 X65.561224 Y-65.071429 Z9.647059 F1000
G01 X65.479592 Y-65.071429 Z9.647059 F1000
G01 X65.397959 Y-65.071429 Z9.568627 F1000
G01 X34.459184 Y-65.071429 Z9.568627 F1000
G01 X34.377551 Y-65.071429 Z9.764706 F1000
G01 X34.214286 Y-65.071429 Z9.764706 F1000
G01 X34.132653 Y-65.071429 Z9.882353 F1000
G01 X34.05102 Y-65.071429 Z9.921569 F1000
G01 X33.72449 Y-65.071429 Z9.921569 F1000
G01 X33.642857 Y-65.071429 Z10 F1000
G01 X32.336735 Y-65.071429 Z10 F1000
G01 X32.255102 Y-65.071429 Z9.176471 F1000
G01 X32.173469 Y-65.071429 Z1.843137 F1000
G01 X32.091837 Y-65.071429 Z0.392157 F1000
G01 X31.520408 Y-65.071429 Z0.392157 F1000
G01 X31.438776 Y-65.071429 Z0.078431 F1000
G01 X29.234694 Y-65.071429 Z0.078431 F1000
G01 X29.153061 Y-65.071429 Z0.27451 F1000
G01 X29.071429 Y-65.071429 Z0.470588 F1000
G01 X28.989796 Y-65.071429 Z0.666667 F1000
G01 X28.663265 Y-65.071429 Z0.666667 F1000
G01 X28.581633 Y-65.071429 Z1.215686 F1000
G01 X28.5 Y-65.071429 Z8.627451 F1000
G01 X28.418367 Y-65.071429 Z10 F1000
G01 X27.030612 Y-65.071429 Z10 F1000
G01 X26.94898 Y-65.071429 Z9.72549 F1000
G01 X26.540816 Y-65.071429 Z9.72549 F1000
G01 X26.459184 Y-65.071429 Z9.686275 F1000
G01 X26.377551 Y-65.071429 Z9.568627 F1000
G01 X0.418367 Y-65.071429 Z9.568627 F1000
G01 X0.418367 Y-65.153061 Z9.568627 F1000
G01 X0.418367 Y-65.234694 Z9.568627 F1000
G01 X0.418367 Y-65.316327 Z9.568627 F1000
G01 X0.418367 Y-65.397959 Z9.568627 F1000
G01 X0.418367 Y-65.479592 Z9.568627 F1000
G01 X0.418367 Y-65.561224 Z9.568627 F1000
G01 X0.418367 Y-65.642857 Z9.568627 F1000
G01 X26.867347 Y-65.642857 Z9.568627 F1000
G01 X26.94898 Y-65.642857 Z9.647059 F1000
G01 X27.030612 Y-65.642857 Z9.647059 F1000
G01 X27.112245 Y-65.642857 Z9.921569 F1000
G01 X27.193878 Y-65.642857 Z9.921569 F1000
G01 X27.27551 Y-65.642857 Z10 F1000
G01 X28.663265 Y-65.642857 Z10 F1000
G01 X28.744898 Y-65.642857 Z9.882353 F1000
G01 X28.826531 Y-65.642857 Z8.313725 F1000
G01 X28.908163 Y-65.642857 Z1.490196 F1000
G01 X28.989796 Y-65.642857 Z0.666667 F1000
G01 X29.071429 Y-65.642857 Z0.588235 F1000
G01 X29.153061 Y-65.642857 Z0.54902 F1000
G01 X29.234694 Y-65.642857 Z0.078431 F1000
G01 X31.602041 Y-65.642857 Z0.078431 F1000
G01 X31.683673 Y-65.642857 Z0.117647 F1000
G01 X32.091837 Y-65.642857 Z0.117647 F1000
G01 X32.173469 Y-65.642857 Z0.392157 F1000
G01 X32.255102 Y-65.642857 Z0.509804 F1000
G01 X32.336735 Y-65.642857 Z0.509804 F1000
G01 X32.418367 Y-65.642857 Z0.627451 F1000
G01 X32.5 Y-65.642857 Z1.72549 F1000
G01 X32.581633 Y-65.642857 Z8.588235 F1000
G01 X32.663265 Y-65.642857 Z10 F1000
G01 X34.132653 Y-65.642857 Z10 F1000
G01 X34.214286 Y-65.642857 Z9.843137 F1000
G01 X34.295918 Y-65.642857 Z9.843137 F1000
G01 X34.377551 Y-65.642857 Z9.764706 F1000
G01 X34.459184 Y-65.642857 Z9.568627 F1000
G01 X65.397959 Y-65.642857 Z9.568627 F1000
G01 X65.479592 Y-65.642857 Z9.764706 F1000
G01 X65.561224 Y-65.642857 Z10 F1000
G01 X67.27551 Y-65.642857 Z10 F1000
G01 X67.357143 Y-65.642857 Z9.098039 F1000
G01 X67.438776 Y-65.642857 Z1.372549 F1000
G01 X67.520408 Y-65.642857 Z0.823529 F1000
G01 X67.602041 Y-65.642857 Z0.54902 F1000
G01 X67.683673 Y-65.642857 Z0.54902 F1000
G01 X67.765306 Y-65.642857 Z0.117647 F1000
G01 X68.336735 Y-65.642857 Z0.117647 F1000
G01 X68.418367 Y-65.642857 Z0.078431 F1000
G01 X70.622449 Y-65.642857 Z0.078431 F1000
G01 X70.704082 Y-65.642857 Z0.470588 F1000
G01 X70.785714 Y-65.642857 Z0.784314 F1000
G01 X71.030612 Y-65.642857 Z0.784314 F1000
G01 X71.112245 Y-65.642857 Z8.823529 F1000
G01 X71.193878 Y-65.642857 Z10 F1000
G01 X72.826531 Y-65.642857 Z10 F1000
G01 X72.908163 Y-65.642857 Z9.882353 F1000
G01 X72.989796 Y-65.642857 Z9.568627 F1000
G01 X99.520408 Y-65.642857 Z9.568627 F1000
G01 X99.520408 Y-65.72449 Z9.568627 F1000
G01 X99.520408 Y-65.806122 Z9.568627 F1000
G01 X99.520408 Y-65.887755 Z9.568627 F1000
G01 X99.520408 Y-65.969388 Z9.568627 F1000
G01 X99.520408 Y-66.05102 Z9.568627 F1000
G01 X99.520408 Y-66.132653 Z9.568627 F1000
G01 X99.520408 Y-66.214286 Z9.568627 F1000
G01 X72.908163 Y-66.214286 Z9.568627 F1000
G01 X72.826531 Y-66.214286 Z9.803922 F1000
G01 X72.744898 Y-66.214286 Z9.803922 F1000
G01 X72.663265 Y-66.214286 Z9.960784 F1000
G01 X72.5 Y-66.214286 Z9.960784 F1000
G01 X72.418367 Y-66.214286 Z10 F1000
G01 X70.867347 Y-66.214286 Z10 F1000
G01 X70.785714 Y-66.214286 Z8.235294 F1000
G01 X70.704082 Y-66.214286 Z0.980392 F1000
G01 X70.622449 Y-66.214286 Z0.588235 F1000
G01 X70.214286 Y-66.214286 Z0.588235 F1000
G01 X70.132653 Y-66.214286 Z0.431373 F1000
G01 X70.05102 Y-66.214286 Z0.431373 F1000
G01 X69.969388 Y-66.214286 Z0.078431 F1000
G01 X67.765306 Y-66.214286 Z0.078431 F1000
G01 X67.683673 Y-66.214286 Z0.27451 F1000
G01 X67.602041 Y-66.214286 Z0.54902 F1000
G01 X67.438776 Y-66.214286 Z0.54902 F1000
G01 X67.357143 Y-66.214286 Z0.588235 F1000
G01 X67.193878 Y-66.214286 Z0.588235 F1000
G01 X67.112245 Y-66.214286 Z1.490196 F1000
G01 X67.030612 Y-66.214286 Z8.705882 F1000
G01 X66.94898 Y-66.214286 Z10 F1000
G01 X65.479592 Y-66.214286 Z10 F1000
G01 X65.397959 Y-66.214286 Z9.960784 F1000
G01 X64.908163 Y-66.214286 Z9.960784 F1000
G01 X64.826531 Y-66.214286 Z9.568627 F1000
G01 X35.112245 Y-66.214286 Z9.568627 F1000
G01 X35.030612 Y-66.214286 Z9.647059 F1000
G01 X34.94898 Y-66.214286 Z9.647059 F1000
G01 X34.867347 Y-66.214286 Z9.921569 F1000
G01 X34.785714 Y-66.214286 Z9.921569 F1000
G01 X34.704082 Y-66.214286 Z10 F1000
G01 X33.071429 Y-66.214286 Z10 F1000
G01 X32.989796 Y-66.214286 Z9.607843 F1000
G01 X32.908163 Y-66.214286 Z8.941176 F1000
G01 X32.826531 Y-66.214286 Z1.372549 F1000
G01 X32.744898 Y-66.214286 Z0.784314 F1000
G01 X32.5 Y-66.214286 Z0.784314 F1000
G01 X32.418367 Y-66.214286 Z0.509804 F1000
G01 X32.255102 Y-66.214286 Z0.509804 F1000
G01 X32.173469 Y-66.214286 Z0.27451 F1000
G01 X32.091837 Y-66.214286 Z0.078431 F1000
G01 X29.887755 Y-66.214286 Z0.078431 F1000
G01 X29.806122 Y-66.214286 Z0.313725 F1000
G01 X29.72449 Y-66.214286 Z0.313725 F1000
G01 X29.642857 Y-66.214286 Z0.666667 F1000
G01 X29.561224 Y-66.214286 Z0.823529 F1000
G01 X29.316327 Y-66.214286 Z0.823529 F1000
G01 X29.234694 Y-66.214286 Z1.372549 F1000
G01 X29.153061 Y-66.214286 Z8.196078 F1000
G01 X29.071429 Y-66.214286 Z10 F1000
G01 X27.602041 Y-66.214286 Z10 F1000
G01 X27.520408 Y-66.214286 Z9.960784 F1000
G01 X27.27551 Y-66.214286 Z9.960784 F1000
G01 X27.193878 Y-66.214286 Z9.882353 F1000
G01 X27.112245 Y-66.214286 Z9.803922 F1000
G01 X27.030612 Y-66.214286 Z9.607843 F1000
G01 X26.94898 Y-66.214286 Z9.568627 F1000
G01 X0.418367 Y-66.214286 Z9.568627 F1000
G01 X0.418367 Y-66.295918 Z9.568627 F1000
G01 X0.418367 Y-66.377551 Z9.568627 F1000
G01 X0.418367 Y-66.459184 Z9.568627 F1000
G01 X0.418367 Y-66.540816 Z9.568627 F1000
G01 X0.418367 Y-66.622449 Z9.568627 F1000
G01 X0.418367 Y-66.704082 Z9.568627 F1000
G01 X0.418367 Y-66.785714 Z9.568627 F1000
G01 X27.520408 Y-66.785714 Z9.568627 F1000
G01 X27.602041 Y-66.785714 Z9.803922 F1000
G01 X27.683673 Y-66.785714 Z9.960784 F1000
G01 X27.765306 Y-66.785714 Z9.960784 F1000
G01 X27.846939 Y-66.785714 Z10 F1000
G01 X29.397959 Y-66.785714 Z10 F1000
G01 X29.479592 Y-66.785714 Z8.784314 F1000
G01 X29.561224 Y-66.785714 Z1.843137 F1000
G01 X29.642857 Y-66.785714 Z0.666667 F1000
G01 X29.72449 Y-66.785714 Z0.509804 F1000
G01 X29.806122 Y-66.785714 Z0.392157 F1000
G01 X29.887755 Y-66.785714 Z0.235294 F1000
G01 X29.969388 Y-66.785714 Z0.156863 F1000
G01 X30.05102 Y-66.785714 Z0.078431 F1000
G01 X32.744898 Y-66.785714 Z0.078431 F1000
G01 X32.826531 Y-66.785714 Z0.392157 F1000
G01 X32.908163 Y-66.785714 Z0.54902 F1000
G01 X33.071429 Y-66.785714 Z0.54902 F1000
G01 X33.153061 Y-66.785714 Z1.215686 F1000
G01 X33.234694 Y-66.785714 Z8.941176 F1000
G01 X33.316327 Y-66.785714 Z9.843137 F1000
G01 X33.397959 Y-66.785714 Z9.921569 F1000
G01 X33.479592 Y-66.785714 Z10 F1000
G01 X34.867347 Y-66.785714 Z10 F1000
G01 X34.94898 Y-66.785714 Z9.882353 F1000
G01 X35.030612 Y-66.785714 Z9.647059 F1000
G01 X35.112245 Y-66.785714 Z9.568627 F1000
G01 X64.744898 Y-66.785714 Z9.568627 F1000
G01 X64.826531 Y-66.785714 Z9.803922 F1000
G01 X64.908163 Y-66.785714 Z9.960784 F1000
G01 X65.234694 Y-66.785714 Z9.960784 F1000
G01 X65.316327 Y-66.785714 Z10 F1000
G01 X66.459184 Y-66.785714 Z10 F1000
G01 X66.540816 Y-66.785714 Z9.803922 F1000
G01 X66.622449 Y-66.785714 Z9.72549 F1000
G01 X66.704082 Y-66.785714 Z9.058824 F1000
G01 X66.785714 Y-66.785714 Z1.529412 F1000
G01 X66.867347 Y-66.785714 Z0.705882 F1000
G01 X66.94898 Y-66.785714 Z0.705882 F1000
G01 X67.030612 Y-66.785714 Z0.352941 F1000
G01 X67.112245 Y-66.785714 Z0.117647 F1000
G01 X67.683673 Y-66.785714 Z0.117647 F1000
G01 X67.765306 Y-66.785714 Z0.078431 F1000
G01 X69.316327 Y-66.785714 Z0.078431 F1000
G01 X69.397959 Y-66.785714 Z0.156863 F1000
G01 X69.969388 Y-66.785714 Z0.156863 F1000
G01 X70.05102 Y-66.785714 Z0.431373 F1000
G01 X70.132653 Y-66.785714 Z0.431373 F1000
G01 X70.214286 Y-66.785714 Z0.588235 F1000
G01 X70.295918 Y-66.785714 Z0.627451 F1000
G01 X70.377551 Y-66.785714 Z1.098039 F1000
G01 X70.459184 Y-66.785714 Z8.901961 F1000
G01 X70.540816 Y-66.785714 Z10 F1000
G01 X72.091837 Y-66.785714 Z10 F1000
G01 X72.173469 Y-66.785714 Z9.686275 F1000
G01 X72.255102 Y-66.785714 Z9.686275 F1000
G01 X72.336735 Y-66.785714 Z9.568627 F1000
G01 X99.520408 Y-66.785714 Z9.568627 F1000
G01 X99.520408 Y-66.867347 Z9.568627 F1000
G01 X99.520408 Y-66.94898 Z9.568627 F1000
G01 X99.520408 Y-67.030612 Z9.568627 F1000
G01 X99.520408 Y-67.112245 Z9.568627 F1000
G01 X99.520408 Y-67.193878 Z9.568627 F1000
G01 X99.520408 Y-67.27551 Z9.568627 F1000
G01 X99.520408 Y-67.357143 Z9.568627 F1000
G01 X72.336735 Y-67.357143 Z9.568627 F1000
G01 X72.255102 Y-67.357143 Z9.647059 F1000
G01 X72.173469 Y-67.357143 Z9.647059 F1000
G01 X72.091837 Y-67.357143 Z10 F1000
G01 X70.295918 Y-67.357143 Z10 F1000
G01 X70.214286 Y-67.357143 Z9.764706 F1000
G01 X70.132653 Y-67.357143 Z8.901961 F1000
G01 X70.05102 Y-67.357143 Z0.745098 F1000
G01 X69.969388 Y-67.357143 Z0.313725 F1000
G01 X69.887755 Y-67.357143 Z0.235294 F1000
G01 X69.806122 Y-67.357143 Z0.196078 F1000
G01 X69.561224 Y-67.357143 Z0.196078 F1000
G01 X69.479592 Y-67.357143 Z0.156863 F1000
G01 X69.397959 Y-67.357143 Z0.156863 F1000
G01 X69.316327 Y-67.357143 Z0.078431 F1000
G01 X67.112245 Y-67.357143 Z0.078431 F1000
G01 X67.030612 Y-67.357143 Z0.196078 F1000
G01 X66.94898 Y-67.357143 Z0.27451 F1000
G01 X66.867347 Y-67.357143 Z0.27451 F1000
G01 X66.785714 Y-67.357143 Z0.352941 F1000
G01 X66.704082 Y-67.357143 Z0.352941 F1000
G01 X66.622449 Y-67.357143 Z0.470588 F1000
G01 X66.540816 Y-67.357143 Z1.058824 F1000
G01 X66.459184 Y-67.357143 Z1.72549 F1000
G01 X66.377551 Y-67.357143 Z8.862745 F1000
G01 X66.295918 Y-67.357143 Z10 F1000
G01 X64.908163 Y-67.357143 Z10 F1000
G01 X64.826531 Y-67.357143 Z9.803922 F1000
G01 X64.744898 Y-67.357143 Z9.647059 F1000
G01 X35.112245 Y-67.357143 Z9.647059 F1000
G01 X35.030612 Y-67.357143 Z9.843137 F1000
G01 X34.94898 Y-67.357143 Z10 F1000
G01 X33.642857 Y-67.357143 Z10 F1000
G01 X33.561224 Y-67.357143 Z8.392157 F1000
G01 X33.479592 Y-67.357143 Z2.156863 F1000
G01 X33.397959 Y-67.357143 Z1.019608 F1000
G01 X33.316327 Y-67.357143 Z1.019608 F1000
G01 X33.234694 Y-67.357143 Z0.509804 F1000
G01 X32.989796 Y-67.357143 Z0.509804 F1000
G01 X32.908163 Y-67.357143 Z0.352941 F1000
G01 X32.826531 Y-67.357143 Z0.156863 F1000
G01 X32.744898 Y-67.357143 Z0.078431 F1000
G01 X30.540816 Y-67.357143 Z0.078431 F1000
G01 X30.459184 Y-67.357143 Z0.156863 F1000
G01 X30.05102 Y-67.357143 Z0.156863 F1000
G01 X29.969388 Y-67.357143 Z0.392157 F1000
G01 X29.887755 Y-67.357143 Z0.54902 F1000
G01 X29.806122 Y-67.357143 Z8.666667 F1000
G01 X29.72449 Y-67.357143 Z9.882353 F1000
G01 X29.642857 Y-67.357143 Z9.882353 F1000
G01 X29.561224 Y-67.357143 Z10 F1000
G01 X28.010204 Y-67.357143 Z10 F1000
G01 X27.928571 Y-67.357143 Z9.882353 F1000
G01 X27.765306 Y-67.357143 Z9.882353 F1000
G01 X27.683673 Y-67.357143 Z9.72549 F1000
G01 X27.602041 Y-67.357143 Z9.72549 F1000
G01 X27.520408 Y-67.357143 Z9.568627 F1000
G01 X0.418367 Y-67.357143 Z9.568627 F1000
G01 X0.418367 Y-67.438776 Z9.568627 F1000
G01 X0.418367 Y-67.520408 Z9.568627 F1000
G01 X0.418367 Y-67.602041 Z9.568627 F1000
G01 X0.418367 Y-67.683673 Z9.568627 F1000
G01 X0.418367 Y-67.765306 Z9.568627 F1000
G01 X0.418367 Y-67.846939 Z9.568627 F1000
G01 X0.418367 Y-67.928571 Z9.568627 F1000
G01 X28.173469 Y-67.928571 Z9.568627 F1000
G01 X28.255102 Y-67.928571 Z9.764706 F1000
G01 X28.336735 Y-67.928571 Z9.803922 F1000
G01 X28.418367 Y-67.928571 Z9.803922 F1000
G01 X28.5 Y-67.928571 Z10 F1000
G01 X29.887755 Y-67.928571 Z10 F1000
G01 X29.969388 Y-67.928571 Z9.921569 F1000
G01 X30.05102 Y-67.928571 Z9.921569 F1000
G01 X30.132653 Y-67.928571 Z8.588235 F1000
G01 X30.214286 Y-67.928571 Z1.411765 F1000
G01 X30.295918 Y-67.928571 Z0.784314 F1000
G01 X30.377551 Y-67.928571 Z0.784314 F1000
G01 X30.459184 Y-67.928571 Z0.392157 F1000
G01 X30.540816 Y-67.928571 Z0.078431 F1000
G01 X33.397959 Y-67.928571 Z0.078431 F1000
G01 X33.479592 Y-67.928571 Z0.196078 F1000
G01 X33.561224 Y-67.928571 Z0.588235 F1000
G01 X33.642857 Y-67.928571 Z0.588235 F1000
G01 X33.72449 Y-67.928571 Z0.901961 F1000
G01 X33.806122 Y-67.928571 Z0.901961 F1000
G01 X33.887755 Y-67.928571 Z2.235294 F1000
G01 X34.867347 Y-67.928571 Z2.235294 F1000
G01 X34.94898 Y-67.928571 Z1.960784 F1000
G01 X35.030612 Y-67.928571 Z1.764706 F1000
G01 X64.989796 Y-67.928571 Z1.764706 F1000
G01 X65.071429 Y-67.928571 Z2.509804 F1000
G01 X66.05102 Y-67.928571 Z2.509804 F1000
G01 X66.132653 Y-67.928571 Z0.823529 F1000
G01 X66.214286 Y-67.928571 Z0.823529 F1000
G01 X66.295918 Y-67.928571 Z0.705882 F1000
G01 X66.377551 Y-67.928571 Z0.627451 F1000
G01 X66.459184 Y-67.928571 Z0.078431 F1000
G01 X69.316327 Y-67.928571 Z0.078431 F1000
G01 X69.397959 Y-67.928571 Z0.431373 F1000
G01 X69.479592 Y-67.928571 Z0.784314 F1000
G01 X69.642857 Y-67.928571 Z0.784314 F1000
G01 X69.72449 Y-67.928571 Z1.568627 F1000
G01 X69.806122 Y-67.928571 Z8.313725 F1000
G01 X69.887755 Y-67.928571 Z9.607843 F1000
G01 X69.969388 Y-67.928571 Z10 F1000
G01 X71.357143 Y-67.928571 Z10 F1000
G01 X71.438776 Y-67.928571 Z9.921569 F1000
G01 X71.520408 Y-67.928571 Z9.882353 F1000
G01 X71.602041 Y-67.928571 Z9.882353 F1000
G01 X71.683673 Y-67.928571 Z9.568627 F1000
G01 X99.520408 Y-67.928571 Z9.568627 F1000
G01 X99.520408 Y-68.010204 Z9.568627 F1000
G01 X99.520408 Y-68.091837 Z9.568627 F1000
G01 X99.520408 Y-68.173469 Z9.568627 F1000
G01 X99.520408 Y-68.255102 Z9.568627 F1000
G01 X99.520408 Y-68.336735 Z9.568627 F1000
G01 X99.520408 Y-68.418367 Z9.568627 F1000
G01 X99.520408 Y-68.5 Z9.568627 F1000
G01 X71.683673 Y-68.5 Z9.568627 F1000
G01 X71.602041 Y-68.5 Z9.882353 F1000
G01 X71.520408 Y-68.5 Z9.882353 F1000
G01 X71.438776 Y-68.5 Z9.921569 F1000
G01 X71.193878 Y-68.5 Z9.921569 F1000
G01 X71.112245 Y-68.5 Z10 F1000
G01 X69.561224 Y-68.5 Z10 F1000
G01 X69.479592 Y-68.5 Z8.235294 F1000
G01 X69.397959 Y-68.5 Z1.294118 F1000
G01 X69.316327 Y-68.5 Z0.431373 F1000
G01 X69.153061 Y-68.5 Z0.431373 F1000
G01 X69.071429 Y-68.5 Z0.352941 F1000
G01 X68.989796 Y-68.5 Z0.196078 F1000
G01 X68.908163 Y-68.5 Z0.196078 F1000
G01 X68.826531 Y-68.5 Z0.156863 F1000
G01 X68.744898 Y-68.5 Z0.156863 F1000
G01 X68.663265 Y-68.5 Z0.078431 F1000
G01 X31.193878 Y-68.5 Z0.078431 F1000
G01 X31.112245 Y-68.5 Z0.27451 F1000
G01 X31.030612 Y-68.5 Z0.470588 F1000
G01 X30.785714 Y-68.5 Z0.470588 F1000
G01 X30.704082 Y-68.5 Z0.784314 F1000
G01 X30.622449 Y-68.5 Z0.784314 F1000
G01 X30.540816 Y-68.5 Z1.215686 F1000
G01 X30.459184 Y-68.5 Z8.784314 F1000
G01 X30.377551 Y-68.5 Z10 F1000
G01 X28.908163 Y-68.5 Z10 F1000
G01 X28.826531 Y-68.5 Z9.686275 F1000
G01 X28.744898 Y-68.5 Z9.686275 F1000
G01 X28.663265 Y-68.5 Z9.647059 F1000
G01 X28.581633 Y-68.5 Z9.607843 F1000
G01 X28.5 Y-68.5 Z9.607843 F1000
G01 X28.418367 Y-68.5 Z9.568627 F1000
G01 X0.418367 Y-68.5 Z9.568627 F1000
G01 X0.418367 Y-68.581633 Z9.568627 F1000
G01 X0.418367 Y-68.663265 Z9.568627 F1000
G01 X0.418367 Y-68.744898 Z9.568627 F1000
G01 X0.418367 Y-68.826531 Z9.568627 F1000
G01 X0.418367 Y-68.908163 Z9.568627 F1000
G01 X0.418367 Y-68.989796 Z9.568627 F1000
G01 X0.418367 Y-69.071429 Z9.568627 F1000
G01 X28.826531 Y-69.071429 Z9.568627 F1000
G01 X28.908163 Y-69.071429 Z9.686275 F1000
G01 X28.989796 Y-69.071429 Z9.882353 F1000
G01 X29.234694 Y-69.071429 Z9.882353 F1000
G01 X29.316327 Y-69.071429 Z10 F1000
G01 X30.704082 Y-69.071429 Z10 F1000
G01 X30.785714 Y-69.071429 Z8.941176 F1000
G01 X30.867347 Y-69.071429 Z0.705882 F1000
G01 X30.94898 Y-69.071429 Z0.588235 F1000
G01 X31.030612 Y-69.071429 Z0.588235 F1000
G01 X31.112245 Y-69.071429 Z0.313725 F1000
G01 X31.193878 Y-69.071429 Z0.27451 F1000
G01 X31.27551 Y-69.071429 Z0.196078 F1000
G01 X31.357143 Y-69.071429 Z0.156863 F1000
G01 X31.602041 Y-69.071429 Z0.156863 F1000
G01 X31.683673 Y-69.071429 Z0.117647 F1000
G01 X31.765306 Y-69.071429 Z0.078431 F1000
G01 X68.663265 Y-69.071429 Z0.078431 F1000
G01 X68.744898 Y-69.071429 Z0.666667 F1000
G01 X68.908163 Y-69.071429 Z0.666667 F1000
G01 X68.989796 Y-69.071429 Z0.745098 F1000
G01 X69.071429 Y-69.071429 Z0.823529 F1000
G01 X69.153061 Y-69.071429 Z8.156863 F1000
G01 X69.234694 Y-69.071429 Z10 F1000
G01 X70.94898 Y-69.071429 Z10 F1000
G01 X71.030612 Y-69.071429 Z9.568627 F1000
G01 X99.520408 Y-69.071429 Z9.568627 F1000
G01 X99.520408 Y-69.153061 Z9.568627 F1000
G01 X99.520408 Y-69.234694 Z9.568627 F1000
G01 X99.520408 Y-69.316327 Z9.568627 F1000
G01 X99.520408 Y-69.397959 Z9.568627 F1000
G01 X99.520408 Y-69.479592 Z9.568627 F1000
G01 X99.520408 Y-69.561224 Z9.568627 F1000
G01 X99.520408 Y-69.642857 Z9.568627 F1000
G01 X70.94898 Y-69.642857 Z9.568627 F1000
G01 X70.867347 Y-69.642857 Z9.882353 F1000
G01 X70.377551 Y-69.642857 Z9.882353 F1000
G01 X70.295918 Y-69.642857 Z10 F1000
G01 X68.908163 Y-69.642857 Z10 F1000
G01 X68.826531 Y-69.642857 Z8.352941 F1000
G01 X68.744898 Y-69.642857 Z1.294118 F1000
G01 X68.663265 Y-69.642857 Z0.509804 F1000
G01 X68.581633 Y-69.642857 Z0.470588 F1000
G01 X68.173469 Y-69.642857 Z0.470588 F1000
G01 X68.091837 Y-69.642857 Z0.235294 F1000
G01 X68.010204 Y-69.642857 Z0.078431 F1000
G01 X31.846939 Y-69.642857 Z0.078431 F1000
G01 X31.765306 Y-69.642857 Z0.352941 F1000
G01 X31.683673 Y-69.642857 Z0.392157 F1000
G01 X31.602041 Y-69.642857 Z0.627451 F1000
G01 X31.27551 Y-69.642857 Z0.627451 F1000
G01 X31.193878 Y-69.642857 Z1.254902 F1000
G01 X31.112245 Y-69.642857 Z8.666667 F1000
G01 X31.030612 Y-69.642857 Z10 F1000
G01 X29.397959 Y-69.642857 Z10 F1000
G01 X29.316327 Y-69.642857 Z9.843137 F1000
G01 X29.071429 Y-69.642857 Z9.843137 F1000
G01 X28.989796 Y-69.642857 Z9.607843 F1000
G01 X28.908163 Y-69.642857 Z9.607843 F1000
G01 X28.826531 Y-69.642857 Z9.568627 F1000
G01 X0.418367 Y-69.642857 Z9.568627 F1000
G01 X0.418367 Y-69.72449 Z9.568627 F1000
G01 X0.418367 Y-69.806122 Z9.568627 F1000
G01 X0.418367 Y-69.887755 Z9.568627 F1000
G01 X0.418367 Y-69.969388 Z9.568627 F1000
G01 X0.418367 Y-70.05102 Z9.568627 F1000
G01 X0.418367 Y-70.132653 Z9.568627 F1000
G01 X0.418367 Y-70.214286 Z9.568627 F1000
G01 X29.234694 Y-70.214286 Z9.568627 F1000
G01 X29.316327 Y-70.214286 Z9.607843 F1000
G01 X29.479592 Y-70.214286 Z9.607843 F1000
G01 X29.561224 Y-70.214286 Z9.764706 F1000
G01 X29.642857 Y-70.214286 Z9.843137 F1000
G01 X29.72449 Y-70.214286 Z9.843137 F1000
G01 X29.806122 Y-70.214286 Z9.882353 F1000
G01 X29.887755 Y-70.214286 Z10 F1000
G01 X31.357143 Y-70.214286 Z10 F1000
G01 X31.438776 Y-70.214286 Z8.54902 F1000
G01 X31.520408 Y-70.214286 Z1.372549 F1000
G01 X31.602041 Y-70.214286 Z0.627451 F1000
G01 X31.683673 Y-70.214286 Z0.509804 F1000
G01 X31.765306 Y-70.214286 Z0.352941 F1000
G01 X31.846939 Y-70.214286 Z0.156863 F1000
G01 X32.336735 Y-70.214286 Z0.156863 F1000
G01 X32.418367 Y-70.214286 Z0.117647 F1000
G01 X32.5 Y-70.214286 Z0.078431 F1000
G01 X67.357143 Y-70.214286 Z0.078431 F1000
G01 X67.438776 Y-70.214286 Z0.117647 F1000
G01 X68.010204 Y-70.214286 Z0.117647 F1000
G01 X68.091837 Y-70.214286 Z0.235294 F1000
G01 X68.173469 Y-70.214286 Z0.470588 F1000
G01 X68.255102 Y-70.214286 Z0.745098 F1000
G01 X68.336735 Y-70.214286 Z0.745098 F1000
G01 X68.418367 Y-70.214286 Z1.529412 F1000
G01 X68.5 Y-70.214286 Z8.078431 F1000
G01 X68.581633 Y-70.214286 Z9.529412 F1000
G01 X68.663265 Y-70.214286 Z10 F1000
G01 X69.887755 Y-70.214286 Z10 F1000
G01 X69.969388 Y-70.214286 Z9.960784 F1000
G01 X70.214286 Y-70.214286 Z9.960784 F1000
G01 X70.295918 Y-70.214286 Z9.921569 F1000
G01 X70.377551 Y-70.214286 Z9.686275 F1000
G01 X70.459184 Y-70.214286 Z9.647059 F1000
G01 X70.540816 Y-70.214286 Z9.568627 F1000
G01 X99.520408 Y-70.214286 Z9.568627 F1000
G01 X99.520408 Y-70.295918 Z9.568627 F1000
G01 X99.520408 Y-70.377551 Z9.568627 F1000
G01 X99.520408 Y-70.459184 Z9.568627 F1000
G01 X99.520408 Y-70.540816 Z9.568627 F1000
G01 X99.520408 Y-70.622449 Z9.568627 F1000
G01 X99.520408 Y-70.704082 Z9.568627 F1000
G01 X99.520408 Y-70.785714 Z9.568627 F1000
G01 X70.295918 Y-70.785714 Z9.568627 F1000
G01 X70.214286 Y-70.785714 Z9.764706 F1000
G01 X69.887755 Y-70.785714 Z9.764706 F1000
G01 X69.806122 Y-70.785714 Z10 F1000
G01 X68.173469 Y-70.785714 Z10 F1000
G01 X68.091837 Y-70.785714 Z8.588235 F1000
G01 X68.010204 Y-70.785714 Z1.960784 F1000
G01 X67.928571 Y-70.785714 Z0.705882 F1000
G01 X67.765306 Y-70.785714 Z0.705882 F1000
G01 X67.683673 Y-70.785714 Z0.588235 F1000
G01 X67.357143 Y-70.785714 Z0.588235 F1000
G01 X67.27551 Y-70.785714 Z0.352941 F1000
G01 X67.112245 Y-70.785714 Z0.352941 F1000
G01 X67.030612 Y-70.785714 Z0.196078 F1000
G01 X66.94898 Y-70.785714 Z0.156863 F1000
G01 X66.785714 Y-70.785714 Z0.156863 F1000
G01 X66.704082 Y-70.785714 Z0.078431 F1000
G01 X33.153061 Y-70.785714 Z0.078431 F1000
G01 X33.071429 Y-70.785714 Z0.27451 F1000
G01 X32.5 Y-70.785714 Z0.27451 F1000
G01 X32.418367 Y-70.785714 Z0.745098 F1000
G01 X32.010204 Y-70.785714 Z0.745098 F1000
G01 X31.928571 Y-70.785714 Z2.627451 F1000
G01 X31.846939 Y-70.785714 Z9.215686 F1000
G01 X31.765306 Y-70.785714 Z9.490196 F1000
G01 X31.683673 Y-70.785714 Z10 F1000
G01 X30.132653 Y-70.785714 Z10 F1000
G01 X30.05102 Y-70.785714 Z9.843137 F1000
G01 X29.969388 Y-70.785714 Z9.843137 F1000
G01 X29.887755 Y-70.785714 Z9.803922 F1000
G01 X29.806122 Y-70.785714 Z9.686275 F1000
G01 X29.72449 Y-70.785714 Z9.647059 F1000
G01 X29.642857 Y-70.785714 Z9.568627 F1000
G01 X0.418367 Y-70.785714 Z9.568627 F1000
G01 X0.418367 Y-70.867347 Z9.568627 F1000
G01 X0.418367 Y-70.94898 Z9.568627 F1000
G01 X0.418367 Y-71.030612 Z9.568627 F1000
G01 X0.418367 Y-71.112245 Z9.568627 F1000
G01 X0.418367 Y-71.193878 Z9.568627 F1000
G01 X0.418367 Y-71.27551 Z9.568627 F1000
G01 X0.418367 Y-71.357143 Z9.568627 F1000
G01 X30.132653 Y-71.357143 Z9.568627 F1000
G01 X30.214286 Y-71.357143 Z9.803922 F1000
G01 X30.295918 Y-71.357143 Z9.803922 F1000
G01 X30.377551 Y-71.357143 Z9.843137 F1000
G01 X30.459184 Y-71.357143 Z9.882353 F1000
G01 X30.540816 Y-71.357143 Z10 F1000
G01 X32.5 Y-71.357143 Z10 F1000
G01 X32.581633 Y-71.357143 Z9.921569 F1000
G01 X32.663265 Y-71.357143 Z9.921569 F1000
G01 X32.744898 Y-71.357143 Z8.823529 F1000
G01 X32.826531 Y-71.357143 Z6.509804 F1000
G01 X32.908163 Y-71.357143 Z3.921569 F1000
G01 X32.989796 Y-71.357143 Z1.960784 F1000
G01 X33.071429 Y-71.357143 Z0.941176 F1000
G01 X33.153061 Y-71.357143 Z0.27451 F1000
G01 X66.704082 Y-71.357143 Z0.27451 F1000
G01 X66.785714 Y-71.357143 Z0.431373 F1000
G01 X66.867347 Y-71.357143 Z0.666667 F1000
G01 X66.94898 Y-71.357143 Z2.039216 F1000
G01 X67.030612 Y-71.357143 Z4.196078 F1000
G01 X67.112245 Y-71.357143 Z6.627451 F1000
G01 X67.193878 Y-71.357143 Z8.588235 F1000
G01 X67.27551 Y-71.357143 Z9.72549 F1000
G01 X67.357143 Y-71.357143 Z10 F1000
G01 X69.561224 Y-71.357143 Z10 F1000
G01 X69.642857 Y-71.357143 Z9.921569 F1000
G01 X69.72449 Y-71.357143 Z9.568627 F1000
G01 X99.520408 Y-71.357143 Z9.568627 F1000
G01 X99.520408 Y-71.438776 Z9.568627 F1000
G01 X99.520408 Y-71.520408 Z9.568627 F1000
G01 X99.520408 Y-71.602041 Z9.568627 F1000
G01 X99.520408 Y-71.683673 Z9.568627 F1000
G01 X99.520408 Y-71.765306 Z9.568627 F1000
G01 X99.520408 Y-71.846939 Z9.568627 F1000
G01 X99.520408 Y-71.928571 Z9.568627 F1000
G01 X69.72449 Y-71.928571 Z9.568627 F1000
G01 X69.642857 Y-71.928571 Z9.921569 F1000
G01 X69.561224 Y-71.928571 Z9.921569 F1000
G01 X69.479592 Y-71.928571 Z10 F1000
G01 X66.295918 Y-71.928571 Z10 F1000
G01 X66.214286 Y-71.928571 Z9.960784 F1000
G01 X33.316327 Y-71.928571 Z9.960784 F1000
G01 X33.234694 Y-71.928571 Z10 F1000
G01 X30.867347 Y-71.928571 Z10 F1000
G01 X30.785714 Y-71.928571 Z9.607843 F1000
G01 X30.295918 Y-71.928571 Z9.607843 F1000
G01 X30.214286 Y-71.928571 Z9.568627 F1000
G01 X0.418367 Y-71.928571 Z9.568627 F1000
G01 X0.418367 Y-72.010204 Z9.568627 F1000
G01 X0.418367 Y-72.091837 Z9.568627 F1000
G01 X0.418367 Y-72.173469 Z9.568627 F1000
G01 X0.418367 Y-72.255102 Z9.568627 F1000
G01 X0.418367 Y-72.336735 Z9.568627 F1000
G01 X0.418367 Y-72.418367 Z9.568627 F1000
G01 X0.418367 Y-72.5 Z9.568627 F1000
G01 X31.438776 Y-72.5 Z9.568627 F1000
G01 X31.520408 Y-72.5 Z9.764706 F1000
G01 X31.602041 Y-72.5 Z10 F1000
G01 X33.234694 Y-72.5 Z10 F1000
G01 X33.316327 Y-72.5 Z9.960784 F1000
G01 X66.214286 Y-72.5 Z9.960784 F1000
G01 X66.295918 Y-72.5 Z10 F1000
G01 X68.336735 Y-72.5 Z10 F1000
G01 X68.418367 Y-72.5 Z9.568627 F1000
G01 X99.520408 Y-72.5 Z9.568627 F1000
G01 X99.520408 Y-72.581633 Z9.568627 F1000
G01 X99.520408 Y-72.663265 Z9.568627 F1000
G01 X99.520408 Y-72.744898 Z9.568627 F1000
G01 X99.520408 Y-72.826531 Z9.568627 F1000
G01 X99.520408 Y-72.908163 Z9.568627 F1000
G01 X99.520408 Y-72.989796 Z9.568627 F1000
G01 X99.520408 Y-73.071429 Z9.568627 F1000
G01 X0.418367 Y-73.071429 Z9.568627 F1000
G01 X0.418367 Y-73.153061 Z9.568627 F1000
G01 X0.418367 Y-73.234694 Z9.568627 F1000
G01 X0.418367 Y-73.316327 Z9.568627 F1000
G01 X0.418367 Y-73.397959 Z9.568627 F1000
G01 X0.418367 Y-73.479592 Z9.568627 F1000
G01 X0.418367 Y-73.561224 Z9.568627 F1000
G01 X0.418367 Y-73.642857 Z9.568627 F1000
G01 X99.520408 Y-73.642857 Z9.568627 F1000
G01 X99.520408 Y-73.72449 Z9.568627 F1000
G01 X99.520408 Y-73.806122 Z9.568627 F1000
G01 X99.520408 Y-73.887755 Z9.568627 F1000
G01 X99.520408 Y-73.969388 Z9.568627 F1000
G01 X99.520408 Y-74.05102 Z9.568627 F1000
G01 X99.520408 Y-74.132653 Z9.568627 F1000
G01 X99.520408 Y-74.214286 Z9.568627 F1000
G01 X0.418367 Y-74.214286 Z9.568627 F1000
G01 X0.418367 Y-74.295918 Z9.568627 F1000
G01 X0.418367 Y-74.377551 Z9.568627 F1000
G01 X0.418367 Y-74.459184 Z9.568627 F1000
G01 X0.418367 Y-74.540816 Z9.568627 F1000
G01 X0.418367 Y-74.622449 Z9.568627 F1000
G01 X0.418367 Y-74.704082 Z9.568627 F1000
G01 X0.418367 Y-74.785714 Z9.568627 F1000
G01 X99.520408 Y-74.785714 Z9.568627 F1000
G01 X99.520408 Y-74.867347 Z9.568627 F1000
G01 X99.520408 Y-74.94898 Z9.568627 F1000
G01 X99.520408 Y-75.030612 Z9.568627 F1000
G01 X99.520408 Y-75.112245 Z9.568627 F1000
G01 X99.520408 Y-75.193878 Z9.568627 F1000
G01 X99.520408 Y-75.27551 Z9.568627 F1000
G01 X99.520408 Y-75.357143 Z9.568627 F1000
G01 X0.418367 Y-75.357143 Z9.568627 F1000
G01 X0.418367 Y-75.438776 Z9.568627 F1000
G01 X0.418367 Y-75.520408 Z9.568627 F1000
G01 X0.418367 Y-75.602041 Z9.568627 F1000
G01 X0.418367 Y-75.683673 Z9.568627 F1000
G01 X0.418367 Y-75.765306 Z9.568627 F1000
G01 X0.418367 Y-75.846939 Z9.568627 F1000
G01 X0.418367 Y-75.928571 Z9.568627 F1000
G01 X99.520408 Y-75.928571 Z9.568627 F1000
G01 X99.520408 Y-76.010204 Z9.568627 F1000
G01 X99.520408 Y-76.091837 Z9.568627 F1000
G01 X99.520408 Y-76.173469 Z9.568627 F1000
G01 X99.520408 Y-76.255102 Z9.568627 F1000
G01 X99.520408 Y-76.336735 Z9.568627 F1000
G01 X99.520408 Y-76.418367 Z9.568627 F1000
G01 X99.520408 Y-76.5 Z9.568627 F1000
G01 X0.418367 Y-76.5 Z9.568627 F1000
G01 X0.418367 Y-76.581633 Z9.568627 F1000
G01 X0.418367 Y-76.663265 Z9.568627 F1000
G01 X0.418367 Y-76.744898 Z9.568627 F1000
G01 X0.418367 Y-76.826531 Z9.568627 F1000
G01 X0.418367 Y-76.908163 Z9.568627 F1000
G01 X0.418367 Y-76.989796 Z9.568627 F1000
G01 X0.418367 Y-77.071429 Z9.568627 F1000
G01 X99.520408 Y-77.071429 Z9.568627 F1000
G01 X99.520408 Y-77.153061 Z9.568627 F1000
G01 X99.520408 Y-77.234694 Z9.568627 F1000
G01 X99.520408 Y-77.316327 Z9.568627 F1000
G01 X99.520408 Y-77.397959 Z9.568627 F1000
G01 X99.520408 Y-77.479592 Z9.568627 F1000
G01 X99.520408 Y-77.561224 Z9.568627 F1000
G01 X99.520408 Y-77.642857 Z9.568627 F1000
G01 X0.418367 Y-77.642857 Z9.568627 F1000
G01 X0.418367 Y-77.72449 Z9.568627 F1000
G01 X0.418367 Y-77.806122 Z9.568627 F1000
G01 X0.418367 Y-77.887755 Z9.568627 F1000
G01 X0.418367 Y-77.969388 Z9.568627 F1000
G01 X0.418367 Y-78.05102 Z9.568627 F1000
G01 X0.418367 Y-78.132653 Z9.568627 F1000
G01 X0.418367 Y-78.214286 Z9.568627 F1000
G01 X99.520408 Y-78.214286 Z9.568627 F1000
G01 X99.520408 Y-78.295918 Z9.568627 F1000
G01 X99.520408 Y-78.377551 Z9.568627 F1000
G01 X99.520408 Y-78.459184 Z9.568627 F1000
G01 X99.520408 Y-78.540816 Z9.568627 F1000
G01 X99.520408 Y-78.622449 Z9.568627 F1000
G01 X99.520408 Y-78.704082 Z9.568627 F1000
G01 X99.520408 Y-78.785714 Z9.568627 F1000
G01 X0.418367 Y-78.785714 Z9.568627 F1000
G01 X0.418367 Y-78.867347 Z9.568627 F1000
G01 X0.418367 Y-78.94898 Z9.568627 F1000
G01 X0.418367 Y-79.030612 Z9.568627 F1000
G01 X0.418367 Y-79.112245 Z9.568627 F1000
G01 X0.418367 Y-79.193878 Z9.568627 F1000
G01 X0.418367 Y-79.27551 Z9.568627 F1000
G01 X0.418367 Y-79.357143 Z9.568627 F1000
G01 X99.520408 Y-79.357143 Z9.568627 F1000
G01 X99.520408 Y-79.438776 Z9.568627 F1000
G01 X99.520408 Y-79.520408 Z9.568627 F1000
G01 X99.520408 Y-79.602041 Z9.568627 F1000
G01 X99.520408 Y-79.683673 Z9.568627 F1000
G01 X99.520408 Y-79.765306 Z9.568627 F1000
G01 X99.520408 Y-79.846939 Z9.568627 F1000
G01 X99.520408 Y-79.928571 Z9.568627 F1000
G01 X0.418367 Y-79.928571 Z9.568627 F1000
G01 X0.418367 Y-80.010204 Z9.568627 F1000
G01 X0.418367 Y-80.091837 Z9.568627 F1000
G01 X0.418367 Y-80.173469 Z9.568627 F1000
G01 X0.418367 Y-80.255102 Z9.568627 F1000
G01 X0.418367 Y-80.336735 Z9.568627 F1000
G01 X0.418367 Y-80.418367 Z9.568627 F1000

G00 Z10 (EOP take Z up)
G00 X0 Y0 (Move to home)
(Generated in 6.56 sec.)
