G21 (Programming in millimeters)
G90 (Absolute programming)
G92 X0 Y0 Z10 (Tell the machine it is at 0, 0, 10)
G00 X0 Y-0.5 Z10 (Starting position)

G01 X0.55 Y-0.5 Z10 F1000
G01 X99.5 Y-0.5 Z10 F1000
G01 X99.5 Y-0.55 Z10 F1000
G01 X99.5 Y-0.6 Z10 F1000
G01 X99.5 Y-0.65 Z10 F1000
G01 X99.5 Y-0.7 Z10 F1000
G01 X99.5 Y-0.75 Z10 F1000
G01 X99.5 Y-0.8 Z10 F1000
G01 X99.5 Y-0.85 Z10 F1000
G01 X99.5 Y-0.9 Z10 F1000
G01 X99.5 Y-0.95 Z10 F1000
G01 X99.5 Y-1 Z10 F1000
G01 X99.5 Y-1.05 Z10 F1000
G01 X0.45 Y-1.05 Z10 F1000
G01 X0.45 Y-1.1 Z10 F1000
G01 X0.45 Y-1.15 Z10 F1000
G01 X0.45 Y-1.2 Z10 F1000
G01 X0.45 Y-1.25 Z10 F1000
G01 X0.45 Y-1.3 Z10 F1000
G01 X0.45 Y-1.35 Z10 F1000
G01 X0.45 Y-1.4 Z10 F1000
G01 X0.45 Y-1.45 Z10 F1000
G01 X0.45 Y-1.5 Z10 F1000
G01 X0.45 Y-1.55 Z10 F1000
G01 X0.45 Y-1.6 Z10 F1000
G01 X99.5 Y-1.6 Z10 F1000
G01 X99.5 Y-1.65 Z10 F1000
G01 X99.5 Y-1.7 Z10 F1000
G01 X99.5 Y-1.75 Z10 F1000
G01 X99.5 Y-1.8 Z10 F1000
G01 X99.5 Y-1.85 Z10 F1000
G01 X99.5 Y-1.9 Z10 F1000
G01 X99.5 Y-1.95 Z10 F1000
G01 X99.5 Y-2 Z10 F1000
G01 X99.5 Y-2.05 Z10 F1000
G01 X99.5 Y-2.1 Z10 F1000
G01 X99.5 Y-2.15 Z10 F1000
G01 X0.45 Y-2.15 Z10 F1000
G01 X0.45 Y-2.2 Z10 F1000
G01 X0.45 Y-2.25 Z10 F1000
G01 X0.45 Y-2.3 Z10 F1000
G01 X0.45 Y-2.35 Z10 F1000
G01 X0.45 Y-2.4 Z10 F1000
G01 X0.45 Y-2.45 Z10 F1000
G01 X0.45 Y-2.5 Z10 F1000
G01 X0.45 Y-2.55 Z10 F1000
G01 X0.45 Y-2.6 Z10 F1000
G01 X0.45 Y-2.65 Z10 F1000
G01 X0.45 Y-2.7 Z10 F1000
G01 X99.5 Y-2.7 Z10 F1000
G01 X99.5 Y-2.75 Z10 F1000
G01 X99.5 Y-2.8 Z10 F1000
G01 X99.5 Y-2.85 Z10 F1000
G01 X99.5 Y-2.9 Z10 F1000
G01 X99.5 Y-2.95 Z10 F1000
G01 X99.5 Y-3 Z10 F1000
G01 X99.5 Y-3.05 Z10 F1000
G01 X99.5 Y-3.1 Z10 F1000
G01 X99.5 Y-3.15 Z10 F1000
G01 X99.5 Y-3.2 Z10 F1000
G01 X99.5 Y-3.25 Z10 F1000
G01 X0.45 Y-3.25 Z10 F1000
G01 X0.45 Y-3.3 Z10 F1000
G01 X0.45 Y-3.35 Z10 F1000
G01 X0.45 Y-3.4 Z10 F1000
G01 X0.45 Y-3.45 Z10 F1000
G01 X0.45 Y-3.5 Z10 F1000
G01 X0.45 Y-3.55 Z10 F1000
G01 X0.45 Y-3.6 Z10 F1000
G01 X0.45 Y-3.65 Z10 F1000
G01 X0.45 Y-3.7 Z10 F1000
G01 X0.45 Y-3.75 Z10 F1000
G01 X0.45 Y-3.8 Z10 F1000
G01 X46.55 Y-3.8 Z10 F1000
G01 X46.6 Y-3.8 Z9.45098 F1000
G01 X46.65 Y-3.8 Z8.862745 F1000
G01 X46.7 Y-3.8 Z8.235294 F1000
G01 X46.75 Y-3.8 Z7.372549 F1000
G01 X46.8 Y-3.8 Z6.235294 F1000
G01 X46.85 Y-3.8 Z4.705882 F1000
G01 X46.9 Y-3.8 Z4.509804 F1000
G01 X46.95 Y-3.8 Z2.862745 F1000
G01 X47 Y-3.8 Z2.078431 F1000
G01 X47.05 Y-3.8 Z1.529412 F1000
G01 X47.1 Y-3.8 Z0.627451 F1000
G01 X47.2 Y-3.8 Z0.627451 F1000
G01 X47.25 Y-3.8 Z0.470588 F1000
G01 X47.3 Y-3.8 Z0.313725 F1000
G01 X47.95 Y-3.8 Z0.313725 F1000
G01 X48 Y-3.8 Z0.27451 F1000
G01 X48.25 Y-3.8 Z0.27451 F1000
G01 X48.3 Y-3.8 Z0.235294 F1000
G01 X48.45 Y-3.8 Z0.235294 F1000
G01 X48.5 Y-3.8 Z0 F1000
G01 X51.5 Y-3.8 Z0 F1000
G01 X51.55 Y-3.8 Z0.27451 F1000
G01 X51.7 Y-3.8 Z0.27451 F1000
G01 X51.75 Y-3.8 Z0.352941 F1000
G01 X52.3 Y-3.8 Z0.352941 F1000
G01 X52.35 Y-3.8 Z0.705882 F1000
G01 X52.4 Y-3.8 Z0.705882 F1000
G01 X52.45 Y-3.8 Z0.745098 F1000
G01 X52.6 Y-3.8 Z0.745098 F1000
G01 X52.65 Y-3.8 Z0.784314 F1000
G01 X52.9 Y-3.8 Z0.784314 F1000
G01 X52.95 Y-3.8 Z2.196078 F1000
G01 X53 Y-3.8 Z2.196078 F1000
G01 X53.05 Y-3.8 Z2.588235 F1000
G01 X53.1 Y-3.8 Z4.352941 F1000
G01 X53.15 Y-3.8 Z4.666667 F1000
G01 X53.2 Y-3.8 Z6.078431 F1000
G01 X53.25 Y-3.8 Z7.215686 F1000
G01 X53.3 Y-3.8 Z8.470588 F1000
G01 X53.35 Y-3.8 Z9.843137 F1000
G01 X53.45 Y-3.8 Z9.843137 F1000
G01 X53.5 Y-3.8 Z10 F1000
G01 X99.5 Y-3.8 Z10 F1000
G01 X99.5 Y-3.85 Z10 F1000
G01 X99.5 Y-3.9 Z10 F1000
G01 X99.5 Y-3.95 Z10 F1000
G01 X99.5 Y-4 Z10 F1000
G01 X99.5 Y-4.05 Z10 F1000
G01 X99.5 Y-4.1 Z10 F1000
G01 X99.5 Y-4.15 Z10 F1000
G01 X99.5 Y-4.2 Z10 F1000
G01 X99.5 Y-4.25 Z10 F1000
G01 X99.5 Y-4.3 Z10 F1000
G01 X99.5 Y-4.35 Z10 F1000
G01 X57.05 Y-4.35 Z10 F1000
G01 X57 Y-4.35 Z9.843137 F1000
G01 X56.95 Y-4.35 Z8.196078 F1000
G01 X56.9 Y-4.35 Z6.392157 F1000
G01 X56.85 Y-4.35 Z4.54902 F1000
G01 X56.8 Y-4.35 Z2.156863 F1000
G01 X56.75 Y-4.35 Z0.588235 F1000
G01 X55.9 Y-4.35 Z0.588235 F1000
G01 X55.85 Y-4.35 Z0.313725 F1000
G01 X55.15 Y-4.35 Z0.313725 F1000
G01 X55.1 Y-4.35 Z0 F1000
G01 X53.7 Y-4.35 Z0 F1000
G01 X53.65 Y-4.35 Z0.039216 F1000
G01 X53.55 Y-4.35 Z0.039216 F1000
G01 X53.5 Y-4.35 Z0.117647 F1000
G01 X53.45 Y-4.35 Z0.196078 F1000
G01 X53.2 Y-4.35 Z0.196078 F1000
G01 X53.15 Y-4.35 Z0.27451 F1000
G01 X52.2 Y-4.35 Z0.27451 F1000
G01 X52.15 Y-4.35 Z0.196078 F1000
G01 X51.95 Y-4.35 Z0.196078 F1000
G01 X51.9 Y-4.35 Z0.117647 F1000
G01 X51.5 Y-4.35 Z0.117647 F1000
G01 X51.45 Y-4.35 Z0.235294 F1000
G01 X51.4 Y-4.35 Z0.352941 F1000
G01 X51.25 Y-4.35 Z0.352941 F1000
G01 X51.2 Y-4.35 Z0.431373 F1000
G01 X50.25 Y-4.35 Z0.431373 F1000
G01 X50.2 Y-4.35 Z0.352941 F1000
G01 X50.1 Y-4.35 Z0.352941 F1000
G01 X50.05 Y-4.35 Z0.156863 F1000
G01 X50 Y-4.35 Z0.156863 F1000
G01 X49.95 Y-4.35 Z0.078431 F1000
G01 X49.9 Y-4.35 Z0.313725 F1000
G01 X48.95 Y-4.35 Z0.313725 F1000
G01 X48.9 Y-4.35 Z0.196078 F1000
G01 X48.75 Y-4.35 Z0.196078 F1000
G01 X48.7 Y-4.35 Z0.117647 F1000
G01 X48.1 Y-4.35 Z0.117647 F1000
G01 X48.05 Y-4.35 Z0.196078 F1000
G01 X47.85 Y-4.35 Z0.196078 F1000
G01 X47.8 Y-4.35 Z0.27451 F1000
G01 X46.85 Y-4.35 Z0.27451 F1000
G01 X46.8 Y-4.35 Z0.196078 F1000
G01 X46.55 Y-4.35 Z0.196078 F1000
G01 X46.5 Y-4.35 Z0.117647 F1000
G01 X46.45 Y-4.35 Z0.039216 F1000
G01 X46.35 Y-4.35 Z0.039216 F1000
G01 X46.3 Y-4.35 Z0 F1000
G01 X44.9 Y-4.35 Z0 F1000
G01 X44.85 Y-4.35 Z0.235294 F1000
G01 X44.8 Y-4.35 Z0.392157 F1000
G01 X44.15 Y-4.35 Z0.392157 F1000
G01 X44.1 Y-4.35 Z0.509804 F1000
G01 X43.25 Y-4.35 Z0.509804 F1000
G01 X43.2 Y-4.35 Z2.431373 F1000
G01 X43.15 Y-4.35 Z4.901961 F1000
G01 X43.1 Y-4.35 Z6.588235 F1000
G01 X43.05 Y-4.35 Z8.27451 F1000
G01 X43 Y-4.35 Z9.921569 F1000
G01 X42.95 Y-4.35 Z10 F1000
G01 X0.45 Y-4.35 Z10 F1000
G01 X0.45 Y-4.4 Z10 F1000
G01 X0.45 Y-4.45 Z10 F1000
G01 X0.45 Y-4.5 Z10 F1000
G01 X0.45 Y-4.55 Z10 F1000
G01 X0.45 Y-4.6 Z10 F1000
G01 X0.45 Y-4.65 Z10 F1000
G01 X0.45 Y-4.7 Z10 F1000
G01 X0.45 Y-4.75 Z10 F1000
G01 X0.45 Y-4.8 Z10 F1000
G01 X0.45 Y-4.85 Z10 F1000
G01 X0.45 Y-4.9 Z10 F1000
G01 X40.7 Y-4.9 Z10 F1000
G01 X40.75 Y-4.9 Z8.627451 F1000
G01 X40.8 Y-4.9 Z6.54902 F1000
G01 X40.85 Y-4.9 Z2.509804 F1000
G01 X40.9 Y-4.9 Z0 F1000
G01 X43.5 Y-4.9 Z0 F1000
G01 X43.55 Y-4.9 Z0.705882 F1000
G01 X44.5 Y-4.9 Z0.705882 F1000
G01 X44.55 Y-4.9 Z0.431373 F1000
G01 X44.65 Y-4.9 Z0.431373 F1000
G01 X44.7 Y-4.9 Z0.392157 F1000
G01 X44.75 Y-4.9 Z0.392157 F1000
G01 X44.8 Y-4.9 Z0.627451 F1000
G01 X44.85 Y-4.9 Z2.627451 F1000
G01 X44.9 Y-4.9 Z4.392157 F1000
G01 X44.95 Y-4.9 Z5.098039 F1000
G01 X45 Y-4.9 Z6.431373 F1000
G01 X45.05 Y-4.9 Z8.470588 F1000
G01 X45.1 Y-4.9 Z9.686275 F1000
G01 X45.15 Y-4.9 Z9.960784 F1000
G01 X45.2 Y-4.9 Z9.960784 F1000
G01 X45.25 Y-4.9 Z10 F1000
G01 X54.8 Y-4.9 Z10 F1000
G01 X54.85 Y-4.9 Z9.686275 F1000
G01 X54.9 Y-4.9 Z9.686275 F1000
G01 X54.95 Y-4.9 Z8.470588 F1000
G01 X55 Y-4.9 Z6.431373 F1000
G01 X55.05 Y-4.9 Z5.098039 F1000
G01 X55.1 Y-4.9 Z4.392157 F1000
G01 X55.15 Y-4.9 Z2.627451 F1000
G01 X55.2 Y-4.9 Z0.627451 F1000
G01 X55.25 Y-4.9 Z0.470588 F1000
G01 X55.4 Y-4.9 Z0.470588 F1000
G01 X55.45 Y-4.9 Z0.431373 F1000
G01 X56.35 Y-4.9 Z0.431373 F1000
G01 X56.4 Y-4.9 Z0.235294 F1000
G01 X56.45 Y-4.9 Z0.078431 F1000
G01 X56.5 Y-4.9 Z0 F1000
G01 X59.1 Y-4.9 Z0 F1000
G01 X59.15 Y-4.9 Z2.392157 F1000
G01 X59.2 Y-4.9 Z4.588235 F1000
G01 X59.25 Y-4.9 Z8.666667 F1000
G01 X59.3 Y-4.9 Z10 F1000
G01 X99.5 Y-4.9 Z10 F1000
G01 X99.5 Y-4.95 Z10 F1000
G01 X99.5 Y-5 Z10 F1000
G01 X99.5 Y-5.05 Z10 F1000
G01 X99.5 Y-5.1 Z10 F1000
G01 X99.5 Y-5.15 Z10 F1000
G01 X99.5 Y-5.2 Z10 F1000
G01 X99.5 Y-5.25 Z10 F1000
G01 X99.5 Y-5.3 Z10 F1000
G01 X99.5 Y-5.35 Z10 F1000
G01 X99.5 Y-5.4 Z10 F1000
G01 X99.5 Y-5.45 Z10 F1000
G01 X61.15 Y-5.45 Z10 F1000
G01 X61.1 Y-5.45 Z8.392157 F1000
G01 X61.05 Y-5.45 Z4.941176 F1000
G01 X61 Y-5.45 Z1.72549 F1000
G01 X60.95 Y-5.45 Z0.470588 F1000
G01 X60.5 Y-5.45 Z0.470588 F1000
G01 X60.45 Y-5.45 Z0.392157 F1000
G01 X60.35 Y-5.45 Z0.392157 F1000
G01 X60.3 Y-5.45 Z0 F1000
G01 X58.5 Y-5.45 Z0 F1000
G01 X58.45 Y-5.45 Z0.392157 F1000
G01 X58.3 Y-5.45 Z0.392157 F1000
G01 X58.25 Y-5.45 Z0.470588 F1000
G01 X58.2 Y-5.45 Z2.235294 F1000
G01 X58.15 Y-5.45 Z4.666667 F1000
G01 X58.1 Y-5.45 Z6.509804 F1000
G01 X58.05 Y-5.45 Z9.843137 F1000
G01 X58 Y-5.45 Z9.960784 F1000
G01 X57.85 Y-5.45 Z9.960784 F1000
G01 X57.8 Y-5.45 Z10 F1000
G01 X42 Y-5.45 Z10 F1000
G01 X41.95 Y-5.45 Z9.529412 F1000
G01 X41.9 Y-5.45 Z6.54902 F1000
G01 X41.85 Y-5.45 Z4.54902 F1000
G01 X41.8 Y-5.45 Z2.352941 F1000
G01 X41.75 Y-5.45 Z0.54902 F1000
G01 X41.7 Y-5.45 Z0.392157 F1000
G01 X41.6 Y-5.45 Z0.392157 F1000
G01 X41.55 Y-5.45 Z0.27451 F1000
G01 X41.5 Y-5.45 Z0 F1000
G01 X39.7 Y-5.45 Z0 F1000
G01 X39.65 Y-5.45 Z0.705882 F1000
G01 X39.6 Y-5.45 Z0.784314 F1000
G01 X39.05 Y-5.45 Z0.784314 F1000
G01 X39 Y-5.45 Z2.54902 F1000
G01 X38.95 Y-5.45 Z6.627451 F1000
G01 X38.9 Y-5.45 Z8.745098 F1000
G01 X38.85 Y-5.45 Z10 F1000
G01 X0.45 Y-5.45 Z10 F1000
G01 X0.45 Y-5.5 Z10 F1000
G01 X0.45 Y-5.55 Z10 F1000
G01 X0.45 Y-5.6 Z10 F1000
G01 X0.45 Y-5.65 Z10 F1000
G01 X0.45 Y-5.7 Z10 F1000
G01 X0.45 Y-5.75 Z10 F1000
G01 X0.45 Y-5.8 Z10 F1000
G01 X0.45 Y-5.85 Z10 F1000
G01 X0.45 Y-5.9 Z10 F1000
G01 X0.45 Y-5.95 Z10 F1000
G01 X0.45 Y-6 Z10 F1000
G01 X37.15 Y-6 Z10 F1000
G01 X37.2 Y-6 Z9.960784 F1000
G01 X37.35 Y-6 Z9.960784 F1000
G01 X37.4 Y-6 Z7.411765 F1000
G01 X37.45 Y-6 Z2.431373 F1000
G01 X37.5 Y-6 Z0.627451 F1000
G01 X37.75 Y-6 Z0.627451 F1000
G01 X37.8 Y-6 Z0.431373 F1000
G01 X37.85 Y-6 Z0.392157 F1000
G01 X38.45 Y-6 Z0.392157 F1000
G01 X38.5 Y-6 Z0 F1000
G01 X38.7 Y-6 Z0 F1000
G01 X38.75 Y-6 Z0.117647 F1000
G01 X38.8 Y-6 Z0.392157 F1000
G01 X39 Y-6 Z0.392157 F1000
G01 X39.05 Y-6 Z0.509804 F1000
G01 X39.65 Y-6 Z0.509804 F1000
G01 X39.7 Y-6 Z2.509804 F1000
G01 X39.75 Y-6 Z6.352941 F1000
G01 X39.8 Y-6 Z9.45098 F1000
G01 X39.85 Y-6 Z10 F1000
G01 X60.15 Y-6 Z10 F1000
G01 X60.2 Y-6 Z9.882353 F1000
G01 X60.25 Y-6 Z7.215686 F1000
G01 X60.3 Y-6 Z4.235294 F1000
G01 X60.35 Y-6 Z0.627451 F1000
G01 X60.8 Y-6 Z0.627451 F1000
G01 X60.85 Y-6 Z0.509804 F1000
G01 X61.25 Y-6 Z0.509804 F1000
G01 X61.3 Y-6 Z0.235294 F1000
G01 X61.45 Y-6 Z0.235294 F1000
G01 X61.5 Y-6 Z0.156863 F1000
G01 X61.55 Y-6 Z0.392157 F1000
G01 X61.9 Y-6 Z0.392157 F1000
G01 X61.95 Y-6 Z0.431373 F1000
G01 X62.2 Y-6 Z0.431373 F1000
G01 X62.25 Y-6 Z0.588235 F1000
G01 X62.5 Y-6 Z0.588235 F1000
G01 X62.55 Y-6 Z2.039216 F1000
G01 X62.6 Y-6 Z5.490196 F1000
G01 X62.65 Y-6 Z8.666667 F1000
G01 X62.7 Y-6 Z9.647059 F1000
G01 X62.75 Y-6 Z9.647059 F1000
G01 X62.8 Y-6 Z9.960784 F1000
G01 X62.85 Y-6 Z10 F1000
G01 X99.5 Y-6 Z10 F1000
G01 X99.5 Y-6.05 Z10 F1000
G01 X99.5 Y-6.1 Z10 F1000
G01 X99.5 Y-6.15 Z10 F1000
G01 X99.5 Y-6.2 Z10 F1000
G01 X99.5 Y-6.25 Z10 F1000
G01 X99.5 Y-6.3 Z10 F1000
G01 X99.5 Y-6.35 Z10 F1000
G01 X99.5 Y-6.4 Z10 F1000
G01 X99.5 Y-6.45 Z10 F1000
G01 X99.5 Y-6.5 Z10 F1000
G01 X99.5 Y-6.55 Z10 F1000
G01 X64.05 Y-6.55 Z10 F1000
G01 X64 Y-6.55 Z8.54902 F1000
G01 X63.95 Y-6.55 Z4.745098 F1000
G01 X63.9 Y-6.55 Z0.784314 F1000
G01 X63.85 Y-6.55 Z0.54902 F1000
G01 X63.8 Y-6.55 Z0.54902 F1000
G01 X63.75 Y-6.55 Z0.470588 F1000
G01 X63.65 Y-6.55 Z0.470588 F1000
G01 X63.6 Y-6.55 Z0.431373 F1000
G01 X63.55 Y-6.55 Z0.431373 F1000
G01 X63.5 Y-6.55 Z0 F1000
G01 X62.5 Y-6.55 Z0 F1000
G01 X62.45 Y-6.55 Z0.313725 F1000
G01 X62.4 Y-6.55 Z0.392157 F1000
G01 X62.35 Y-6.55 Z0.509804 F1000
G01 X62.05 Y-6.55 Z0.509804 F1000
G01 X62 Y-6.55 Z4.823529 F1000
G01 X61.95 Y-6.55 Z8.862745 F1000
G01 X61.9 Y-6.55 Z9.921569 F1000
G01 X61.85 Y-6.55 Z10 F1000
G01 X38.15 Y-6.55 Z10 F1000
G01 X38.1 Y-6.55 Z9.098039 F1000
G01 X38.05 Y-6.55 Z7.490196 F1000
G01 X38 Y-6.55 Z3.921569 F1000
G01 X37.95 Y-6.55 Z0.431373 F1000
G01 X37.9 Y-6.55 Z0.431373 F1000
G01 X37.85 Y-6.55 Z0.392157 F1000
G01 X37.7 Y-6.55 Z0.392157 F1000
G01 X37.65 Y-6.55 Z0.235294 F1000
G01 X37.6 Y-6.55 Z0.235294 F1000
G01 X37.55 Y-6.55 Z0.117647 F1000
G01 X37.5 Y-6.55 Z0 F1000
G01 X36.5 Y-6.55 Z0 F1000
G01 X36.45 Y-6.55 Z0.235294 F1000
G01 X36.35 Y-6.55 Z0.235294 F1000
G01 X36.3 Y-6.55 Z0.27451 F1000
G01 X36.25 Y-6.55 Z0.313725 F1000
G01 X36.1 Y-6.55 Z0.313725 F1000
G01 X36.05 Y-6.55 Z4.745098 F1000
G01 X36 Y-6.55 Z8.54902 F1000
G01 X35.95 Y-6.55 Z10 F1000
G01 X0.45 Y-6.55 Z10 F1000
G01 X0.45 Y-6.6 Z10 F1000
G01 X0.45 Y-6.65 Z10 F1000
G01 X0.45 Y-6.7 Z10 F1000
G01 X0.45 Y-6.75 Z10 F1000
G01 X0.45 Y-6.8 Z10 F1000
G01 X0.45 Y-6.85 Z10 F1000
G01 X0.45 Y-6.9 Z10 F1000
G01 X0.45 Y-6.95 Z10 F1000
G01 X0.45 Y-7 Z10 F1000
G01 X0.45 Y-7.05 Z10 F1000
G01 X0.45 Y-7.1 Z10 F1000
G01 X34.65 Y-7.1 Z10 F1000
G01 X34.7 Y-7.1 Z9.882353 F1000
G01 X34.75 Y-7.1 Z9.764706 F1000
G01 X34.8 Y-7.1 Z7.333333 F1000
G01 X34.85 Y-7.1 Z2.54902 F1000
G01 X34.9 Y-7.1 Z0.588235 F1000
G01 X34.95 Y-7.1 Z0.588235 F1000
G01 X35 Y-7.1 Z0.509804 F1000
G01 X35.2 Y-7.1 Z0.509804 F1000
G01 X35.25 Y-7.1 Z0.313725 F1000
G01 X35.3 Y-7.1 Z0 F1000
G01 X36.3 Y-7.1 Z0 F1000
G01 X36.35 Y-7.1 Z0.196078 F1000
G01 X36.4 Y-7.1 Z0.509804 F1000
G01 X36.45 Y-7.1 Z0.666667 F1000
G01 X36.5 Y-7.1 Z0.666667 F1000
G01 X36.55 Y-7.1 Z4.54902 F1000
G01 X36.6 Y-7.1 Z8.509804 F1000
G01 X36.65 Y-7.1 Z9.882353 F1000
G01 X36.7 Y-7.1 Z10 F1000
G01 X63.35 Y-7.1 Z10 F1000
G01 X63.4 Y-7.1 Z8.352941 F1000
G01 X63.45 Y-7.1 Z4.941176 F1000
G01 X63.5 Y-7.1 Z0.823529 F1000
G01 X63.55 Y-7.1 Z0.823529 F1000
G01 X63.6 Y-7.1 Z0.27451 F1000
G01 X63.65 Y-7.1 Z0.156863 F1000
G01 X63.7 Y-7.1 Z0 F1000
G01 X64.7 Y-7.1 Z0 F1000
G01 X64.75 Y-7.1 Z0.352941 F1000
G01 X64.8 Y-7.1 Z0.352941 F1000
G01 X64.85 Y-7.1 Z0.392157 F1000
G01 X64.9 Y-7.1 Z0.627451 F1000
G01 X64.95 Y-7.1 Z0.627451 F1000
G01 X65 Y-7.1 Z0.666667 F1000
G01 X65.1 Y-7.1 Z0.666667 F1000
G01 X65.15 Y-7.1 Z2.588235 F1000
G01 X65.2 Y-7.1 Z7.372549 F1000
G01 X65.25 Y-7.1 Z9.803922 F1000
G01 X65.3 Y-7.1 Z9.882353 F1000
G01 X65.35 Y-7.1 Z10 F1000
G01 X99.5 Y-7.1 Z10 F1000
G01 X99.5 Y-7.15 Z10 F1000
G01 X99.5 Y-7.2 Z10 F1000
G01 X99.5 Y-7.25 Z10 F1000
G01 X99.5 Y-7.3 Z10 F1000
G01 X99.5 Y-7.35 Z10 F1000
G01 X99.5 Y-7.4 Z10 F1000
G01 X99.5 Y-7.45 Z10 F1000
G01 X99.5 Y-7.5 Z10 F1000
G01 X99.5 Y-7.55 Z10 F1000
G01 X99.5 Y-7.6 Z10 F1000
G01 X99.5 Y-7.65 Z10 F1000
G01 X66.45 Y-7.65 Z10 F1000
G01 X66.4 Y-7.65 Z9.568627 F1000
G01 X66.35 Y-7.65 Z8.784314 F1000
G01 X66.3 Y-7.65 Z4.901961 F1000
G01 X66.25 Y-7.65 Z0.431373 F1000
G01 X65.6 Y-7.65 Z0.431373 F1000
G01 X65.55 Y-7.65 Z0.352941 F1000
G01 X65.5 Y-7.65 Z0.392157 F1000
G01 X65.45 Y-7.65 Z0.392157 F1000
G01 X65.4 Y-7.65 Z0.470588 F1000
G01 X65.2 Y-7.65 Z0.470588 F1000
G01 X65.15 Y-7.65 Z0.509804 F1000
G01 X64.85 Y-7.65 Z0.509804 F1000
G01 X64.8 Y-7.65 Z0.666667 F1000
G01 X64.75 Y-7.65 Z4.235294 F1000
G01 X64.7 Y-7.65 Z8.666667 F1000
G01 X64.65 Y-7.65 Z9.686275 F1000
G01 X64.6 Y-7.65 Z9.686275 F1000
G01 X64.55 Y-7.65 Z10 F1000
G01 X35.4 Y-7.65 Z10 F1000
G01 X35.35 Y-7.65 Z9.607843 F1000
G01 X35.3 Y-7.65 Z8.431373 F1000
G01 X35.25 Y-7.65 Z4.745098 F1000
G01 X35.2 Y-7.65 Z0.823529 F1000
G01 X34.8 Y-7.65 Z0.823529 F1000
G01 X34.75 Y-7.65 Z0.470588 F1000
G01 X34.6 Y-7.65 Z0.470588 F1000
G01 X34.55 Y-7.65 Z0.392157 F1000
G01 X34.5 Y-7.65 Z0.392157 F1000
G01 X34.45 Y-7.65 Z0.352941 F1000
G01 X34.4 Y-7.65 Z0.431373 F1000
G01 X33.75 Y-7.65 Z0.431373 F1000
G01 X33.7 Y-7.65 Z4.901961 F1000
G01 X33.65 Y-7.65 Z8.784314 F1000
G01 X33.6 Y-7.65 Z9.568627 F1000
G01 X33.55 Y-7.65 Z10 F1000
G01 X0.45 Y-7.65 Z10 F1000
G01 X0.45 Y-7.7 Z10 F1000
G01 X0.45 Y-7.75 Z10 F1000
G01 X0.45 Y-7.8 Z10 F1000
G01 X0.45 Y-7.85 Z10 F1000
G01 X0.45 Y-7.9 Z10 F1000
G01 X0.45 Y-7.95 Z10 F1000
G01 X0.45 Y-8 Z10 F1000
G01 X0.45 Y-8.05 Z10 F1000
G01 X0.45 Y-8.1 Z10 F1000
G01 X0.45 Y-8.15 Z10 F1000
G01 X0.45 Y-8.2 Z10 F1000
G01 X32.5 Y-8.2 Z10 F1000
G01 X32.55 Y-8.2 Z9.921569 F1000
G01 X32.6 Y-8.2 Z9.647059 F1000
G01 X32.65 Y-8.2 Z7.137255 F1000
G01 X32.7 Y-8.2 Z0.705882 F1000
G01 X32.8 Y-8.2 Z0.705882 F1000
G01 X32.85 Y-8.2 Z0.352941 F1000
G01 X32.9 Y-8.2 Z0 F1000
G01 X33.5 Y-8.2 Z0 F1000
G01 X33.55 Y-8.2 Z0.352941 F1000
G01 X33.85 Y-8.2 Z0.352941 F1000
G01 X33.9 Y-8.2 Z0.431373 F1000
G01 X33.95 Y-8.2 Z0.588235 F1000
G01 X34 Y-8.2 Z0.627451 F1000
G01 X34.05 Y-8.2 Z2.54902 F1000
G01 X34.1 Y-8.2 Z5.568627 F1000
G01 X34.15 Y-8.2 Z8.980392 F1000
G01 X34.2 Y-8.2 Z10 F1000
G01 X65.85 Y-8.2 Z10 F1000
G01 X65.9 Y-8.2 Z6.901961 F1000
G01 X65.95 Y-8.2 Z0.666667 F1000
G01 X66.15 Y-8.2 Z0.666667 F1000
G01 X66.2 Y-8.2 Z0.627451 F1000
G01 X66.35 Y-8.2 Z0.627451 F1000
G01 X66.4 Y-8.2 Z0.313725 F1000
G01 X66.45 Y-8.2 Z0.235294 F1000
G01 X66.5 Y-8.2 Z0 F1000
G01 X67.1 Y-8.2 Z0 F1000
G01 X67.15 Y-8.2 Z0.54902 F1000
G01 X67.3 Y-8.2 Z0.54902 F1000
G01 X67.35 Y-8.2 Z5.607843 F1000
G01 X67.4 Y-8.2 Z10 F1000
G01 X99.5 Y-8.2 Z10 F1000
G01 X99.5 Y-8.25 Z10 F1000
G01 X99.5 Y-8.3 Z10 F1000
G01 X99.5 Y-8.35 Z10 F1000
G01 X99.5 Y-8.4 Z10 F1000
G01 X99.5 Y-8.45 Z10 F1000
G01 X99.5 Y-8.5 Z10 F1000
G01 X99.5 Y-8.55 Z10 F1000
G01 X99.5 Y-8.6 Z10 F1000
G01 X99.5 Y-8.65 Z10 F1000
G01 X99.5 Y-8.7 Z10 F1000
G01 X99.5 Y-8.75 Z10 F1000
G01 X68.4 Y-8.75 Z10 F1000
G01 X68.35 Y-8.75 Z9.647059 F1000
G01 X68.3 Y-8.75 Z4.235294 F1000
G01 X68.25 Y-8.75 Z0.823529 F1000
G01 X68.05 Y-8.75 Z0.823529 F1000
G01 X68 Y-8.75 Z0.470588 F1000
G01 X67.75 Y-8.75 Z0.470588 F1000
G01 X67.7 Y-8.75 Z0.352941 F1000
G01 X67.65 Y-8.75 Z0.352941 F1000
G01 X67.6 Y-8.75 Z0.509804 F1000
G01 X67.05 Y-8.75 Z0.509804 F1000
G01 X67 Y-8.75 Z2.352941 F1000
G01 X66.95 Y-8.75 Z8.54902 F1000
G01 X66.9 Y-8.75 Z10 F1000
G01 X33.15 Y-8.75 Z10 F1000
G01 X33.1 Y-8.75 Z9.803922 F1000
G01 X33.05 Y-8.75 Z6.705882 F1000
G01 X33 Y-8.75 Z2.039216 F1000
G01 X32.95 Y-8.75 Z0.431373 F1000
G01 X32.9 Y-8.75 Z0.313725 F1000
G01 X32.5 Y-8.75 Z0.313725 F1000
G01 X32.45 Y-8.75 Z0.352941 F1000
G01 X32.3 Y-8.75 Z0.352941 F1000
G01 X32.25 Y-8.75 Z0.470588 F1000
G01 X32.1 Y-8.75 Z0.470588 F1000
G01 X32.05 Y-8.75 Z0.666667 F1000
G01 X31.75 Y-8.75 Z0.666667 F1000
G01 X31.7 Y-8.75 Z6.156863 F1000
G01 X31.65 Y-8.75 Z9.647059 F1000
G01 X31.6 Y-8.75 Z10 F1000
G01 X0.45 Y-8.75 Z10 F1000
G01 X0.45 Y-8.8 Z10 F1000
G01 X0.45 Y-8.85 Z10 F1000
G01 X0.45 Y-8.9 Z10 F1000
G01 X0.45 Y-8.95 Z10 F1000
G01 X0.45 Y-9 Z10 F1000
G01 X0.45 Y-9.05 Z10 F1000
G01 X0.45 Y-9.1 Z10 F1000
G01 X0.45 Y-9.15 Z10 F1000
G01 X0.45 Y-9.2 Z10 F1000
G01 X0.45 Y-9.25 Z10 F1000
G01 X0.45 Y-9.3 Z10 F1000
G01 X30.7 Y-9.3 Z10 F1000
G01 X30.75 Y-9.3 Z9.411765 F1000
G01 X30.8 Y-9.3 Z5.058824 F1000
G01 X30.85 Y-9.3 Z0.509804 F1000
G01 X30.9 Y-9.3 Z0 F1000
G01 X31.5 Y-9.3 Z0 F1000
G01 X31.55 Y-9.3 Z0.313725 F1000
G01 X31.6 Y-9.3 Z0.352941 F1000
G01 X31.65 Y-9.3 Z0.470588 F1000
G01 X31.7 Y-9.3 Z0.823529 F1000
G01 X32 Y-9.3 Z0.823529 F1000
G01 X32.05 Y-9.3 Z4.745098 F1000
G01 X32.1 Y-9.3 Z10 F1000
G01 X67.8 Y-9.3 Z10 F1000
G01 X67.85 Y-9.3 Z9.921569 F1000
G01 X67.9 Y-9.3 Z9.921569 F1000
G01 X67.95 Y-9.3 Z6.784314 F1000
G01 X68 Y-9.3 Z0.823529 F1000
G01 X68.3 Y-9.3 Z0.823529 F1000
G01 X68.35 Y-9.3 Z0.470588 F1000
G01 X68.4 Y-9.3 Z0.352941 F1000
G01 X68.45 Y-9.3 Z0.313725 F1000
G01 X68.5 Y-9.3 Z0 F1000
G01 X69.1 Y-9.3 Z0 F1000
G01 X69.15 Y-9.3 Z0.627451 F1000
G01 X69.2 Y-9.3 Z6.784314 F1000
G01 X69.25 Y-9.3 Z10 F1000
G01 X99.5 Y-9.3 Z10 F1000
G01 X99.5 Y-9.35 Z10 F1000
G01 X99.5 Y-9.4 Z10 F1000
G01 X99.5 Y-9.45 Z10 F1000
G01 X99.5 Y-9.5 Z10 F1000
G01 X99.5 Y-9.55 Z10 F1000
G01 X99.5 Y-9.6 Z10 F1000
G01 X99.5 Y-9.65 Z10 F1000
G01 X99.5 Y-9.7 Z10 F1000
G01 X99.5 Y-9.75 Z10 F1000
G01 X99.5 Y-9.8 Z10 F1000
G01 X99.5 Y-9.85 Z10 F1000
G01 X70.1 Y-9.85 Z10 F1000
G01 X70.05 Y-9.85 Z5.647059 F1000
G01 X70 Y-9.85 Z0.627451 F1000
G01 X69.8 Y-9.85 Z0.627451 F1000
G01 X69.75 Y-9.85 Z0.588235 F1000
G01 X69.7 Y-9.85 Z0.431373 F1000
G01 X69.65 Y-9.85 Z0.431373 F1000
G01 X69.6 Y-9.85 Z0.352941 F1000
G01 X69.55 Y-9.85 Z0.352941 F1000
G01 X69.5 Y-9.85 Z0 F1000
G01 X69.3 Y-9.85 Z0 F1000
G01 X69.25 Y-9.85 Z0.313725 F1000
G01 X69 Y-9.85 Z0.313725 F1000
G01 X68.95 Y-9.85 Z0.470588 F1000
G01 X68.9 Y-9.85 Z2.431373 F1000
G01 X68.85 Y-9.85 Z7.137255 F1000
G01 X68.8 Y-9.85 Z9.176471 F1000
G01 X68.75 Y-9.85 Z9.960784 F1000
G01 X68.7 Y-9.85 Z9.960784 F1000
G01 X68.65 Y-9.85 Z10 F1000
G01 X31.25 Y-9.85 Z10 F1000
G01 X31.2 Y-9.85 Z9.411765 F1000
G01 X31.15 Y-9.85 Z9.411765 F1000
G01 X31.1 Y-9.85 Z2.431373 F1000
G01 X31.05 Y-9.85 Z0.470588 F1000
G01 X31 Y-9.85 Z0.313725 F1000
G01 X30.75 Y-9.85 Z0.313725 F1000
G01 X30.7 Y-9.85 Z0 F1000
G01 X30.5 Y-9.85 Z0 F1000
G01 X30.45 Y-9.85 Z0.431373 F1000
G01 X30.4 Y-9.85 Z0.980392 F1000
G01 X30 Y-9.85 Z0.980392 F1000
G01 X29.95 Y-9.85 Z6.27451 F1000
G01 X29.9 Y-9.85 Z10 F1000
G01 X0.45 Y-9.85 Z10 F1000
G01 X0.45 Y-9.9 Z10 F1000
G01 X0.45 Y-9.95 Z10 F1000
G01 X0.45 Y-10 Z10 F1000
G01 X0.45 Y-10.05 Z10 F1000
G01 X0.45 Y-10.1 Z10 F1000
G01 X0.45 Y-10.15 Z10 F1000
G01 X0.45 Y-10.2 Z10 F1000
G01 X0.45 Y-10.25 Z10 F1000
G01 X0.45 Y-10.3 Z10 F1000
G01 X0.45 Y-10.35 Z10 F1000
G01 X0.45 Y-10.4 Z10 F1000
G01 X29.1 Y-10.4 Z10 F1000
G01 X29.15 Y-10.4 Z8.196078 F1000
G01 X29.2 Y-10.4 Z1.647059 F1000
G01 X29.25 Y-10.4 Z0.588235 F1000
G01 X29.3 Y-10.4 Z0.392157 F1000
G01 X29.45 Y-10.4 Z0.392157 F1000
G01 X29.5 Y-10.4 Z0.352941 F1000
G01 X29.55 Y-10.4 Z0.352941 F1000
G01 X29.6 Y-10.4 Z0.470588 F1000
G01 X29.9 Y-10.4 Z0.470588 F1000
G01 X29.95 Y-10.4 Z0.54902 F1000
G01 X30.15 Y-10.4 Z0.54902 F1000
G01 X30.2 Y-10.4 Z0.784314 F1000
G01 X30.25 Y-10.4 Z2.078431 F1000
G01 X30.3 Y-10.4 Z8.588235 F1000
G01 X30.35 Y-10.4 Z9.72549 F1000
G01 X30.4 Y-10.4 Z10 F1000
G01 X69.6 Y-10.4 Z10 F1000
G01 X69.65 Y-10.4 Z9.72549 F1000
G01 X69.7 Y-10.4 Z8.431373 F1000
G01 X69.75 Y-10.4 Z3.019608 F1000
G01 X69.8 Y-10.4 Z0.470588 F1000
G01 X70.35 Y-10.4 Z0.470588 F1000
G01 X70.4 Y-10.4 Z0.509804 F1000
G01 X70.45 Y-10.4 Z0.509804 F1000
G01 X70.5 Y-10.4 Z0.745098 F1000
G01 X70.8 Y-10.4 Z0.745098 F1000
G01 X70.85 Y-10.4 Z8.117647 F1000
G01 X70.9 Y-10.4 Z9.843137 F1000
G01 X70.95 Y-10.4 Z10 F1000
G01 X99.5 Y-10.4 Z10 F1000
G01 X99.5 Y-10.45 Z10 F1000
G01 X99.5 Y-10.5 Z10 F1000
G01 X99.5 Y-10.55 Z10 F1000
G01 X99.5 Y-10.6 Z10 F1000
G01 X99.5 Y-10.65 Z10 F1000
G01 X99.5 Y-10.7 Z10 F1000
G01 X99.5 Y-10.75 Z10 F1000
G01 X99.5 Y-10.8 Z10 F1000
G01 X99.5 Y-10.85 Z10 F1000
G01 X99.5 Y-10.9 Z10 F1000
G01 X99.5 Y-10.95 Z10 F1000
G01 X71.65 Y-10.95 Z10 F1000
G01 X71.6 Y-10.95 Z7.960784 F1000
G01 X71.55 Y-10.95 Z0.588235 F1000
G01 X71.5 Y-10.95 Z0.588235 F1000
G01 X71.45 Y-10.95 Z0.313725 F1000
G01 X71.4 Y-10.95 Z0.313725 F1000
G01 X71.35 Y-10.95 Z0.27451 F1000
G01 X71.2 Y-10.95 Z0.27451 F1000
G01 X71.15 Y-10.95 Z0.117647 F1000
G01 X71.1 Y-10.95 Z0 F1000
G01 X70.9 Y-10.95 Z0 F1000
G01 X70.85 Y-10.95 Z0.666667 F1000
G01 X70.6 Y-10.95 Z0.666667 F1000
G01 X70.55 Y-10.95 Z3.176471 F1000
G01 X70.5 Y-10.95 Z7.843137 F1000
G01 X70.45 Y-10.95 Z9.137255 F1000
G01 X70.4 Y-10.95 Z10 F1000
G01 X29.6 Y-10.95 Z10 F1000
G01 X29.55 Y-10.95 Z9.843137 F1000
G01 X29.5 Y-10.95 Z7.843137 F1000
G01 X29.45 Y-10.95 Z3.176471 F1000
G01 X29.4 Y-10.95 Z0.666667 F1000
G01 X29.15 Y-10.95 Z0.666667 F1000
G01 X29.1 Y-10.95 Z0 F1000
G01 X28.9 Y-10.95 Z0 F1000
G01 X28.85 Y-10.95 Z0.117647 F1000
G01 X28.8 Y-10.95 Z0.27451 F1000
G01 X28.65 Y-10.95 Z0.27451 F1000
G01 X28.6 Y-10.95 Z0.313725 F1000
G01 X28.55 Y-10.95 Z0.313725 F1000
G01 X28.5 Y-10.95 Z0.588235 F1000
G01 X28.45 Y-10.95 Z0.588235 F1000
G01 X28.4 Y-10.95 Z8.784314 F1000
G01 X28.35 Y-10.95 Z9.647059 F1000
G01 X28.3 Y-10.95 Z9.921569 F1000
G01 X28.25 Y-10.95 Z10 F1000
G01 X0.45 Y-10.95 Z10 F1000
G01 X0.45 Y-11 Z10 F1000
G01 X0.45 Y-11.05 Z10 F1000
G01 X0.45 Y-11.1 Z10 F1000
G01 X0.45 Y-11.15 Z10 F1000
G01 X0.45 Y-11.2 Z10 F1000
G01 X0.45 Y-11.25 Z10 F1000
G01 X0.45 Y-11.3 Z10 F1000
G01 X0.45 Y-11.35 Z10 F1000
G01 X0.45 Y-11.4 Z10 F1000
G01 X0.45 Y-11.45 Z10 F1000
G01 X0.45 Y-11.5 Z10 F1000
G01 X27.6 Y-11.5 Z10 F1000
G01 X27.65 Y-11.5 Z9.686275 F1000
G01 X27.7 Y-11.5 Z5.137255 F1000
G01 X27.75 Y-11.5 Z0.823529 F1000
G01 X27.95 Y-11.5 Z0.823529 F1000
G01 X28 Y-11.5 Z0.588235 F1000
G01 X28.05 Y-11.5 Z0.588235 F1000
G01 X28.1 Y-11.5 Z0 F1000
G01 X28.3 Y-11.5 Z0 F1000
G01 X28.35 Y-11.5 Z0.117647 F1000
G01 X28.4 Y-11.5 Z0.27451 F1000
G01 X28.55 Y-11.5 Z0.27451 F1000
G01 X28.6 Y-11.5 Z0.313725 F1000
G01 X28.65 Y-11.5 Z0.627451 F1000
G01 X28.7 Y-11.5 Z2.313725 F1000
G01 X28.75 Y-11.5 Z9.803922 F1000
G01 X28.8 Y-11.5 Z10 F1000
G01 X71.2 Y-11.5 Z10 F1000
G01 X71.25 Y-11.5 Z9.803922 F1000
G01 X71.3 Y-11.5 Z4.431373 F1000
G01 X71.35 Y-11.5 Z0.470588 F1000
G01 X71.4 Y-11.5 Z0.470588 F1000
G01 X71.45 Y-11.5 Z0.431373 F1000
G01 X71.55 Y-11.5 Z0.431373 F1000
G01 X71.6 Y-11.5 Z0.352941 F1000
G01 X71.65 Y-11.5 Z0.196078 F1000
G01 X71.7 Y-11.5 Z0 F1000
G01 X71.9 Y-11.5 Z0 F1000
G01 X71.95 Y-11.5 Z0.235294 F1000
G01 X72 Y-11.5 Z0.313725 F1000
G01 X72.05 Y-11.5 Z0.627451 F1000
G01 X72.1 Y-11.5 Z0.627451 F1000
G01 X72.15 Y-11.5 Z1.058824 F1000
G01 X72.25 Y-11.5 Z1.058824 F1000
G01 X72.3 Y-11.5 Z6.509804 F1000
G01 X72.35 Y-11.5 Z8.980392 F1000
G01 X72.4 Y-11.5 Z10 F1000
G01 X99.5 Y-11.5 Z10 F1000
G01 X99.5 Y-11.55 Z10 F1000
G01 X99.5 Y-11.6 Z10 F1000
G01 X99.5 Y-11.65 Z10 F1000
G01 X99.5 Y-11.7 Z10 F1000
G01 X99.5 Y-11.75 Z10 F1000
G01 X99.5 Y-11.8 Z10 F1000
G01 X99.5 Y-11.85 Z10 F1000
G01 X99.5 Y-11.9 Z10 F1000
G01 X99.5 Y-11.95 Z10 F1000
G01 X99.5 Y-12 Z10 F1000
G01 X99.5 Y-12.05 Z10 F1000
G01 X73.05 Y-12.05 Z10 F1000
G01 X73 Y-12.05 Z8.313725 F1000
G01 X72.95 Y-12.05 Z2.627451 F1000
G01 X72.9 Y-12.05 Z0.862745 F1000
G01 X72.85 Y-12.05 Z0.54902 F1000
G01 X72.8 Y-12.05 Z0.470588 F1000
G01 X72.75 Y-12.05 Z0.27451 F1000
G01 X72.7 Y-12.05 Z0.235294 F1000
G01 X72.65 Y-12.05 Z0.117647 F1000
G01 X72.5 Y-12.05 Z0.117647 F1000
G01 X72.45 Y-12.05 Z0.196078 F1000
G01 X72.4 Y-12.05 Z0.313725 F1000
G01 X72.35 Y-12.05 Z0.313725 F1000
G01 X72.3 Y-12.05 Z0.352941 F1000
G01 X72.25 Y-12.05 Z0.666667 F1000
G01 X72.1 Y-12.05 Z0.666667 F1000
G01 X72.05 Y-12.05 Z0.901961 F1000
G01 X72 Y-12.05 Z6.627451 F1000
G01 X71.95 Y-12.05 Z10 F1000
G01 X28.05 Y-12.05 Z10 F1000
G01 X28 Y-12.05 Z6.627451 F1000
G01 X27.95 Y-12.05 Z0.666667 F1000
G01 X27.75 Y-12.05 Z0.666667 F1000
G01 X27.7 Y-12.05 Z0.352941 F1000
G01 X27.65 Y-12.05 Z0.313725 F1000
G01 X27.6 Y-12.05 Z0.509804 F1000
G01 X27.2 Y-12.05 Z0.509804 F1000
G01 X27.15 Y-12.05 Z0.627451 F1000
G01 X27.1 Y-12.05 Z0.627451 F1000
G01 X27.05 Y-12.05 Z2.941176 F1000
G01 X27 Y-12.05 Z8.27451 F1000
G01 X26.95 Y-12.05 Z9.921569 F1000
G01 X26.9 Y-12.05 Z9.921569 F1000
G01 X26.85 Y-12.05 Z10 F1000
G01 X0.45 Y-12.05 Z10 F1000
G01 X0.45 Y-12.1 Z10 F1000
G01 X0.45 Y-12.15 Z10 F1000
G01 X0.45 Y-12.2 Z10 F1000
G01 X0.45 Y-12.25 Z10 F1000
G01 X0.45 Y-12.3 Z10 F1000
G01 X0.45 Y-12.35 Z10 F1000
G01 X0.45 Y-12.4 Z10 F1000
G01 X0.45 Y-12.45 Z10 F1000
G01 X0.45 Y-12.5 Z10 F1000
G01 X0.45 Y-12.55 Z10 F1000
G01 X0.45 Y-12.6 Z10 F1000
G01 X26.3 Y-12.6 Z10 F1000
G01 X26.35 Y-12.6 Z8.431373 F1000
G01 X26.4 Y-12.6 Z0.352941 F1000
G01 X26.45 Y-12.6 Z0.352941 F1000
G01 X26.5 Y-12.6 Z0.313725 F1000
G01 X26.6 Y-12.6 Z0.313725 F1000
G01 X26.65 Y-12.6 Z0.27451 F1000
G01 X26.8 Y-12.6 Z0.27451 F1000
G01 X26.85 Y-12.6 Z0.039216 F1000
G01 X26.9 Y-12.6 Z0 F1000
G01 X27.1 Y-12.6 Z0 F1000
G01 X27.15 Y-12.6 Z0.431373 F1000
G01 X27.2 Y-12.6 Z0.941176 F1000
G01 X27.25 Y-12.6 Z0.941176 F1000
G01 X27.3 Y-12.6 Z5.215686 F1000
G01 X27.35 Y-12.6 Z9.72549 F1000
G01 X27.4 Y-12.6 Z9.960784 F1000
G01 X27.45 Y-12.6 Z10 F1000
G01 X72.5 Y-12.6 Z10 F1000
G01 X72.55 Y-12.6 Z9.764706 F1000
G01 X72.6 Y-12.6 Z9.764706 F1000
G01 X72.65 Y-12.6 Z9.607843 F1000
G01 X72.7 Y-12.6 Z5.137255 F1000
G01 X72.75 Y-12.6 Z1.333333 F1000
G01 X72.8 Y-12.6 Z1.333333 F1000
G01 X72.85 Y-12.6 Z0.588235 F1000
G01 X72.9 Y-12.6 Z0 F1000
G01 X73.1 Y-12.6 Z0 F1000
G01 X73.15 Y-12.6 Z0.039216 F1000
G01 X73.2 Y-12.6 Z0.27451 F1000
G01 X73.35 Y-12.6 Z0.27451 F1000
G01 X73.4 Y-12.6 Z0.313725 F1000
G01 X73.5 Y-12.6 Z0.313725 F1000
G01 X73.55 Y-12.6 Z0.941176 F1000
G01 X73.6 Y-12.6 Z1.176471 F1000
G01 X73.65 Y-12.6 Z8.078431 F1000
G01 X73.7 Y-12.6 Z10 F1000
G01 X99.5 Y-12.6 Z10 F1000
G01 X99.5 Y-12.65 Z10 F1000
G01 X99.5 Y-12.7 Z10 F1000
G01 X99.5 Y-12.75 Z10 F1000
G01 X99.5 Y-12.8 Z10 F1000
G01 X99.5 Y-12.85 Z10 F1000
G01 X99.5 Y-12.9 Z10 F1000
G01 X99.5 Y-12.95 Z10 F1000
G01 X99.5 Y-13 Z10 F1000
G01 X99.5 Y-13.05 Z10 F1000
G01 X99.5 Y-13.1 Z10 F1000
G01 X99.5 Y-13.15 Z10 F1000
G01 X74.35 Y-13.15 Z10 F1000
G01 X74.3 Y-13.15 Z9.843137 F1000
G01 X74.25 Y-13.15 Z4.431373 F1000
G01 X74.2 Y-13.15 Z0.980392 F1000
G01 X74.1 Y-13.15 Z0.980392 F1000
G01 X74.05 Y-13.15 Z0.431373 F1000
G01 X74 Y-13.15 Z0.235294 F1000
G01 X73.65 Y-13.15 Z0.235294 F1000
G01 X73.6 Y-13.15 Z0.27451 F1000
G01 X73.55 Y-13.15 Z0.27451 F1000
G01 X73.5 Y-13.15 Z0.392157 F1000
G01 X73.4 Y-13.15 Z0.392157 F1000
G01 X73.35 Y-13.15 Z4.941176 F1000
G01 X73.3 Y-13.15 Z9.568627 F1000
G01 X73.25 Y-13.15 Z10 F1000
G01 X26.7 Y-13.15 Z10 F1000
G01 X26.65 Y-13.15 Z4.980392 F1000
G01 X26.6 Y-13.15 Z0.470588 F1000
G01 X26.4 Y-13.15 Z0.470588 F1000
G01 X26.35 Y-13.15 Z0.235294 F1000
G01 X26 Y-13.15 Z0.235294 F1000
G01 X25.95 Y-13.15 Z0.431373 F1000
G01 X25.9 Y-13.15 Z0.980392 F1000
G01 X25.8 Y-13.15 Z0.980392 F1000
G01 X25.75 Y-13.15 Z4.431373 F1000
G01 X25.7 Y-13.15 Z9.843137 F1000
G01 X25.65 Y-13.15 Z10 F1000
G01 X0.45 Y-13.15 Z10 F1000
G01 X0.45 Y-13.2 Z10 F1000
G01 X0.45 Y-13.25 Z10 F1000
G01 X0.45 Y-13.3 Z10 F1000
G01 X0.45 Y-13.35 Z10 F1000
G01 X0.45 Y-13.4 Z10 F1000
G01 X0.45 Y-13.45 Z10 F1000
G01 X0.45 Y-13.5 Z10 F1000
G01 X0.45 Y-13.55 Z10 F1000
G01 X0.45 Y-13.6 Z10 F1000
G01 X0.45 Y-13.65 Z10 F1000
G01 X0.45 Y-13.7 Z10 F1000
G01 X25.05 Y-13.7 Z10 F1000
G01 X25.1 Y-13.7 Z9.960784 F1000
G01 X25.15 Y-13.7 Z6.862745 F1000
G01 X25.2 Y-13.7 Z0.588235 F1000
G01 X25.25 Y-13.7 Z0.588235 F1000
G01 X25.3 Y-13.7 Z0 F1000
G01 X25.5 Y-13.7 Z0 F1000
G01 X25.55 Y-13.7 Z0.588235 F1000
G01 X25.65 Y-13.7 Z0.588235 F1000
G01 X25.7 Y-13.7 Z0.745098 F1000
G01 X26 Y-13.7 Z0.745098 F1000
G01 X26.05 Y-13.7 Z6.980392 F1000
G01 X26.1 Y-13.7 Z9.72549 F1000
G01 X26.15 Y-13.7 Z10 F1000
G01 X73.85 Y-13.7 Z10 F1000
G01 X73.9 Y-13.7 Z9.72549 F1000
G01 X73.95 Y-13.7 Z6.980392 F1000
G01 X74 Y-13.7 Z0.901961 F1000
G01 X74.15 Y-13.7 Z0.901961 F1000
G01 X74.2 Y-13.7 Z0.588235 F1000
G01 X74.25 Y-13.7 Z0.588235 F1000
G01 X74.3 Y-13.7 Z0.431373 F1000
G01 X74.35 Y-13.7 Z0.352941 F1000
G01 X74.4 Y-13.7 Z0.352941 F1000
G01 X74.45 Y-13.7 Z0.235294 F1000
G01 X74.5 Y-13.7 Z0 F1000
G01 X74.7 Y-13.7 Z0 F1000
G01 X74.75 Y-13.7 Z0.509804 F1000
G01 X74.8 Y-13.7 Z0.509804 F1000
G01 X74.85 Y-13.7 Z6.745098 F1000
G01 X74.9 Y-13.7 Z10 F1000
G01 X99.5 Y-13.7 Z10 F1000
G01 X99.5 Y-13.75 Z10 F1000
G01 X99.5 Y-13.8 Z10 F1000
G01 X99.5 Y-13.85 Z10 F1000
G01 X99.5 Y-13.9 Z10 F1000
G01 X99.5 Y-13.95 Z10 F1000
G01 X99.5 Y-14 Z10 F1000
G01 X99.5 Y-14.05 Z10 F1000
G01 X99.5 Y-14.1 Z10 F1000
G01 X99.5 Y-14.15 Z10 F1000
G01 X99.5 Y-14.2 Z10 F1000
G01 X99.5 Y-14.25 Z10 F1000
G01 X75.5 Y-14.25 Z10 F1000
G01 X75.45 Y-14.25 Z8.941176 F1000
G01 X75.4 Y-14.25 Z3.45098 F1000
G01 X75.35 Y-14.25 Z0.588235 F1000
G01 X75.15 Y-14.25 Z0.588235 F1000
G01 X75.1 Y-14.25 Z0 F1000
G01 X74.9 Y-14.25 Z0 F1000
G01 X74.85 Y-14.25 Z0.313725 F1000
G01 X74.8 Y-14.25 Z0.588235 F1000
G01 X74.75 Y-14.25 Z0.823529 F1000
G01 X74.6 Y-14.25 Z0.823529 F1000
G01 X74.55 Y-14.25 Z6.235294 F1000
G01 X74.5 Y-14.25 Z10 F1000
G01 X25.5 Y-14.25 Z10 F1000
G01 X25.45 Y-14.25 Z6.235294 F1000
G01 X25.4 Y-14.25 Z0.823529 F1000
G01 X25.25 Y-14.25 Z0.823529 F1000
G01 X25.2 Y-14.25 Z0.588235 F1000
G01 X25.15 Y-14.25 Z0.313725 F1000
G01 X25.1 Y-14.25 Z0 F1000
G01 X24.9 Y-14.25 Z0 F1000
G01 X24.85 Y-14.25 Z0.313725 F1000
G01 X24.8 Y-14.25 Z0.784314 F1000
G01 X24.65 Y-14.25 Z0.784314 F1000
G01 X24.6 Y-14.25 Z4.588235 F1000
G01 X24.55 Y-14.25 Z8.941176 F1000
G01 X24.5 Y-14.25 Z10 F1000
G01 X0.45 Y-14.25 Z10 F1000
G01 X0.45 Y-14.3 Z10 F1000
G01 X0.45 Y-14.35 Z10 F1000
G01 X0.45 Y-14.4 Z10 F1000
G01 X0.45 Y-14.45 Z10 F1000
G01 X0.45 Y-14.5 Z10 F1000
G01 X0.45 Y-14.55 Z10 F1000
G01 X0.45 Y-14.6 Z10 F1000
G01 X0.45 Y-14.65 Z10 F1000
G01 X0.45 Y-14.7 Z10 F1000
G01 X0.45 Y-14.75 Z10 F1000
G01 X0.45 Y-14.8 Z10 F1000
G01 X23.95 Y-14.8 Z10 F1000
G01 X24 Y-14.8 Z9.058824 F1000
G01 X24.05 Y-14.8 Z5.45098 F1000
G01 X24.1 Y-14.8 Z0.745098 F1000
G01 X24.4 Y-14.8 Z0.745098 F1000
G01 X24.45 Y-14.8 Z0.470588 F1000
G01 X24.55 Y-14.8 Z0.470588 F1000
G01 X24.6 Y-14.8 Z0.823529 F1000
G01 X24.85 Y-14.8 Z0.823529 F1000
G01 X24.9 Y-14.8 Z8.784314 F1000
G01 X24.95 Y-14.8 Z10 F1000
G01 X75.05 Y-14.8 Z10 F1000
G01 X75.1 Y-14.8 Z8.784314 F1000
G01 X75.15 Y-14.8 Z0.823529 F1000
G01 X75.55 Y-14.8 Z0.823529 F1000
G01 X75.6 Y-14.8 Z0.509804 F1000
G01 X75.65 Y-14.8 Z0.54902 F1000
G01 X75.9 Y-14.8 Z0.54902 F1000
G01 X75.95 Y-14.8 Z5.45098 F1000
G01 X76 Y-14.8 Z9.058824 F1000
G01 X76.05 Y-14.8 Z10 F1000
G01 X99.5 Y-14.8 Z10 F1000
G01 X99.5 Y-14.85 Z10 F1000
G01 X99.5 Y-14.9 Z10 F1000
G01 X99.5 Y-14.95 Z10 F1000
G01 X99.5 Y-15 Z10 F1000
G01 X99.5 Y-15.05 Z10 F1000
G01 X99.5 Y-15.1 Z10 F1000
G01 X99.5 Y-15.15 Z10 F1000
G01 X99.5 Y-15.2 Z10 F1000
G01 X99.5 Y-15.25 Z10 F1000
G01 X99.5 Y-15.3 Z10 F1000
G01 X99.5 Y-15.35 Z10 F1000
G01 X76.55 Y-15.35 Z10 F1000
G01 X76.5 Y-15.35 Z8.313725 F1000
G01 X76.45 Y-15.35 Z0.666667 F1000
G01 X76.4 Y-15.35 Z0.588235 F1000
G01 X76.35 Y-15.35 Z0.470588 F1000
G01 X76.3 Y-15.35 Z0 F1000
G01 X76.1 Y-15.35 Z0 F1000
G01 X76.05 Y-15.35 Z0.196078 F1000
G01 X76 Y-15.35 Z0.27451 F1000
G01 X75.95 Y-15.35 Z0.509804 F1000
G01 X75.85 Y-15.35 Z0.509804 F1000
G01 X75.8 Y-15.35 Z0.823529 F1000
G01 X75.75 Y-15.35 Z0.823529 F1000
G01 X75.7 Y-15.35 Z0.862745 F1000
G01 X75.65 Y-15.35 Z6 F1000
G01 X75.6 Y-15.35 Z10 F1000
G01 X24.4 Y-15.35 Z10 F1000
G01 X24.35 Y-15.35 Z6 F1000
G01 X24.3 Y-15.35 Z0.705882 F1000
G01 X24.25 Y-15.35 Z0.666667 F1000
G01 X24 Y-15.35 Z0.666667 F1000
G01 X23.95 Y-15.35 Z0.470588 F1000
G01 X23.9 Y-15.35 Z0 F1000
G01 X23.7 Y-15.35 Z0 F1000
G01 X23.65 Y-15.35 Z0.470588 F1000
G01 X23.6 Y-15.35 Z0.588235 F1000
G01 X23.55 Y-15.35 Z0.666667 F1000
G01 X23.5 Y-15.35 Z8.313725 F1000
G01 X23.45 Y-15.35 Z10 F1000
G01 X0.45 Y-15.35 Z10 F1000
G01 X0.45 Y-15.4 Z10 F1000
G01 X0.45 Y-15.45 Z10 F1000
G01 X0.45 Y-15.5 Z10 F1000
G01 X0.45 Y-15.55 Z10 F1000
G01 X0.45 Y-15.6 Z10 F1000
G01 X0.45 Y-15.65 Z10 F1000
G01 X0.45 Y-15.7 Z10 F1000
G01 X0.45 Y-15.75 Z10 F1000
G01 X0.45 Y-15.8 Z10 F1000
G01 X0.45 Y-15.85 Z10 F1000
G01 X0.45 Y-15.9 Z10 F1000
G01 X22.95 Y-15.9 Z10 F1000
G01 X23 Y-15.9 Z7.686275 F1000
G01 X23.05 Y-15.9 Z1.137255 F1000
G01 X23.1 Y-15.9 Z0.666667 F1000
G01 X23.2 Y-15.9 Z0.666667 F1000
G01 X23.25 Y-15.9 Z0.392157 F1000
G01 X23.3 Y-15.9 Z0 F1000
G01 X23.5 Y-15.9 Z0 F1000
G01 X23.55 Y-15.9 Z0.588235 F1000
G01 X23.7 Y-15.9 Z0.588235 F1000
G01 X23.75 Y-15.9 Z0.705882 F1000
G01 X23.8 Y-15.9 Z0.784314 F1000
G01 X23.85 Y-15.9 Z8.156863 F1000
G01 X23.9 Y-15.9 Z9.960784 F1000
G01 X23.95 Y-15.9 Z10 F1000
G01 X76.05 Y-15.9 Z10 F1000
G01 X76.1 Y-15.9 Z9.960784 F1000
G01 X76.15 Y-15.9 Z8.156863 F1000
G01 X76.2 Y-15.9 Z0.784314 F1000
G01 X76.25 Y-15.9 Z0.705882 F1000
G01 X76.3 Y-15.9 Z0.588235 F1000
G01 X76.45 Y-15.9 Z0.588235 F1000
G01 X76.5 Y-15.9 Z0 F1000
G01 X76.7 Y-15.9 Z0 F1000
G01 X76.75 Y-15.9 Z0.392157 F1000
G01 X76.8 Y-15.9 Z0.666667 F1000
G01 X76.9 Y-15.9 Z0.666667 F1000
G01 X76.95 Y-15.9 Z1.137255 F1000
G01 X77 Y-15.9 Z7.686275 F1000
G01 X77.05 Y-15.9 Z10 F1000
G01 X99.5 Y-15.9 Z10 F1000
G01 X99.5 Y-15.95 Z10 F1000
G01 X99.5 Y-16 Z10 F1000
G01 X99.5 Y-16.05 Z10 F1000
G01 X99.5 Y-16.1 Z10 F1000
G01 X99.5 Y-16.15 Z10 F1000
G01 X99.5 Y-16.2 Z10 F1000
G01 X99.5 Y-16.25 Z10 F1000
G01 X99.5 Y-16.3 Z10 F1000
G01 X99.5 Y-16.35 Z10 F1000
G01 X99.5 Y-16.4 Z10 F1000
G01 X99.5 Y-16.45 Z10 F1000
G01 X77.55 Y-16.45 Z10 F1000
G01 X77.5 Y-16.45 Z9.803922 F1000
G01 X77.45 Y-16.45 Z2.431373 F1000
G01 X77.4 Y-16.45 Z0.313725 F1000
G01 X77.35 Y-16.45 Z0.27451 F1000
G01 X77.2 Y-16.45 Z0.27451 F1000
G01 X77.15 Y-16.45 Z0.156863 F1000
G01 X77.1 Y-16.45 Z0.156863 F1000
G01 X77.05 Y-16.45 Z0.235294 F1000
G01 X76.9 Y-16.45 Z0.235294 F1000
G01 X76.85 Y-16.45 Z0.470588 F1000
G01 X76.8 Y-16.45 Z0.509804 F1000
G01 X76.7 Y-16.45 Z0.509804 F1000
G01 X76.65 Y-16.45 Z8.392157 F1000
G01 X76.6 Y-16.45 Z10 F1000
G01 X23.4 Y-16.45 Z10 F1000
G01 X23.35 Y-16.45 Z8.470588 F1000
G01 X23.3 Y-16.45 Z0.470588 F1000
G01 X23.25 Y-16.45 Z0.470588 F1000
G01 X23.2 Y-16.45 Z0.235294 F1000
G01 X22.95 Y-16.45 Z0.235294 F1000
G01 X22.9 Y-16.45 Z0.156863 F1000
G01 X22.85 Y-16.45 Z0.156863 F1000
G01 X22.8 Y-16.45 Z0.27451 F1000
G01 X22.7 Y-16.45 Z0.27451 F1000
G01 X22.65 Y-16.45 Z0.392157 F1000
G01 X22.6 Y-16.45 Z0.392157 F1000
G01 X22.55 Y-16.45 Z2.470588 F1000
G01 X22.5 Y-16.45 Z10 F1000
G01 X0.45 Y-16.45 Z10 F1000
G01 X0.45 Y-16.5 Z10 F1000
G01 X0.45 Y-16.55 Z10 F1000
G01 X0.45 Y-16.6 Z10 F1000
G01 X0.45 Y-16.65 Z10 F1000
G01 X0.45 Y-16.7 Z10 F1000
G01 X0.45 Y-16.75 Z10 F1000
G01 X0.45 Y-16.8 Z10 F1000
G01 X0.45 Y-16.85 Z10 F1000
G01 X0.45 Y-16.9 Z10 F1000
G01 X0.45 Y-16.95 Z10 F1000
G01 X0.45 Y-17 Z10 F1000
G01 X22 Y-17 Z10 F1000
G01 X22.05 Y-17 Z7.882353 F1000
G01 X22.1 Y-17 Z0.941176 F1000
G01 X22.15 Y-17 Z0.901961 F1000
G01 X22.2 Y-17 Z0.627451 F1000
G01 X22.25 Y-17 Z0.627451 F1000
G01 X22.3 Y-17 Z0.431373 F1000
G01 X22.45 Y-17 Z0.431373 F1000
G01 X22.5 Y-17 Z0 F1000
G01 X22.7 Y-17 Z0 F1000
G01 X22.75 Y-17 Z0.313725 F1000
G01 X22.8 Y-17 Z0.666667 F1000
G01 X22.85 Y-17 Z3.568627 F1000
G01 X22.9 Y-17 Z10 F1000
G01 X77.1 Y-17 Z10 F1000
G01 X77.15 Y-17 Z3.568627 F1000
G01 X77.2 Y-17 Z0.666667 F1000
G01 X77.25 Y-17 Z0.313725 F1000
G01 X77.3 Y-17 Z0 F1000
G01 X77.5 Y-17 Z0 F1000
G01 X77.55 Y-17 Z0.509804 F1000
G01 X77.7 Y-17 Z0.509804 F1000
G01 X77.75 Y-17 Z0.588235 F1000
G01 X77.8 Y-17 Z0.588235 F1000
G01 X77.85 Y-17 Z0.941176 F1000
G01 X77.9 Y-17 Z0.941176 F1000
G01 X77.95 Y-17 Z8.156863 F1000
G01 X78 Y-17 Z10 F1000
G01 X99.5 Y-17 Z10 F1000
G01 X99.5 Y-17.05 Z10 F1000
G01 X99.5 Y-17.1 Z10 F1000
G01 X99.5 Y-17.15 Z10 F1000
G01 X99.5 Y-17.2 Z10 F1000
G01 X99.5 Y-17.25 Z10 F1000
G01 X99.5 Y-17.3 Z10 F1000
G01 X99.5 Y-17.35 Z10 F1000
G01 X99.5 Y-17.4 Z10 F1000
G01 X99.5 Y-17.45 Z10 F1000
G01 X99.5 Y-17.5 Z10 F1000
G01 X99.5 Y-17.55 Z10 F1000
G01 X78.45 Y-17.55 Z10 F1000
G01 X78.4 Y-17.55 Z8.313725 F1000
G01 X78.35 Y-17.55 Z1.058824 F1000
G01 X78.2 Y-17.55 Z1.058824 F1000
G01 X78.15 Y-17.55 Z0.745098 F1000
G01 X78.1 Y-17.55 Z0.745098 F1000
G01 X78.05 Y-17.55 Z0.509804 F1000
G01 X78 Y-17.55 Z0.235294 F1000
G01 X77.95 Y-17.55 Z0.235294 F1000
G01 X77.9 Y-17.55 Z0.705882 F1000
G01 X77.65 Y-17.55 Z0.705882 F1000
G01 X77.6 Y-17.55 Z4.509804 F1000
G01 X77.55 Y-17.55 Z9.764706 F1000
G01 X77.5 Y-17.55 Z10 F1000
G01 X22.55 Y-17.55 Z10 F1000
G01 X22.5 Y-17.55 Z9.960784 F1000
G01 X22.45 Y-17.55 Z9.764706 F1000
G01 X22.4 Y-17.55 Z4.509804 F1000
G01 X22.35 Y-17.55 Z0.705882 F1000
G01 X22.1 Y-17.55 Z0.705882 F1000
G01 X22.05 Y-17.55 Z0.196078 F1000
G01 X22 Y-17.55 Z0.196078 F1000
G01 X21.95 Y-17.55 Z0.431373 F1000
G01 X21.9 Y-17.55 Z0.431373 F1000
G01 X21.85 Y-17.55 Z0.470588 F1000
G01 X21.8 Y-17.55 Z0.470588 F1000
G01 X21.75 Y-17.55 Z0.54902 F1000
G01 X21.7 Y-17.55 Z0.54902 F1000
G01 X21.65 Y-17.55 Z0.627451 F1000
G01 X21.6 Y-17.55 Z8.588235 F1000
G01 X21.55 Y-17.55 Z10 F1000
G01 X0.45 Y-17.55 Z10 F1000
G01 X0.45 Y-17.6 Z10 F1000
G01 X0.45 Y-17.65 Z10 F1000
G01 X0.45 Y-17.7 Z10 F1000
G01 X0.45 Y-17.75 Z10 F1000
G01 X0.45 Y-17.8 Z10 F1000
G01 X0.45 Y-17.85 Z10 F1000
G01 X0.45 Y-17.9 Z10 F1000
G01 X0.45 Y-17.95 Z10 F1000
G01 X0.45 Y-18 Z10 F1000
G01 X0.45 Y-18.05 Z10 F1000
G01 X0.45 Y-18.1 Z10 F1000
G01 X21.1 Y-18.1 Z10 F1000
G01 X21.15 Y-18.1 Z9.882353 F1000
G01 X21.2 Y-18.1 Z2.54902 F1000
G01 X21.25 Y-18.1 Z0.392157 F1000
G01 X21.3 Y-18.1 Z0 F1000
G01 X21.5 Y-18.1 Z0 F1000
G01 X21.55 Y-18.1 Z0.470588 F1000
G01 X21.6 Y-18.1 Z0.588235 F1000
G01 X21.8 Y-18.1 Z0.588235 F1000
G01 X21.85 Y-18.1 Z0.666667 F1000
G01 X21.9 Y-18.1 Z0.666667 F1000
G01 X21.95 Y-18.1 Z2.745098 F1000
G01 X22 Y-18.1 Z9.490196 F1000
G01 X22.05 Y-18.1 Z9.921569 F1000
G01 X22.1 Y-18.1 Z10 F1000
G01 X77.9 Y-18.1 Z10 F1000
G01 X77.95 Y-18.1 Z9.882353 F1000
G01 X78 Y-18.1 Z9.843137 F1000
G01 X78.05 Y-18.1 Z2.862745 F1000
G01 X78.1 Y-18.1 Z0.666667 F1000
G01 X78.15 Y-18.1 Z0.666667 F1000
G01 X78.2 Y-18.1 Z0.588235 F1000
G01 X78.4 Y-18.1 Z0.588235 F1000
G01 X78.45 Y-18.1 Z0.470588 F1000
G01 X78.5 Y-18.1 Z0 F1000
G01 X78.7 Y-18.1 Z0 F1000
G01 X78.75 Y-18.1 Z0.392157 F1000
G01 X78.8 Y-18.1 Z2.54902 F1000
G01 X78.85 Y-18.1 Z9.882353 F1000
G01 X78.9 Y-18.1 Z10 F1000
G01 X99.5 Y-18.1 Z10 F1000
G01 X99.5 Y-18.15 Z10 F1000
G01 X99.5 Y-18.2 Z10 F1000
G01 X99.5 Y-18.25 Z10 F1000
G01 X99.5 Y-18.3 Z10 F1000
G01 X99.5 Y-18.35 Z10 F1000
G01 X99.5 Y-18.4 Z10 F1000
G01 X99.5 Y-18.45 Z10 F1000
G01 X99.5 Y-18.5 Z10 F1000
G01 X99.5 Y-18.55 Z10 F1000
G01 X99.5 Y-18.6 Z10 F1000
G01 X99.5 Y-18.65 Z10 F1000
G01 X79.3 Y-18.65 Z10 F1000
G01 X79.25 Y-18.65 Z9.137255 F1000
G01 X79.2 Y-18.65 Z0.980392 F1000
G01 X79.15 Y-18.65 Z0.352941 F1000
G01 X79.1 Y-18.65 Z0.27451 F1000
G01 X78.85 Y-18.65 Z0.27451 F1000
G01 X78.8 Y-18.65 Z0.352941 F1000
G01 X78.75 Y-18.65 Z0.431373 F1000
G01 X78.65 Y-18.65 Z0.431373 F1000
G01 X78.6 Y-18.65 Z0.470588 F1000
G01 X78.55 Y-18.65 Z0.470588 F1000
G01 X78.5 Y-18.65 Z0.627451 F1000
G01 X78.45 Y-18.65 Z6.392157 F1000
G01 X78.4 Y-18.65 Z10 F1000
G01 X21.6 Y-18.65 Z10 F1000
G01 X21.55 Y-18.65 Z6.509804 F1000
G01 X21.5 Y-18.65 Z0.627451 F1000
G01 X21.45 Y-18.65 Z0.470588 F1000
G01 X21.4 Y-18.65 Z0.470588 F1000
G01 X21.35 Y-18.65 Z0.431373 F1000
G01 X21.25 Y-18.65 Z0.431373 F1000
G01 X21.2 Y-18.65 Z0.352941 F1000
G01 X21.15 Y-18.65 Z0.27451 F1000
G01 X20.9 Y-18.65 Z0.27451 F1000
G01 X20.85 Y-18.65 Z0.352941 F1000
G01 X20.8 Y-18.65 Z0.980392 F1000
G01 X20.75 Y-18.65 Z9.137255 F1000
G01 X20.7 Y-18.65 Z10 F1000
G01 X0.45 Y-18.65 Z10 F1000
G01 X0.45 Y-18.7 Z10 F1000
G01 X0.45 Y-18.75 Z10 F1000
G01 X0.45 Y-18.8 Z10 F1000
G01 X0.45 Y-18.85 Z10 F1000
G01 X0.45 Y-18.9 Z10 F1000
G01 X0.45 Y-18.95 Z10 F1000
G01 X0.45 Y-19 Z10 F1000
G01 X0.45 Y-19.05 Z10 F1000
G01 X0.45 Y-19.1 Z10 F1000
G01 X0.45 Y-19.15 Z10 F1000
G01 X0.45 Y-19.2 Z10 F1000
G01 X20.3 Y-19.2 Z10 F1000
G01 X20.35 Y-19.2 Z9.45098 F1000
G01 X20.4 Y-19.2 Z0.745098 F1000
G01 X20.7 Y-19.2 Z0.745098 F1000
G01 X20.75 Y-19.2 Z0.235294 F1000
G01 X20.8 Y-19.2 Z0.431373 F1000
G01 X21.05 Y-19.2 Z0.431373 F1000
G01 X21.1 Y-19.2 Z0.470588 F1000
G01 X21.15 Y-19.2 Z6.392157 F1000
G01 X21.2 Y-19.2 Z9.960784 F1000
G01 X21.25 Y-19.2 Z10 F1000
G01 X78.75 Y-19.2 Z10 F1000
G01 X78.8 Y-19.2 Z9.960784 F1000
G01 X78.85 Y-19.2 Z6.392157 F1000
G01 X78.9 Y-19.2 Z0.470588 F1000
G01 X79.2 Y-19.2 Z0.470588 F1000
G01 X79.25 Y-19.2 Z0.235294 F1000
G01 X79.3 Y-19.2 Z0.745098 F1000
G01 X79.6 Y-19.2 Z0.745098 F1000
G01 X79.65 Y-19.2 Z9.45098 F1000
G01 X79.7 Y-19.2 Z10 F1000
G01 X99.5 Y-19.2 Z10 F1000
G01 X99.5 Y-19.25 Z10 F1000
G01 X99.5 Y-19.3 Z10 F1000
G01 X99.5 Y-19.35 Z10 F1000
G01 X99.5 Y-19.4 Z10 F1000
G01 X99.5 Y-19.45 Z10 F1000
G01 X99.5 Y-19.5 Z10 F1000
G01 X99.5 Y-19.55 Z10 F1000
G01 X99.5 Y-19.6 Z10 F1000
G01 X99.5 Y-19.65 Z10 F1000
G01 X99.5 Y-19.7 Z10 F1000
G01 X99.5 Y-19.75 Z10 F1000
G01 X80.1 Y-19.75 Z10 F1000
G01 X80.05 Y-19.75 Z9.72549 F1000
G01 X80 Y-19.75 Z5.607843 F1000
G01 X79.95 Y-19.75 Z0.431373 F1000
G01 X79.9 Y-19.75 Z0 F1000
G01 X79.7 Y-19.75 Z0 F1000
G01 X79.65 Y-19.75 Z0.509804 F1000
G01 X79.6 Y-19.75 Z0.54902 F1000
G01 X79.4 Y-19.75 Z0.54902 F1000
G01 X79.35 Y-19.75 Z0.980392 F1000
G01 X79.3 Y-19.75 Z0.980392 F1000
G01 X79.25 Y-19.75 Z5.098039 F1000
G01 X79.2 Y-19.75 Z10 F1000
G01 X20.8 Y-19.75 Z10 F1000
G01 X20.75 Y-19.75 Z4.980392 F1000
G01 X20.7 Y-19.75 Z0.980392 F1000
G01 X20.65 Y-19.75 Z0.980392 F1000
G01 X20.6 Y-19.75 Z0.54902 F1000
G01 X20.4 Y-19.75 Z0.54902 F1000
G01 X20.35 Y-19.75 Z0.509804 F1000
G01 X20.3 Y-19.75 Z0 F1000
G01 X20.1 Y-19.75 Z0 F1000
G01 X20.05 Y-19.75 Z0.431373 F1000
G01 X20 Y-19.75 Z4.666667 F1000
G01 X19.95 Y-19.75 Z10 F1000
G01 X0.45 Y-19.75 Z10 F1000
G01 X0.45 Y-19.8 Z10 F1000
G01 X0.45 Y-19.85 Z10 F1000
G01 X0.45 Y-19.9 Z10 F1000
G01 X0.45 Y-19.95 Z10 F1000
G01 X0.45 Y-20 Z10 F1000
G01 X0.45 Y-20.05 Z10 F1000
G01 X0.45 Y-20.1 Z10 F1000
G01 X0.45 Y-20.15 Z10 F1000
G01 X0.45 Y-20.2 Z10 F1000
G01 X0.45 Y-20.25 Z10 F1000
G01 X0.45 Y-20.3 Z10 F1000
G01 X19.55 Y-20.3 Z10 F1000
G01 X19.6 Y-20.3 Z9.529412 F1000
G01 X19.65 Y-20.3 Z0.862745 F1000
G01 X19.7 Y-20.3 Z0.784314 F1000
G01 X19.85 Y-20.3 Z0.784314 F1000
G01 X19.9 Y-20.3 Z0.431373 F1000
G01 X19.95 Y-20.3 Z0.431373 F1000
G01 X20 Y-20.3 Z0.313725 F1000
G01 X20.05 Y-20.3 Z0.313725 F1000
G01 X20.1 Y-20.3 Z0 F1000
G01 X20.3 Y-20.3 Z0 F1000
G01 X20.35 Y-20.3 Z0.666667 F1000
G01 X20.4 Y-20.3 Z8.627451 F1000
G01 X20.45 Y-20.3 Z10 F1000
G01 X79.5 Y-20.3 Z10 F1000
G01 X79.55 Y-20.3 Z9.647059 F1000
G01 X79.6 Y-20.3 Z8.313725 F1000
G01 X79.65 Y-20.3 Z0.54902 F1000
G01 X79.7 Y-20.3 Z0 F1000
G01 X79.9 Y-20.3 Z0 F1000
G01 X79.95 Y-20.3 Z0.313725 F1000
G01 X80 Y-20.3 Z0.313725 F1000
G01 X80.05 Y-20.3 Z0.431373 F1000
G01 X80.1 Y-20.3 Z0.431373 F1000
G01 X80.15 Y-20.3 Z0.784314 F1000
G01 X80.35 Y-20.3 Z0.784314 F1000
G01 X80.4 Y-20.3 Z9.72549 F1000
G01 X80.45 Y-20.3 Z10 F1000
G01 X99.5 Y-20.3 Z10 F1000
G01 X99.5 Y-20.35 Z10 F1000
G01 X99.5 Y-20.4 Z10 F1000
G01 X99.5 Y-20.45 Z10 F1000
G01 X99.5 Y-20.5 Z10 F1000
G01 X99.5 Y-20.55 Z10 F1000
G01 X99.5 Y-20.6 Z10 F1000
G01 X99.5 Y-20.65 Z10 F1000
G01 X99.5 Y-20.7 Z10 F1000
G01 X99.5 Y-20.75 Z10 F1000
G01 X99.5 Y-20.8 Z10 F1000
G01 X99.5 Y-20.85 Z10 F1000
G01 X80.8 Y-20.85 Z10 F1000
G01 X80.75 Y-20.85 Z8.784314 F1000
G01 X80.7 Y-20.85 Z0.745098 F1000
G01 X80.55 Y-20.85 Z0.745098 F1000
G01 X80.5 Y-20.85 Z0.078431 F1000
G01 X80.45 Y-20.85 Z0.313725 F1000
G01 X80.4 Y-20.85 Z0.313725 F1000
G01 X80.35 Y-20.85 Z0.392157 F1000
G01 X80.05 Y-20.85 Z0.392157 F1000
G01 X80 Y-20.85 Z0.431373 F1000
G01 X79.95 Y-20.85 Z8.078431 F1000
G01 X79.9 Y-20.85 Z10 F1000
G01 X20.1 Y-20.85 Z10 F1000
G01 X20.05 Y-20.85 Z9.490196 F1000
G01 X20 Y-20.85 Z1.058824 F1000
G01 X19.95 Y-20.85 Z0.392157 F1000
G01 X19.65 Y-20.85 Z0.392157 F1000
G01 X19.6 Y-20.85 Z0.313725 F1000
G01 X19.55 Y-20.85 Z0.313725 F1000
G01 X19.5 Y-20.85 Z0.078431 F1000
G01 X19.45 Y-20.85 Z0.745098 F1000
G01 X19.3 Y-20.85 Z0.745098 F1000
G01 X19.25 Y-20.85 Z8.784314 F1000
G01 X19.2 Y-20.85 Z9.607843 F1000
G01 X19.15 Y-20.85 Z10 F1000
G01 X0.45 Y-20.85 Z10 F1000
G01 X0.45 Y-20.9 Z10 F1000
G01 X0.45 Y-20.95 Z10 F1000
G01 X0.45 Y-21 Z10 F1000
G01 X0.45 Y-21.05 Z10 F1000
G01 X0.45 Y-21.1 Z10 F1000
G01 X0.45 Y-21.15 Z10 F1000
G01 X0.45 Y-21.2 Z10 F1000
G01 X0.45 Y-21.25 Z10 F1000
G01 X0.45 Y-21.3 Z10 F1000
G01 X0.45 Y-21.35 Z10 F1000
G01 X0.45 Y-21.4 Z10 F1000
G01 X18.85 Y-21.4 Z10 F1000
G01 X18.9 Y-21.4 Z9.921569 F1000
G01 X18.95 Y-21.4 Z2.627451 F1000
G01 X19 Y-21.4 Z0.862745 F1000
G01 X19.2 Y-21.4 Z0.862745 F1000
G01 X19.25 Y-21.4 Z0.196078 F1000
G01 X19.3 Y-21.4 Z0 F1000
G01 X19.5 Y-21.4 Z0 F1000
G01 X19.55 Y-21.4 Z0.313725 F1000
G01 X19.6 Y-21.4 Z0.392157 F1000
G01 X19.65 Y-21.4 Z0.392157 F1000
G01 X19.7 Y-21.4 Z7.72549 F1000
G01 X19.75 Y-21.4 Z10 F1000
G01 X80.25 Y-21.4 Z10 F1000
G01 X80.3 Y-21.4 Z7.72549 F1000
G01 X80.35 Y-21.4 Z1.137255 F1000
G01 X80.4 Y-21.4 Z0.352941 F1000
G01 X80.45 Y-21.4 Z0.352941 F1000
G01 X80.5 Y-21.4 Z0 F1000
G01 X80.7 Y-21.4 Z0 F1000
G01 X80.75 Y-21.4 Z0.196078 F1000
G01 X80.8 Y-21.4 Z0.862745 F1000
G01 X81 Y-21.4 Z0.862745 F1000
G01 X81.05 Y-21.4 Z2.627451 F1000
G01 X81.1 Y-21.4 Z9.921569 F1000
G01 X81.15 Y-21.4 Z10 F1000
G01 X99.5 Y-21.4 Z10 F1000
G01 X99.5 Y-21.45 Z10 F1000
G01 X99.5 Y-21.5 Z10 F1000
G01 X99.5 Y-21.55 Z10 F1000
G01 X99.5 Y-21.6 Z10 F1000
G01 X99.5 Y-21.65 Z10 F1000
G01 X99.5 Y-21.7 Z10 F1000
G01 X99.5 Y-21.75 Z10 F1000
G01 X99.5 Y-21.8 Z10 F1000
G01 X99.5 Y-21.85 Z10 F1000
G01 X99.5 Y-21.9 Z10 F1000
G01 X99.5 Y-21.95 Z10 F1000
G01 X81.5 Y-21.95 Z10 F1000
G01 X81.45 Y-21.95 Z9.921569 F1000
G01 X81.4 Y-21.95 Z7.137255 F1000
G01 X81.35 Y-21.95 Z0.941176 F1000
G01 X81.2 Y-21.95 Z0.941176 F1000
G01 X81.15 Y-21.95 Z0.470588 F1000
G01 X81.1 Y-21.95 Z0 F1000
G01 X80.9 Y-21.95 Z0 F1000
G01 X80.85 Y-21.95 Z0.392157 F1000
G01 X80.8 Y-21.95 Z0.705882 F1000
G01 X80.75 Y-21.95 Z0.705882 F1000
G01 X80.7 Y-21.95 Z0.823529 F1000
G01 X80.65 Y-21.95 Z5.333333 F1000
G01 X80.6 Y-21.95 Z9.490196 F1000
G01 X80.55 Y-21.95 Z10 F1000
G01 X19.45 Y-21.95 Z10 F1000
G01 X19.4 Y-21.95 Z9.529412 F1000
G01 X19.35 Y-21.95 Z4.980392 F1000
G01 X19.3 Y-21.95 Z0.823529 F1000
G01 X19.25 Y-21.95 Z0.705882 F1000
G01 X19.2 Y-21.95 Z0.705882 F1000
G01 X19.15 Y-21.95 Z0.392157 F1000
G01 X19.1 Y-21.95 Z0 F1000
G01 X18.9 Y-21.95 Z0 F1000
G01 X18.85 Y-21.95 Z0.470588 F1000
G01 X18.8 Y-21.95 Z0.941176 F1000
G01 X18.65 Y-21.95 Z0.941176 F1000
G01 X18.6 Y-21.95 Z7.137255 F1000
G01 X18.55 Y-21.95 Z9.921569 F1000
G01 X18.5 Y-21.95 Z10 F1000
G01 X0.45 Y-21.95 Z10 F1000
G01 X0.45 Y-22 Z10 F1000
G01 X0.45 Y-22.05 Z10 F1000
G01 X0.45 Y-22.1 Z10 F1000
G01 X0.45 Y-22.15 Z10 F1000
G01 X0.45 Y-22.2 Z10 F1000
G01 X0.45 Y-22.25 Z10 F1000
G01 X0.45 Y-22.3 Z10 F1000
G01 X0.45 Y-22.35 Z10 F1000
G01 X0.45 Y-22.4 Z10 F1000
G01 X0.45 Y-22.45 Z10 F1000
G01 X0.45 Y-22.5 Z10 F1000
G01 X18.2 Y-22.5 Z10 F1000
G01 X18.25 Y-22.5 Z9.843137 F1000
G01 X18.3 Y-22.5 Z2.54902 F1000
G01 X18.35 Y-22.5 Z0.745098 F1000
G01 X18.4 Y-22.5 Z0.745098 F1000
G01 X18.45 Y-22.5 Z0.27451 F1000
G01 X18.5 Y-22.5 Z0 F1000
G01 X18.7 Y-22.5 Z0 F1000
G01 X18.75 Y-22.5 Z0.156863 F1000
G01 X18.8 Y-22.5 Z0.352941 F1000
G01 X18.85 Y-22.5 Z0.431373 F1000
G01 X19 Y-22.5 Z0.431373 F1000
G01 X19.05 Y-22.5 Z7.176471 F1000
G01 X19.1 Y-22.5 Z10 F1000
G01 X80.9 Y-22.5 Z10 F1000
G01 X80.95 Y-22.5 Z7.176471 F1000
G01 X81 Y-22.5 Z0.431373 F1000
G01 X81.15 Y-22.5 Z0.431373 F1000
G01 X81.2 Y-22.5 Z0.352941 F1000
G01 X81.25 Y-22.5 Z0.156863 F1000
G01 X81.3 Y-22.5 Z0 F1000
G01 X81.5 Y-22.5 Z0 F1000
G01 X81.55 Y-22.5 Z0.862745 F1000
G01 X81.6 Y-22.5 Z0.862745 F1000
G01 X81.65 Y-22.5 Z1.137255 F1000
G01 X81.7 Y-22.5 Z2.509804 F1000
G01 X81.75 Y-22.5 Z9.490196 F1000
G01 X81.8 Y-22.5 Z10 F1000
G01 X99.5 Y-22.5 Z10 F1000
G01 X99.5 Y-22.55 Z10 F1000
G01 X99.5 Y-22.6 Z10 F1000
G01 X99.5 Y-22.65 Z10 F1000
G01 X99.5 Y-22.7 Z10 F1000
G01 X99.5 Y-22.75 Z10 F1000
G01 X99.5 Y-22.8 Z10 F1000
G01 X99.5 Y-22.85 Z10 F1000
G01 X99.5 Y-22.9 Z10 F1000
G01 X99.5 Y-22.95 Z10 F1000
G01 X99.5 Y-23 Z10 F1000
G01 X99.5 Y-23.05 Z10 F1000
G01 X82.1 Y-23.05 Z10 F1000
G01 X82.05 Y-23.05 Z9.921569 F1000
G01 X82 Y-23.05 Z2.980392 F1000
G01 X81.95 Y-23.05 Z0.352941 F1000
G01 X81.9 Y-23.05 Z0 F1000
G01 X81.7 Y-23.05 Z0 F1000
G01 X81.65 Y-23.05 Z0.117647 F1000
G01 X81.6 Y-23.05 Z0.27451 F1000
G01 X81.45 Y-23.05 Z0.27451 F1000
G01 X81.4 Y-23.05 Z0.313725 F1000
G01 X81.35 Y-23.05 Z0.313725 F1000
G01 X81.3 Y-23.05 Z0.588235 F1000
G01 X81.25 Y-23.05 Z6.980392 F1000
G01 X81.2 Y-23.05 Z10 F1000
G01 X18.8 Y-23.05 Z10 F1000
G01 X18.75 Y-23.05 Z8.196078 F1000
G01 X18.7 Y-23.05 Z0.588235 F1000
G01 X18.65 Y-23.05 Z0.313725 F1000
G01 X18.6 Y-23.05 Z0.313725 F1000
G01 X18.55 Y-23.05 Z0.27451 F1000
G01 X18.4 Y-23.05 Z0.27451 F1000
G01 X18.35 Y-23.05 Z0.117647 F1000
G01 X18.3 Y-23.05 Z0 F1000
G01 X18.1 Y-23.05 Z0 F1000
G01 X18.05 Y-23.05 Z0.54902 F1000
G01 X18 Y-23.05 Z2.352941 F1000
G01 X17.95 Y-23.05 Z9.45098 F1000
G01 X17.9 Y-23.05 Z10 F1000
G01 X0.45 Y-23.05 Z10 F1000
G01 X0.45 Y-23.1 Z10 F1000
G01 X0.45 Y-23.15 Z10 F1000
G01 X0.45 Y-23.2 Z10 F1000
G01 X0.45 Y-23.25 Z10 F1000
G01 X0.45 Y-23.3 Z10 F1000
G01 X0.45 Y-23.35 Z10 F1000
G01 X0.45 Y-23.4 Z10 F1000
G01 X0.45 Y-23.45 Z10 F1000
G01 X0.45 Y-23.5 Z10 F1000
G01 X0.45 Y-23.55 Z10 F1000
G01 X0.45 Y-23.6 Z10 F1000
G01 X17.6 Y-23.6 Z10 F1000
G01 X17.65 Y-23.6 Z9.607843 F1000
G01 X17.7 Y-23.6 Z4.27451 F1000
G01 X17.75 Y-23.6 Z0.705882 F1000
G01 X17.95 Y-23.6 Z0.705882 F1000
G01 X18 Y-23.6 Z0.627451 F1000
G01 X18.05 Y-23.6 Z0.313725 F1000
G01 X18.1 Y-23.6 Z0.352941 F1000
G01 X18.3 Y-23.6 Z0.352941 F1000
G01 X18.35 Y-23.6 Z0.54902 F1000
G01 X18.4 Y-23.6 Z0.784314 F1000
G01 X18.45 Y-23.6 Z7.176471 F1000
G01 X18.5 Y-23.6 Z9.72549 F1000
G01 X18.55 Y-23.6 Z10 F1000
G01 X81.45 Y-23.6 Z10 F1000
G01 X81.5 Y-23.6 Z9.72549 F1000
G01 X81.55 Y-23.6 Z7.176471 F1000
G01 X81.6 Y-23.6 Z0.666667 F1000
G01 X81.65 Y-23.6 Z0.470588 F1000
G01 X81.7 Y-23.6 Z0.352941 F1000
G01 X82.2 Y-23.6 Z0.352941 F1000
G01 X82.25 Y-23.6 Z0.666667 F1000
G01 X82.3 Y-23.6 Z4.117647 F1000
G01 X82.35 Y-23.6 Z10 F1000
G01 X99.5 Y-23.6 Z10 F1000
G01 X99.5 Y-23.65 Z10 F1000
G01 X99.5 Y-23.7 Z10 F1000
G01 X99.5 Y-23.75 Z10 F1000
G01 X99.5 Y-23.8 Z10 F1000
G01 X99.5 Y-23.85 Z10 F1000
G01 X99.5 Y-23.9 Z10 F1000
G01 X99.5 Y-23.95 Z10 F1000
G01 X99.5 Y-24 Z10 F1000
G01 X99.5 Y-24.05 Z10 F1000
G01 X99.5 Y-24.1 Z10 F1000
G01 X99.5 Y-24.15 Z10 F1000
G01 X82.65 Y-24.15 Z10 F1000
G01 X82.6 Y-24.15 Z8.823529 F1000
G01 X82.55 Y-24.15 Z0.901961 F1000
G01 X82.45 Y-24.15 Z0.901961 F1000
G01 X82.4 Y-24.15 Z0.627451 F1000
G01 X82.35 Y-24.15 Z0.588235 F1000
G01 X82.3 Y-24.15 Z0 F1000
G01 X82.1 Y-24.15 Z0 F1000
G01 X82.05 Y-24.15 Z0.54902 F1000
G01 X82 Y-24.15 Z0.54902 F1000
G01 X81.95 Y-24.15 Z1.019608 F1000
G01 X81.85 Y-24.15 Z1.019608 F1000
G01 X81.8 Y-24.15 Z10 F1000
G01 X18.25 Y-24.15 Z10 F1000
G01 X18.2 Y-24.15 Z9.490196 F1000
G01 X18.15 Y-24.15 Z0.666667 F1000
G01 X18.1 Y-24.15 Z0.627451 F1000
G01 X18.05 Y-24.15 Z0.627451 F1000
G01 X18 Y-24.15 Z0.588235 F1000
G01 X17.95 Y-24.15 Z0.352941 F1000
G01 X17.9 Y-24.15 Z0 F1000
G01 X17.7 Y-24.15 Z0 F1000
G01 X17.65 Y-24.15 Z0.431373 F1000
G01 X17.6 Y-24.15 Z0.588235 F1000
G01 X17.55 Y-24.15 Z0.823529 F1000
G01 X17.5 Y-24.15 Z0.901961 F1000
G01 X17.45 Y-24.15 Z0.901961 F1000
G01 X17.4 Y-24.15 Z9.137255 F1000
G01 X17.35 Y-24.15 Z10 F1000
G01 X0.45 Y-24.15 Z10 F1000
G01 X0.45 Y-24.2 Z10 F1000
G01 X0.45 Y-24.25 Z10 F1000
G01 X0.45 Y-24.3 Z10 F1000
G01 X0.45 Y-24.35 Z10 F1000
G01 X0.45 Y-24.4 Z10 F1000
G01 X0.45 Y-24.45 Z10 F1000
G01 X0.45 Y-24.5 Z10 F1000
G01 X0.45 Y-24.55 Z10 F1000
G01 X0.45 Y-24.6 Z10 F1000
G01 X0.45 Y-24.65 Z10 F1000
G01 X0.45 Y-24.7 Z10 F1000
G01 X17.1 Y-24.7 Z10 F1000
G01 X17.15 Y-24.7 Z4.392157 F1000
G01 X17.2 Y-24.7 Z0.745098 F1000
G01 X17.25 Y-24.7 Z0.745098 F1000
G01 X17.3 Y-24.7 Z0 F1000
G01 X17.5 Y-24.7 Z0 F1000
G01 X17.55 Y-24.7 Z0.196078 F1000
G01 X17.6 Y-24.7 Z0.352941 F1000
G01 X17.65 Y-24.7 Z0.431373 F1000
G01 X17.75 Y-24.7 Z0.431373 F1000
G01 X17.8 Y-24.7 Z0.470588 F1000
G01 X17.85 Y-24.7 Z0.470588 F1000
G01 X17.9 Y-24.7 Z4.431373 F1000
G01 X17.95 Y-24.7 Z9.72549 F1000
G01 X18 Y-24.7 Z10 F1000
G01 X82 Y-24.7 Z10 F1000
G01 X82.05 Y-24.7 Z9.803922 F1000
G01 X82.1 Y-24.7 Z4.431373 F1000
G01 X82.15 Y-24.7 Z0.470588 F1000
G01 X82.2 Y-24.7 Z0.470588 F1000
G01 X82.25 Y-24.7 Z0.431373 F1000
G01 X82.35 Y-24.7 Z0.431373 F1000
G01 X82.4 Y-24.7 Z0.352941 F1000
G01 X82.45 Y-24.7 Z0.196078 F1000
G01 X82.5 Y-24.7 Z0 F1000
G01 X82.7 Y-24.7 Z0 F1000
G01 X82.75 Y-24.7 Z0.705882 F1000
G01 X82.8 Y-24.7 Z0.705882 F1000
G01 X82.85 Y-24.7 Z4.392157 F1000
G01 X82.9 Y-24.7 Z10 F1000
G01 X99.5 Y-24.7 Z10 F1000
G01 X99.5 Y-24.75 Z10 F1000
G01 X99.5 Y-24.8 Z10 F1000
G01 X99.5 Y-24.85 Z10 F1000
G01 X99.5 Y-24.9 Z10 F1000
G01 X99.5 Y-24.95 Z10 F1000
G01 X99.5 Y-25 Z10 F1000
G01 X99.5 Y-25.05 Z10 F1000
G01 X99.5 Y-25.1 Z10 F1000
G01 X99.5 Y-25.15 Z10 F1000
G01 X99.5 Y-25.2 Z10 F1000
G01 X99.5 Y-25.25 Z10 F1000
G01 X83.15 Y-25.25 Z10 F1000
G01 X83.1 Y-25.25 Z4.784314 F1000
G01 X83.05 Y-25.25 Z0.509804 F1000
G01 X82.95 Y-25.25 Z0.509804 F1000
G01 X82.9 Y-25.25 Z0.392157 F1000
G01 X82.85 Y-25.25 Z0.392157 F1000
G01 X82.8 Y-25.25 Z0.078431 F1000
G01 X82.75 Y-25.25 Z0 F1000
G01 X82.5 Y-25.25 Z0 F1000
G01 X82.45 Y-25.25 Z0.313725 F1000
G01 X82.4 Y-25.25 Z0.588235 F1000
G01 X82.35 Y-25.25 Z4.666667 F1000
G01 X82.3 Y-25.25 Z10 F1000
G01 X17.7 Y-25.25 Z10 F1000
G01 X17.65 Y-25.25 Z4.156863 F1000
G01 X17.6 Y-25.25 Z0.627451 F1000
G01 X17.55 Y-25.25 Z0.313725 F1000
G01 X17.5 Y-25.25 Z0 F1000
G01 X17.3 Y-25.25 Z0 F1000
G01 X17.25 Y-25.25 Z0.039216 F1000
G01 X17.2 Y-25.25 Z0.078431 F1000
G01 X17.15 Y-25.25 Z0.352941 F1000
G01 X17.1 Y-25.25 Z0.352941 F1000
G01 X17.05 Y-25.25 Z0.392157 F1000
G01 X16.95 Y-25.25 Z0.392157 F1000
G01 X16.9 Y-25.25 Z4.823529 F1000
G01 X16.85 Y-25.25 Z10 F1000
G01 X0.45 Y-25.25 Z10 F1000
G01 X0.45 Y-25.3 Z10 F1000
G01 X0.45 Y-25.35 Z10 F1000
G01 X0.45 Y-25.4 Z10 F1000
G01 X0.45 Y-25.45 Z10 F1000
G01 X0.45 Y-25.5 Z10 F1000
G01 X0.45 Y-25.55 Z10 F1000
G01 X0.45 Y-25.6 Z10 F1000
G01 X0.45 Y-25.65 Z10 F1000
G01 X0.45 Y-25.7 Z10 F1000
G01 X0.45 Y-25.75 Z10 F1000
G01 X0.45 Y-25.8 Z10 F1000
G01 X16.55 Y-25.8 Z10 F1000
G01 X16.6 Y-25.8 Z9.960784 F1000
G01 X16.65 Y-25.8 Z6.627451 F1000
G01 X16.7 Y-25.8 Z0.627451 F1000
G01 X16.75 Y-25.8 Z0.509804 F1000
G01 X16.8 Y-25.8 Z0.509804 F1000
G01 X16.85 Y-25.8 Z0.352941 F1000
G01 X16.9 Y-25.8 Z0 F1000
G01 X17.1 Y-25.8 Z0 F1000
G01 X17.15 Y-25.8 Z0.196078 F1000
G01 X17.2 Y-25.8 Z0.627451 F1000
G01 X17.35 Y-25.8 Z0.627451 F1000
G01 X17.4 Y-25.8 Z2.588235 F1000
G01 X17.45 Y-25.8 Z10 F1000
G01 X82.55 Y-25.8 Z10 F1000
G01 X82.6 Y-25.8 Z2.588235 F1000
G01 X82.65 Y-25.8 Z0.627451 F1000
G01 X82.8 Y-25.8 Z0.627451 F1000
G01 X82.85 Y-25.8 Z0.196078 F1000
G01 X82.9 Y-25.8 Z0 F1000
G01 X83.1 Y-25.8 Z0 F1000
G01 X83.15 Y-25.8 Z0.352941 F1000
G01 X83.2 Y-25.8 Z0.509804 F1000
G01 X83.25 Y-25.8 Z0.509804 F1000
G01 X83.3 Y-25.8 Z0.627451 F1000
G01 X83.35 Y-25.8 Z6.627451 F1000
G01 X83.4 Y-25.8 Z9.960784 F1000
G01 X83.45 Y-25.8 Z10 F1000
G01 X99.5 Y-25.8 Z10 F1000
G01 X99.5 Y-25.85 Z10 F1000
G01 X99.5 Y-25.9 Z10 F1000
G01 X99.5 Y-25.95 Z10 F1000
G01 X99.5 Y-26 Z10 F1000
G01 X99.5 Y-26.05 Z10 F1000
G01 X99.5 Y-26.1 Z10 F1000
G01 X99.5 Y-26.15 Z10 F1000
G01 X99.5 Y-26.2 Z10 F1000
G01 X99.5 Y-26.25 Z10 F1000
G01 X99.5 Y-26.3 Z10 F1000
G01 X99.5 Y-26.35 Z10 F1000
G01 X83.65 Y-26.35 Z10 F1000
G01 X83.6 Y-26.35 Z8.078431 F1000
G01 X83.55 Y-26.35 Z0.313725 F1000
G01 X83.5 Y-26.35 Z0.27451 F1000
G01 X83.15 Y-26.35 Z0.27451 F1000
G01 X83.1 Y-26.35 Z0.313725 F1000
G01 X82.9 Y-26.35 Z0.313725 F1000
G01 X82.85 Y-26.35 Z0.352941 F1000
G01 X82.8 Y-26.35 Z9.058824 F1000
G01 X82.75 Y-26.35 Z10 F1000
G01 X17.25 Y-26.35 Z10 F1000
G01 X17.2 Y-26.35 Z9.058824 F1000
G01 X17.15 Y-26.35 Z0.352941 F1000
G01 X16.85 Y-26.35 Z0.352941 F1000
G01 X16.8 Y-26.35 Z0.27451 F1000
G01 X16.5 Y-26.35 Z0.27451 F1000
G01 X16.45 Y-26.35 Z0.313725 F1000
G01 X16.4 Y-26.35 Z8.078431 F1000
G01 X16.35 Y-26.35 Z10 F1000
G01 X0.45 Y-26.35 Z10 F1000
G01 X0.45 Y-26.4 Z10 F1000
G01 X0.45 Y-26.45 Z10 F1000
G01 X0.45 Y-26.5 Z10 F1000
G01 X0.45 Y-26.55 Z10 F1000
G01 X0.45 Y-26.6 Z10 F1000
G01 X0.45 Y-26.65 Z10 F1000
G01 X0.45 Y-26.7 Z10 F1000
G01 X0.45 Y-26.75 Z10 F1000
G01 X0.45 Y-26.8 Z10 F1000
G01 X0.45 Y-26.85 Z10 F1000
G01 X0.45 Y-26.9 Z10 F1000
G01 X16.15 Y-26.9 Z10 F1000
G01 X16.2 Y-26.9 Z4.117647 F1000
G01 X16.25 Y-26.9 Z0.745098 F1000
G01 X16.3 Y-26.9 Z0.745098 F1000
G01 X16.35 Y-26.9 Z0.509804 F1000
G01 X16.4 Y-26.9 Z0.509804 F1000
G01 X16.45 Y-26.9 Z0.235294 F1000
G01 X16.5 Y-26.9 Z0 F1000
G01 X16.7 Y-26.9 Z0 F1000
G01 X16.75 Y-26.9 Z0.470588 F1000
G01 X16.8 Y-26.9 Z0.509804 F1000
G01 X16.9 Y-26.9 Z0.509804 F1000
G01 X16.95 Y-26.9 Z2.705882 F1000
G01 X17 Y-26.9 Z9.960784 F1000
G01 X17.05 Y-26.9 Z10 F1000
G01 X82.95 Y-26.9 Z10 F1000
G01 X83 Y-26.9 Z9.960784 F1000
G01 X83.05 Y-26.9 Z2.705882 F1000
G01 X83.1 Y-26.9 Z0.627451 F1000
G01 X83.15 Y-26.9 Z0.352941 F1000
G01 X83.2 Y-26.9 Z0.352941 F1000
G01 X83.25 Y-26.9 Z0.313725 F1000
G01 X83.3 Y-26.9 Z0 F1000
G01 X83.5 Y-26.9 Z0 F1000
G01 X83.55 Y-26.9 Z0.235294 F1000
G01 X83.6 Y-26.9 Z0.509804 F1000
G01 X83.65 Y-26.9 Z0.509804 F1000
G01 X83.7 Y-26.9 Z0.745098 F1000
G01 X83.75 Y-26.9 Z0.745098 F1000
G01 X83.8 Y-26.9 Z4.117647 F1000
G01 X83.85 Y-26.9 Z10 F1000
G01 X99.5 Y-26.9 Z10 F1000
G01 X99.5 Y-26.95 Z10 F1000
G01 X99.5 Y-27 Z10 F1000
G01 X99.5 Y-27.05 Z10 F1000
G01 X99.5 Y-27.1 Z10 F1000
G01 X99.5 Y-27.15 Z10 F1000
G01 X99.5 Y-27.2 Z10 F1000
G01 X99.5 Y-27.25 Z10 F1000
G01 X99.5 Y-27.3 Z10 F1000
G01 X99.5 Y-27.35 Z10 F1000
G01 X99.5 Y-27.4 Z10 F1000
G01 X99.5 Y-27.45 Z10 F1000
G01 X84.1 Y-27.45 Z10 F1000
G01 X84.05 Y-27.45 Z9.803922 F1000
G01 X84 Y-27.45 Z2.156863 F1000
G01 X83.95 Y-27.45 Z0.509804 F1000
G01 X83.9 Y-27.45 Z0 F1000
G01 X83.3 Y-27.45 Z0 F1000
G01 X83.25 Y-27.45 Z4.54902 F1000
G01 X83.2 Y-27.45 Z9.921569 F1000
G01 X83.15 Y-27.45 Z10 F1000
G01 X16.8 Y-27.45 Z10 F1000
G01 X16.75 Y-27.45 Z4.156863 F1000
G01 X16.7 Y-27.45 Z0 F1000
G01 X16.1 Y-27.45 Z0 F1000
G01 X16.05 Y-27.45 Z0.509804 F1000
G01 X16 Y-27.45 Z1.333333 F1000
G01 X15.95 Y-27.45 Z10 F1000
G01 X0.45 Y-27.45 Z10 F1000
G01 X0.45 Y-27.5 Z10 F1000
G01 X0.45 Y-27.55 Z10 F1000
G01 X0.45 Y-27.6 Z10 F1000
G01 X0.45 Y-27.65 Z10 F1000
G01 X0.45 Y-27.7 Z10 F1000
G01 X0.45 Y-27.75 Z10 F1000
G01 X0.45 Y-27.8 Z10 F1000
G01 X0.45 Y-27.85 Z10 F1000
G01 X0.45 Y-27.9 Z10 F1000
G01 X0.45 Y-27.95 Z10 F1000
G01 X0.45 Y-28 Z10 F1000
G01 X15.75 Y-28 Z10 F1000
G01 X15.8 Y-28 Z2.470588 F1000
G01 X15.85 Y-28 Z0.54902 F1000
G01 X15.95 Y-28 Z0.54902 F1000
G01 X16 Y-28 Z0.470588 F1000
G01 X16.05 Y-28 Z0.156863 F1000
G01 X16.1 Y-28 Z0 F1000
G01 X16.3 Y-28 Z0 F1000
G01 X16.35 Y-28 Z0.27451 F1000
G01 X16.4 Y-28 Z0.470588 F1000
G01 X16.5 Y-28 Z0.470588 F1000
G01 X16.55 Y-28 Z4.627451 F1000
G01 X16.6 Y-28 Z10 F1000
G01 X83.4 Y-28 Z10 F1000
G01 X83.45 Y-28 Z4.392157 F1000
G01 X83.5 Y-28 Z0.588235 F1000
G01 X83.55 Y-28 Z0.509804 F1000
G01 X83.6 Y-28 Z0.509804 F1000
G01 X83.65 Y-28 Z0.156863 F1000
G01 X83.7 Y-28 Z0 F1000
G01 X83.9 Y-28 Z0 F1000
G01 X83.95 Y-28 Z0.156863 F1000
G01 X84 Y-28 Z0.470588 F1000
G01 X84.15 Y-28 Z0.470588 F1000
G01 X84.2 Y-28 Z2.862745 F1000
G01 X84.25 Y-28 Z10 F1000
G01 X99.5 Y-28 Z10 F1000
G01 X99.5 Y-28.05 Z10 F1000
G01 X99.5 Y-28.1 Z10 F1000
G01 X99.5 Y-28.15 Z10 F1000
G01 X99.5 Y-28.2 Z10 F1000
G01 X99.5 Y-28.25 Z10 F1000
G01 X99.5 Y-28.3 Z10 F1000
G01 X99.5 Y-28.35 Z10 F1000
G01 X99.5 Y-28.4 Z10 F1000
G01 X99.5 Y-28.45 Z10 F1000
G01 X99.5 Y-28.5 Z10 F1000
G01 X99.5 Y-28.55 Z10 F1000
G01 X84.5 Y-28.55 Z10 F1000
G01 X84.45 Y-28.55 Z9.843137 F1000
G01 X84.4 Y-28.55 Z2.901961 F1000
G01 X84.35 Y-28.55 Z0.392157 F1000
G01 X84.3 Y-28.55 Z0 F1000
G01 X83.7 Y-28.55 Z0 F1000
G01 X83.65 Y-28.55 Z2.588235 F1000
G01 X83.6 Y-28.55 Z9.803922 F1000
G01 X83.55 Y-28.55 Z10 F1000
G01 X16.45 Y-28.55 Z10 F1000
G01 X16.4 Y-28.55 Z9.803922 F1000
G01 X16.35 Y-28.55 Z2.588235 F1000
G01 X16.3 Y-28.55 Z0.27451 F1000
G01 X16 Y-28.55 Z0.27451 F1000
G01 X15.95 Y-28.55 Z0.039216 F1000
G01 X15.9 Y-28.55 Z0 F1000
G01 X15.7 Y-28.55 Z0 F1000
G01 X15.65 Y-28.55 Z0.392157 F1000
G01 X15.6 Y-28.55 Z2.901961 F1000
G01 X15.55 Y-28.55 Z9.843137 F1000
G01 X15.5 Y-28.55 Z10 F1000
G01 X0.45 Y-28.55 Z10 F1000
G01 X0.45 Y-28.6 Z10 F1000
G01 X0.45 Y-28.65 Z10 F1000
G01 X0.45 Y-28.7 Z10 F1000
G01 X0.45 Y-28.75 Z10 F1000
G01 X0.45 Y-28.8 Z10 F1000
G01 X0.45 Y-28.85 Z10 F1000
G01 X0.45 Y-28.9 Z10 F1000
G01 X0.45 Y-28.95 Z10 F1000
G01 X0.45 Y-29 Z10 F1000
G01 X0.45 Y-29.05 Z10 F1000
G01 X0.45 Y-29.1 Z10 F1000
G01 X15.3 Y-29.1 Z10 F1000
G01 X15.35 Y-29.1 Z9.882353 F1000
G01 X15.4 Y-29.1 Z6.666667 F1000
G01 X15.45 Y-29.1 Z0.705882 F1000
G01 X15.5 Y-29.1 Z0.470588 F1000
G01 X15.6 Y-29.1 Z0.470588 F1000
G01 X15.65 Y-29.1 Z0.313725 F1000
G01 X15.7 Y-29.1 Z0 F1000
G01 X15.9 Y-29.1 Z0 F1000
G01 X15.95 Y-29.1 Z0.392157 F1000
G01 X16.1 Y-29.1 Z0.392157 F1000
G01 X16.15 Y-29.1 Z0.431373 F1000
G01 X16.2 Y-29.1 Z6.980392 F1000
G01 X16.25 Y-29.1 Z10 F1000
G01 X83.75 Y-29.1 Z10 F1000
G01 X83.8 Y-29.1 Z6.627451 F1000
G01 X83.85 Y-29.1 Z0.470588 F1000
G01 X83.9 Y-29.1 Z0.352941 F1000
G01 X84.05 Y-29.1 Z0.352941 F1000
G01 X84.1 Y-29.1 Z0 F1000
G01 X84.3 Y-29.1 Z0 F1000
G01 X84.35 Y-29.1 Z0.313725 F1000
G01 X84.4 Y-29.1 Z0.784314 F1000
G01 X84.55 Y-29.1 Z0.784314 F1000
G01 X84.6 Y-29.1 Z6.666667 F1000
G01 X84.65 Y-29.1 Z9.882353 F1000
G01 X84.7 Y-29.1 Z10 F1000
G01 X99.5 Y-29.1 Z10 F1000
G01 X99.5 Y-29.15 Z10 F1000
G01 X99.5 Y-29.2 Z10 F1000
G01 X99.5 Y-29.25 Z10 F1000
G01 X99.5 Y-29.3 Z10 F1000
G01 X99.5 Y-29.35 Z10 F1000
G01 X99.5 Y-29.4 Z10 F1000
G01 X99.5 Y-29.45 Z10 F1000
G01 X99.5 Y-29.5 Z10 F1000
G01 X99.5 Y-29.55 Z10 F1000
G01 X99.5 Y-29.6 Z10 F1000
G01 X99.5 Y-29.65 Z10 F1000
G01 X84.8 Y-29.65 Z10 F1000
G01 X84.75 Y-29.65 Z2.196078 F1000
G01 X84.7 Y-29.65 Z0.588235 F1000
G01 X84.55 Y-29.65 Z0.588235 F1000
G01 X84.5 Y-29.65 Z0.431373 F1000
G01 X84.4 Y-29.65 Z0.431373 F1000
G01 X84.35 Y-29.65 Z0 F1000
G01 X84.1 Y-29.65 Z0 F1000
G01 X84.05 Y-29.65 Z0.431373 F1000
G01 X84 Y-29.65 Z0.470588 F1000
G01 X83.95 Y-29.65 Z9.686275 F1000
G01 X83.9 Y-29.65 Z10 F1000
G01 X16.05 Y-29.65 Z10 F1000
G01 X16 Y-29.65 Z0.627451 F1000
G01 X15.95 Y-29.65 Z0.627451 F1000
G01 X15.9 Y-29.65 Z0 F1000
G01 X15.7 Y-29.65 Z0 F1000
G01 X15.65 Y-29.65 Z0.117647 F1000
G01 X15.55 Y-29.65 Z0.117647 F1000
G01 X15.5 Y-29.65 Z0.235294 F1000
G01 X15.3 Y-29.65 Z0.235294 F1000
G01 X15.25 Y-29.65 Z2.196078 F1000
G01 X15.2 Y-29.65 Z10 F1000
G01 X0.45 Y-29.65 Z10 F1000
G01 X0.45 Y-29.7 Z10 F1000
G01 X0.45 Y-29.75 Z10 F1000
G01 X0.45 Y-29.8 Z10 F1000
G01 X0.45 Y-29.85 Z10 F1000
G01 X0.45 Y-29.9 Z10 F1000
G01 X0.45 Y-29.95 Z10 F1000
G01 X0.45 Y-30 Z10 F1000
G01 X0.45 Y-30.05 Z10 F1000
G01 X0.45 Y-30.1 Z10 F1000
G01 X0.45 Y-30.15 Z10 F1000
G01 X0.45 Y-30.2 Z10 F1000
G01 X15 Y-30.2 Z10 F1000
G01 X15.05 Y-30.2 Z9.921569 F1000
G01 X15.1 Y-30.2 Z0.666667 F1000
G01 X15.15 Y-30.2 Z0.666667 F1000
G01 X15.2 Y-30.2 Z0.54902 F1000
G01 X15.25 Y-30.2 Z0.27451 F1000
G01 X15.3 Y-30.2 Z0 F1000
G01 X15.5 Y-30.2 Z0 F1000
G01 X15.55 Y-30.2 Z0.313725 F1000
G01 X15.6 Y-30.2 Z0.313725 F1000
G01 X15.65 Y-30.2 Z0.627451 F1000
G01 X15.8 Y-30.2 Z0.627451 F1000
G01 X15.85 Y-30.2 Z2.117647 F1000
G01 X15.9 Y-30.2 Z10 F1000
G01 X84.1 Y-30.2 Z10 F1000
G01 X84.15 Y-30.2 Z2.078431 F1000
G01 X84.2 Y-30.2 Z0.666667 F1000
G01 X84.3 Y-30.2 Z0.666667 F1000
G01 X84.35 Y-30.2 Z0.431373 F1000
G01 X84.4 Y-30.2 Z0.431373 F1000
G01 X84.45 Y-30.2 Z0.313725 F1000
G01 X84.5 Y-30.2 Z0 F1000
G01 X84.7 Y-30.2 Z0 F1000
G01 X84.75 Y-30.2 Z0.509804 F1000
G01 X84.8 Y-30.2 Z0.823529 F1000
G01 X84.9 Y-30.2 Z0.823529 F1000
G01 X84.95 Y-30.2 Z9.568627 F1000
G01 X85 Y-30.2 Z10 F1000
G01 X99.5 Y-30.2 Z10 F1000
G01 X99.5 Y-30.25 Z10 F1000
G01 X99.5 Y-30.3 Z10 F1000
G01 X99.5 Y-30.35 Z10 F1000
G01 X99.5 Y-30.4 Z10 F1000
G01 X99.5 Y-30.45 Z10 F1000
G01 X99.5 Y-30.5 Z10 F1000
G01 X99.5 Y-30.55 Z10 F1000
G01 X99.5 Y-30.6 Z10 F1000
G01 X99.5 Y-30.65 Z10 F1000
G01 X99.5 Y-30.7 Z10 F1000
G01 X99.5 Y-30.75 Z10 F1000
G01 X85.15 Y-30.75 Z10 F1000
G01 X85.1 Y-30.75 Z8.823529 F1000
G01 X85.05 Y-30.75 Z0.431373 F1000
G01 X84.75 Y-30.75 Z0.431373 F1000
G01 X84.7 Y-30.75 Z0 F1000
G01 X84.5 Y-30.75 Z0 F1000
G01 X84.45 Y-30.75 Z0.313725 F1000
G01 X84.4 Y-30.75 Z0.431373 F1000
G01 X84.35 Y-30.75 Z0.431373 F1000
G01 X84.3 Y-30.75 Z2.862745 F1000
G01 X84.25 Y-30.75 Z9.960784 F1000
G01 X84.2 Y-30.75 Z10 F1000
G01 X15.8 Y-30.75 Z10 F1000
G01 X15.75 Y-30.75 Z9.960784 F1000
G01 X15.7 Y-30.75 Z2.862745 F1000
G01 X15.65 Y-30.75 Z0.627451 F1000
G01 X15.6 Y-30.75 Z0.627451 F1000
G01 X15.55 Y-30.75 Z0.509804 F1000
G01 X15.5 Y-30.75 Z0 F1000
G01 X15.3 Y-30.75 Z0 F1000
G01 X15.25 Y-30.75 Z0.078431 F1000
G01 X15.2 Y-30.75 Z0.54902 F1000
G01 X14.95 Y-30.75 Z0.54902 F1000
G01 X14.9 Y-30.75 Z8.705882 F1000
G01 X14.85 Y-30.75 Z10 F1000
G01 X0.45 Y-30.75 Z10 F1000
G01 X0.45 Y-30.8 Z10 F1000
G01 X0.45 Y-30.85 Z10 F1000
G01 X0.45 Y-30.9 Z10 F1000
G01 X0.45 Y-30.95 Z10 F1000
G01 X0.45 Y-31 Z10 F1000
G01 X0.45 Y-31.05 Z10 F1000
G01 X0.45 Y-31.1 Z10 F1000
G01 X0.45 Y-31.15 Z10 F1000
G01 X0.45 Y-31.2 Z10 F1000
G01 X0.45 Y-31.25 Z10 F1000
G01 X0.45 Y-31.3 Z10 F1000
G01 X14.7 Y-31.3 Z10 F1000
G01 X14.75 Y-31.3 Z9.803922 F1000
G01 X14.8 Y-31.3 Z0.509804 F1000
G01 X14.85 Y-31.3 Z0.196078 F1000
G01 X14.9 Y-31.3 Z0 F1000
G01 X15.5 Y-31.3 Z0 F1000
G01 X15.55 Y-31.3 Z0.509804 F1000
G01 X15.6 Y-31.3 Z8.470588 F1000
G01 X15.65 Y-31.3 Z9.960784 F1000
G01 X15.7 Y-31.3 Z10 F1000
G01 X84.3 Y-31.3 Z10 F1000
G01 X84.35 Y-31.3 Z9.960784 F1000
G01 X84.4 Y-31.3 Z8.470588 F1000
G01 X84.45 Y-31.3 Z0.313725 F1000
G01 X84.5 Y-31.3 Z0 F1000
G01 X85.1 Y-31.3 Z0 F1000
G01 X85.15 Y-31.3 Z0.431373 F1000
G01 X85.2 Y-31.3 Z0.509804 F1000
G01 X85.25 Y-31.3 Z9.803922 F1000
G01 X85.3 Y-31.3 Z10 F1000
G01 X99.5 Y-31.3 Z10 F1000
G01 X99.5 Y-31.35 Z10 F1000
G01 X99.5 Y-31.4 Z10 F1000
G01 X99.5 Y-31.45 Z10 F1000
G01 X99.5 Y-31.5 Z10 F1000
G01 X99.5 Y-31.55 Z10 F1000
G01 X99.5 Y-31.6 Z10 F1000
G01 X99.5 Y-31.65 Z10 F1000
G01 X99.5 Y-31.7 Z10 F1000
G01 X99.5 Y-31.75 Z10 F1000
G01 X99.5 Y-31.8 Z10 F1000
G01 X99.5 Y-31.85 Z10 F1000
G01 X85.45 Y-31.85 Z10 F1000
G01 X85.4 Y-31.85 Z9.686275 F1000
G01 X85.35 Y-31.85 Z2.431373 F1000
G01 X85.3 Y-31.85 Z0.509804 F1000
G01 X85.2 Y-31.85 Z0.509804 F1000
G01 X85.15 Y-31.85 Z0.431373 F1000
G01 X85.1 Y-31.85 Z0 F1000
G01 X84.9 Y-31.85 Z0 F1000
G01 X84.85 Y-31.85 Z0.156863 F1000
G01 X84.8 Y-31.85 Z0.235294 F1000
G01 X84.75 Y-31.85 Z0.313725 F1000
G01 X84.65 Y-31.85 Z0.313725 F1000
G01 X84.6 Y-31.85 Z0.470588 F1000
G01 X84.55 Y-31.85 Z4.54902 F1000
G01 X84.5 Y-31.85 Z10 F1000
G01 X15.5 Y-31.85 Z10 F1000
G01 X15.45 Y-31.85 Z4.745098 F1000
G01 X15.4 Y-31.85 Z0.313725 F1000
G01 X15.3 Y-31.85 Z0.313725 F1000
G01 X15.25 Y-31.85 Z0.156863 F1000
G01 X15.15 Y-31.85 Z0.156863 F1000
G01 X15.1 Y-31.85 Z0 F1000
G01 X14.9 Y-31.85 Z0 F1000
G01 X14.85 Y-31.85 Z0.196078 F1000
G01 X14.8 Y-31.85 Z0.27451 F1000
G01 X14.75 Y-31.85 Z0.313725 F1000
G01 X14.7 Y-31.85 Z0.431373 F1000
G01 X14.65 Y-31.85 Z2.313725 F1000
G01 X14.6 Y-31.85 Z10 F1000
G01 X0.45 Y-31.85 Z10 F1000
G01 X0.45 Y-31.9 Z10 F1000
G01 X0.45 Y-31.95 Z10 F1000
G01 X0.45 Y-32 Z10 F1000
G01 X0.45 Y-32.05 Z10 F1000
G01 X0.45 Y-32.1 Z10 F1000
G01 X0.45 Y-32.15 Z10 F1000
G01 X0.45 Y-32.2 Z10 F1000
G01 X0.45 Y-32.25 Z10 F1000
G01 X0.45 Y-32.3 Z10 F1000
G01 X0.45 Y-32.35 Z10 F1000
G01 X0.45 Y-32.4 Z10 F1000
G01 X14.45 Y-32.4 Z10 F1000
G01 X14.5 Y-32.4 Z6.705882 F1000
G01 X14.55 Y-32.4 Z0.627451 F1000
G01 X14.6 Y-32.4 Z0.313725 F1000
G01 X14.65 Y-32.4 Z0.27451 F1000
G01 X14.8 Y-32.4 Z0.27451 F1000
G01 X14.85 Y-32.4 Z0.117647 F1000
G01 X14.9 Y-32.4 Z0 F1000
G01 X15.1 Y-32.4 Z0 F1000
G01 X15.15 Y-32.4 Z0.27451 F1000
G01 X15.2 Y-32.4 Z0.54902 F1000
G01 X15.3 Y-32.4 Z0.54902 F1000
G01 X15.35 Y-32.4 Z8.627451 F1000
G01 X15.4 Y-32.4 Z10 F1000
G01 X84.6 Y-32.4 Z10 F1000
G01 X84.65 Y-32.4 Z8.196078 F1000
G01 X84.7 Y-32.4 Z0.901961 F1000
G01 X84.75 Y-32.4 Z0.470588 F1000
G01 X84.85 Y-32.4 Z0.470588 F1000
G01 X84.9 Y-32.4 Z0 F1000
G01 X85.1 Y-32.4 Z0 F1000
G01 X85.15 Y-32.4 Z0.117647 F1000
G01 X85.2 Y-32.4 Z0.27451 F1000
G01 X85.25 Y-32.4 Z0.313725 F1000
G01 X85.4 Y-32.4 Z0.313725 F1000
G01 X85.45 Y-32.4 Z0.627451 F1000
G01 X85.5 Y-32.4 Z6.627451 F1000
G01 X85.55 Y-32.4 Z10 F1000
G01 X99.5 Y-32.4 Z10 F1000
G01 X99.5 Y-32.45 Z10 F1000
G01 X99.5 Y-32.5 Z10 F1000
G01 X99.5 Y-32.55 Z10 F1000
G01 X99.5 Y-32.6 Z10 F1000
G01 X99.5 Y-32.65 Z10 F1000
G01 X99.5 Y-32.7 Z10 F1000
G01 X99.5 Y-32.75 Z10 F1000
G01 X99.5 Y-32.8 Z10 F1000
G01 X99.5 Y-32.85 Z10 F1000
G01 X99.5 Y-32.9 Z10 F1000
G01 X99.5 Y-32.95 Z10 F1000
G01 X85.65 Y-32.95 Z10 F1000
G01 X85.6 Y-32.95 Z3.803922 F1000
G01 X85.55 Y-32.95 Z0.470588 F1000
G01 X85.5 Y-32.95 Z0 F1000
G01 X84.9 Y-32.95 Z0 F1000
G01 X84.85 Y-32.95 Z0.470588 F1000
G01 X84.8 Y-32.95 Z0.588235 F1000
G01 X84.75 Y-32.95 Z9.45098 F1000
G01 X84.7 Y-32.95 Z10 F1000
G01 X15.3 Y-32.95 Z10 F1000
G01 X15.25 Y-32.95 Z9.45098 F1000
G01 X15.2 Y-32.95 Z0.588235 F1000
G01 X15.15 Y-32.95 Z0.313725 F1000
G01 X15.1 Y-32.95 Z0 F1000
G01 X14.5 Y-32.95 Z0 F1000
G01 X14.45 Y-32.95 Z0.627451 F1000
G01 X14.4 Y-32.95 Z3.254902 F1000
G01 X14.35 Y-32.95 Z9.921569 F1000
G01 X14.3 Y-32.95 Z10 F1000
G01 X0.45 Y-32.95 Z10 F1000
G01 X0.45 Y-33 Z10 F1000
G01 X0.45 Y-33.05 Z10 F1000
G01 X0.45 Y-33.1 Z10 F1000
G01 X0.45 Y-33.15 Z10 F1000
G01 X0.45 Y-33.2 Z10 F1000
G01 X0.45 Y-33.25 Z10 F1000
G01 X0.45 Y-33.3 Z10 F1000
G01 X0.45 Y-33.35 Z10 F1000
G01 X0.45 Y-33.4 Z10 F1000
G01 X0.45 Y-33.45 Z10 F1000
G01 X0.45 Y-33.5 Z10 F1000
G01 X14.25 Y-33.5 Z10 F1000
G01 X14.3 Y-33.5 Z1.72549 F1000
G01 X14.35 Y-33.5 Z0.431373 F1000
G01 X14.4 Y-33.5 Z0.431373 F1000
G01 X14.45 Y-33.5 Z0.352941 F1000
G01 X14.5 Y-33.5 Z0 F1000
G01 X15.1 Y-33.5 Z0 F1000
G01 X15.15 Y-33.5 Z10 F1000
G01 X84.85 Y-33.5 Z10 F1000
G01 X84.9 Y-33.5 Z0 F1000
G01 X85.5 Y-33.5 Z0 F1000
G01 X85.55 Y-33.5 Z0.27451 F1000
G01 X85.6 Y-33.5 Z0.431373 F1000
G01 X85.65 Y-33.5 Z0.431373 F1000
G01 X85.7 Y-33.5 Z2.666667 F1000
G01 X85.75 Y-33.5 Z10 F1000
G01 X99.5 Y-33.5 Z10 F1000
G01 X99.5 Y-33.55 Z10 F1000
G01 X99.5 Y-33.6 Z10 F1000
G01 X99.5 Y-33.65 Z10 F1000
G01 X99.5 Y-33.7 Z10 F1000
G01 X99.5 Y-33.75 Z10 F1000
G01 X99.5 Y-33.8 Z10 F1000
G01 X99.5 Y-33.85 Z10 F1000
G01 X99.5 Y-33.9 Z10 F1000
G01 X99.5 Y-33.95 Z10 F1000
G01 X99.5 Y-34 Z10 F1000
G01 X99.5 Y-34.05 Z10 F1000
G01 X85.85 Y-34.05 Z10 F1000
G01 X85.8 Y-34.05 Z0.509804 F1000
G01 X85.75 Y-34.05 Z0.509804 F1000
G01 X85.7 Y-34.05 Z0.431373 F1000
G01 X85.6 Y-34.05 Z0.431373 F1000
G01 X85.55 Y-34.05 Z0.27451 F1000
G01 X85.5 Y-34.05 Z0 F1000
G01 X85.3 Y-34.05 Z0 F1000
G01 X85.25 Y-34.05 Z0.235294 F1000
G01 X85.2 Y-34.05 Z0.666667 F1000
G01 X85 Y-34.05 Z0.666667 F1000
G01 X84.95 Y-34.05 Z9.490196 F1000
G01 X84.9 Y-34.05 Z10 F1000
G01 X15.1 Y-34.05 Z10 F1000
G01 X15.05 Y-34.05 Z9.411765 F1000
G01 X15 Y-34.05 Z0.509804 F1000
G01 X14.85 Y-34.05 Z0.509804 F1000
G01 X14.8 Y-34.05 Z0.352941 F1000
G01 X14.75 Y-34.05 Z0.235294 F1000
G01 X14.7 Y-34.05 Z0 F1000
G01 X14.5 Y-34.05 Z0 F1000
G01 X14.45 Y-34.05 Z0.352941 F1000
G01 X14.4 Y-34.05 Z0.431373 F1000
G01 X14.3 Y-34.05 Z0.431373 F1000
G01 X14.25 Y-34.05 Z0.509804 F1000
G01 X14.2 Y-34.05 Z0.509804 F1000
G01 X14.15 Y-34.05 Z10 F1000
G01 X0.45 Y-34.05 Z10 F1000
G01 X0.45 Y-34.1 Z10 F1000
G01 X0.45 Y-34.15 Z10 F1000
G01 X0.45 Y-34.2 Z10 F1000
G01 X0.45 Y-34.25 Z10 F1000
G01 X0.45 Y-34.3 Z10 F1000
G01 X0.45 Y-34.35 Z10 F1000
G01 X0.45 Y-34.4 Z10 F1000
G01 X0.45 Y-34.45 Z10 F1000
G01 X0.45 Y-34.5 Z10 F1000
G01 X0.45 Y-34.55 Z10 F1000
G01 X0.45 Y-34.6 Z10 F1000
G01 X14.05 Y-34.6 Z10 F1000
G01 X14.1 Y-34.6 Z2.980392 F1000
G01 X14.15 Y-34.6 Z0.431373 F1000
G01 X14.2 Y-34.6 Z0.352941 F1000
G01 X14.25 Y-34.6 Z0.313725 F1000
G01 X14.4 Y-34.6 Z0.313725 F1000
G01 X14.45 Y-34.6 Z0.27451 F1000
G01 X14.5 Y-34.6 Z0 F1000
G01 X14.7 Y-34.6 Z0 F1000
G01 X14.75 Y-34.6 Z0.352941 F1000
G01 X14.8 Y-34.6 Z0.431373 F1000
G01 X14.85 Y-34.6 Z0.509804 F1000
G01 X14.9 Y-34.6 Z0.509804 F1000
G01 X14.95 Y-34.6 Z5.254902 F1000
G01 X15 Y-34.6 Z9.960784 F1000
G01 X15.05 Y-34.6 Z10 F1000
G01 X85 Y-34.6 Z10 F1000
G01 X85.05 Y-34.6 Z5.137255 F1000
G01 X85.1 Y-34.6 Z0.666667 F1000
G01 X85.2 Y-34.6 Z0.666667 F1000
G01 X85.25 Y-34.6 Z0.431373 F1000
G01 X85.3 Y-34.6 Z0 F1000
G01 X85.5 Y-34.6 Z0 F1000
G01 X85.55 Y-34.6 Z0.27451 F1000
G01 X85.6 Y-34.6 Z0.313725 F1000
G01 X85.75 Y-34.6 Z0.313725 F1000
G01 X85.8 Y-34.6 Z0.352941 F1000
G01 X85.85 Y-34.6 Z0.431373 F1000
G01 X85.9 Y-34.6 Z2.980392 F1000
G01 X85.95 Y-34.6 Z10 F1000
G01 X99.5 Y-34.6 Z10 F1000
G01 X99.5 Y-34.65 Z10 F1000
G01 X99.5 Y-34.7 Z10 F1000
G01 X99.5 Y-34.75 Z10 F1000
G01 X99.5 Y-34.8 Z10 F1000
G01 X99.5 Y-34.85 Z10 F1000
G01 X99.5 Y-34.9 Z10 F1000
G01 X99.5 Y-34.95 Z10 F1000
G01 X99.5 Y-35 Z10 F1000
G01 X99.5 Y-35.05 Z10 F1000
G01 X99.5 Y-35.1 Z10 F1000
G01 X99.5 Y-35.15 Z10 F1000
G01 X86.05 Y-35.15 Z10 F1000
G01 X86 Y-35.15 Z6.666667 F1000
G01 X85.95 Y-35.15 Z0.392157 F1000
G01 X85.9 Y-35.15 Z0 F1000
G01 X85.3 Y-35.15 Z0 F1000
G01 X85.25 Y-35.15 Z0.352941 F1000
G01 X85.2 Y-35.15 Z0.666667 F1000
G01 X85.15 Y-35.15 Z0.666667 F1000
G01 X85.1 Y-35.15 Z9.764706 F1000
G01 X85.05 Y-35.15 Z10 F1000
G01 X14.95 Y-35.15 Z10 F1000
G01 X14.9 Y-35.15 Z9.843137 F1000
G01 X14.85 Y-35.15 Z0.431373 F1000
G01 X14.8 Y-35.15 Z0.431373 F1000
G01 X14.75 Y-35.15 Z0.352941 F1000
G01 X14.7 Y-35.15 Z0 F1000
G01 X14.1 Y-35.15 Z0 F1000
G01 X14.05 Y-35.15 Z0.392157 F1000
G01 X14 Y-35.15 Z6.352941 F1000
G01 X13.95 Y-35.15 Z10 F1000
G01 X0.45 Y-35.15 Z10 F1000
G01 X0.45 Y-35.2 Z10 F1000
G01 X0.45 Y-35.25 Z10 F1000
G01 X0.45 Y-35.3 Z10 F1000
G01 X0.45 Y-35.35 Z10 F1000
G01 X0.45 Y-35.4 Z10 F1000
G01 X0.45 Y-35.45 Z10 F1000
G01 X0.45 Y-35.5 Z10 F1000
G01 X0.45 Y-35.55 Z10 F1000
G01 X0.45 Y-35.6 Z10 F1000
G01 X0.45 Y-35.65 Z10 F1000
G01 X0.45 Y-35.7 Z10 F1000
G01 X13.85 Y-35.7 Z10 F1000
G01 X13.9 Y-35.7 Z9.843137 F1000
G01 X13.95 Y-35.7 Z0.431373 F1000
G01 X14 Y-35.7 Z0.352941 F1000
G01 X14.05 Y-35.7 Z0.352941 F1000
G01 X14.1 Y-35.7 Z0 F1000
G01 X14.7 Y-35.7 Z0 F1000
G01 X14.75 Y-35.7 Z0.431373 F1000
G01 X14.8 Y-35.7 Z3.490196 F1000
G01 X14.85 Y-35.7 Z10 F1000
G01 X85.15 Y-35.7 Z10 F1000
G01 X85.2 Y-35.7 Z3.490196 F1000
G01 X85.25 Y-35.7 Z0.431373 F1000
G01 X85.3 Y-35.7 Z0 F1000
G01 X85.9 Y-35.7 Z0 F1000
G01 X85.95 Y-35.7 Z0.431373 F1000
G01 X86 Y-35.7 Z0.470588 F1000
G01 X86.05 Y-35.7 Z1.921569 F1000
G01 X86.1 Y-35.7 Z10 F1000
G01 X99.5 Y-35.7 Z10 F1000
G01 X99.5 Y-35.75 Z10 F1000
G01 X99.5 Y-35.8 Z10 F1000
G01 X99.5 Y-35.85 Z10 F1000
G01 X99.5 Y-35.9 Z10 F1000
G01 X99.5 Y-35.95 Z10 F1000
G01 X99.5 Y-36 Z10 F1000
G01 X99.5 Y-36.05 Z10 F1000
G01 X99.5 Y-36.1 Z10 F1000
G01 X99.5 Y-36.15 Z10 F1000
G01 X99.5 Y-36.2 Z10 F1000
G01 X99.5 Y-36.25 Z10 F1000
G01 X86.2 Y-36.25 Z10 F1000
G01 X86.15 Y-36.25 Z8.156863 F1000
G01 X86.1 Y-36.25 Z0.627451 F1000
G01 X86 Y-36.25 Z0.627451 F1000
G01 X85.95 Y-36.25 Z0.431373 F1000
G01 X85.9 Y-36.25 Z0 F1000
G01 X85.3 Y-36.25 Z0 F1000
G01 X85.25 Y-36.25 Z4.313725 F1000
G01 X85.2 Y-36.25 Z10 F1000
G01 X14.8 Y-36.25 Z10 F1000
G01 X14.75 Y-36.25 Z4.862745 F1000
G01 X14.7 Y-36.25 Z0 F1000
G01 X14.1 Y-36.25 Z0 F1000
G01 X14.05 Y-36.25 Z0.431373 F1000
G01 X14 Y-36.25 Z0.627451 F1000
G01 X13.9 Y-36.25 Z0.627451 F1000
G01 X13.85 Y-36.25 Z8.039216 F1000
G01 X13.8 Y-36.25 Z10 F1000
G01 X0.45 Y-36.25 Z10 F1000
G01 X0.45 Y-36.3 Z10 F1000
G01 X0.45 Y-36.35 Z10 F1000
G01 X0.45 Y-36.4 Z10 F1000
G01 X0.45 Y-36.45 Z10 F1000
G01 X0.45 Y-36.5 Z10 F1000
G01 X0.45 Y-36.55 Z10 F1000
G01 X0.45 Y-36.6 Z10 F1000
G01 X0.45 Y-36.65 Z10 F1000
G01 X0.45 Y-36.7 Z10 F1000
G01 X0.45 Y-36.75 Z10 F1000
G01 X0.45 Y-36.8 Z10 F1000
G01 X13.75 Y-36.8 Z10 F1000
G01 X13.8 Y-36.8 Z6.078431 F1000
G01 X13.85 Y-36.8 Z0.784314 F1000
G01 X14 Y-36.8 Z0.784314 F1000
G01 X14.05 Y-36.8 Z0.431373 F1000
G01 X14.1 Y-36.8 Z0 F1000
G01 X14.3 Y-36.8 Z0 F1000
G01 X14.35 Y-36.8 Z0.196078 F1000
G01 X14.4 Y-36.8 Z0.196078 F1000
G01 X14.45 Y-36.8 Z0.54902 F1000
G01 X14.65 Y-36.8 Z0.54902 F1000
G01 X14.7 Y-36.8 Z4.627451 F1000
G01 X14.75 Y-36.8 Z10 F1000
G01 X85.25 Y-36.8 Z10 F1000
G01 X85.3 Y-36.8 Z4.666667 F1000
G01 X85.35 Y-36.8 Z0.313725 F1000
G01 X85.55 Y-36.8 Z0.313725 F1000
G01 X85.6 Y-36.8 Z0.196078 F1000
G01 X85.65 Y-36.8 Z0.196078 F1000
G01 X85.7 Y-36.8 Z0 F1000
G01 X85.9 Y-36.8 Z0 F1000
G01 X85.95 Y-36.8 Z0.431373 F1000
G01 X86 Y-36.8 Z0.627451 F1000
G01 X86.15 Y-36.8 Z0.627451 F1000
G01 X86.2 Y-36.8 Z6.627451 F1000
G01 X86.25 Y-36.8 Z10 F1000
G01 X99.5 Y-36.8 Z10 F1000
G01 X99.5 Y-36.85 Z10 F1000
G01 X99.5 Y-36.9 Z10 F1000
G01 X99.5 Y-36.95 Z10 F1000
G01 X99.5 Y-37 Z10 F1000
G01 X99.5 Y-37.05 Z10 F1000
G01 X99.5 Y-37.1 Z10 F1000
G01 X99.5 Y-37.15 Z10 F1000
G01 X99.5 Y-37.2 Z10 F1000
G01 X99.5 Y-37.25 Z10 F1000
G01 X99.5 Y-37.3 Z10 F1000
G01 X99.5 Y-37.35 Z10 F1000
G01 X86.3 Y-37.35 Z10 F1000
G01 X86.25 Y-37.35 Z6.313725 F1000
G01 X86.2 Y-37.35 Z0.431373 F1000
G01 X86.15 Y-37.35 Z0.392157 F1000
G01 X86.05 Y-37.35 Z0.392157 F1000
G01 X86 Y-37.35 Z0.352941 F1000
G01 X85.95 Y-37.35 Z0.235294 F1000
G01 X85.9 Y-37.35 Z0 F1000
G01 X85.7 Y-37.35 Z0 F1000
G01 X85.65 Y-37.35 Z0.196078 F1000
G01 X85.6 Y-37.35 Z0.470588 F1000
G01 X85.4 Y-37.35 Z0.470588 F1000
G01 X85.35 Y-37.35 Z2.078431 F1000
G01 X85.3 Y-37.35 Z10 F1000
G01 X14.7 Y-37.35 Z10 F1000
G01 X14.65 Y-37.35 Z2.078431 F1000
G01 X14.6 Y-37.35 Z0.54902 F1000
G01 X14.45 Y-37.35 Z0.54902 F1000
G01 X14.4 Y-37.35 Z0.392157 F1000
G01 X14.35 Y-37.35 Z0.392157 F1000
G01 X14.3 Y-37.35 Z0 F1000
G01 X14.1 Y-37.35 Z0 F1000
G01 X14.05 Y-37.35 Z0.313725 F1000
G01 X14 Y-37.35 Z0.784314 F1000
G01 X13.8 Y-37.35 Z0.784314 F1000
G01 X13.75 Y-37.35 Z6.784314 F1000
G01 X13.7 Y-37.35 Z10 F1000
G01 X0.45 Y-37.35 Z10 F1000
G01 X0.45 Y-37.4 Z10 F1000
G01 X0.45 Y-37.45 Z10 F1000
G01 X0.45 Y-37.5 Z10 F1000
G01 X0.45 Y-37.55 Z10 F1000
G01 X0.45 Y-37.6 Z10 F1000
G01 X0.45 Y-37.65 Z10 F1000
G01 X0.45 Y-37.7 Z10 F1000
G01 X0.45 Y-37.75 Z10 F1000
G01 X0.45 Y-37.8 Z10 F1000
G01 X0.45 Y-37.85 Z10 F1000
G01 X0.45 Y-37.9 Z10 F1000
G01 X13.65 Y-37.9 Z10 F1000
G01 X13.7 Y-37.9 Z8.156863 F1000
G01 X13.75 Y-37.9 Z0.588235 F1000
G01 X13.8 Y-37.9 Z0.392157 F1000
G01 X13.95 Y-37.9 Z0.392157 F1000
G01 X14 Y-37.9 Z0.27451 F1000
G01 X14.05 Y-37.9 Z0.196078 F1000
G01 X14.1 Y-37.9 Z0 F1000
G01 X14.3 Y-37.9 Z0 F1000
G01 X14.35 Y-37.9 Z0.196078 F1000
G01 X14.4 Y-37.9 Z0.352941 F1000
G01 X14.45 Y-37.9 Z0.352941 F1000
G01 X14.5 Y-37.9 Z0.431373 F1000
G01 X14.6 Y-37.9 Z0.431373 F1000
G01 X14.65 Y-37.9 Z8.54902 F1000
G01 X14.7 Y-37.9 Z10 F1000
G01 X85.3 Y-37.9 Z10 F1000
G01 X85.35 Y-37.9 Z7.098039 F1000
G01 X85.4 Y-37.9 Z0.470588 F1000
G01 X85.6 Y-37.9 Z0.470588 F1000
G01 X85.65 Y-37.9 Z0.117647 F1000
G01 X85.7 Y-37.9 Z0 F1000
G01 X85.9 Y-37.9 Z0 F1000
G01 X85.95 Y-37.9 Z0.196078 F1000
G01 X86 Y-37.9 Z0.352941 F1000
G01 X86.05 Y-37.9 Z0.392157 F1000
G01 X86.25 Y-37.9 Z0.392157 F1000
G01 X86.3 Y-37.9 Z8.156863 F1000
G01 X86.35 Y-37.9 Z10 F1000
G01 X99.5 Y-37.9 Z10 F1000
G01 X99.5 Y-37.95 Z10 F1000
G01 X99.5 Y-38 Z10 F1000
G01 X99.5 Y-38.05 Z10 F1000
G01 X99.5 Y-38.1 Z10 F1000
G01 X99.5 Y-38.15 Z10 F1000
G01 X99.5 Y-38.2 Z10 F1000
G01 X99.5 Y-38.25 Z10 F1000
G01 X99.5 Y-38.3 Z10 F1000
G01 X99.5 Y-38.35 Z10 F1000
G01 X99.5 Y-38.4 Z10 F1000
G01 X99.5 Y-38.45 Z10 F1000
G01 X86.35 Y-38.45 Z10 F1000
G01 X86.3 Y-38.45 Z0.392157 F1000
G01 X86.05 Y-38.45 Z0.392157 F1000
G01 X86 Y-38.45 Z0 F1000
G01 X85.7 Y-38.45 Z0 F1000
G01 X85.65 Y-38.45 Z0.156863 F1000
G01 X85.6 Y-38.45 Z0.313725 F1000
G01 X85.55 Y-38.45 Z0.54902 F1000
G01 X85.45 Y-38.45 Z0.54902 F1000
G01 X85.4 Y-38.45 Z2.784314 F1000
G01 X85.35 Y-38.45 Z10 F1000
G01 X14.65 Y-38.45 Z10 F1000
G01 X14.6 Y-38.45 Z2.784314 F1000
G01 X14.55 Y-38.45 Z0.54902 F1000
G01 X14.45 Y-38.45 Z0.54902 F1000
G01 X14.4 Y-38.45 Z0.313725 F1000
G01 X14.35 Y-38.45 Z0.196078 F1000
G01 X14.3 Y-38.45 Z0 F1000
G01 X14.1 Y-38.45 Z0 F1000
G01 X14.05 Y-38.45 Z0.078431 F1000
G01 X14 Y-38.45 Z0.078431 F1000
G01 X13.95 Y-38.45 Z0.156863 F1000
G01 X13.7 Y-38.45 Z0.156863 F1000
G01 X13.65 Y-38.45 Z10 F1000
G01 X0.45 Y-38.45 Z10 F1000
G01 X0.45 Y-38.5 Z10 F1000
G01 X0.45 Y-38.55 Z10 F1000
G01 X0.45 Y-38.6 Z10 F1000
G01 X0.45 Y-38.65 Z10 F1000
G01 X0.45 Y-38.7 Z10 F1000
G01 X0.45 Y-38.75 Z10 F1000
G01 X0.45 Y-38.8 Z10 F1000
G01 X0.45 Y-38.85 Z10 F1000
G01 X0.45 Y-38.9 Z10 F1000
G01 X0.45 Y-38.95 Z10 F1000
G01 X0.45 Y-39 Z10 F1000
G01 X13.6 Y-39 Z10 F1000
G01 X13.65 Y-39 Z6.823529 F1000
G01 X13.7 Y-39 Z0 F1000
G01 X14.3 Y-39 Z0 F1000
G01 X14.35 Y-39 Z0.235294 F1000
G01 X14.4 Y-39 Z0.313725 F1000
G01 X14.45 Y-39 Z0.745098 F1000
G01 X14.55 Y-39 Z0.745098 F1000
G01 X14.6 Y-39 Z4.745098 F1000
G01 X14.65 Y-39 Z10 F1000
G01 X85.35 Y-39 Z10 F1000
G01 X85.4 Y-39 Z4.980392 F1000
G01 X85.45 Y-39 Z0.745098 F1000
G01 X85.55 Y-39 Z0.745098 F1000
G01 X85.6 Y-39 Z0.352941 F1000
G01 X85.65 Y-39 Z0.352941 F1000
G01 X85.7 Y-39 Z0 F1000
G01 X86.3 Y-39 Z0 F1000
G01 X86.35 Y-39 Z6.823529 F1000
G01 X86.4 Y-39 Z10 F1000
G01 X99.5 Y-39 Z10 F1000
G01 X99.5 Y-39.05 Z10 F1000
G01 X99.5 Y-39.1 Z10 F1000
G01 X99.5 Y-39.15 Z10 F1000
G01 X99.5 Y-39.2 Z10 F1000
G01 X99.5 Y-39.25 Z10 F1000
G01 X99.5 Y-39.3 Z10 F1000
G01 X99.5 Y-39.35 Z10 F1000
G01 X99.5 Y-39.4 Z10 F1000
G01 X99.5 Y-39.45 Z10 F1000
G01 X99.5 Y-39.5 Z10 F1000
G01 X99.5 Y-39.55 Z10 F1000
G01 X86.4 Y-39.55 Z10 F1000
G01 X86.35 Y-39.55 Z2.745098 F1000
G01 X86.3 Y-39.55 Z0 F1000
G01 X85.7 Y-39.55 Z0 F1000
G01 X85.65 Y-39.55 Z0.352941 F1000
G01 X85.6 Y-39.55 Z0.352941 F1000
G01 X85.55 Y-39.55 Z0.54902 F1000
G01 X85.5 Y-39.55 Z0.54902 F1000
G01 X85.45 Y-39.55 Z0.588235 F1000
G01 X85.4 Y-39.55 Z5.019608 F1000
G01 X85.35 Y-39.55 Z10 F1000
G01 X14.65 Y-39.55 Z10 F1000
G01 X14.6 Y-39.55 Z5.137255 F1000
G01 X14.55 Y-39.55 Z0.431373 F1000
G01 X14.45 Y-39.55 Z0.431373 F1000
G01 X14.4 Y-39.55 Z0.235294 F1000
G01 X14.35 Y-39.55 Z0.235294 F1000
G01 X14.3 Y-39.55 Z0 F1000
G01 X13.7 Y-39.55 Z0 F1000
G01 X13.65 Y-39.55 Z2.745098 F1000
G01 X13.6 Y-39.55 Z10 F1000
G01 X0.45 Y-39.55 Z10 F1000
G01 X0.45 Y-39.6 Z10 F1000
G01 X0.45 Y-39.65 Z10 F1000
G01 X0.45 Y-39.7 Z10 F1000
G01 X0.45 Y-39.75 Z10 F1000
G01 X0.45 Y-39.8 Z10 F1000
G01 X0.45 Y-39.85 Z10 F1000
G01 X0.45 Y-39.9 Z10 F1000
G01 X0.45 Y-39.95 Z10 F1000
G01 X0.45 Y-40 Z10 F1000
G01 X0.45 Y-40.05 Z10 F1000
G01 X0.45 Y-40.1 Z10 F1000
G01 X13.6 Y-40.1 Z10 F1000
G01 X13.65 Y-40.1 Z2.54902 F1000
G01 X13.7 Y-40.1 Z0 F1000
G01 X14.3 Y-40.1 Z0 F1000
G01 X14.35 Y-40.1 Z0.745098 F1000
G01 X14.55 Y-40.1 Z0.745098 F1000
G01 X14.6 Y-40.1 Z4.823529 F1000
G01 X14.65 Y-40.1 Z10 F1000
G01 X85.35 Y-40.1 Z10 F1000
G01 X85.4 Y-40.1 Z5.019608 F1000
G01 X85.45 Y-40.1 Z0.666667 F1000
G01 X85.65 Y-40.1 Z0.666667 F1000
G01 X85.7 Y-40.1 Z0 F1000
G01 X86.3 Y-40.1 Z0 F1000
G01 X86.35 Y-40.1 Z2.54902 F1000
G01 X86.4 Y-40.1 Z10 F1000
G01 X99.5 Y-40.1 Z10 F1000
G01 X99.5 Y-40.15 Z10 F1000
G01 X99.5 Y-40.2 Z10 F1000
G01 X99.5 Y-40.25 Z10 F1000
G01 X99.5 Y-40.3 Z10 F1000
G01 X99.5 Y-40.35 Z10 F1000
G01 X99.5 Y-40.4 Z10 F1000
G01 X99.5 Y-40.45 Z10 F1000
G01 X99.5 Y-40.5 Z10 F1000
G01 X99.5 Y-40.55 Z10 F1000
G01 X99.5 Y-40.6 Z10 F1000
G01 X99.5 Y-40.65 Z10 F1000
G01 X86.4 Y-40.65 Z10 F1000
G01 X86.35 Y-40.65 Z4.235294 F1000
G01 X86.3 Y-40.65 Z0 F1000
G01 X85.7 Y-40.65 Z0 F1000
G01 X85.65 Y-40.65 Z0.823529 F1000
G01 X85.45 Y-40.65 Z0.823529 F1000
G01 X85.4 Y-40.65 Z5.019608 F1000
G01 X85.35 Y-40.65 Z10 F1000
G01 X14.65 Y-40.65 Z10 F1000
G01 X14.6 Y-40.65 Z4.823529 F1000
G01 X14.55 Y-40.65 Z0.784314 F1000
G01 X14.35 Y-40.65 Z0.784314 F1000
G01 X14.3 Y-40.65 Z0 F1000
G01 X13.7 Y-40.65 Z0 F1000
G01 X13.65 Y-40.65 Z4.235294 F1000
G01 X13.6 Y-40.65 Z10 F1000
G01 X0.45 Y-40.65 Z10 F1000
G01 X0.45 Y-40.7 Z10 F1000
G01 X0.45 Y-40.75 Z10 F1000
G01 X0.45 Y-40.8 Z10 F1000
G01 X0.45 Y-40.85 Z10 F1000
G01 X0.45 Y-40.9 Z10 F1000
G01 X0.45 Y-40.95 Z10 F1000
G01 X0.45 Y-41 Z10 F1000
G01 X0.45 Y-41.05 Z10 F1000
G01 X0.45 Y-41.1 Z10 F1000
G01 X0.45 Y-41.15 Z10 F1000
G01 X0.45 Y-41.2 Z10 F1000
G01 X13.6 Y-41.2 Z10 F1000
G01 X13.65 Y-41.2 Z8.27451 F1000
G01 X13.7 Y-41.2 Z0 F1000
G01 X14.3 Y-41.2 Z0 F1000
G01 X14.35 Y-41.2 Z0.27451 F1000
G01 X14.4 Y-41.2 Z0.27451 F1000
G01 X14.45 Y-41.2 Z0.627451 F1000
G01 X14.55 Y-41.2 Z0.627451 F1000
G01 X14.6 Y-41.2 Z4.039216 F1000
G01 X14.65 Y-41.2 Z10 F1000
G01 X85.35 Y-41.2 Z10 F1000
G01 X85.4 Y-41.2 Z2.705882 F1000
G01 X85.45 Y-41.2 Z0.392157 F1000
G01 X85.5 Y-41.2 Z0.392157 F1000
G01 X85.55 Y-41.2 Z0.313725 F1000
G01 X85.6 Y-41.2 Z0.27451 F1000
G01 X85.65 Y-41.2 Z0.196078 F1000
G01 X85.7 Y-41.2 Z0 F1000
G01 X86.3 Y-41.2 Z0 F1000
G01 X86.35 Y-41.2 Z8.27451 F1000
G01 X86.4 Y-41.2 Z10 F1000
G01 X99.5 Y-41.2 Z10 F1000
G01 X99.5 Y-41.25 Z10 F1000
G01 X99.5 Y-41.3 Z10 F1000
G01 X99.5 Y-41.35 Z10 F1000
G01 X99.5 Y-41.4 Z10 F1000
G01 X99.5 Y-41.45 Z10 F1000
G01 X99.5 Y-41.5 Z10 F1000
G01 X99.5 Y-41.55 Z10 F1000
G01 X99.5 Y-41.6 Z10 F1000
G01 X99.5 Y-41.65 Z10 F1000
G01 X99.5 Y-41.7 Z10 F1000
G01 X99.5 Y-41.75 Z10 F1000
G01 X86.35 Y-41.75 Z10 F1000
G01 X86.3 Y-41.75 Z4.235294 F1000
G01 X86.25 Y-41.75 Z0.27451 F1000
G01 X86.2 Y-41.75 Z0.27451 F1000
G01 X86.15 Y-41.75 Z0.196078 F1000
G01 X85.95 Y-41.75 Z0.196078 F1000
G01 X85.9 Y-41.75 Z0 F1000
G01 X85.7 Y-41.75 Z0 F1000
G01 X85.65 Y-41.75 Z0.196078 F1000
G01 X85.6 Y-41.75 Z0.27451 F1000
G01 X85.55 Y-41.75 Z0.27451 F1000
G01 X85.5 Y-41.75 Z0.392157 F1000
G01 X85.4 Y-41.75 Z0.392157 F1000
G01 X85.35 Y-41.75 Z10 F1000
G01 X14.65 Y-41.75 Z10 F1000
G01 X14.6 Y-41.75 Z0.431373 F1000
G01 X14.5 Y-41.75 Z0.431373 F1000
G01 X14.45 Y-41.75 Z0.27451 F1000
G01 X14.4 Y-41.75 Z0.235294 F1000
G01 X14.35 Y-41.75 Z0.117647 F1000
G01 X14.3 Y-41.75 Z0 F1000
G01 X14.1 Y-41.75 Z0 F1000
G01 X14.05 Y-41.75 Z0.196078 F1000
G01 X14 Y-41.75 Z0.196078 F1000
G01 X13.95 Y-41.75 Z0.392157 F1000
G01 X13.75 Y-41.75 Z0.392157 F1000
G01 X13.7 Y-41.75 Z4.54902 F1000
G01 X13.65 Y-41.75 Z10 F1000
G01 X0.45 Y-41.75 Z10 F1000
G01 X0.45 Y-41.8 Z10 F1000
G01 X0.45 Y-41.85 Z10 F1000
G01 X0.45 Y-41.9 Z10 F1000
G01 X0.45 Y-41.95 Z10 F1000
G01 X0.45 Y-42 Z10 F1000
G01 X0.45 Y-42.05 Z10 F1000
G01 X0.45 Y-42.1 Z10 F1000
G01 X0.45 Y-42.15 Z10 F1000
G01 X0.45 Y-42.2 Z10 F1000
G01 X0.45 Y-42.25 Z10 F1000
G01 X0.45 Y-42.3 Z10 F1000
G01 X13.65 Y-42.3 Z10 F1000
G01 X13.7 Y-42.3 Z9.960784 F1000
G01 X13.75 Y-42.3 Z0.392157 F1000
G01 X13.95 Y-42.3 Z0.392157 F1000
G01 X14 Y-42.3 Z0.352941 F1000
G01 X14.05 Y-42.3 Z0.196078 F1000
G01 X14.1 Y-42.3 Z0 F1000
G01 X14.3 Y-42.3 Z0 F1000
G01 X14.35 Y-42.3 Z0.156863 F1000
G01 X14.4 Y-42.3 Z0.352941 F1000
G01 X14.45 Y-42.3 Z0.352941 F1000
G01 X14.5 Y-42.3 Z0.431373 F1000
G01 X14.6 Y-42.3 Z0.431373 F1000
G01 X14.65 Y-42.3 Z6.431373 F1000
G01 X14.7 Y-42.3 Z10 F1000
G01 X85.3 Y-42.3 Z10 F1000
G01 X85.35 Y-42.3 Z5.137255 F1000
G01 X85.4 Y-42.3 Z0.470588 F1000
G01 X85.6 Y-42.3 Z0.470588 F1000
G01 X85.65 Y-42.3 Z0.196078 F1000
G01 X85.7 Y-42.3 Z0 F1000
G01 X85.9 Y-42.3 Z0 F1000
G01 X85.95 Y-42.3 Z0.196078 F1000
G01 X86 Y-42.3 Z0.196078 F1000
G01 X86.05 Y-42.3 Z0.392157 F1000
G01 X86.25 Y-42.3 Z0.392157 F1000
G01 X86.3 Y-42.3 Z9.960784 F1000
G01 X86.35 Y-42.3 Z10 F1000
G01 X99.5 Y-42.3 Z10 F1000
G01 X99.5 Y-42.35 Z10 F1000
G01 X99.5 Y-42.4 Z10 F1000
G01 X99.5 Y-42.45 Z10 F1000
G01 X99.5 Y-42.5 Z10 F1000
G01 X99.5 Y-42.55 Z10 F1000
G01 X99.5 Y-42.6 Z10 F1000
G01 X99.5 Y-42.65 Z10 F1000
G01 X99.5 Y-42.7 Z10 F1000
G01 X99.5 Y-42.75 Z10 F1000
G01 X99.5 Y-42.8 Z10 F1000
G01 X99.5 Y-42.85 Z10 F1000
G01 X86.3 Y-42.85 Z10 F1000
G01 X86.25 Y-42.85 Z9.411765 F1000
G01 X86.2 Y-42.85 Z0.745098 F1000
G01 X86.15 Y-42.85 Z0.392157 F1000
G01 X86.05 Y-42.85 Z0.392157 F1000
G01 X86 Y-42.85 Z0.313725 F1000
G01 X85.95 Y-42.85 Z0.313725 F1000
G01 X85.9 Y-42.85 Z0 F1000
G01 X85.7 Y-42.85 Z0 F1000
G01 X85.65 Y-42.85 Z0.196078 F1000
G01 X85.6 Y-42.85 Z0.470588 F1000
G01 X85.35 Y-42.85 Z0.470588 F1000
G01 X85.3 Y-42.85 Z8.705882 F1000
G01 X85.25 Y-42.85 Z10 F1000
G01 X14.75 Y-42.85 Z10 F1000
G01 X14.7 Y-42.85 Z8.470588 F1000
G01 X14.65 Y-42.85 Z0.901961 F1000
G01 X14.6 Y-42.85 Z0.352941 F1000
G01 X14.4 Y-42.85 Z0.352941 F1000
G01 X14.35 Y-42.85 Z0.196078 F1000
G01 X14.3 Y-42.85 Z0 F1000
G01 X14.1 Y-42.85 Z0 F1000
G01 X14.05 Y-42.85 Z0.313725 F1000
G01 X14 Y-42.85 Z0.784314 F1000
G01 X13.8 Y-42.85 Z0.784314 F1000
G01 X13.75 Y-42.85 Z9.411765 F1000
G01 X13.7 Y-42.85 Z10 F1000
G01 X0.45 Y-42.85 Z10 F1000
G01 X0.45 Y-42.9 Z10 F1000
G01 X0.45 Y-42.95 Z10 F1000
G01 X0.45 Y-43 Z10 F1000
G01 X0.45 Y-43.05 Z10 F1000
G01 X0.45 Y-43.1 Z10 F1000
G01 X0.45 Y-43.15 Z10 F1000
G01 X0.45 Y-43.2 Z10 F1000
G01 X0.45 Y-43.25 Z10 F1000
G01 X0.45 Y-43.3 Z10 F1000
G01 X0.45 Y-43.35 Z10 F1000
G01 X0.45 Y-43.4 Z10 F1000
G01 X13.75 Y-43.4 Z10 F1000
G01 X13.8 Y-43.4 Z9.490196 F1000
G01 X13.85 Y-43.4 Z0.784314 F1000
G01 X14 Y-43.4 Z0.784314 F1000
G01 X14.05 Y-43.4 Z0.431373 F1000
G01 X14.1 Y-43.4 Z0 F1000
G01 X14.3 Y-43.4 Z0 F1000
G01 X14.35 Y-43.4 Z0.196078 F1000
G01 X14.5 Y-43.4 Z0.196078 F1000
G01 X14.55 Y-43.4 Z0.235294 F1000
G01 X14.65 Y-43.4 Z0.235294 F1000
G01 X14.7 Y-43.4 Z0.705882 F1000
G01 X14.75 Y-43.4 Z10 F1000
G01 X85.25 Y-43.4 Z10 F1000
G01 X85.3 Y-43.4 Z0.705882 F1000
G01 X85.35 Y-43.4 Z0.235294 F1000
G01 X85.45 Y-43.4 Z0.235294 F1000
G01 X85.5 Y-43.4 Z0.196078 F1000
G01 X85.65 Y-43.4 Z0.196078 F1000
G01 X85.7 Y-43.4 Z0 F1000
G01 X85.9 Y-43.4 Z0 F1000
G01 X85.95 Y-43.4 Z0.431373 F1000
G01 X86 Y-43.4 Z0.627451 F1000
G01 X86.15 Y-43.4 Z0.627451 F1000
G01 X86.2 Y-43.4 Z9.882353 F1000
G01 X86.25 Y-43.4 Z10 F1000
G01 X99.5 Y-43.4 Z10 F1000
G01 X99.5 Y-43.45 Z10 F1000
G01 X99.5 Y-43.5 Z10 F1000
G01 X99.5 Y-43.55 Z10 F1000
G01 X99.5 Y-43.6 Z10 F1000
G01 X99.5 Y-43.65 Z10 F1000
G01 X99.5 Y-43.7 Z10 F1000
G01 X99.5 Y-43.75 Z10 F1000
G01 X99.5 Y-43.8 Z10 F1000
G01 X99.5 Y-43.85 Z10 F1000
G01 X99.5 Y-43.9 Z10 F1000
G01 X99.5 Y-43.95 Z10 F1000
G01 X86.15 Y-43.95 Z10 F1000
G01 X86.1 Y-43.95 Z3.019608 F1000
G01 X86.05 Y-43.95 Z0.705882 F1000
G01 X86 Y-43.95 Z0.627451 F1000
G01 X85.95 Y-43.95 Z0.431373 F1000
G01 X85.9 Y-43.95 Z0 F1000
G01 X85.3 Y-43.95 Z0 F1000
G01 X85.25 Y-43.95 Z0.431373 F1000
G01 X85.2 Y-43.95 Z9.803922 F1000
G01 X85.15 Y-43.95 Z10 F1000
G01 X14.85 Y-43.95 Z10 F1000
G01 X14.8 Y-43.95 Z9.843137 F1000
G01 X14.75 Y-43.95 Z0.431373 F1000
G01 X14.7 Y-43.95 Z0 F1000
G01 X14.1 Y-43.95 Z0 F1000
G01 X14.05 Y-43.95 Z0.235294 F1000
G01 X14 Y-43.95 Z0.627451 F1000
G01 X13.95 Y-43.95 Z0.627451 F1000
G01 X13.9 Y-43.95 Z3.098039 F1000
G01 X13.85 Y-43.95 Z10 F1000
G01 X0.45 Y-43.95 Z10 F1000
G01 X0.45 Y-44 Z10 F1000
G01 X0.45 Y-44.05 Z10 F1000
G01 X0.45 Y-44.1 Z10 F1000
G01 X0.45 Y-44.15 Z10 F1000
G01 X0.45 Y-44.2 Z10 F1000
G01 X0.45 Y-44.25 Z10 F1000
G01 X0.45 Y-44.3 Z10 F1000
G01 X0.45 Y-44.35 Z10 F1000
G01 X0.45 Y-44.4 Z10 F1000
G01 X0.45 Y-44.45 Z10 F1000
G01 X0.45 Y-44.5 Z10 F1000
G01 X13.9 Y-44.5 Z10 F1000
G01 X13.95 Y-44.5 Z5.764706 F1000
G01 X14 Y-44.5 Z0.392157 F1000
G01 X14.05 Y-44.5 Z0.392157 F1000
G01 X14.1 Y-44.5 Z0 F1000
G01 X14.7 Y-44.5 Z0 F1000
G01 X14.75 Y-44.5 Z0.352941 F1000
G01 X14.8 Y-44.5 Z0.352941 F1000
G01 X14.85 Y-44.5 Z8.627451 F1000
G01 X14.9 Y-44.5 Z10 F1000
G01 X85.1 Y-44.5 Z10 F1000
G01 X85.15 Y-44.5 Z8.627451 F1000
G01 X85.2 Y-44.5 Z0.352941 F1000
G01 X85.25 Y-44.5 Z0.352941 F1000
G01 X85.3 Y-44.5 Z0 F1000
G01 X85.9 Y-44.5 Z0 F1000
G01 X85.95 Y-44.5 Z0.392157 F1000
G01 X86 Y-44.5 Z0.470588 F1000
G01 X86.05 Y-44.5 Z5.764706 F1000
G01 X86.1 Y-44.5 Z10 F1000
G01 X99.5 Y-44.5 Z10 F1000
G01 X99.5 Y-44.55 Z10 F1000
G01 X99.5 Y-44.6 Z10 F1000
G01 X99.5 Y-44.65 Z10 F1000
G01 X99.5 Y-44.7 Z10 F1000
G01 X99.5 Y-44.75 Z10 F1000
G01 X99.5 Y-44.8 Z10 F1000
G01 X99.5 Y-44.85 Z10 F1000
G01 X99.5 Y-44.9 Z10 F1000
G01 X99.5 Y-44.95 Z10 F1000
G01 X99.5 Y-45 Z10 F1000
G01 X99.5 Y-45.05 Z10 F1000
G01 X86.05 Y-45.05 Z10 F1000
G01 X86 Y-45.05 Z9.960784 F1000
G01 X85.95 Y-45.05 Z2.078431 F1000
G01 X85.9 Y-45.05 Z0 F1000
G01 X85.3 Y-45.05 Z0 F1000
G01 X85.25 Y-45.05 Z0.352941 F1000
G01 X85.2 Y-45.05 Z0.588235 F1000
G01 X85.15 Y-45.05 Z0.588235 F1000
G01 X85.1 Y-45.05 Z5.254902 F1000
G01 X85.05 Y-45.05 Z10 F1000
G01 X14.95 Y-45.05 Z10 F1000
G01 X14.9 Y-45.05 Z5.254902 F1000
G01 X14.85 Y-45.05 Z0.431373 F1000
G01 X14.8 Y-45.05 Z0.431373 F1000
G01 X14.75 Y-45.05 Z0.352941 F1000
G01 X14.7 Y-45.05 Z0 F1000
G01 X14.1 Y-45.05 Z0 F1000
G01 X14.05 Y-45.05 Z1.803922 F1000
G01 X14 Y-45.05 Z10 F1000
G01 X0.45 Y-45.05 Z10 F1000
G01 X0.45 Y-45.1 Z10 F1000
G01 X0.45 Y-45.15 Z10 F1000
G01 X0.45 Y-45.2 Z10 F1000
G01 X0.45 Y-45.25 Z10 F1000
G01 X0.45 Y-45.3 Z10 F1000
G01 X0.45 Y-45.35 Z10 F1000
G01 X0.45 Y-45.4 Z10 F1000
G01 X0.45 Y-45.45 Z10 F1000
G01 X0.45 Y-45.5 Z10 F1000
G01 X0.45 Y-45.55 Z10 F1000
G01 X0.45 Y-45.6 Z10 F1000
G01 X14.1 Y-45.6 Z10 F1000
G01 X14.15 Y-45.6 Z0.431373 F1000
G01 X14.4 Y-45.6 Z0.431373 F1000
G01 X14.45 Y-45.6 Z0.27451 F1000
G01 X14.5 Y-45.6 Z0 F1000
G01 X14.7 Y-45.6 Z0 F1000
G01 X14.75 Y-45.6 Z0.313725 F1000
G01 X14.8 Y-45.6 Z0.431373 F1000
G01 X14.85 Y-45.6 Z0.509804 F1000
G01 X14.9 Y-45.6 Z0.627451 F1000
G01 X14.95 Y-45.6 Z0.666667 F1000
G01 X15 Y-45.6 Z9.411765 F1000
G01 X15.05 Y-45.6 Z10 F1000
G01 X84.95 Y-45.6 Z10 F1000
G01 X85 Y-45.6 Z9.647059 F1000
G01 X85.05 Y-45.6 Z0.901961 F1000
G01 X85.1 Y-45.6 Z0.627451 F1000
G01 X85.15 Y-45.6 Z0.627451 F1000
G01 X85.2 Y-45.6 Z0.588235 F1000
G01 X85.25 Y-45.6 Z0.392157 F1000
G01 X85.3 Y-45.6 Z0 F1000
G01 X85.5 Y-45.6 Z0 F1000
G01 X85.55 Y-45.6 Z0.27451 F1000
G01 X85.6 Y-45.6 Z0.431373 F1000
G01 X85.85 Y-45.6 Z0.431373 F1000
G01 X85.9 Y-45.6 Z10 F1000
G01 X99.5 Y-45.6 Z10 F1000
G01 X99.5 Y-45.65 Z10 F1000
G01 X99.5 Y-45.7 Z10 F1000
G01 X99.5 Y-45.75 Z10 F1000
G01 X99.5 Y-45.8 Z10 F1000
G01 X99.5 Y-45.85 Z10 F1000
G01 X99.5 Y-45.9 Z10 F1000
G01 X99.5 Y-45.95 Z10 F1000
G01 X99.5 Y-46 Z10 F1000
G01 X99.5 Y-46.05 Z10 F1000
G01 X99.5 Y-46.1 Z10 F1000
G01 X99.5 Y-46.15 Z10 F1000
G01 X85.85 Y-46.15 Z10 F1000
G01 X85.8 Y-46.15 Z8.784314 F1000
G01 X85.75 Y-46.15 Z0.509804 F1000
G01 X85.7 Y-46.15 Z0.431373 F1000
G01 X85.6 Y-46.15 Z0.431373 F1000
G01 X85.55 Y-46.15 Z0.27451 F1000
G01 X85.5 Y-46.15 Z0 F1000
G01 X85.3 Y-46.15 Z0 F1000
G01 X85.25 Y-46.15 Z0.392157 F1000
G01 X85.2 Y-46.15 Z0.431373 F1000
G01 X85.15 Y-46.15 Z0.627451 F1000
G01 X85.1 Y-46.15 Z0.627451 F1000
G01 X85.05 Y-46.15 Z0.901961 F1000
G01 X85 Y-46.15 Z0.901961 F1000
G01 X84.95 Y-46.15 Z2.54902 F1000
G01 X84.9 Y-46.15 Z10 F1000
G01 X15.15 Y-46.15 Z10 F1000
G01 X15.1 Y-46.15 Z9.960784 F1000
G01 X15.05 Y-46.15 Z2.470588 F1000
G01 X15 Y-46.15 Z0.627451 F1000
G01 X14.9 Y-46.15 Z0.627451 F1000
G01 X14.85 Y-46.15 Z0.352941 F1000
G01 X14.8 Y-46.15 Z0.313725 F1000
G01 X14.75 Y-46.15 Z0.196078 F1000
G01 X14.7 Y-46.15 Z0 F1000
G01 X14.5 Y-46.15 Z0 F1000
G01 X14.45 Y-46.15 Z0.27451 F1000
G01 X14.4 Y-46.15 Z0.431373 F1000
G01 X14.3 Y-46.15 Z0.431373 F1000
G01 X14.25 Y-46.15 Z0.509804 F1000
G01 X14.2 Y-46.15 Z8.784314 F1000
G01 X14.15 Y-46.15 Z10 F1000
G01 X0.45 Y-46.15 Z10 F1000
G01 X0.45 Y-46.2 Z10 F1000
G01 X0.45 Y-46.25 Z10 F1000
G01 X0.45 Y-46.3 Z10 F1000
G01 X0.45 Y-46.35 Z10 F1000
G01 X0.45 Y-46.4 Z10 F1000
G01 X0.45 Y-46.45 Z10 F1000
G01 X0.45 Y-46.5 Z10 F1000
G01 X0.45 Y-46.55 Z10 F1000
G01 X0.45 Y-46.6 Z10 F1000
G01 X0.45 Y-46.65 Z10 F1000
G01 X0.45 Y-46.7 Z10 F1000
G01 X14.25 Y-46.7 Z10 F1000
G01 X14.3 Y-46.7 Z8.27451 F1000
G01 X14.35 Y-46.7 Z0.431373 F1000
G01 X14.4 Y-46.7 Z0.27451 F1000
G01 X14.45 Y-46.7 Z0.27451 F1000
G01 X14.5 Y-46.7 Z0 F1000
G01 X15.1 Y-46.7 Z0 F1000
G01 X15.15 Y-46.7 Z4.509804 F1000
G01 X15.2 Y-46.7 Z9.882353 F1000
G01 X15.25 Y-46.7 Z10 F1000
G01 X84.8 Y-46.7 Z10 F1000
G01 X84.85 Y-46.7 Z4.470588 F1000
G01 X84.9 Y-46.7 Z0 F1000
G01 X85.5 Y-46.7 Z0 F1000
G01 X85.55 Y-46.7 Z0.27451 F1000
G01 X85.6 Y-46.7 Z0.27451 F1000
G01 X85.65 Y-46.7 Z0.431373 F1000
G01 X85.7 Y-46.7 Z8.27451 F1000
G01 X85.75 Y-46.7 Z10 F1000
G01 X99.5 Y-46.7 Z10 F1000
G01 X99.5 Y-46.75 Z10 F1000
G01 X99.5 Y-46.8 Z10 F1000
G01 X99.5 Y-46.85 Z10 F1000
G01 X99.5 Y-46.9 Z10 F1000
G01 X99.5 Y-46.95 Z10 F1000
G01 X99.5 Y-47 Z10 F1000
G01 X99.5 Y-47.05 Z10 F1000
G01 X99.5 Y-47.1 Z10 F1000
G01 X99.5 Y-47.15 Z10 F1000
G01 X99.5 Y-47.2 Z10 F1000
G01 X99.5 Y-47.25 Z10 F1000
G01 X85.65 Y-47.25 Z10 F1000
G01 X85.6 Y-47.25 Z9.882353 F1000
G01 X85.55 Y-47.25 Z2.431373 F1000
G01 X85.5 Y-47.25 Z0.235294 F1000
G01 X85.35 Y-47.25 Z0.235294 F1000
G01 X85.3 Y-47.25 Z0.156863 F1000
G01 X85.25 Y-47.25 Z0.156863 F1000
G01 X85.2 Y-47.25 Z0.078431 F1000
G01 X85.15 Y-47.25 Z0.039216 F1000
G01 X85.1 Y-47.25 Z0 F1000
G01 X84.9 Y-47.25 Z0 F1000
G01 X84.85 Y-47.25 Z0.784314 F1000
G01 X84.8 Y-47.25 Z0.784314 F1000
G01 X84.75 Y-47.25 Z2.627451 F1000
G01 X84.7 Y-47.25 Z9.764706 F1000
G01 X84.65 Y-47.25 Z10 F1000
G01 X15.35 Y-47.25 Z10 F1000
G01 X15.3 Y-47.25 Z9.960784 F1000
G01 X15.25 Y-47.25 Z2.627451 F1000
G01 X15.2 Y-47.25 Z0.352941 F1000
G01 X15.15 Y-47.25 Z0.27451 F1000
G01 X15.1 Y-47.25 Z0 F1000
G01 X14.9 Y-47.25 Z0 F1000
G01 X14.85 Y-47.25 Z0.039216 F1000
G01 X14.8 Y-47.25 Z0.078431 F1000
G01 X14.75 Y-47.25 Z0.156863 F1000
G01 X14.7 Y-47.25 Z0.156863 F1000
G01 X14.65 Y-47.25 Z0.235294 F1000
G01 X14.5 Y-47.25 Z0.235294 F1000
G01 X14.45 Y-47.25 Z2.431373 F1000
G01 X14.4 Y-47.25 Z9.882353 F1000
G01 X14.35 Y-47.25 Z10 F1000
G01 X0.45 Y-47.25 Z10 F1000
G01 X0.45 Y-47.3 Z10 F1000
G01 X0.45 Y-47.35 Z10 F1000
G01 X0.45 Y-47.4 Z10 F1000
G01 X0.45 Y-47.45 Z10 F1000
G01 X0.45 Y-47.5 Z10 F1000
G01 X0.45 Y-47.55 Z10 F1000
G01 X0.45 Y-47.6 Z10 F1000
G01 X0.45 Y-47.65 Z10 F1000
G01 X0.45 Y-47.7 Z10 F1000
G01 X0.45 Y-47.75 Z10 F1000
G01 X0.45 Y-47.8 Z10 F1000
G01 X14.5 Y-47.8 Z10 F1000
G01 X14.55 Y-47.8 Z5.176471 F1000
G01 X14.6 Y-47.8 Z0.784314 F1000
G01 X14.65 Y-47.8 Z0.431373 F1000
G01 X14.7 Y-47.8 Z0.431373 F1000
G01 X14.75 Y-47.8 Z0.27451 F1000
G01 X14.8 Y-47.8 Z0.27451 F1000
G01 X14.85 Y-47.8 Z0.156863 F1000
G01 X14.9 Y-47.8 Z0 F1000
G01 X15.1 Y-47.8 Z0 F1000
G01 X15.15 Y-47.8 Z0.156863 F1000
G01 X15.2 Y-47.8 Z0.352941 F1000
G01 X15.3 Y-47.8 Z0.352941 F1000
G01 X15.35 Y-47.8 Z0.588235 F1000
G01 X15.4 Y-47.8 Z9.411765 F1000
G01 X15.45 Y-47.8 Z10 F1000
G01 X84.55 Y-47.8 Z10 F1000
G01 X84.6 Y-47.8 Z9.490196 F1000
G01 X84.65 Y-47.8 Z0.784314 F1000
G01 X84.85 Y-47.8 Z0.784314 F1000
G01 X84.9 Y-47.8 Z0 F1000
G01 X85.1 Y-47.8 Z0 F1000
G01 X85.15 Y-47.8 Z0.196078 F1000
G01 X85.2 Y-47.8 Z0.27451 F1000
G01 X85.25 Y-47.8 Z0.313725 F1000
G01 X85.3 Y-47.8 Z0.392157 F1000
G01 X85.35 Y-47.8 Z0.392157 F1000
G01 X85.4 Y-47.8 Z0.509804 F1000
G01 X85.45 Y-47.8 Z6.27451 F1000
G01 X85.5 Y-47.8 Z10 F1000
G01 X99.5 Y-47.8 Z10 F1000
G01 X99.5 Y-47.85 Z10 F1000
G01 X99.5 Y-47.9 Z10 F1000
G01 X99.5 Y-47.95 Z10 F1000
G01 X99.5 Y-48 Z10 F1000
G01 X99.5 Y-48.05 Z10 F1000
G01 X99.5 Y-48.1 Z10 F1000
G01 X99.5 Y-48.15 Z10 F1000
G01 X99.5 Y-48.2 Z10 F1000
G01 X99.5 Y-48.25 Z10 F1000
G01 X99.5 Y-48.3 Z10 F1000
G01 X99.5 Y-48.35 Z10 F1000
G01 X85.4 Y-48.35 Z10 F1000
G01 X85.35 Y-48.35 Z9.764706 F1000
G01 X85.3 Y-48.35 Z2.666667 F1000
G01 X85.25 Y-48.35 Z0.509804 F1000
G01 X85.2 Y-48.35 Z0.509804 F1000
G01 X85.15 Y-48.35 Z0.431373 F1000
G01 X85.1 Y-48.35 Z0 F1000
G01 X84.85 Y-48.35 Z0 F1000
G01 X84.8 Y-48.35 Z0.156863 F1000
G01 X84.65 Y-48.35 Z0.156863 F1000
G01 X84.6 Y-48.35 Z0.27451 F1000
G01 X84.55 Y-48.35 Z0.27451 F1000
G01 X84.5 Y-48.35 Z6.431373 F1000
G01 X84.45 Y-48.35 Z10 F1000
G01 X15.55 Y-48.35 Z10 F1000
G01 X15.5 Y-48.35 Z7.058824 F1000
G01 X15.45 Y-48.35 Z0.352941 F1000
G01 X15.4 Y-48.35 Z0.313725 F1000
G01 X15.25 Y-48.35 Z0.313725 F1000
G01 X15.2 Y-48.35 Z0.156863 F1000
G01 X15.15 Y-48.35 Z0.156863 F1000
G01 X15.1 Y-48.35 Z0 F1000
G01 X14.9 Y-48.35 Z0 F1000
G01 X14.85 Y-48.35 Z0.196078 F1000
G01 X14.8 Y-48.35 Z0.627451 F1000
G01 X14.75 Y-48.35 Z0.627451 F1000
G01 X14.7 Y-48.35 Z2.666667 F1000
G01 X14.65 Y-48.35 Z9.764706 F1000
G01 X14.6 Y-48.35 Z10 F1000
G01 X0.45 Y-48.35 Z10 F1000
G01 X0.45 Y-48.4 Z10 F1000
G01 X0.45 Y-48.45 Z10 F1000
G01 X0.45 Y-48.5 Z10 F1000
G01 X0.45 Y-48.55 Z10 F1000
G01 X0.45 Y-48.6 Z10 F1000
G01 X0.45 Y-48.65 Z10 F1000
G01 X0.45 Y-48.7 Z10 F1000
G01 X0.45 Y-48.75 Z10 F1000
G01 X0.45 Y-48.8 Z10 F1000
G01 X0.45 Y-48.85 Z10 F1000
G01 X0.45 Y-48.9 Z10 F1000
G01 X14.75 Y-48.9 Z10 F1000
G01 X14.8 Y-48.9 Z9.058824 F1000
G01 X14.85 Y-48.9 Z0.784314 F1000
G01 X14.9 Y-48.9 Z0 F1000
G01 X15.5 Y-48.9 Z0 F1000
G01 X15.55 Y-48.9 Z0.509804 F1000
G01 X15.6 Y-48.9 Z0.627451 F1000
G01 X15.65 Y-48.9 Z9.686275 F1000
G01 X15.7 Y-48.9 Z10 F1000
G01 X84.3 Y-48.9 Z10 F1000
G01 X84.35 Y-48.9 Z8.470588 F1000
G01 X84.4 Y-48.9 Z0.313725 F1000
G01 X84.45 Y-48.9 Z0.313725 F1000
G01 X84.5 Y-48.9 Z0 F1000
G01 X85.1 Y-48.9 Z0 F1000
G01 X85.15 Y-48.9 Z0.784314 F1000
G01 X85.2 Y-48.9 Z9.058824 F1000
G01 X85.25 Y-48.9 Z10 F1000
G01 X99.5 Y-48.9 Z10 F1000
G01 X99.5 Y-48.95 Z10 F1000
G01 X99.5 Y-49 Z10 F1000
G01 X99.5 Y-49.05 Z10 F1000
G01 X99.5 Y-49.1 Z10 F1000
G01 X99.5 Y-49.15 Z10 F1000
G01 X99.5 Y-49.2 Z10 F1000
G01 X99.5 Y-49.25 Z10 F1000
G01 X99.5 Y-49.3 Z10 F1000
G01 X99.5 Y-49.35 Z10 F1000
G01 X99.5 Y-49.4 Z10 F1000
G01 X99.5 Y-49.45 Z10 F1000
G01 X85.1 Y-49.45 Z10 F1000
G01 X85.05 Y-49.45 Z8.235294 F1000
G01 X85 Y-49.45 Z0.862745 F1000
G01 X84.95 Y-49.45 Z0.431373 F1000
G01 X84.75 Y-49.45 Z0.431373 F1000
G01 X84.7 Y-49.45 Z0 F1000
G01 X84.5 Y-49.45 Z0 F1000
G01 X84.45 Y-49.45 Z0.313725 F1000
G01 X84.4 Y-49.45 Z0.431373 F1000
G01 X84.35 Y-49.45 Z0.431373 F1000
G01 X84.3 Y-49.45 Z0.666667 F1000
G01 X84.25 Y-49.45 Z0.666667 F1000
G01 X84.2 Y-49.45 Z9.921569 F1000
G01 X84.15 Y-49.45 Z10 F1000
G01 X15.85 Y-49.45 Z10 F1000
G01 X15.8 Y-49.45 Z9.372549 F1000
G01 X15.75 Y-49.45 Z1.019608 F1000
G01 X15.7 Y-49.45 Z0.627451 F1000
G01 X15.6 Y-49.45 Z0.627451 F1000
G01 X15.55 Y-49.45 Z0.509804 F1000
G01 X15.5 Y-49.45 Z0 F1000
G01 X15.3 Y-49.45 Z0 F1000
G01 X15.25 Y-49.45 Z0.431373 F1000
G01 X15.05 Y-49.45 Z0.431373 F1000
G01 X15 Y-49.45 Z0.862745 F1000
G01 X14.95 Y-49.45 Z8.235294 F1000
G01 X14.9 Y-49.45 Z10 F1000
G01 X0.45 Y-49.45 Z10 F1000
G01 X0.45 Y-49.5 Z10 F1000
G01 X0.45 Y-49.55 Z10 F1000
G01 X0.45 Y-49.6 Z10 F1000
G01 X0.45 Y-49.65 Z10 F1000
G01 X0.45 Y-49.7 Z10 F1000
G01 X0.45 Y-49.75 Z10 F1000
G01 X0.45 Y-49.8 Z10 F1000
G01 X0.45 Y-49.85 Z10 F1000
G01 X0.45 Y-49.9 Z10 F1000
G01 X0.45 Y-49.95 Z10 F1000
G01 X0.45 Y-50 Z10 F1000
G01 X15.05 Y-50 Z10 F1000
G01 X15.1 Y-50 Z9.490196 F1000
G01 X15.15 Y-50 Z0.901961 F1000
G01 X15.2 Y-50 Z0.823529 F1000
G01 X15.25 Y-50 Z0.509804 F1000
G01 X15.3 Y-50 Z0 F1000
G01 X15.5 Y-50 Z0 F1000
G01 X15.55 Y-50 Z0.235294 F1000
G01 X15.6 Y-50 Z0.235294 F1000
G01 X15.65 Y-50 Z0.27451 F1000
G01 X15.75 Y-50 Z0.27451 F1000
G01 X15.8 Y-50 Z0.392157 F1000
G01 X15.85 Y-50 Z0.392157 F1000
G01 X15.9 Y-50 Z0.745098 F1000
G01 X15.95 Y-50 Z9.607843 F1000
G01 X16 Y-50 Z10 F1000
G01 X84 Y-50 Z10 F1000
G01 X84.05 Y-50 Z9.607843 F1000
G01 X84.1 Y-50 Z0.666667 F1000
G01 X84.3 Y-50 Z0.666667 F1000
G01 X84.35 Y-50 Z0.235294 F1000
G01 X84.4 Y-50 Z0.196078 F1000
G01 X84.45 Y-50 Z0.196078 F1000
G01 X84.5 Y-50 Z0 F1000
G01 X84.7 Y-50 Z0 F1000
G01 X84.75 Y-50 Z0.509804 F1000
G01 X84.8 Y-50 Z0.823529 F1000
G01 X84.85 Y-50 Z0.823529 F1000
G01 X84.9 Y-50 Z9.607843 F1000
G01 X84.95 Y-50 Z10 F1000
G01 X99.5 Y-50 Z10 F1000
G01 X99.5 Y-50.05 Z10 F1000
G01 X99.5 Y-50.1 Z10 F1000
G01 X99.5 Y-50.15 Z10 F1000
G01 X99.5 Y-50.2 Z10 F1000
G01 X99.5 Y-50.25 Z10 F1000
G01 X99.5 Y-50.3 Z10 F1000
G01 X99.5 Y-50.35 Z10 F1000
G01 X99.5 Y-50.4 Z10 F1000
G01 X99.5 Y-50.45 Z10 F1000
G01 X99.5 Y-50.5 Z10 F1000
G01 X99.5 Y-50.55 Z10 F1000
G01 X84.75 Y-50.55 Z10 F1000
G01 X84.7 Y-50.55 Z4.54902 F1000
G01 X84.65 Y-50.55 Z1.137255 F1000
G01 X84.6 Y-50.55 Z0.470588 F1000
G01 X84.4 Y-50.55 Z0.470588 F1000
G01 X84.35 Y-50.55 Z0.27451 F1000
G01 X84.3 Y-50.55 Z0 F1000
G01 X84.1 Y-50.55 Z0 F1000
G01 X84.05 Y-50.55 Z0.352941 F1000
G01 X84 Y-50.55 Z0.352941 F1000
G01 X83.95 Y-50.55 Z0.54902 F1000
G01 X83.9 Y-50.55 Z8.156863 F1000
G01 X83.85 Y-50.55 Z10 F1000
G01 X16.15 Y-50.55 Z10 F1000
G01 X16.1 Y-50.55 Z8.705882 F1000
G01 X16.05 Y-50.55 Z0.470588 F1000
G01 X16 Y-50.55 Z0.431373 F1000
G01 X15.95 Y-50.55 Z0.431373 F1000
G01 X15.9 Y-50.55 Z0 F1000
G01 X15.7 Y-50.55 Z0 F1000
G01 X15.65 Y-50.55 Z0.156863 F1000
G01 X15.6 Y-50.55 Z0.431373 F1000
G01 X15.5 Y-50.55 Z0.431373 F1000
G01 X15.45 Y-50.55 Z0.588235 F1000
G01 X15.35 Y-50.55 Z0.588235 F1000
G01 X15.3 Y-50.55 Z4.666667 F1000
G01 X15.25 Y-50.55 Z10 F1000
G01 X0.45 Y-50.55 Z10 F1000
G01 X0.45 Y-50.6 Z10 F1000
G01 X0.45 Y-50.65 Z10 F1000
G01 X0.45 Y-50.7 Z10 F1000
G01 X0.45 Y-50.75 Z10 F1000
G01 X0.45 Y-50.8 Z10 F1000
G01 X0.45 Y-50.85 Z10 F1000
G01 X0.45 Y-50.9 Z10 F1000
G01 X0.45 Y-50.95 Z10 F1000
G01 X0.45 Y-51 Z10 F1000
G01 X0.45 Y-51.05 Z10 F1000
G01 X0.45 Y-51.1 Z10 F1000
G01 X15.4 Y-51.1 Z10 F1000
G01 X15.45 Y-51.1 Z8.431373 F1000
G01 X15.5 Y-51.1 Z0.784314 F1000
G01 X15.6 Y-51.1 Z0.784314 F1000
G01 X15.65 Y-51.1 Z0.392157 F1000
G01 X15.7 Y-51.1 Z0 F1000
G01 X15.9 Y-51.1 Z0 F1000
G01 X15.95 Y-51.1 Z0.392157 F1000
G01 X16.2 Y-51.1 Z0.392157 F1000
G01 X16.25 Y-51.1 Z4.588235 F1000
G01 X16.3 Y-51.1 Z9.882353 F1000
G01 X16.35 Y-51.1 Z10 F1000
G01 X83.65 Y-51.1 Z10 F1000
G01 X83.7 Y-51.1 Z9.764706 F1000
G01 X83.75 Y-51.1 Z4.117647 F1000
G01 X83.8 Y-51.1 Z0.509804 F1000
G01 X83.85 Y-51.1 Z0.470588 F1000
G01 X83.9 Y-51.1 Z0.313725 F1000
G01 X84.05 Y-51.1 Z0.313725 F1000
G01 X84.1 Y-51.1 Z0 F1000
G01 X84.3 Y-51.1 Z0 F1000
G01 X84.35 Y-51.1 Z0.431373 F1000
G01 X84.4 Y-51.1 Z0.627451 F1000
G01 X84.45 Y-51.1 Z0.627451 F1000
G01 X84.5 Y-51.1 Z0.862745 F1000
G01 X84.55 Y-51.1 Z8.509804 F1000
G01 X84.6 Y-51.1 Z10 F1000
G01 X99.5 Y-51.1 Z10 F1000
G01 X99.5 Y-51.15 Z10 F1000
G01 X99.5 Y-51.2 Z10 F1000
G01 X99.5 Y-51.25 Z10 F1000
G01 X99.5 Y-51.3 Z10 F1000
G01 X99.5 Y-51.35 Z10 F1000
G01 X99.5 Y-51.4 Z10 F1000
G01 X99.5 Y-51.45 Z10 F1000
G01 X99.5 Y-51.5 Z10 F1000
G01 X99.5 Y-51.55 Z10 F1000
G01 X99.5 Y-51.6 Z10 F1000
G01 X99.5 Y-51.65 Z10 F1000
G01 X84.4 Y-51.65 Z10 F1000
G01 X84.35 Y-51.65 Z7.294118 F1000
G01 X84.3 Y-51.65 Z0.509804 F1000
G01 X84.25 Y-51.65 Z0.27451 F1000
G01 X84 Y-51.65 Z0.27451 F1000
G01 X83.95 Y-51.65 Z0.117647 F1000
G01 X83.9 Y-51.65 Z0 F1000
G01 X83.7 Y-51.65 Z0 F1000
G01 X83.65 Y-51.65 Z0.235294 F1000
G01 X83.6 Y-51.65 Z0.588235 F1000
G01 X83.55 Y-51.65 Z8.54902 F1000
G01 X83.5 Y-51.65 Z10 F1000
G01 X16.5 Y-51.65 Z10 F1000
G01 X16.45 Y-51.65 Z8.54902 F1000
G01 X16.4 Y-51.65 Z0.470588 F1000
G01 X16.35 Y-51.65 Z0.392157 F1000
G01 X16.3 Y-51.65 Z0.156863 F1000
G01 X16.05 Y-51.65 Z0.156863 F1000
G01 X16 Y-51.65 Z0.27451 F1000
G01 X15.75 Y-51.65 Z0.27451 F1000
G01 X15.7 Y-51.65 Z0.509804 F1000
G01 X15.65 Y-51.65 Z7.294118 F1000
G01 X15.6 Y-51.65 Z10 F1000
G01 X0.45 Y-51.65 Z10 F1000
G01 X0.45 Y-51.7 Z10 F1000
G01 X0.45 Y-51.75 Z10 F1000
G01 X0.45 Y-51.8 Z10 F1000
G01 X0.45 Y-51.85 Z10 F1000
G01 X0.45 Y-51.9 Z10 F1000
G01 X0.45 Y-51.95 Z10 F1000
G01 X0.45 Y-52 Z10 F1000
G01 X0.45 Y-52.05 Z10 F1000
G01 X0.45 Y-52.1 Z10 F1000
G01 X0.45 Y-52.15 Z10 F1000
G01 X0.45 Y-52.2 Z10 F1000
G01 X15.75 Y-52.2 Z10 F1000
G01 X15.8 Y-52.2 Z9.568627 F1000
G01 X15.85 Y-52.2 Z7.254902 F1000
G01 X15.9 Y-52.2 Z0.705882 F1000
G01 X15.95 Y-52.2 Z0.54902 F1000
G01 X16 Y-52.2 Z0.509804 F1000
G01 X16.05 Y-52.2 Z0.509804 F1000
G01 X16.1 Y-52.2 Z0 F1000
G01 X16.3 Y-52.2 Z0 F1000
G01 X16.35 Y-52.2 Z0.27451 F1000
G01 X16.4 Y-52.2 Z0.313725 F1000
G01 X16.45 Y-52.2 Z0.313725 F1000
G01 X16.5 Y-52.2 Z0.392157 F1000
G01 X16.55 Y-52.2 Z0.470588 F1000
G01 X16.6 Y-52.2 Z0.470588 F1000
G01 X16.65 Y-52.2 Z9.72549 F1000
G01 X16.7 Y-52.2 Z10 F1000
G01 X83.3 Y-52.2 Z10 F1000
G01 X83.35 Y-52.2 Z9.607843 F1000
G01 X83.4 Y-52.2 Z0.509804 F1000
G01 X83.6 Y-52.2 Z0.509804 F1000
G01 X83.65 Y-52.2 Z0.156863 F1000
G01 X83.7 Y-52.2 Z0 F1000
G01 X83.9 Y-52.2 Z0 F1000
G01 X83.95 Y-52.2 Z0.509804 F1000
G01 X84 Y-52.2 Z0.509804 F1000
G01 X84.05 Y-52.2 Z0.54902 F1000
G01 X84.1 Y-52.2 Z0.705882 F1000
G01 X84.15 Y-52.2 Z7.254902 F1000
G01 X84.2 Y-52.2 Z9.568627 F1000
G01 X84.25 Y-52.2 Z10 F1000
G01 X99.5 Y-52.2 Z10 F1000
G01 X99.5 Y-52.25 Z10 F1000
G01 X99.5 Y-52.3 Z10 F1000
G01 X99.5 Y-52.35 Z10 F1000
G01 X99.5 Y-52.4 Z10 F1000
G01 X99.5 Y-52.45 Z10 F1000
G01 X99.5 Y-52.5 Z10 F1000
G01 X99.5 Y-52.55 Z10 F1000
G01 X99.5 Y-52.6 Z10 F1000
G01 X99.5 Y-52.65 Z10 F1000
G01 X99.5 Y-52.7 Z10 F1000
G01 X99.5 Y-52.75 Z10 F1000
G01 X84.05 Y-52.75 Z10 F1000
G01 X84 Y-52.75 Z9.921569 F1000
G01 X83.95 Y-52.75 Z6.941176 F1000
G01 X83.9 Y-52.75 Z0.745098 F1000
G01 X83.7 Y-52.75 Z0.745098 F1000
G01 X83.65 Y-52.75 Z0.235294 F1000
G01 X83.55 Y-52.75 Z0.235294 F1000
G01 X83.5 Y-52.75 Z0 F1000
G01 X83.3 Y-52.75 Z0 F1000
G01 X83.25 Y-52.75 Z0.352941 F1000
G01 X83.2 Y-52.75 Z0.392157 F1000
G01 X83.15 Y-52.75 Z8.235294 F1000
G01 X83.1 Y-52.75 Z10 F1000
G01 X16.9 Y-52.75 Z10 F1000
G01 X16.85 Y-52.75 Z8.980392 F1000
G01 X16.8 Y-52.75 Z0.352941 F1000
G01 X16.75 Y-52.75 Z0.352941 F1000
G01 X16.7 Y-52.75 Z0 F1000
G01 X16.5 Y-52.75 Z0 F1000
G01 X16.45 Y-52.75 Z0.235294 F1000
G01 X16.35 Y-52.75 Z0.235294 F1000
G01 X16.3 Y-52.75 Z0.745098 F1000
G01 X16.1 Y-52.75 Z0.745098 F1000
G01 X16.05 Y-52.75 Z6.941176 F1000
G01 X16 Y-52.75 Z9.882353 F1000
G01 X15.95 Y-52.75 Z10 F1000
G01 X0.45 Y-52.75 Z10 F1000
G01 X0.45 Y-52.8 Z10 F1000
G01 X0.45 Y-52.85 Z10 F1000
G01 X0.45 Y-52.9 Z10 F1000
G01 X0.45 Y-52.95 Z10 F1000
G01 X0.45 Y-53 Z10 F1000
G01 X0.45 Y-53.05 Z10 F1000
G01 X0.45 Y-53.1 Z10 F1000
G01 X0.45 Y-53.15 Z10 F1000
G01 X0.45 Y-53.2 Z10 F1000
G01 X0.45 Y-53.25 Z10 F1000
G01 X0.45 Y-53.3 Z10 F1000
G01 X16.2 Y-53.3 Z10 F1000
G01 X16.25 Y-53.3 Z9.411765 F1000
G01 X16.3 Y-53.3 Z0.745098 F1000
G01 X16.35 Y-53.3 Z0.509804 F1000
G01 X16.4 Y-53.3 Z0.509804 F1000
G01 X16.45 Y-53.3 Z0.313725 F1000
G01 X16.5 Y-53.3 Z0 F1000
G01 X16.7 Y-53.3 Z0 F1000
G01 X16.75 Y-53.3 Z0.313725 F1000
G01 X16.85 Y-53.3 Z0.313725 F1000
G01 X16.9 Y-53.3 Z0.627451 F1000
G01 X17 Y-53.3 Z0.627451 F1000
G01 X17.05 Y-53.3 Z6.666667 F1000
G01 X17.1 Y-53.3 Z10 F1000
G01 X82.9 Y-53.3 Z10 F1000
G01 X82.95 Y-53.3 Z6.666667 F1000
G01 X83 Y-53.3 Z0.627451 F1000
G01 X83.1 Y-53.3 Z0.627451 F1000
G01 X83.15 Y-53.3 Z0.313725 F1000
G01 X83.25 Y-53.3 Z0.313725 F1000
G01 X83.3 Y-53.3 Z0 F1000
G01 X83.5 Y-53.3 Z0 F1000
G01 X83.55 Y-53.3 Z0.313725 F1000
G01 X83.6 Y-53.3 Z0.509804 F1000
G01 X83.65 Y-53.3 Z0.509804 F1000
G01 X83.7 Y-53.3 Z0.745098 F1000
G01 X83.75 Y-53.3 Z9.411765 F1000
G01 X83.8 Y-53.3 Z10 F1000
G01 X99.5 Y-53.3 Z10 F1000
G01 X99.5 Y-53.35 Z10 F1000
G01 X99.5 Y-53.4 Z10 F1000
G01 X99.5 Y-53.45 Z10 F1000
G01 X99.5 Y-53.5 Z10 F1000
G01 X99.5 Y-53.55 Z10 F1000
G01 X99.5 Y-53.6 Z10 F1000
G01 X99.5 Y-53.65 Z10 F1000
G01 X99.5 Y-53.7 Z10 F1000
G01 X99.5 Y-53.75 Z10 F1000
G01 X99.5 Y-53.8 Z10 F1000
G01 X99.5 Y-53.85 Z10 F1000
G01 X83.55 Y-53.85 Z10 F1000
G01 X83.5 Y-53.85 Z6.588235 F1000
G01 X83.45 Y-53.85 Z0.313725 F1000
G01 X83.3 Y-53.85 Z0.313725 F1000
G01 X83.25 Y-53.85 Z0.27451 F1000
G01 X83.15 Y-53.85 Z0.27451 F1000
G01 X83.1 Y-53.85 Z0 F1000
G01 X82.9 Y-53.85 Z0 F1000
G01 X82.85 Y-53.85 Z0.352941 F1000
G01 X82.8 Y-53.85 Z0.980392 F1000
G01 X82.75 Y-53.85 Z1.764706 F1000
G01 X82.7 Y-53.85 Z10 F1000
G01 X17.3 Y-53.85 Z10 F1000
G01 X17.25 Y-53.85 Z1.764706 F1000
G01 X17.2 Y-53.85 Z0.980392 F1000
G01 X17.15 Y-53.85 Z0.431373 F1000
G01 X17.1 Y-53.85 Z0 F1000
G01 X16.9 Y-53.85 Z0 F1000
G01 X16.85 Y-53.85 Z0.27451 F1000
G01 X16.75 Y-53.85 Z0.27451 F1000
G01 X16.7 Y-53.85 Z0.313725 F1000
G01 X16.55 Y-53.85 Z0.313725 F1000
G01 X16.5 Y-53.85 Z6.588235 F1000
G01 X16.45 Y-53.85 Z10 F1000
G01 X0.45 Y-53.85 Z10 F1000
G01 X0.45 Y-53.9 Z10 F1000
G01 X0.45 Y-53.95 Z10 F1000
G01 X0.45 Y-54 Z10 F1000
G01 X0.45 Y-54.05 Z10 F1000
G01 X0.45 Y-54.1 Z10 F1000
G01 X0.45 Y-54.15 Z10 F1000
G01 X0.45 Y-54.2 Z10 F1000
G01 X0.45 Y-54.25 Z10 F1000
G01 X0.45 Y-54.3 Z10 F1000
G01 X0.45 Y-54.35 Z10 F1000
G01 X0.45 Y-54.4 Z10 F1000
G01 X16.65 Y-54.4 Z10 F1000
G01 X16.7 Y-54.4 Z9.960784 F1000
G01 X16.75 Y-54.4 Z2.392157 F1000
G01 X16.8 Y-54.4 Z0.509804 F1000
G01 X16.85 Y-54.4 Z0.352941 F1000
G01 X16.9 Y-54.4 Z0 F1000
G01 X17.1 Y-54.4 Z0 F1000
G01 X17.15 Y-54.4 Z0.27451 F1000
G01 X17.2 Y-54.4 Z0.352941 F1000
G01 X17.45 Y-54.4 Z0.352941 F1000
G01 X17.5 Y-54.4 Z4.54902 F1000
G01 X17.55 Y-54.4 Z10 F1000
G01 X82.45 Y-54.4 Z10 F1000
G01 X82.5 Y-54.4 Z4.862745 F1000
G01 X82.55 Y-54.4 Z0.431373 F1000
G01 X82.6 Y-54.4 Z0.431373 F1000
G01 X82.65 Y-54.4 Z0.313725 F1000
G01 X82.7 Y-54.4 Z0.156863 F1000
G01 X82.8 Y-54.4 Z0.156863 F1000
G01 X82.85 Y-54.4 Z0.078431 F1000
G01 X82.9 Y-54.4 Z0 F1000
G01 X83.1 Y-54.4 Z0 F1000
G01 X83.15 Y-54.4 Z0.627451 F1000
G01 X83.2 Y-54.4 Z0.627451 F1000
G01 X83.25 Y-54.4 Z2.352941 F1000
G01 X83.3 Y-54.4 Z9.72549 F1000
G01 X83.35 Y-54.4 Z10 F1000
G01 X99.5 Y-54.4 Z10 F1000
G01 X99.5 Y-54.45 Z10 F1000
G01 X99.5 Y-54.5 Z10 F1000
G01 X99.5 Y-54.55 Z10 F1000
G01 X99.5 Y-54.6 Z10 F1000
G01 X99.5 Y-54.65 Z10 F1000
G01 X99.5 Y-54.7 Z10 F1000
G01 X99.5 Y-54.75 Z10 F1000
G01 X99.5 Y-54.8 Z10 F1000
G01 X99.5 Y-54.85 Z10 F1000
G01 X99.5 Y-54.9 Z10 F1000
G01 X99.5 Y-54.95 Z10 F1000
G01 X83.05 Y-54.95 Z10 F1000
G01 X83 Y-54.95 Z2.627451 F1000
G01 X82.95 Y-54.95 Z0.54902 F1000
G01 X82.8 Y-54.95 Z0.54902 F1000
G01 X82.75 Y-54.95 Z0.352941 F1000
G01 X82.7 Y-54.95 Z0 F1000
G01 X82.5 Y-54.95 Z0 F1000
G01 X82.45 Y-54.95 Z0.392157 F1000
G01 X82.4 Y-54.95 Z0.666667 F1000
G01 X82.3 Y-54.95 Z0.666667 F1000
G01 X82.25 Y-54.95 Z6.941176 F1000
G01 X82.2 Y-54.95 Z9.764706 F1000
G01 X82.15 Y-54.95 Z10 F1000
G01 X17.85 Y-54.95 Z10 F1000
G01 X17.8 Y-54.95 Z9.882353 F1000
G01 X17.75 Y-54.95 Z6.745098 F1000
G01 X17.7 Y-54.95 Z0.823529 F1000
G01 X17.65 Y-54.95 Z0.823529 F1000
G01 X17.6 Y-54.95 Z0.588235 F1000
G01 X17.55 Y-54.95 Z0.313725 F1000
G01 X17.5 Y-54.95 Z0 F1000
G01 X17.3 Y-54.95 Z0 F1000
G01 X17.25 Y-54.95 Z0.745098 F1000
G01 X17.05 Y-54.95 Z0.745098 F1000
G01 X17 Y-54.95 Z3.137255 F1000
G01 X16.95 Y-54.95 Z9.294118 F1000
G01 X16.9 Y-54.95 Z10 F1000
G01 X0.45 Y-54.95 Z10 F1000
G01 X0.45 Y-55 Z10 F1000
G01 X0.45 Y-55.05 Z10 F1000
G01 X0.45 Y-55.1 Z10 F1000
G01 X0.45 Y-55.15 Z10 F1000
G01 X0.45 Y-55.2 Z10 F1000
G01 X0.45 Y-55.25 Z10 F1000
G01 X0.45 Y-55.3 Z10 F1000
G01 X0.45 Y-55.35 Z10 F1000
G01 X0.45 Y-55.4 Z10 F1000
G01 X0.45 Y-55.45 Z10 F1000
G01 X0.45 Y-55.5 Z10 F1000
G01 X17.2 Y-55.5 Z10 F1000
G01 X17.25 Y-55.5 Z4.784314 F1000
G01 X17.3 Y-55.5 Z0 F1000
G01 X17.5 Y-55.5 Z0 F1000
G01 X17.55 Y-55.5 Z0.156863 F1000
G01 X17.6 Y-55.5 Z0.352941 F1000
G01 X17.65 Y-55.5 Z0.352941 F1000
G01 X17.7 Y-55.5 Z0.392157 F1000
G01 X17.75 Y-55.5 Z0.392157 F1000
G01 X17.8 Y-55.5 Z0.470588 F1000
G01 X17.95 Y-55.5 Z0.470588 F1000
G01 X18 Y-55.5 Z4.470588 F1000
G01 X18.05 Y-55.5 Z9.921569 F1000
G01 X18.1 Y-55.5 Z10 F1000
G01 X81.9 Y-55.5 Z10 F1000
G01 X81.95 Y-55.5 Z9.921569 F1000
G01 X82 Y-55.5 Z4.470588 F1000
G01 X82.05 Y-55.5 Z0.27451 F1000
G01 X82.1 Y-55.5 Z0.235294 F1000
G01 X82.25 Y-55.5 Z0.235294 F1000
G01 X82.3 Y-55.5 Z0.156863 F1000
G01 X82.35 Y-55.5 Z0.156863 F1000
G01 X82.4 Y-55.5 Z0.117647 F1000
G01 X82.45 Y-55.5 Z0.039216 F1000
G01 X82.5 Y-55.5 Z0 F1000
G01 X82.7 Y-55.5 Z0 F1000
G01 X82.75 Y-55.5 Z4.980392 F1000
G01 X82.8 Y-55.5 Z10 F1000
G01 X99.5 Y-55.5 Z10 F1000
G01 X99.5 Y-55.55 Z10 F1000
G01 X99.5 Y-55.6 Z10 F1000
G01 X99.5 Y-55.65 Z10 F1000
G01 X99.5 Y-55.7 Z10 F1000
G01 X99.5 Y-55.75 Z10 F1000
G01 X99.5 Y-55.8 Z10 F1000
G01 X99.5 Y-55.85 Z10 F1000
G01 X99.5 Y-55.9 Z10 F1000
G01 X99.5 Y-55.95 Z10 F1000
G01 X99.5 Y-56 Z10 F1000
G01 X99.5 Y-56.05 Z10 F1000
G01 X82.55 Y-56.05 Z10 F1000
G01 X82.5 Y-56.05 Z7.568627 F1000
G01 X82.45 Y-56.05 Z0.823529 F1000
G01 X82.4 Y-56.05 Z0.627451 F1000
G01 X82.35 Y-56.05 Z0.54902 F1000
G01 X82.3 Y-56.05 Z0 F1000
G01 X82.1 Y-56.05 Z0 F1000
G01 X82.05 Y-56.05 Z0.235294 F1000
G01 X82 Y-56.05 Z0.352941 F1000
G01 X81.95 Y-56.05 Z0.431373 F1000
G01 X81.9 Y-56.05 Z0.431373 F1000
G01 X81.85 Y-56.05 Z0.509804 F1000
G01 X81.75 Y-56.05 Z0.509804 F1000
G01 X81.7 Y-56.05 Z10 F1000
G01 X18.3 Y-56.05 Z10 F1000
G01 X18.25 Y-56.05 Z0.666667 F1000
G01 X18.2 Y-56.05 Z0.627451 F1000
G01 X18.05 Y-56.05 Z0.627451 F1000
G01 X18 Y-56.05 Z0.431373 F1000
G01 X17.95 Y-56.05 Z0.235294 F1000
G01 X17.9 Y-56.05 Z0 F1000
G01 X17.7 Y-56.05 Z0 F1000
G01 X17.65 Y-56.05 Z0.588235 F1000
G01 X17.6 Y-56.05 Z0.627451 F1000
G01 X17.55 Y-56.05 Z0.901961 F1000
G01 X17.5 Y-56.05 Z7.568627 F1000
G01 X17.45 Y-56.05 Z10 F1000
G01 X0.45 Y-56.05 Z10 F1000
G01 X0.45 Y-56.1 Z10 F1000
G01 X0.45 Y-56.15 Z10 F1000
G01 X0.45 Y-56.2 Z10 F1000
G01 X0.45 Y-56.25 Z10 F1000
G01 X0.45 Y-56.3 Z10 F1000
G01 X0.45 Y-56.35 Z10 F1000
G01 X0.45 Y-56.4 Z10 F1000
G01 X0.45 Y-56.45 Z10 F1000
G01 X0.45 Y-56.5 Z10 F1000
G01 X0.45 Y-56.55 Z10 F1000
G01 X0.45 Y-56.6 Z10 F1000
G01 X17.75 Y-56.6 Z10 F1000
G01 X17.8 Y-56.6 Z6.509804 F1000
G01 X17.85 Y-56.6 Z0.705882 F1000
G01 X18 Y-56.6 Z0.705882 F1000
G01 X18.05 Y-56.6 Z0.352941 F1000
G01 X18.1 Y-56.6 Z0 F1000
G01 X18.3 Y-56.6 Z0 F1000
G01 X18.35 Y-56.6 Z0.54902 F1000
G01 X18.4 Y-56.6 Z0.784314 F1000
G01 X18.45 Y-56.6 Z0.784314 F1000
G01 X18.5 Y-56.6 Z0.823529 F1000
G01 X18.55 Y-56.6 Z4.823529 F1000
G01 X18.6 Y-56.6 Z9.647059 F1000
G01 X18.65 Y-56.6 Z10 F1000
G01 X81.35 Y-56.6 Z10 F1000
G01 X81.4 Y-56.6 Z9.882353 F1000
G01 X81.45 Y-56.6 Z4.431373 F1000
G01 X81.5 Y-56.6 Z0.862745 F1000
G01 X81.65 Y-56.6 Z0.862745 F1000
G01 X81.7 Y-56.6 Z0 F1000
G01 X81.9 Y-56.6 Z0 F1000
G01 X81.95 Y-56.6 Z0.352941 F1000
G01 X82 Y-56.6 Z0.705882 F1000
G01 X82.15 Y-56.6 Z0.705882 F1000
G01 X82.2 Y-56.6 Z6.509804 F1000
G01 X82.25 Y-56.6 Z10 F1000
G01 X99.5 Y-56.6 Z10 F1000
G01 X99.5 Y-56.65 Z10 F1000
G01 X99.5 Y-56.7 Z10 F1000
G01 X99.5 Y-56.75 Z10 F1000
G01 X99.5 Y-56.8 Z10 F1000
G01 X99.5 Y-56.85 Z10 F1000
G01 X99.5 Y-56.9 Z10 F1000
G01 X99.5 Y-56.95 Z10 F1000
G01 X99.5 Y-57 Z10 F1000
G01 X99.5 Y-57.05 Z10 F1000
G01 X99.5 Y-57.1 Z10 F1000
G01 X99.5 Y-57.15 Z10 F1000
G01 X81.95 Y-57.15 Z10 F1000
G01 X81.9 Y-57.15 Z4.470588 F1000
G01 X81.85 Y-57.15 Z0.54902 F1000
G01 X81.8 Y-57.15 Z0.392157 F1000
G01 X81.55 Y-57.15 Z0.392157 F1000
G01 X81.5 Y-57.15 Z0.156863 F1000
G01 X81.45 Y-57.15 Z0.235294 F1000
G01 X81.3 Y-57.15 Z0.235294 F1000
G01 X81.25 Y-57.15 Z0.352941 F1000
G01 X81.2 Y-57.15 Z0.431373 F1000
G01 X81.15 Y-57.15 Z5.803922 F1000
G01 X81.1 Y-57.15 Z10 F1000
G01 X18.9 Y-57.15 Z10 F1000
G01 X18.85 Y-57.15 Z6.27451 F1000
G01 X18.8 Y-57.15 Z1.058824 F1000
G01 X18.75 Y-57.15 Z0.313725 F1000
G01 X18.7 Y-57.15 Z0.235294 F1000
G01 X18.55 Y-57.15 Z0.235294 F1000
G01 X18.5 Y-57.15 Z0.156863 F1000
G01 X18.45 Y-57.15 Z0.156863 F1000
G01 X18.4 Y-57.15 Z0.235294 F1000
G01 X18.2 Y-57.15 Z0.235294 F1000
G01 X18.15 Y-57.15 Z0.27451 F1000
G01 X18.1 Y-57.15 Z4.666667 F1000
G01 X18.05 Y-57.15 Z10 F1000
G01 X0.45 Y-57.15 Z10 F1000
G01 X0.45 Y-57.2 Z10 F1000
G01 X0.45 Y-57.25 Z10 F1000
G01 X0.45 Y-57.3 Z10 F1000
G01 X0.45 Y-57.35 Z10 F1000
G01 X0.45 Y-57.4 Z10 F1000
G01 X0.45 Y-57.45 Z10 F1000
G01 X0.45 Y-57.5 Z10 F1000
G01 X0.45 Y-57.55 Z10 F1000
G01 X0.45 Y-57.6 Z10 F1000
G01 X0.45 Y-57.65 Z10 F1000
G01 X0.45 Y-57.7 Z10 F1000
G01 X18.3 Y-57.7 Z10 F1000
G01 X18.35 Y-57.7 Z9.686275 F1000
G01 X18.4 Y-57.7 Z4.54902 F1000
G01 X18.45 Y-57.7 Z0.470588 F1000
G01 X18.75 Y-57.7 Z0.470588 F1000
G01 X18.8 Y-57.7 Z0.156863 F1000
G01 X18.85 Y-57.7 Z0.117647 F1000
G01 X18.9 Y-57.7 Z0 F1000
G01 X19.1 Y-57.7 Z0 F1000
G01 X19.15 Y-57.7 Z4.823529 F1000
G01 X19.2 Y-57.7 Z9.686275 F1000
G01 X19.25 Y-57.7 Z10 F1000
G01 X80.75 Y-57.7 Z10 F1000
G01 X80.8 Y-57.7 Z9.960784 F1000
G01 X80.85 Y-57.7 Z4.901961 F1000
G01 X80.9 Y-57.7 Z0 F1000
G01 X81.1 Y-57.7 Z0 F1000
G01 X81.15 Y-57.7 Z0.117647 F1000
G01 X81.2 Y-57.7 Z0.156863 F1000
G01 X81.25 Y-57.7 Z0.470588 F1000
G01 X81.5 Y-57.7 Z0.470588 F1000
G01 X81.55 Y-57.7 Z0.862745 F1000
G01 X81.6 Y-57.7 Z4.431373 F1000
G01 X81.65 Y-57.7 Z10 F1000
G01 X99.5 Y-57.7 Z10 F1000
G01 X99.5 Y-57.75 Z10 F1000
G01 X99.5 Y-57.8 Z10 F1000
G01 X99.5 Y-57.85 Z10 F1000
G01 X99.5 Y-57.9 Z10 F1000
G01 X99.5 Y-57.95 Z10 F1000
G01 X99.5 Y-58 Z10 F1000
G01 X99.5 Y-58.05 Z10 F1000
G01 X99.5 Y-58.1 Z10 F1000
G01 X99.5 Y-58.15 Z10 F1000
G01 X99.5 Y-58.2 Z10 F1000
G01 X99.5 Y-58.25 Z10 F1000
G01 X81.4 Y-58.25 Z10 F1000
G01 X81.35 Y-58.25 Z9.960784 F1000
G01 X81.3 Y-58.25 Z8.039216 F1000
G01 X81.25 Y-58.25 Z0.901961 F1000
G01 X81.15 Y-58.25 Z0.901961 F1000
G01 X81.1 Y-58.25 Z0 F1000
G01 X80.9 Y-58.25 Z0 F1000
G01 X80.85 Y-58.25 Z0.392157 F1000
G01 X80.8 Y-58.25 Z0.705882 F1000
G01 X80.75 Y-58.25 Z0.705882 F1000
G01 X80.7 Y-58.25 Z0.745098 F1000
G01 X80.65 Y-58.25 Z0.862745 F1000
G01 X80.55 Y-58.25 Z0.862745 F1000
G01 X80.5 Y-58.25 Z10 F1000
G01 X19.5 Y-58.25 Z10 F1000
G01 X19.45 Y-58.25 Z0.862745 F1000
G01 X19.35 Y-58.25 Z0.862745 F1000
G01 X19.3 Y-58.25 Z0.745098 F1000
G01 X19.25 Y-58.25 Z0.705882 F1000
G01 X19.2 Y-58.25 Z0.705882 F1000
G01 X19.15 Y-58.25 Z0.392157 F1000
G01 X19.1 Y-58.25 Z0 F1000
G01 X18.9 Y-58.25 Z0 F1000
G01 X18.85 Y-58.25 Z0.470588 F1000
G01 X18.8 Y-58.25 Z0.941176 F1000
G01 X18.75 Y-58.25 Z0.941176 F1000
G01 X18.7 Y-58.25 Z8.196078 F1000
G01 X18.65 Y-58.25 Z10 F1000
G01 X0.45 Y-58.25 Z10 F1000
G01 X0.45 Y-58.3 Z10 F1000
G01 X0.45 Y-58.35 Z10 F1000
G01 X0.45 Y-58.4 Z10 F1000
G01 X0.45 Y-58.45 Z10 F1000
G01 X0.45 Y-58.5 Z10 F1000
G01 X0.45 Y-58.55 Z10 F1000
G01 X0.45 Y-58.6 Z10 F1000
G01 X0.45 Y-58.65 Z10 F1000
G01 X0.45 Y-58.7 Z10 F1000
G01 X0.45 Y-58.75 Z10 F1000
G01 X0.45 Y-58.8 Z10 F1000
G01 X19 Y-58.8 Z10 F1000
G01 X19.05 Y-58.8 Z6.666667 F1000
G01 X19.1 Y-58.8 Z0.901961 F1000
G01 X19.15 Y-58.8 Z0.862745 F1000
G01 X19.2 Y-58.8 Z0.862745 F1000
G01 X19.25 Y-58.8 Z0.666667 F1000
G01 X19.3 Y-58.8 Z0 F1000
G01 X19.5 Y-58.8 Z0 F1000
G01 X19.55 Y-58.8 Z0.313725 F1000
G01 X19.6 Y-58.8 Z0.313725 F1000
G01 X19.65 Y-58.8 Z0.392157 F1000
G01 X19.7 Y-58.8 Z0.392157 F1000
G01 X19.75 Y-58.8 Z0.470588 F1000
G01 X19.8 Y-58.8 Z5.176471 F1000
G01 X19.85 Y-58.8 Z10 F1000
G01 X80.1 Y-58.8 Z10 F1000
G01 X80.15 Y-58.8 Z9.803922 F1000
G01 X80.2 Y-58.8 Z2.705882 F1000
G01 X80.25 Y-58.8 Z1.019608 F1000
G01 X80.35 Y-58.8 Z1.019608 F1000
G01 X80.4 Y-58.8 Z0.313725 F1000
G01 X80.45 Y-58.8 Z0.313725 F1000
G01 X80.5 Y-58.8 Z0 F1000
G01 X80.7 Y-58.8 Z0 F1000
G01 X80.75 Y-58.8 Z0.627451 F1000
G01 X80.8 Y-58.8 Z0.784314 F1000
G01 X80.9 Y-58.8 Z0.784314 F1000
G01 X80.95 Y-58.8 Z7.019608 F1000
G01 X81 Y-58.8 Z9.882353 F1000
G01 X81.05 Y-58.8 Z10 F1000
G01 X99.5 Y-58.8 Z10 F1000
G01 X99.5 Y-58.85 Z10 F1000
G01 X99.5 Y-58.9 Z10 F1000
G01 X99.5 Y-58.95 Z10 F1000
G01 X99.5 Y-59 Z10 F1000
G01 X99.5 Y-59.05 Z10 F1000
G01 X99.5 Y-59.1 Z10 F1000
G01 X99.5 Y-59.15 Z10 F1000
G01 X99.5 Y-59.2 Z10 F1000
G01 X99.5 Y-59.25 Z10 F1000
G01 X99.5 Y-59.3 Z10 F1000
G01 X99.5 Y-59.35 Z10 F1000
G01 X80.65 Y-59.35 Z10 F1000
G01 X80.6 Y-59.35 Z5.254902 F1000
G01 X80.55 Y-59.35 Z0.941176 F1000
G01 X80.5 Y-59.35 Z0.705882 F1000
G01 X80.4 Y-59.35 Z0.705882 F1000
G01 X80.35 Y-59.35 Z0.313725 F1000
G01 X80.3 Y-59.35 Z0 F1000
G01 X80.1 Y-59.35 Z0 F1000
G01 X80.05 Y-59.35 Z0.196078 F1000
G01 X80 Y-59.35 Z0.235294 F1000
G01 X79.95 Y-59.35 Z0.509804 F1000
G01 X79.9 Y-59.35 Z0.941176 F1000
G01 X79.85 Y-59.35 Z4.666667 F1000
G01 X79.8 Y-59.35 Z10 F1000
G01 X20.2 Y-59.35 Z10 F1000
G01 X20.15 Y-59.35 Z4.666667 F1000
G01 X20.1 Y-59.35 Z0.941176 F1000
G01 X20.05 Y-59.35 Z0.509804 F1000
G01 X20 Y-59.35 Z0.235294 F1000
G01 X19.95 Y-59.35 Z0.196078 F1000
G01 X19.9 Y-59.35 Z0 F1000
G01 X19.7 Y-59.35 Z0 F1000
G01 X19.65 Y-59.35 Z0.313725 F1000
G01 X19.6 Y-59.35 Z0.705882 F1000
G01 X19.5 Y-59.35 Z0.705882 F1000
G01 X19.45 Y-59.35 Z0.941176 F1000
G01 X19.4 Y-59.35 Z5.254902 F1000
G01 X19.35 Y-59.35 Z10 F1000
G01 X0.45 Y-59.35 Z10 F1000
G01 X0.45 Y-59.4 Z10 F1000
G01 X0.45 Y-59.45 Z10 F1000
G01 X0.45 Y-59.5 Z10 F1000
G01 X0.45 Y-59.55 Z10 F1000
G01 X0.45 Y-59.6 Z10 F1000
G01 X0.45 Y-59.65 Z10 F1000
G01 X0.45 Y-59.7 Z10 F1000
G01 X0.45 Y-59.75 Z10 F1000
G01 X0.45 Y-59.8 Z10 F1000
G01 X0.45 Y-59.85 Z10 F1000
G01 X0.45 Y-59.9 Z10 F1000
G01 X19.7 Y-59.9 Z10 F1000
G01 X19.75 Y-59.9 Z6.27451 F1000
G01 X19.8 Y-59.9 Z0.823529 F1000
G01 X19.85 Y-59.9 Z0.823529 F1000
G01 X19.9 Y-59.9 Z0.745098 F1000
G01 X19.95 Y-59.9 Z0.745098 F1000
G01 X20 Y-59.9 Z0.470588 F1000
G01 X20.05 Y-59.9 Z0.431373 F1000
G01 X20.1 Y-59.9 Z0 F1000
G01 X20.3 Y-59.9 Z0 F1000
G01 X20.35 Y-59.9 Z0.54902 F1000
G01 X20.4 Y-59.9 Z0.784314 F1000
G01 X20.45 Y-59.9 Z0.784314 F1000
G01 X20.5 Y-59.9 Z3.254902 F1000
G01 X20.55 Y-59.9 Z9.529412 F1000
G01 X20.6 Y-59.9 Z10 F1000
G01 X79.4 Y-59.9 Z10 F1000
G01 X79.45 Y-59.9 Z9.529412 F1000
G01 X79.5 Y-59.9 Z3.254902 F1000
G01 X79.55 Y-59.9 Z0.901961 F1000
G01 X79.6 Y-59.9 Z0.705882 F1000
G01 X79.65 Y-59.9 Z0.705882 F1000
G01 X79.7 Y-59.9 Z0 F1000
G01 X79.9 Y-59.9 Z0 F1000
G01 X79.95 Y-59.9 Z0.431373 F1000
G01 X80 Y-59.9 Z0.470588 F1000
G01 X80.05 Y-59.9 Z0.745098 F1000
G01 X80.1 Y-59.9 Z0.745098 F1000
G01 X80.15 Y-59.9 Z0.823529 F1000
G01 X80.2 Y-59.9 Z0.823529 F1000
G01 X80.25 Y-59.9 Z6.27451 F1000
G01 X80.3 Y-59.9 Z10 F1000
G01 X99.5 Y-59.9 Z10 F1000
G01 X99.5 Y-59.95 Z10 F1000
G01 X99.5 Y-60 Z10 F1000
G01 X99.5 Y-60.05 Z10 F1000
G01 X99.5 Y-60.1 Z10 F1000
G01 X99.5 Y-60.15 Z10 F1000
G01 X99.5 Y-60.2 Z10 F1000
G01 X99.5 Y-60.25 Z10 F1000
G01 X99.5 Y-60.3 Z10 F1000
G01 X99.5 Y-60.35 Z10 F1000
G01 X99.5 Y-60.4 Z10 F1000
G01 X99.5 Y-60.45 Z10 F1000
G01 X79.95 Y-60.45 Z10 F1000
G01 X79.9 Y-60.45 Z9.803922 F1000
G01 X79.85 Y-60.45 Z2.980392 F1000
G01 X79.8 Y-60.45 Z1.372549 F1000
G01 X79.75 Y-60.45 Z0.745098 F1000
G01 X79.7 Y-60.45 Z0.705882 F1000
G01 X79.65 Y-60.45 Z0.705882 F1000
G01 X79.6 Y-60.45 Z0.588235 F1000
G01 X79.55 Y-60.45 Z0.470588 F1000
G01 X79.5 Y-60.45 Z0.235294 F1000
G01 X79.25 Y-60.45 Z0.235294 F1000
G01 X79.2 Y-60.45 Z0.470588 F1000
G01 X79.15 Y-60.45 Z0.470588 F1000
G01 X79.1 Y-60.45 Z6.980392 F1000
G01 X79.05 Y-60.45 Z9.411765 F1000
G01 X79 Y-60.45 Z10 F1000
G01 X21 Y-60.45 Z10 F1000
G01 X20.95 Y-60.45 Z9.411765 F1000
G01 X20.9 Y-60.45 Z6.980392 F1000
G01 X20.85 Y-60.45 Z0.54902 F1000
G01 X20.8 Y-60.45 Z0.54902 F1000
G01 X20.75 Y-60.45 Z0.470588 F1000
G01 X20.45 Y-60.45 Z0.470588 F1000
G01 X20.4 Y-60.45 Z0.588235 F1000
G01 X20.35 Y-60.45 Z0.705882 F1000
G01 X20.3 Y-60.45 Z0.705882 F1000
G01 X20.25 Y-60.45 Z0.745098 F1000
G01 X20.2 Y-60.45 Z1.372549 F1000
G01 X20.15 Y-60.45 Z2.980392 F1000
G01 X20.1 Y-60.45 Z9.803922 F1000
G01 X20.05 Y-60.45 Z10 F1000
G01 X0.45 Y-60.45 Z10 F1000
G01 X0.45 Y-60.5 Z10 F1000
G01 X0.45 Y-60.55 Z10 F1000
G01 X0.45 Y-60.6 Z10 F1000
G01 X0.45 Y-60.65 Z10 F1000
G01 X0.45 Y-60.7 Z10 F1000
G01 X0.45 Y-60.75 Z10 F1000
G01 X0.45 Y-60.8 Z10 F1000
G01 X0.45 Y-60.85 Z10 F1000
G01 X0.45 Y-60.9 Z10 F1000
G01 X0.45 Y-60.95 Z10 F1000
G01 X0.45 Y-61 Z10 F1000
G01 X20.45 Y-61 Z10 F1000
G01 X20.5 Y-61 Z8.470588 F1000
G01 X20.55 Y-61 Z0.901961 F1000
G01 X20.6 Y-61 Z0.862745 F1000
G01 X20.75 Y-61 Z0.862745 F1000
G01 X20.8 Y-61 Z0.470588 F1000
G01 X20.85 Y-61 Z0.352941 F1000
G01 X20.9 Y-61 Z0 F1000
G01 X21.1 Y-61 Z0 F1000
G01 X21.15 Y-61 Z0.705882 F1000
G01 X21.2 Y-61 Z0.941176 F1000
G01 X21.25 Y-61 Z1.176471 F1000
G01 X21.3 Y-61 Z8.745098 F1000
G01 X21.35 Y-61 Z10 F1000
G01 X78.65 Y-61 Z10 F1000
G01 X78.7 Y-61 Z8.745098 F1000
G01 X78.75 Y-61 Z1.176471 F1000
G01 X78.8 Y-61 Z0.941176 F1000
G01 X78.85 Y-61 Z0.705882 F1000
G01 X78.9 Y-61 Z0 F1000
G01 X79.1 Y-61 Z0 F1000
G01 X79.15 Y-61 Z0.352941 F1000
G01 X79.2 Y-61 Z0.470588 F1000
G01 X79.25 Y-61 Z0.862745 F1000
G01 X79.4 Y-61 Z0.862745 F1000
G01 X79.45 Y-61 Z0.901961 F1000
G01 X79.5 Y-61 Z8.470588 F1000
G01 X79.55 Y-61 Z10 F1000
G01 X99.5 Y-61 Z10 F1000
G01 X99.5 Y-61.05 Z10 F1000
G01 X99.5 Y-61.1 Z10 F1000
G01 X99.5 Y-61.15 Z10 F1000
G01 X99.5 Y-61.2 Z10 F1000
G01 X99.5 Y-61.25 Z10 F1000
G01 X99.5 Y-61.3 Z10 F1000
G01 X99.5 Y-61.35 Z10 F1000
G01 X99.5 Y-61.4 Z10 F1000
G01 X99.5 Y-61.45 Z10 F1000
G01 X99.5 Y-61.5 Z10 F1000
G01 X99.5 Y-61.55 Z10 F1000
G01 X79.15 Y-61.55 Z10 F1000
G01 X79.1 Y-61.55 Z9.764706 F1000
G01 X79.05 Y-61.55 Z0.666667 F1000
G01 X78.9 Y-61.55 Z0.666667 F1000
G01 X78.85 Y-61.55 Z0.313725 F1000
G01 X78.8 Y-61.55 Z0.352941 F1000
G01 X78.75 Y-61.55 Z0.352941 F1000
G01 X78.7 Y-61.55 Z0.392157 F1000
G01 X78.65 Y-61.55 Z0.392157 F1000
G01 X78.6 Y-61.55 Z0.470588 F1000
G01 X78.45 Y-61.55 Z0.470588 F1000
G01 X78.4 Y-61.55 Z0.509804 F1000
G01 X78.35 Y-61.55 Z0.509804 F1000
G01 X78.3 Y-61.55 Z6.509804 F1000
G01 X78.25 Y-61.55 Z10 F1000
G01 X21.8 Y-61.55 Z10 F1000
G01 X21.75 Y-61.55 Z9.568627 F1000
G01 X21.7 Y-61.55 Z6.941176 F1000
G01 X21.65 Y-61.55 Z0.901961 F1000
G01 X21.6 Y-61.55 Z0.901961 F1000
G01 X21.55 Y-61.55 Z0.470588 F1000
G01 X21.4 Y-61.55 Z0.470588 F1000
G01 X21.35 Y-61.55 Z0.392157 F1000
G01 X21.3 Y-61.55 Z0.392157 F1000
G01 X21.25 Y-61.55 Z0.352941 F1000
G01 X21.2 Y-61.55 Z0.352941 F1000
G01 X21.15 Y-61.55 Z0.509804 F1000
G01 X21 Y-61.55 Z0.509804 F1000
G01 X20.95 Y-61.55 Z0.627451 F1000
G01 X20.9 Y-61.55 Z10 F1000
G01 X0.45 Y-61.55 Z10 F1000
G01 X0.45 Y-61.6 Z10 F1000
G01 X0.45 Y-61.65 Z10 F1000
G01 X0.45 Y-61.7 Z10 F1000
G01 X0.45 Y-61.75 Z10 F1000
G01 X0.45 Y-61.8 Z10 F1000
G01 X0.45 Y-61.85 Z10 F1000
G01 X0.45 Y-61.9 Z10 F1000
G01 X0.45 Y-61.95 Z10 F1000
G01 X0.45 Y-62 Z10 F1000
G01 X0.45 Y-62.05 Z10 F1000
G01 X0.45 Y-62.1 Z10 F1000
G01 X21.3 Y-62.1 Z10 F1000
G01 X21.35 Y-62.1 Z4.901961 F1000
G01 X21.4 Y-62.1 Z1.098039 F1000
G01 X21.45 Y-62.1 Z1.098039 F1000
G01 X21.5 Y-62.1 Z0.588235 F1000
G01 X21.55 Y-62.1 Z0.588235 F1000
G01 X21.6 Y-62.1 Z0.509804 F1000
G01 X21.65 Y-62.1 Z0.27451 F1000
G01 X21.7 Y-62.1 Z0 F1000
G01 X21.9 Y-62.1 Z0 F1000
G01 X21.95 Y-62.1 Z0.784314 F1000
G01 X22.05 Y-62.1 Z0.784314 F1000
G01 X22.1 Y-62.1 Z2.980392 F1000
G01 X22.15 Y-62.1 Z9.411765 F1000
G01 X22.2 Y-62.1 Z10 F1000
G01 X77.8 Y-62.1 Z10 F1000
G01 X77.85 Y-62.1 Z9.333333 F1000
G01 X77.9 Y-62.1 Z2.54902 F1000
G01 X77.95 Y-62.1 Z0.627451 F1000
G01 X78.05 Y-62.1 Z0.627451 F1000
G01 X78.1 Y-62.1 Z0 F1000
G01 X78.3 Y-62.1 Z0 F1000
G01 X78.35 Y-62.1 Z0.27451 F1000
G01 X78.4 Y-62.1 Z0.509804 F1000
G01 X78.45 Y-62.1 Z0.588235 F1000
G01 X78.5 Y-62.1 Z0.588235 F1000
G01 X78.55 Y-62.1 Z1.098039 F1000
G01 X78.6 Y-62.1 Z1.098039 F1000
G01 X78.65 Y-62.1 Z4.901961 F1000
G01 X78.7 Y-62.1 Z10 F1000
G01 X99.5 Y-62.1 Z10 F1000
G01 X99.5 Y-62.15 Z10 F1000
G01 X99.5 Y-62.2 Z10 F1000
G01 X99.5 Y-62.25 Z10 F1000
G01 X99.5 Y-62.3 Z10 F1000
G01 X99.5 Y-62.35 Z10 F1000
G01 X99.5 Y-62.4 Z10 F1000
G01 X99.5 Y-62.45 Z10 F1000
G01 X99.5 Y-62.5 Z10 F1000
G01 X99.5 Y-62.55 Z10 F1000
G01 X99.5 Y-62.6 Z10 F1000
G01 X99.5 Y-62.65 Z10 F1000
G01 X78.3 Y-62.65 Z10 F1000
G01 X78.25 Y-62.65 Z9.764706 F1000
G01 X78.2 Y-62.65 Z3.215686 F1000
G01 X78.15 Y-62.65 Z0.823529 F1000
G01 X78.1 Y-62.65 Z0.823529 F1000
G01 X78.05 Y-62.65 Z0.627451 F1000
G01 X78 Y-62.65 Z0.627451 F1000
G01 X77.95 Y-62.65 Z0.235294 F1000
G01 X77.9 Y-62.65 Z0 F1000
G01 X77.7 Y-62.65 Z0 F1000
G01 X77.65 Y-62.65 Z0.313725 F1000
G01 X77.6 Y-62.65 Z0.862745 F1000
G01 X77.5 Y-62.65 Z0.862745 F1000
G01 X77.45 Y-62.65 Z2.27451 F1000
G01 X77.4 Y-62.65 Z10 F1000
G01 X22.7 Y-62.65 Z10 F1000
G01 X22.65 Y-62.65 Z9.764706 F1000
G01 X22.6 Y-62.65 Z9.686275 F1000
G01 X22.55 Y-62.65 Z2.784314 F1000
G01 X22.5 Y-62.65 Z0.901961 F1000
G01 X22.4 Y-62.65 Z0.901961 F1000
G01 X22.35 Y-62.65 Z0.117647 F1000
G01 X22.3 Y-62.65 Z0 F1000
G01 X22.1 Y-62.65 Z0 F1000
G01 X22.05 Y-62.65 Z0.27451 F1000
G01 X22 Y-62.65 Z0.470588 F1000
G01 X21.95 Y-62.65 Z0.470588 F1000
G01 X21.9 Y-62.65 Z0.745098 F1000
G01 X21.85 Y-62.65 Z0.745098 F1000
G01 X21.8 Y-62.65 Z2.705882 F1000
G01 X21.75 Y-62.65 Z9.333333 F1000
G01 X21.7 Y-62.65 Z10 F1000
G01 X0.45 Y-62.65 Z10 F1000
G01 X0.45 Y-62.7 Z10 F1000
G01 X0.45 Y-62.75 Z10 F1000
G01 X0.45 Y-62.8 Z10 F1000
G01 X0.45 Y-62.85 Z10 F1000
G01 X0.45 Y-62.9 Z10 F1000
G01 X0.45 Y-62.95 Z10 F1000
G01 X0.45 Y-63 Z10 F1000
G01 X0.45 Y-63.05 Z10 F1000
G01 X0.45 Y-63.1 Z10 F1000
G01 X0.45 Y-63.15 Z10 F1000
G01 X0.45 Y-63.2 Z10 F1000
G01 X22.15 Y-63.2 Z10 F1000
G01 X22.2 Y-63.2 Z9.215686 F1000
G01 X22.25 Y-63.2 Z3.098039 F1000
G01 X22.3 Y-63.2 Z0.745098 F1000
G01 X22.35 Y-63.2 Z0.745098 F1000
G01 X22.4 Y-63.2 Z0.509804 F1000
G01 X22.45 Y-63.2 Z0.509804 F1000
G01 X22.5 Y-63.2 Z0.235294 F1000
G01 X22.65 Y-63.2 Z0.235294 F1000
G01 X22.7 Y-63.2 Z0.156863 F1000
G01 X22.75 Y-63.2 Z0.431373 F1000
G01 X22.8 Y-63.2 Z0.588235 F1000
G01 X23 Y-63.2 Z0.588235 F1000
G01 X23.05 Y-63.2 Z8.039216 F1000
G01 X23.1 Y-63.2 Z10 F1000
G01 X76.9 Y-63.2 Z10 F1000
G01 X76.95 Y-63.2 Z8.039216 F1000
G01 X77 Y-63.2 Z0.588235 F1000
G01 X77.2 Y-63.2 Z0.588235 F1000
G01 X77.25 Y-63.2 Z0.431373 F1000
G01 X77.3 Y-63.2 Z0.156863 F1000
G01 X77.35 Y-63.2 Z0.235294 F1000
G01 X77.5 Y-63.2 Z0.235294 F1000
G01 X77.55 Y-63.2 Z0.509804 F1000
G01 X77.6 Y-63.2 Z0.509804 F1000
G01 X77.65 Y-63.2 Z0.745098 F1000
G01 X77.7 Y-63.2 Z0.745098 F1000
G01 X77.75 Y-63.2 Z3.098039 F1000
G01 X77.8 Y-63.2 Z9.215686 F1000
G01 X77.85 Y-63.2 Z10 F1000
G01 X99.5 Y-63.2 Z10 F1000
G01 X99.5 Y-63.25 Z10 F1000
G01 X99.5 Y-63.3 Z10 F1000
G01 X99.5 Y-63.35 Z10 F1000
G01 X99.5 Y-63.4 Z10 F1000
G01 X99.5 Y-63.45 Z10 F1000
G01 X99.5 Y-63.5 Z10 F1000
G01 X99.5 Y-63.55 Z10 F1000
G01 X99.5 Y-63.6 Z10 F1000
G01 X99.5 Y-63.65 Z10 F1000
G01 X99.5 Y-63.7 Z10 F1000
G01 X99.5 Y-63.75 Z10 F1000
G01 X77.35 Y-63.75 Z10 F1000
G01 X77.3 Y-63.75 Z6.313725 F1000
G01 X77.25 Y-63.75 Z1.058824 F1000
G01 X77.2 Y-63.75 Z1.058824 F1000
G01 X77.15 Y-63.75 Z0.313725 F1000
G01 X77.1 Y-63.75 Z0 F1000
G01 X76.9 Y-63.75 Z0 F1000
G01 X76.85 Y-63.75 Z0.235294 F1000
G01 X76.7 Y-63.75 Z0.235294 F1000
G01 X76.65 Y-63.75 Z0.54902 F1000
G01 X76.55 Y-63.75 Z0.54902 F1000
G01 X76.5 Y-63.75 Z2.823529 F1000
G01 X76.45 Y-63.75 Z10 F1000
G01 X23.55 Y-63.75 Z10 F1000
G01 X23.5 Y-63.75 Z2.823529 F1000
G01 X23.45 Y-63.75 Z0.54902 F1000
G01 X23.35 Y-63.75 Z0.54902 F1000
G01 X23.3 Y-63.75 Z0.235294 F1000
G01 X23.15 Y-63.75 Z0.235294 F1000
G01 X23.1 Y-63.75 Z0 F1000
G01 X22.9 Y-63.75 Z0 F1000
G01 X22.85 Y-63.75 Z0.313725 F1000
G01 X22.8 Y-63.75 Z0.431373 F1000
G01 X22.75 Y-63.75 Z0.588235 F1000
G01 X22.7 Y-63.75 Z6.078431 F1000
G01 X22.65 Y-63.75 Z10 F1000
G01 X0.45 Y-63.75 Z10 F1000
G01 X0.45 Y-63.8 Z10 F1000
G01 X0.45 Y-63.85 Z10 F1000
G01 X0.45 Y-63.9 Z10 F1000
G01 X0.45 Y-63.95 Z10 F1000
G01 X0.45 Y-64 Z10 F1000
G01 X0.45 Y-64.05 Z10 F1000
G01 X0.45 Y-64.1 Z10 F1000
G01 X0.45 Y-64.15 Z10 F1000
G01 X0.45 Y-64.2 Z10 F1000
G01 X0.45 Y-64.25 Z10 F1000
G01 X0.45 Y-64.3 Z10 F1000
G01 X23.1 Y-64.3 Z10 F1000
G01 X23.15 Y-64.3 Z9.647059 F1000
G01 X23.2 Y-64.3 Z4.823529 F1000
G01 X23.25 Y-64.3 Z0.352941 F1000
G01 X23.3 Y-64.3 Z0 F1000
G01 X23.5 Y-64.3 Z0 F1000
G01 X23.55 Y-64.3 Z0.392157 F1000
G01 X23.6 Y-64.3 Z0.470588 F1000
G01 X23.7 Y-64.3 Z0.470588 F1000
G01 X23.75 Y-64.3 Z0.54902 F1000
G01 X23.85 Y-64.3 Z0.54902 F1000
G01 X23.9 Y-64.3 Z0.588235 F1000
G01 X23.95 Y-64.3 Z0.588235 F1000
G01 X24 Y-64.3 Z3.568627 F1000
G01 X24.05 Y-64.3 Z8.980392 F1000
G01 X24.1 Y-64.3 Z10 F1000
G01 X75.9 Y-64.3 Z10 F1000
G01 X75.95 Y-64.3 Z9.215686 F1000
G01 X76 Y-64.3 Z3.058824 F1000
G01 X76.05 Y-64.3 Z1.215686 F1000
G01 X76.1 Y-64.3 Z0.588235 F1000
G01 X76.15 Y-64.3 Z0.54902 F1000
G01 X76.25 Y-64.3 Z0.54902 F1000
G01 X76.3 Y-64.3 Z0.470588 F1000
G01 X76.4 Y-64.3 Z0.470588 F1000
G01 X76.45 Y-64.3 Z0.392157 F1000
G01 X76.5 Y-64.3 Z0 F1000
G01 X76.7 Y-64.3 Z0 F1000
G01 X76.75 Y-64.3 Z0.392157 F1000
G01 X76.8 Y-64.3 Z5.098039 F1000
G01 X76.85 Y-64.3 Z9.45098 F1000
G01 X76.9 Y-64.3 Z9.843137 F1000
G01 X76.95 Y-64.3 Z10 F1000
G01 X99.5 Y-64.3 Z10 F1000
G01 X99.5 Y-64.35 Z10 F1000
G01 X99.5 Y-64.4 Z10 F1000
G01 X99.5 Y-64.45 Z10 F1000
G01 X99.5 Y-64.5 Z10 F1000
G01 X99.5 Y-64.55 Z10 F1000
G01 X99.5 Y-64.6 Z10 F1000
G01 X99.5 Y-64.65 Z10 F1000
G01 X99.5 Y-64.7 Z10 F1000
G01 X99.5 Y-64.75 Z10 F1000
G01 X99.5 Y-64.8 Z10 F1000
G01 X99.5 Y-64.85 Z10 F1000
G01 X76.4 Y-64.85 Z10 F1000
G01 X76.35 Y-64.85 Z9.960784 F1000
G01 X76.3 Y-64.85 Z6.666667 F1000
G01 X76.25 Y-64.85 Z0.941176 F1000
G01 X76.05 Y-64.85 Z0.941176 F1000
G01 X76 Y-64.85 Z0.509804 F1000
G01 X75.6 Y-64.85 Z0.509804 F1000
G01 X75.55 Y-64.85 Z0.901961 F1000
G01 X75.5 Y-64.85 Z1.019608 F1000
G01 X75.45 Y-64.85 Z5.803922 F1000
G01 X75.4 Y-64.85 Z10 F1000
G01 X24.6 Y-64.85 Z10 F1000
G01 X24.55 Y-64.85 Z5.803922 F1000
G01 X24.5 Y-64.85 Z1.019608 F1000
G01 X24.45 Y-64.85 Z0.901961 F1000
G01 X24.4 Y-64.85 Z0.588235 F1000
G01 X24.3 Y-64.85 Z0.588235 F1000
G01 X24.25 Y-64.85 Z0.352941 F1000
G01 X24.05 Y-64.85 Z0.352941 F1000
G01 X24 Y-64.85 Z0.392157 F1000
G01 X23.75 Y-64.85 Z0.392157 F1000
G01 X23.7 Y-64.85 Z6.823529 F1000
G01 X23.65 Y-64.85 Z9.960784 F1000
G01 X23.6 Y-64.85 Z10 F1000
G01 X0.45 Y-64.85 Z10 F1000
G01 X0.45 Y-64.9 Z10 F1000
G01 X0.45 Y-64.95 Z10 F1000
G01 X0.45 Y-65 Z10 F1000
G01 X0.45 Y-65.05 Z10 F1000
G01 X0.45 Y-65.1 Z10 F1000
G01 X0.45 Y-65.15 Z10 F1000
G01 X0.45 Y-65.2 Z10 F1000
G01 X0.45 Y-65.25 Z10 F1000
G01 X0.45 Y-65.3 Z10 F1000
G01 X0.45 Y-65.35 Z10 F1000
G01 X0.45 Y-65.4 Z10 F1000
G01 X24.15 Y-65.4 Z10 F1000
G01 X24.2 Y-65.4 Z9.921569 F1000
G01 X24.25 Y-65.4 Z4.666667 F1000
G01 X24.3 Y-65.4 Z0.588235 F1000
G01 X24.35 Y-65.4 Z0.588235 F1000
G01 X24.4 Y-65.4 Z0.431373 F1000
G01 X24.45 Y-65.4 Z0.313725 F1000
G01 X24.5 Y-65.4 Z0 F1000
G01 X24.7 Y-65.4 Z0 F1000
G01 X24.75 Y-65.4 Z0.470588 F1000
G01 X24.8 Y-65.4 Z0.705882 F1000
G01 X24.95 Y-65.4 Z0.705882 F1000
G01 X25 Y-65.4 Z0.823529 F1000
G01 X25.05 Y-65.4 Z0.862745 F1000
G01 X25.1 Y-65.4 Z6.27451 F1000
G01 X25.15 Y-65.4 Z10 F1000
G01 X74.85 Y-65.4 Z10 F1000
G01 X74.9 Y-65.4 Z6.470588 F1000
G01 X74.95 Y-65.4 Z0.745098 F1000
G01 X75 Y-65.4 Z0.705882 F1000
G01 X75.1 Y-65.4 Z0.705882 F1000
G01 X75.15 Y-65.4 Z0.588235 F1000
G01 X75.2 Y-65.4 Z0.392157 F1000
G01 X75.25 Y-65.4 Z0.196078 F1000
G01 X75.3 Y-65.4 Z0 F1000
G01 X75.5 Y-65.4 Z0 F1000
G01 X75.55 Y-65.4 Z0.392157 F1000
G01 X75.7 Y-65.4 Z0.392157 F1000
G01 X75.75 Y-65.4 Z3.019608 F1000
G01 X75.8 Y-65.4 Z9.294118 F1000
G01 X75.85 Y-65.4 Z10 F1000
G01 X99.5 Y-65.4 Z10 F1000
G01 X99.5 Y-65.45 Z10 F1000
G01 X99.5 Y-65.5 Z10 F1000
G01 X99.5 Y-65.55 Z10 F1000
G01 X99.5 Y-65.6 Z10 F1000
G01 X99.5 Y-65.65 Z10 F1000
G01 X99.5 Y-65.7 Z10 F1000
G01 X99.5 Y-65.75 Z10 F1000
G01 X99.5 Y-65.8 Z10 F1000
G01 X99.5 Y-65.85 Z10 F1000
G01 X99.5 Y-65.9 Z10 F1000
G01 X99.5 Y-65.95 Z10 F1000
G01 X75.3 Y-65.95 Z10 F1000
G01 X75.25 Y-65.95 Z9.764706 F1000
G01 X75.2 Y-65.95 Z5.568627 F1000
G01 X75.15 Y-65.95 Z0.470588 F1000
G01 X75.05 Y-65.95 Z0.470588 F1000
G01 X75 Y-65.95 Z0.392157 F1000
G01 X74.8 Y-65.95 Z0.392157 F1000
G01 X74.75 Y-65.95 Z0.54902 F1000
G01 X74.7 Y-65.95 Z0.54902 F1000
G01 X74.65 Y-65.95 Z0.666667 F1000
G01 X74.45 Y-65.95 Z0.666667 F1000
G01 X74.4 Y-65.95 Z0.941176 F1000
G01 X74.35 Y-65.95 Z3.333333 F1000
G01 X74.3 Y-65.95 Z9.294118 F1000
G01 X74.25 Y-65.95 Z10 F1000
G01 X25.75 Y-65.95 Z10 F1000
G01 X25.7 Y-65.95 Z9.333333 F1000
G01 X25.65 Y-65.95 Z3.176471 F1000
G01 X25.6 Y-65.95 Z1.254902 F1000
G01 X25.55 Y-65.95 Z0.823529 F1000
G01 X25.25 Y-65.95 Z0.823529 F1000
G01 X25.2 Y-65.95 Z0.27451 F1000
G01 X25.15 Y-65.95 Z0.27451 F1000
G01 X25.1 Y-65.95 Z0.156863 F1000
G01 X24.9 Y-65.95 Z0.156863 F1000
G01 X24.85 Y-65.95 Z0.27451 F1000
G01 X24.8 Y-65.95 Z5.568627 F1000
G01 X24.75 Y-65.95 Z9.764706 F1000
G01 X24.7 Y-65.95 Z10 F1000
G01 X0.45 Y-65.95 Z10 F1000
G01 X0.45 Y-66 Z10 F1000
G01 X0.45 Y-66.05 Z10 F1000
G01 X0.45 Y-66.1 Z10 F1000
G01 X0.45 Y-66.15 Z10 F1000
G01 X0.45 Y-66.2 Z10 F1000
G01 X0.45 Y-66.25 Z10 F1000
G01 X0.45 Y-66.3 Z10 F1000
G01 X0.45 Y-66.35 Z10 F1000
G01 X0.45 Y-66.4 Z10 F1000
G01 X0.45 Y-66.45 Z10 F1000
G01 X0.45 Y-66.5 Z10 F1000
G01 X25.25 Y-66.5 Z10 F1000
G01 X25.3 Y-66.5 Z9.764706 F1000
G01 X25.35 Y-66.5 Z8.901961 F1000
G01 X25.4 Y-66.5 Z2.627451 F1000
G01 X25.45 Y-66.5 Z0.705882 F1000
G01 X25.65 Y-66.5 Z0.705882 F1000
G01 X25.7 Y-66.5 Z0 F1000
G01 X25.9 Y-66.5 Z0 F1000
G01 X25.95 Y-66.5 Z0.235294 F1000
G01 X26 Y-66.5 Z0.235294 F1000
G01 X26.05 Y-66.5 Z0.470588 F1000
G01 X26.1 Y-66.5 Z0.470588 F1000
G01 X26.15 Y-66.5 Z0.54902 F1000
G01 X26.2 Y-66.5 Z0.54902 F1000
G01 X26.25 Y-66.5 Z2.392157 F1000
G01 X26.3 Y-66.5 Z10 F1000
G01 X73.7 Y-66.5 Z10 F1000
G01 X73.75 Y-66.5 Z2.392157 F1000
G01 X73.8 Y-66.5 Z0.54902 F1000
G01 X73.85 Y-66.5 Z0.54902 F1000
G01 X73.9 Y-66.5 Z0.470588 F1000
G01 X73.95 Y-66.5 Z0.470588 F1000
G01 X74 Y-66.5 Z0.235294 F1000
G01 X74.05 Y-66.5 Z0.235294 F1000
G01 X74.1 Y-66.5 Z0 F1000
G01 X74.3 Y-66.5 Z0 F1000
G01 X74.35 Y-66.5 Z0.705882 F1000
G01 X74.55 Y-66.5 Z0.705882 F1000
G01 X74.6 Y-66.5 Z2.627451 F1000
G01 X74.65 Y-66.5 Z8.901961 F1000
G01 X74.7 Y-66.5 Z9.764706 F1000
G01 X74.75 Y-66.5 Z10 F1000
G01 X99.5 Y-66.5 Z10 F1000
G01 X99.5 Y-66.55 Z10 F1000
G01 X99.5 Y-66.6 Z10 F1000
G01 X99.5 Y-66.65 Z10 F1000
G01 X99.5 Y-66.7 Z10 F1000
G01 X99.5 Y-66.75 Z10 F1000
G01 X99.5 Y-66.8 Z10 F1000
G01 X99.5 Y-66.85 Z10 F1000
G01 X99.5 Y-66.9 Z10 F1000
G01 X99.5 Y-66.95 Z10 F1000
G01 X99.5 Y-67 Z10 F1000
G01 X99.5 Y-67.05 Z10 F1000
G01 X74.1 Y-67.05 Z10 F1000
G01 X74.05 Y-67.05 Z8.27451 F1000
G01 X74 Y-67.05 Z2.980392 F1000
G01 X73.95 Y-67.05 Z0.470588 F1000
G01 X73.9 Y-67.05 Z0 F1000
G01 X73.7 Y-67.05 Z0 F1000
G01 X73.65 Y-67.05 Z0.039216 F1000
G01 X73.6 Y-67.05 Z0.27451 F1000
G01 X73.3 Y-67.05 Z0.27451 F1000
G01 X73.25 Y-67.05 Z0.666667 F1000
G01 X73.2 Y-67.05 Z0.901961 F1000
G01 X73.15 Y-67.05 Z0.901961 F1000
G01 X73.1 Y-67.05 Z6.27451 F1000
G01 X73.05 Y-67.05 Z10 F1000
G01 X26.95 Y-67.05 Z10 F1000
G01 X26.9 Y-67.05 Z6.27451 F1000
G01 X26.85 Y-67.05 Z0.666667 F1000
G01 X26.8 Y-67.05 Z0.666667 F1000
G01 X26.75 Y-67.05 Z0.313725 F1000
G01 X26.7 Y-67.05 Z0.27451 F1000
G01 X26.4 Y-67.05 Z0.27451 F1000
G01 X26.35 Y-67.05 Z0.039216 F1000
G01 X26.3 Y-67.05 Z0 F1000
G01 X26.1 Y-67.05 Z0 F1000
G01 X26.05 Y-67.05 Z0.27451 F1000
G01 X26 Y-67.05 Z2.980392 F1000
G01 X25.95 Y-67.05 Z7.72549 F1000
G01 X25.9 Y-67.05 Z10 F1000
G01 X0.45 Y-67.05 Z10 F1000
G01 X0.45 Y-67.1 Z10 F1000
G01 X0.45 Y-67.15 Z10 F1000
G01 X0.45 Y-67.2 Z10 F1000
G01 X0.45 Y-67.25 Z10 F1000
G01 X0.45 Y-67.3 Z10 F1000
G01 X0.45 Y-67.35 Z10 F1000
G01 X0.45 Y-67.4 Z10 F1000
G01 X0.45 Y-67.45 Z10 F1000
G01 X0.45 Y-67.5 Z10 F1000
G01 X0.45 Y-67.55 Z10 F1000
G01 X0.45 Y-67.6 Z10 F1000
G01 X26.5 Y-67.6 Z10 F1000
G01 X26.55 Y-67.6 Z9.803922 F1000
G01 X26.6 Y-67.6 Z6.509804 F1000
G01 X26.65 Y-67.6 Z0.980392 F1000
G01 X26.75 Y-67.6 Z0.980392 F1000
G01 X26.8 Y-67.6 Z0.588235 F1000
G01 X27.05 Y-67.6 Z0.588235 F1000
G01 X27.1 Y-67.6 Z0.431373 F1000
G01 X27.2 Y-67.6 Z0.431373 F1000
G01 X27.25 Y-67.6 Z0.392157 F1000
G01 X27.35 Y-67.6 Z0.392157 F1000
G01 X27.4 Y-67.6 Z0.431373 F1000
G01 X27.45 Y-67.6 Z0.54902 F1000
G01 X27.5 Y-67.6 Z0.54902 F1000
G01 X27.55 Y-67.6 Z4.54902 F1000
G01 X27.6 Y-67.6 Z10 F1000
G01 X72.4 Y-67.6 Z10 F1000
G01 X72.45 Y-67.6 Z4.54902 F1000
G01 X72.5 Y-67.6 Z0.431373 F1000
G01 X72.55 Y-67.6 Z0.431373 F1000
G01 X72.6 Y-67.6 Z0.313725 F1000
G01 X72.75 Y-67.6 Z0.313725 F1000
G01 X72.8 Y-67.6 Z0.431373 F1000
G01 X72.9 Y-67.6 Z0.431373 F1000
G01 X72.95 Y-67.6 Z0.588235 F1000
G01 X73.2 Y-67.6 Z0.588235 F1000
G01 X73.25 Y-67.6 Z1.019608 F1000
G01 X73.35 Y-67.6 Z1.019608 F1000
G01 X73.4 Y-67.6 Z6.392157 F1000
G01 X73.45 Y-67.6 Z9.647059 F1000
G01 X73.5 Y-67.6 Z10 F1000
G01 X99.5 Y-67.6 Z10 F1000
G01 X99.5 Y-67.65 Z10 F1000
G01 X99.5 Y-67.7 Z10 F1000
G01 X99.5 Y-67.75 Z10 F1000
G01 X99.5 Y-67.8 Z10 F1000
G01 X99.5 Y-67.85 Z10 F1000
G01 X99.5 Y-67.9 Z10 F1000
G01 X99.5 Y-67.95 Z10 F1000
G01 X99.5 Y-68 Z10 F1000
G01 X99.5 Y-68.05 Z10 F1000
G01 X99.5 Y-68.1 Z10 F1000
G01 X99.5 Y-68.15 Z10 F1000
G01 X72.8 Y-68.15 Z10 F1000
G01 X72.75 Y-68.15 Z8.745098 F1000
G01 X72.7 Y-68.15 Z0.705882 F1000
G01 X72.6 Y-68.15 Z0.705882 F1000
G01 X72.55 Y-68.15 Z0.666667 F1000
G01 X72.5 Y-68.15 Z0.666667 F1000
G01 X72.45 Y-68.15 Z0.627451 F1000
G01 X72.4 Y-68.15 Z0.627451 F1000
G01 X72.35 Y-68.15 Z0.431373 F1000
G01 X72.3 Y-68.15 Z0 F1000
G01 X72.1 Y-68.15 Z0 F1000
G01 X72.05 Y-68.15 Z0.627451 F1000
G01 X72 Y-68.15 Z0.862745 F1000
G01 X71.8 Y-68.15 Z0.862745 F1000
G01 X71.75 Y-68.15 Z6.588235 F1000
G01 X71.7 Y-68.15 Z9.882353 F1000
G01 X71.65 Y-68.15 Z10 F1000
G01 X28.3 Y-68.15 Z10 F1000
G01 X28.25 Y-68.15 Z3.764706 F1000
G01 X28.2 Y-68.15 Z0.823529 F1000
G01 X28.15 Y-68.15 Z0.823529 F1000
G01 X28.1 Y-68.15 Z0.745098 F1000
G01 X28 Y-68.15 Z0.745098 F1000
G01 X27.95 Y-68.15 Z0.27451 F1000
G01 X27.9 Y-68.15 Z0 F1000
G01 X27.7 Y-68.15 Z0 F1000
G01 X27.65 Y-68.15 Z0.352941 F1000
G01 X27.6 Y-68.15 Z0.509804 F1000
G01 X27.55 Y-68.15 Z0.54902 F1000
G01 X27.5 Y-68.15 Z1.176471 F1000
G01 X27.3 Y-68.15 Z1.176471 F1000
G01 X27.25 Y-68.15 Z6.117647 F1000
G01 X27.2 Y-68.15 Z10 F1000
G01 X0.45 Y-68.15 Z10 F1000
G01 X0.45 Y-68.2 Z10 F1000
G01 X0.45 Y-68.25 Z10 F1000
G01 X0.45 Y-68.3 Z10 F1000
G01 X0.45 Y-68.35 Z10 F1000
G01 X0.45 Y-68.4 Z10 F1000
G01 X0.45 Y-68.45 Z10 F1000
G01 X0.45 Y-68.5 Z10 F1000
G01 X0.45 Y-68.55 Z10 F1000
G01 X0.45 Y-68.6 Z10 F1000
G01 X0.45 Y-68.65 Z10 F1000
G01 X0.45 Y-68.7 Z10 F1000
G01 X27.9 Y-68.7 Z10 F1000
G01 X27.95 Y-68.7 Z6.588235 F1000
G01 X28 Y-68.7 Z0.823529 F1000
G01 X28.05 Y-68.7 Z0.784314 F1000
G01 X28.1 Y-68.7 Z0 F1000
G01 X28.3 Y-68.7 Z0 F1000
G01 X28.35 Y-68.7 Z0.156863 F1000
G01 X28.4 Y-68.7 Z0.352941 F1000
G01 X28.45 Y-68.7 Z0.352941 F1000
G01 X28.5 Y-68.7 Z0.392157 F1000
G01 X28.55 Y-68.7 Z0.392157 F1000
G01 X28.6 Y-68.7 Z0.470588 F1000
G01 X28.75 Y-68.7 Z0.470588 F1000
G01 X28.8 Y-68.7 Z0.745098 F1000
G01 X28.9 Y-68.7 Z0.745098 F1000
G01 X28.95 Y-68.7 Z1.568627 F1000
G01 X29 Y-68.7 Z8.235294 F1000
G01 X29.05 Y-68.7 Z10 F1000
G01 X70.95 Y-68.7 Z10 F1000
G01 X71 Y-68.7 Z7.568627 F1000
G01 X71.05 Y-68.7 Z1.098039 F1000
G01 X71.15 Y-68.7 Z1.098039 F1000
G01 X71.2 Y-68.7 Z0.705882 F1000
G01 X71.25 Y-68.7 Z0.470588 F1000
G01 X71.4 Y-68.7 Z0.470588 F1000
G01 X71.45 Y-68.7 Z0.392157 F1000
G01 X71.5 Y-68.7 Z0.392157 F1000
G01 X71.55 Y-68.7 Z0.352941 F1000
G01 X71.6 Y-68.7 Z0.352941 F1000
G01 X71.65 Y-68.7 Z0.156863 F1000
G01 X71.7 Y-68.7 Z0 F1000
G01 X71.9 Y-68.7 Z0 F1000
G01 X71.95 Y-68.7 Z0.784314 F1000
G01 X72 Y-68.7 Z0.823529 F1000
G01 X72.05 Y-68.7 Z6.588235 F1000
G01 X72.1 Y-68.7 Z10 F1000
G01 X99.5 Y-68.7 Z10 F1000
G01 X99.5 Y-68.75 Z10 F1000
G01 X99.5 Y-68.8 Z10 F1000
G01 X99.5 Y-68.85 Z10 F1000
G01 X99.5 Y-68.9 Z10 F1000
G01 X99.5 Y-68.95 Z10 F1000
G01 X99.5 Y-69 Z10 F1000
G01 X99.5 Y-69.05 Z10 F1000
G01 X99.5 Y-69.1 Z10 F1000
G01 X99.5 Y-69.15 Z10 F1000
G01 X99.5 Y-69.2 Z10 F1000
G01 X99.5 Y-69.25 Z10 F1000
G01 X71.4 Y-69.25 Z10 F1000
G01 X71.35 Y-69.25 Z9.254902 F1000
G01 X71.3 Y-69.25 Z3.058824 F1000
G01 X71.25 Y-69.25 Z0.862745 F1000
G01 X70.85 Y-69.25 Z0.862745 F1000
G01 X70.8 Y-69.25 Z0.588235 F1000
G01 X70.75 Y-69.25 Z0.588235 F1000
G01 X70.7 Y-69.25 Z0.039216 F1000
G01 X70.65 Y-69.25 Z0.039216 F1000
G01 X70.6 Y-69.25 Z0.117647 F1000
G01 X70.5 Y-69.25 Z0.117647 F1000
G01 X70.45 Y-69.25 Z0.27451 F1000
G01 X70.4 Y-69.25 Z0.705882 F1000
G01 X70.35 Y-69.25 Z0.862745 F1000
G01 X70.3 Y-69.25 Z0.862745 F1000
G01 X70.25 Y-69.25 Z3.921569 F1000
G01 X70.2 Y-69.25 Z9.960784 F1000
G01 X70.15 Y-69.25 Z9.960784 F1000
G01 X70.1 Y-69.25 Z10 F1000
G01 X29.9 Y-69.25 Z10 F1000
G01 X29.85 Y-69.25 Z9.843137 F1000
G01 X29.8 Y-69.25 Z9.764706 F1000
G01 X29.75 Y-69.25 Z4.470588 F1000
G01 X29.7 Y-69.25 Z0.862745 F1000
G01 X29.65 Y-69.25 Z0.862745 F1000
G01 X29.6 Y-69.25 Z0.470588 F1000
G01 X29.55 Y-69.25 Z0.470588 F1000
G01 X29.5 Y-69.25 Z0.117647 F1000
G01 X29.4 Y-69.25 Z0.117647 F1000
G01 X29.35 Y-69.25 Z0.039216 F1000
G01 X29.3 Y-69.25 Z0.039216 F1000
G01 X29.25 Y-69.25 Z0.313725 F1000
G01 X29.15 Y-69.25 Z0.313725 F1000
G01 X29.1 Y-69.25 Z0.470588 F1000
G01 X29.05 Y-69.25 Z0.509804 F1000
G01 X29 Y-69.25 Z0.509804 F1000
G01 X28.95 Y-69.25 Z1.215686 F1000
G01 X28.75 Y-69.25 Z1.215686 F1000
G01 X28.7 Y-69.25 Z3.058824 F1000
G01 X28.65 Y-69.25 Z9.254902 F1000
G01 X28.6 Y-69.25 Z10 F1000
G01 X0.45 Y-69.25 Z10 F1000
G01 X0.45 Y-69.3 Z10 F1000
G01 X0.45 Y-69.35 Z10 F1000
G01 X0.45 Y-69.4 Z10 F1000
G01 X0.45 Y-69.45 Z10 F1000
G01 X0.45 Y-69.5 Z10 F1000
G01 X0.45 Y-69.55 Z10 F1000
G01 X0.45 Y-69.6 Z10 F1000
G01 X0.45 Y-69.65 Z10 F1000
G01 X0.45 Y-69.7 Z10 F1000
G01 X0.45 Y-69.75 Z10 F1000
G01 X0.45 Y-69.8 Z10 F1000
G01 X29.25 Y-69.8 Z10 F1000
G01 X29.3 Y-69.8 Z9.960784 F1000
G01 X29.35 Y-69.8 Z9.960784 F1000
G01 X29.4 Y-69.8 Z9.647059 F1000
G01 X29.45 Y-69.8 Z6.313725 F1000
G01 X29.5 Y-69.8 Z1.372549 F1000
G01 X29.6 Y-69.8 Z1.372549 F1000
G01 X29.65 Y-69.8 Z0.588235 F1000
G01 X29.7 Y-69.8 Z0 F1000
G01 X30.3 Y-69.8 Z0 F1000
G01 X30.35 Y-69.8 Z0.666667 F1000
G01 X30.5 Y-69.8 Z0.666667 F1000
G01 X30.55 Y-69.8 Z2.470588 F1000
G01 X30.6 Y-69.8 Z8.156863 F1000
G01 X30.65 Y-69.8 Z10 F1000
G01 X69.35 Y-69.8 Z10 F1000
G01 X69.4 Y-69.8 Z8.156863 F1000
G01 X69.45 Y-69.8 Z2.470588 F1000
G01 X69.5 Y-69.8 Z0.666667 F1000
G01 X69.65 Y-69.8 Z0.666667 F1000
G01 X69.7 Y-69.8 Z0 F1000
G01 X70.3 Y-69.8 Z0 F1000
G01 X70.35 Y-69.8 Z0.588235 F1000
G01 X70.4 Y-69.8 Z1.372549 F1000
G01 X70.5 Y-69.8 Z1.372549 F1000
G01 X70.55 Y-69.8 Z6.313725 F1000
G01 X70.6 Y-69.8 Z9.647059 F1000
G01 X70.65 Y-69.8 Z9.960784 F1000
G01 X70.7 Y-69.8 Z9.960784 F1000
G01 X70.75 Y-69.8 Z10 F1000
G01 X99.5 Y-69.8 Z10 F1000
G01 X99.5 Y-69.85 Z10 F1000
G01 X99.5 Y-69.9 Z10 F1000
G01 X99.5 Y-69.95 Z10 F1000
G01 X99.5 Y-70 Z10 F1000
G01 X99.5 Y-70.05 Z10 F1000
G01 X99.5 Y-70.1 Z10 F1000
G01 X99.5 Y-70.15 Z10 F1000
G01 X99.5 Y-70.2 Z10 F1000
G01 X99.5 Y-70.25 Z10 F1000
G01 X99.5 Y-70.3 Z10 F1000
G01 X99.5 Y-70.35 Z10 F1000
G01 X69.8 Y-70.35 Z10 F1000
G01 X69.75 Y-70.35 Z6.470588 F1000
G01 X69.7 Y-70.35 Z0.784314 F1000
G01 X69.55 Y-70.35 Z0.784314 F1000
G01 X69.5 Y-70.35 Z0.431373 F1000
G01 X69.45 Y-70.35 Z0.431373 F1000
G01 X69.4 Y-70.35 Z0.352941 F1000
G01 X69.2 Y-70.35 Z0.352941 F1000
G01 X69.15 Y-70.35 Z0.313725 F1000
G01 X68.9 Y-70.35 Z0.313725 F1000
G01 X68.85 Y-70.35 Z0.392157 F1000
G01 X68.6 Y-70.35 Z0.392157 F1000
G01 X68.55 Y-70.35 Z5.137255 F1000
G01 X68.5 Y-70.35 Z10 F1000
G01 X31.55 Y-70.35 Z10 F1000
G01 X31.5 Y-70.35 Z9.960784 F1000
G01 X31.45 Y-70.35 Z4.431373 F1000
G01 X31.4 Y-70.35 Z0.862745 F1000
G01 X31.15 Y-70.35 Z0.862745 F1000
G01 X31.1 Y-70.35 Z0.313725 F1000
G01 X30.85 Y-70.35 Z0.313725 F1000
G01 X30.8 Y-70.35 Z0.352941 F1000
G01 X30.6 Y-70.35 Z0.352941 F1000
G01 X30.55 Y-70.35 Z0.431373 F1000
G01 X30.45 Y-70.35 Z0.431373 F1000
G01 X30.4 Y-70.35 Z0.980392 F1000
G01 X30.35 Y-70.35 Z0.980392 F1000
G01 X30.3 Y-70.35 Z2.745098 F1000
G01 X30.25 Y-70.35 Z6.431373 F1000
G01 X30.2 Y-70.35 Z10 F1000
G01 X0.45 Y-70.35 Z10 F1000
G01 X0.45 Y-70.4 Z10 F1000
G01 X0.45 Y-70.45 Z10 F1000
G01 X0.45 Y-70.5 Z10 F1000
G01 X0.45 Y-70.55 Z10 F1000
G01 X0.45 Y-70.6 Z10 F1000
G01 X0.45 Y-70.65 Z10 F1000
G01 X0.45 Y-70.7 Z10 F1000
G01 X0.45 Y-70.75 Z10 F1000
G01 X0.45 Y-70.8 Z10 F1000
G01 X0.45 Y-70.85 Z10 F1000
G01 X0.45 Y-70.9 Z10 F1000
G01 X31 Y-70.9 Z10 F1000
G01 X31.05 Y-70.9 Z9.921569 F1000
G01 X31.1 Y-70.9 Z7.647059 F1000
G01 X31.15 Y-70.9 Z2.666667 F1000
G01 X31.2 Y-70.9 Z1.019608 F1000
G01 X31.35 Y-70.9 Z1.019608 F1000
G01 X31.4 Y-70.9 Z0.901961 F1000
G01 X31.55 Y-70.9 Z0.901961 F1000
G01 X31.6 Y-70.9 Z0.666667 F1000
G01 X31.65 Y-70.9 Z0.156863 F1000
G01 X31.7 Y-70.9 Z0 F1000
G01 X32.3 Y-70.9 Z0 F1000
G01 X32.35 Y-70.9 Z0.27451 F1000
G01 X32.4 Y-70.9 Z4.627451 F1000
G01 X32.45 Y-70.9 Z9.647059 F1000
G01 X32.5 Y-70.9 Z10 F1000
G01 X67.45 Y-70.9 Z10 F1000
G01 X67.5 Y-70.9 Z9.960784 F1000
G01 X67.55 Y-70.9 Z9.960784 F1000
G01 X67.6 Y-70.9 Z6.509804 F1000
G01 X67.65 Y-70.9 Z0.470588 F1000
G01 X67.7 Y-70.9 Z0 F1000
G01 X68.3 Y-70.9 Z0 F1000
G01 X68.35 Y-70.9 Z0.156863 F1000
G01 X68.4 Y-70.9 Z0.666667 F1000
G01 X68.45 Y-70.9 Z0.901961 F1000
G01 X68.6 Y-70.9 Z0.901961 F1000
G01 X68.65 Y-70.9 Z1.019608 F1000
G01 X68.8 Y-70.9 Z1.019608 F1000
G01 X68.85 Y-70.9 Z2.588235 F1000
G01 X68.9 Y-70.9 Z7.843137 F1000
G01 X68.95 Y-70.9 Z10 F1000
G01 X99.5 Y-70.9 Z10 F1000
G01 X99.5 Y-70.95 Z10 F1000
G01 X99.5 Y-71 Z10 F1000
G01 X99.5 Y-71.05 Z10 F1000
G01 X99.5 Y-71.1 Z10 F1000
G01 X99.5 Y-71.15 Z10 F1000
G01 X99.5 Y-71.2 Z10 F1000
G01 X99.5 Y-71.25 Z10 F1000
G01 X99.5 Y-71.3 Z10 F1000
G01 X99.5 Y-71.35 Z10 F1000
G01 X99.5 Y-71.4 Z10 F1000
G01 X99.5 Y-71.45 Z10 F1000
G01 X68 Y-71.45 Z10 F1000
G01 X67.95 Y-71.45 Z4.313725 F1000
G01 X67.9 Y-71.45 Z0.705882 F1000
G01 X67.85 Y-71.45 Z0.470588 F1000
G01 X67.75 Y-71.45 Z0.470588 F1000
G01 X67.7 Y-71.45 Z0.352941 F1000
G01 X67.55 Y-71.45 Z0.352941 F1000
G01 X67.5 Y-71.45 Z0 F1000
G01 X67.3 Y-71.45 Z0 F1000
G01 X67.25 Y-71.45 Z0.039216 F1000
G01 X67.2 Y-71.45 Z0.27451 F1000
G01 X66.8 Y-71.45 Z0.27451 F1000
G01 X66.75 Y-71.45 Z0.313725 F1000
G01 X66.7 Y-71.45 Z0.627451 F1000
G01 X66.65 Y-71.45 Z0.627451 F1000
G01 X66.6 Y-71.45 Z4.823529 F1000
G01 X66.55 Y-71.45 Z8.588235 F1000
G01 X66.5 Y-71.45 Z10 F1000
G01 X33.5 Y-71.45 Z10 F1000
G01 X33.45 Y-71.45 Z8.666667 F1000
G01 X33.4 Y-71.45 Z3.960784 F1000
G01 X33.35 Y-71.45 Z0.745098 F1000
G01 X33.25 Y-71.45 Z0.745098 F1000
G01 X33.2 Y-71.45 Z0.705882 F1000
G01 X33.15 Y-71.45 Z0.588235 F1000
G01 X33.1 Y-71.45 Z0.27451 F1000
G01 X32.8 Y-71.45 Z0.27451 F1000
G01 X32.75 Y-71.45 Z0.039216 F1000
G01 X32.7 Y-71.45 Z0 F1000
G01 X32.5 Y-71.45 Z0 F1000
G01 X32.45 Y-71.45 Z0.392157 F1000
G01 X32.35 Y-71.45 Z0.392157 F1000
G01 X32.3 Y-71.45 Z0.431373 F1000
G01 X32.25 Y-71.45 Z0.509804 F1000
G01 X32.1 Y-71.45 Z0.509804 F1000
G01 X32.05 Y-71.45 Z4.745098 F1000
G01 X32 Y-71.45 Z9.607843 F1000
G01 X31.95 Y-71.45 Z9.960784 F1000
G01 X31.9 Y-71.45 Z9.960784 F1000
G01 X31.85 Y-71.45 Z10 F1000
G01 X0.45 Y-71.45 Z10 F1000
G01 X0.45 Y-71.5 Z10 F1000
G01 X0.45 Y-71.55 Z10 F1000
G01 X0.45 Y-71.6 Z10 F1000
G01 X0.45 Y-71.65 Z10 F1000
G01 X0.45 Y-71.7 Z10 F1000
G01 X0.45 Y-71.75 Z10 F1000
G01 X0.45 Y-71.8 Z10 F1000
G01 X0.45 Y-71.85 Z10 F1000
G01 X0.45 Y-71.9 Z10 F1000
G01 X0.45 Y-71.95 Z10 F1000
G01 X0.45 Y-72 Z10 F1000
G01 X32.95 Y-72 Z10 F1000
G01 X33 Y-72 Z7.960784 F1000
G01 X33.05 Y-72 Z2.745098 F1000
G01 X33.1 Y-72 Z0.666667 F1000
G01 X33.2 Y-72 Z0.666667 F1000
G01 X33.25 Y-72 Z0.509804 F1000
G01 X33.3 Y-72 Z0.509804 F1000
G01 X33.35 Y-72 Z0.313725 F1000
G01 X33.45 Y-72 Z0.313725 F1000
G01 X33.5 Y-72 Z0.235294 F1000
G01 X33.55 Y-72 Z0.235294 F1000
G01 X33.6 Y-72 Z0.352941 F1000
G01 X33.65 Y-72 Z0.352941 F1000
G01 X33.7 Y-72 Z0.392157 F1000
G01 X33.95 Y-72 Z0.392157 F1000
G01 X34 Y-72 Z0.588235 F1000
G01 X34.4 Y-72 Z0.588235 F1000
G01 X34.45 Y-72 Z1.254902 F1000
G01 X34.5 Y-72 Z4.705882 F1000
G01 X34.55 Y-72 Z8.117647 F1000
G01 X34.6 Y-72 Z9.882353 F1000
G01 X34.65 Y-72 Z10 F1000
G01 X65.35 Y-72 Z10 F1000
G01 X65.4 Y-72 Z9.882353 F1000
G01 X65.45 Y-72 Z8.117647 F1000
G01 X65.5 Y-72 Z4.705882 F1000
G01 X65.55 Y-72 Z1.254902 F1000
G01 X65.6 Y-72 Z0.666667 F1000
G01 X66 Y-72 Z0.666667 F1000
G01 X66.05 Y-72 Z0.352941 F1000
G01 X66.3 Y-72 Z0.352941 F1000
G01 X66.35 Y-72 Z0.784314 F1000
G01 X66.9 Y-72 Z0.784314 F1000
G01 X66.95 Y-72 Z2.156863 F1000
G01 X67 Y-72 Z7.882353 F1000
G01 X67.05 Y-72 Z10 F1000
G01 X99.5 Y-72 Z10 F1000
G01 X99.5 Y-72.05 Z10 F1000
G01 X99.5 Y-72.1 Z10 F1000
G01 X99.5 Y-72.15 Z10 F1000
G01 X99.5 Y-72.2 Z10 F1000
G01 X99.5 Y-72.25 Z10 F1000
G01 X99.5 Y-72.3 Z10 F1000
G01 X99.5 Y-72.35 Z10 F1000
G01 X99.5 Y-72.4 Z10 F1000
G01 X99.5 Y-72.45 Z10 F1000
G01 X99.5 Y-72.5 Z10 F1000
G01 X99.5 Y-72.55 Z10 F1000
G01 X66.05 Y-72.55 Z10 F1000
G01 X66 Y-72.55 Z9.294118 F1000
G01 X65.95 Y-72.55 Z8.784314 F1000
G01 X65.9 Y-72.55 Z4.470588 F1000
G01 X65.85 Y-72.55 Z0.980392 F1000
G01 X65.6 Y-72.55 Z0.980392 F1000
G01 X65.55 Y-72.55 Z0.470588 F1000
G01 X65.5 Y-72.55 Z0 F1000
G01 X64.5 Y-72.55 Z0 F1000
G01 X64.45 Y-72.55 Z0.588235 F1000
G01 X64.4 Y-72.55 Z0.588235 F1000
G01 X64.35 Y-72.55 Z0.705882 F1000
G01 X64.3 Y-72.55 Z4.705882 F1000
G01 X64.25 Y-72.55 Z8.588235 F1000
G01 X64.2 Y-72.55 Z9.803922 F1000
G01 X64.15 Y-72.55 Z9.803922 F1000
G01 X64.1 Y-72.55 Z10 F1000
G01 X35.9 Y-72.55 Z10 F1000
G01 X35.85 Y-72.55 Z9.803922 F1000
G01 X35.8 Y-72.55 Z9.803922 F1000
G01 X35.75 Y-72.55 Z8.666667 F1000
G01 X35.7 Y-72.55 Z4.823529 F1000
G01 X35.65 Y-72.55 Z0.705882 F1000
G01 X35.55 Y-72.55 Z0.705882 F1000
G01 X35.5 Y-72.55 Z0 F1000
G01 X34.5 Y-72.55 Z0 F1000
G01 X34.45 Y-72.55 Z0.470588 F1000
G01 X34.4 Y-72.55 Z0.980392 F1000
G01 X34.15 Y-72.55 Z0.980392 F1000
G01 X34.1 Y-72.55 Z4.470588 F1000
G01 X34.05 Y-72.55 Z8.784314 F1000
G01 X34 Y-72.55 Z9.294118 F1000
G01 X33.95 Y-72.55 Z10 F1000
G01 X0.45 Y-72.55 Z10 F1000
G01 X0.45 Y-72.6 Z10 F1000
G01 X0.45 Y-72.65 Z10 F1000
G01 X0.45 Y-72.7 Z10 F1000
G01 X0.45 Y-72.75 Z10 F1000
G01 X0.45 Y-72.8 Z10 F1000
G01 X0.45 Y-72.85 Z10 F1000
G01 X0.45 Y-72.9 Z10 F1000
G01 X0.45 Y-72.95 Z10 F1000
G01 X0.45 Y-73 Z10 F1000
G01 X0.45 Y-73.05 Z10 F1000
G01 X0.45 Y-73.1 Z10 F1000
G01 X35.2 Y-73.1 Z10 F1000
G01 X35.25 Y-73.1 Z4.509804 F1000
G01 X35.3 Y-73.1 Z0 F1000
G01 X36.3 Y-73.1 Z0 F1000
G01 X36.35 Y-73.1 Z0.196078 F1000
G01 X36.4 Y-73.1 Z0.470588 F1000
G01 X36.45 Y-73.1 Z0.666667 F1000
G01 X37 Y-73.1 Z0.666667 F1000
G01 X37.05 Y-73.1 Z3.843137 F1000
G01 X37.1 Y-73.1 Z7.294118 F1000
G01 X37.15 Y-73.1 Z10 F1000
G01 X62.8 Y-73.1 Z10 F1000
G01 X62.85 Y-73.1 Z9.647059 F1000
G01 X62.9 Y-73.1 Z8.862745 F1000
G01 X62.95 Y-73.1 Z3.960784 F1000
G01 X63 Y-73.1 Z0.666667 F1000
G01 X63.55 Y-73.1 Z0.666667 F1000
G01 X63.6 Y-73.1 Z0.470588 F1000
G01 X63.65 Y-73.1 Z0.196078 F1000
G01 X63.7 Y-73.1 Z0 F1000
G01 X64.7 Y-73.1 Z0 F1000
G01 X64.75 Y-73.1 Z4.666667 F1000
G01 X64.8 Y-73.1 Z8.588235 F1000
G01 X64.85 Y-73.1 Z10 F1000
G01 X99.5 Y-73.1 Z10 F1000
G01 X99.5 Y-73.15 Z10 F1000
G01 X99.5 Y-73.2 Z10 F1000
G01 X99.5 Y-73.25 Z10 F1000
G01 X99.5 Y-73.3 Z10 F1000
G01 X99.5 Y-73.35 Z10 F1000
G01 X99.5 Y-73.4 Z10 F1000
G01 X99.5 Y-73.45 Z10 F1000
G01 X99.5 Y-73.5 Z10 F1000
G01 X99.5 Y-73.55 Z10 F1000
G01 X99.5 Y-73.6 Z10 F1000
G01 X99.5 Y-73.65 Z10 F1000
G01 X63.55 Y-73.65 Z10 F1000
G01 X63.5 Y-73.65 Z7.137255 F1000
G01 X63.45 Y-73.65 Z2.627451 F1000
G01 X63.4 Y-73.65 Z0.470588 F1000
G01 X63.1 Y-73.65 Z0.470588 F1000
G01 X63.05 Y-73.65 Z0.392157 F1000
G01 X62.75 Y-73.65 Z0.392157 F1000
G01 X62.7 Y-73.65 Z0 F1000
G01 X62.5 Y-73.65 Z0 F1000
G01 X62.45 Y-73.65 Z0.039216 F1000
G01 X62.4 Y-73.65 Z0.392157 F1000
G01 X61.55 Y-73.65 Z0.392157 F1000
G01 X61.5 Y-73.65 Z0.470588 F1000
G01 X61.45 Y-73.65 Z2.352941 F1000
G01 X61.4 Y-73.65 Z4.823529 F1000
G01 X61.35 Y-73.65 Z8.313725 F1000
G01 X61.3 Y-73.65 Z10 F1000
G01 X38.7 Y-73.65 Z10 F1000
G01 X38.65 Y-73.65 Z6.54902 F1000
G01 X38.6 Y-73.65 Z4.078431 F1000
G01 X38.55 Y-73.65 Z0.705882 F1000
G01 X38.5 Y-73.65 Z0.470588 F1000
G01 X38.2 Y-73.65 Z0.470588 F1000
G01 X38.15 Y-73.65 Z0.352941 F1000
G01 X37.7 Y-73.65 Z0.352941 F1000
G01 X37.65 Y-73.65 Z0.117647 F1000
G01 X37.6 Y-73.65 Z0.078431 F1000
G01 X37.55 Y-73.65 Z0.078431 F1000
G01 X37.5 Y-73.65 Z0 F1000
G01 X37.3 Y-73.65 Z0 F1000
G01 X37.25 Y-73.65 Z0.392157 F1000
G01 X36.95 Y-73.65 Z0.392157 F1000
G01 X36.9 Y-73.65 Z0.470588 F1000
G01 X36.6 Y-73.65 Z0.470588 F1000
G01 X36.55 Y-73.65 Z2.627451 F1000
G01 X36.5 Y-73.65 Z7.137255 F1000
G01 X36.45 Y-73.65 Z10 F1000
G01 X0.45 Y-73.65 Z10 F1000
G01 X0.45 Y-73.7 Z10 F1000
G01 X0.45 Y-73.75 Z10 F1000
G01 X0.45 Y-73.8 Z10 F1000
G01 X0.45 Y-73.85 Z10 F1000
G01 X0.45 Y-73.9 Z10 F1000
G01 X0.45 Y-73.95 Z10 F1000
G01 X0.45 Y-74 Z10 F1000
G01 X0.45 Y-74.05 Z10 F1000
G01 X0.45 Y-74.1 Z10 F1000
G01 X0.45 Y-74.15 Z10 F1000
G01 X0.45 Y-74.2 Z10 F1000
G01 X37.75 Y-74.2 Z10 F1000
G01 X37.8 Y-74.2 Z9.803922 F1000
G01 X37.85 Y-74.2 Z9.803922 F1000
G01 X37.9 Y-74.2 Z8.235294 F1000
G01 X37.95 Y-74.2 Z4.509804 F1000
G01 X38 Y-74.2 Z2.862745 F1000
G01 X38.05 Y-74.2 Z0.470588 F1000
G01 X38.3 Y-74.2 Z0.470588 F1000
G01 X38.35 Y-74.2 Z0.392157 F1000
G01 X38.45 Y-74.2 Z0.392157 F1000
G01 X38.5 Y-74.2 Z0 F1000
G01 X39.9 Y-74.2 Z0 F1000
G01 X39.95 Y-74.2 Z0.313725 F1000
G01 X40.1 Y-74.2 Z0.313725 F1000
G01 X40.15 Y-74.2 Z0.392157 F1000
G01 X40.25 Y-74.2 Z0.392157 F1000
G01 X40.3 Y-74.2 Z0.509804 F1000
G01 X40.35 Y-74.2 Z0.509804 F1000
G01 X40.4 Y-74.2 Z2.235294 F1000
G01 X40.45 Y-74.2 Z5.333333 F1000
G01 X40.5 Y-74.2 Z8.313725 F1000
G01 X40.55 Y-74.2 Z9.803922 F1000
G01 X40.6 Y-74.2 Z9.960784 F1000
G01 X40.65 Y-74.2 Z10 F1000
G01 X59.4 Y-74.2 Z10 F1000
G01 X59.45 Y-74.2 Z9.607843 F1000
G01 X59.5 Y-74.2 Z8.392157 F1000
G01 X59.55 Y-74.2 Z5.176471 F1000
G01 X59.6 Y-74.2 Z2.313725 F1000
G01 X59.65 Y-74.2 Z0.588235 F1000
G01 X59.7 Y-74.2 Z0.392157 F1000
G01 X60.05 Y-74.2 Z0.392157 F1000
G01 X60.1 Y-74.2 Z0 F1000
G01 X61.5 Y-74.2 Z0 F1000
G01 X61.55 Y-74.2 Z0.392157 F1000
G01 X61.65 Y-74.2 Z0.392157 F1000
G01 X61.7 Y-74.2 Z0.470588 F1000
G01 X61.95 Y-74.2 Z0.470588 F1000
G01 X62 Y-74.2 Z2.196078 F1000
G01 X62.05 Y-74.2 Z4.980392 F1000
G01 X62.1 Y-74.2 Z8.431373 F1000
G01 X62.15 Y-74.2 Z9.921569 F1000
G01 X62.2 Y-74.2 Z9.921569 F1000
G01 X62.25 Y-74.2 Z10 F1000
G01 X99.5 Y-74.2 Z10 F1000
G01 X99.5 Y-74.25 Z10 F1000
G01 X99.5 Y-74.3 Z10 F1000
G01 X99.5 Y-74.35 Z10 F1000
G01 X99.5 Y-74.4 Z10 F1000
G01 X99.5 Y-74.45 Z10 F1000
G01 X99.5 Y-74.5 Z10 F1000
G01 X99.5 Y-74.55 Z10 F1000
G01 X99.5 Y-74.6 Z10 F1000
G01 X99.5 Y-74.65 Z10 F1000
G01 X99.5 Y-74.7 Z10 F1000
G01 X99.5 Y-74.75 Z10 F1000
G01 X60.5 Y-74.75 Z10 F1000
G01 X60.45 Y-74.75 Z8.156863 F1000
G01 X60.4 Y-74.75 Z4.823529 F1000
G01 X60.35 Y-74.75 Z2.156863 F1000
G01 X60.3 Y-74.75 Z0.313725 F1000
G01 X59.2 Y-74.75 Z0.313725 F1000
G01 X59.15 Y-74.75 Z0 F1000
G01 X58.5 Y-74.75 Z0 F1000
G01 X58.45 Y-74.75 Z0.117647 F1000
G01 X58.4 Y-74.75 Z0.156863 F1000
G01 X58.2 Y-74.75 Z0.156863 F1000
G01 X58.15 Y-74.75 Z0.235294 F1000
G01 X58.1 Y-74.75 Z0.27451 F1000
G01 X58.05 Y-74.75 Z0.509804 F1000
G01 X57.75 Y-74.75 Z0.509804 F1000
G01 X57.7 Y-74.75 Z0.54902 F1000
G01 X57.3 Y-74.75 Z0.54902 F1000
G01 X57.25 Y-74.75 Z2.745098 F1000
G01 X57.2 Y-74.75 Z4.431373 F1000
G01 X57.15 Y-74.75 Z6.823529 F1000
G01 X57.1 Y-74.75 Z8.705882 F1000
G01 X57.05 Y-74.75 Z9.647059 F1000
G01 X57 Y-74.75 Z9.960784 F1000
G01 X56.95 Y-74.75 Z10 F1000
G01 X43.05 Y-74.75 Z10 F1000
G01 X43 Y-74.75 Z9.960784 F1000
G01 X42.95 Y-74.75 Z9.647059 F1000
G01 X42.9 Y-74.75 Z8.705882 F1000
G01 X42.85 Y-74.75 Z6.823529 F1000
G01 X42.8 Y-74.75 Z4.431373 F1000
G01 X42.75 Y-74.75 Z2.745098 F1000
G01 X42.7 Y-74.75 Z0.431373 F1000
G01 X42.65 Y-74.75 Z0.392157 F1000
G01 X42.6 Y-74.75 Z0.392157 F1000
G01 X42.55 Y-74.75 Z0.352941 F1000
G01 X42.05 Y-74.75 Z0.352941 F1000
G01 X42 Y-74.75 Z0.313725 F1000
G01 X41.95 Y-74.75 Z0.313725 F1000
G01 X41.9 Y-74.75 Z0.27451 F1000
G01 X41.85 Y-74.75 Z0.235294 F1000
G01 X41.8 Y-74.75 Z0.156863 F1000
G01 X41.6 Y-74.75 Z0.156863 F1000
G01 X41.55 Y-74.75 Z0.117647 F1000
G01 X41.5 Y-74.75 Z0 F1000
G01 X40.85 Y-74.75 Z0 F1000
G01 X40.8 Y-74.75 Z0.156863 F1000
G01 X40.45 Y-74.75 Z0.156863 F1000
G01 X40.4 Y-74.75 Z0.313725 F1000
G01 X39.7 Y-74.75 Z0.313725 F1000
G01 X39.65 Y-74.75 Z2.156863 F1000
G01 X39.6 Y-74.75 Z4.823529 F1000
G01 X39.55 Y-74.75 Z8.156863 F1000
G01 X39.5 Y-74.75 Z10 F1000
G01 X0.45 Y-74.75 Z10 F1000
G01 X0.45 Y-74.8 Z10 F1000
G01 X0.45 Y-74.85 Z10 F1000
G01 X0.45 Y-74.9 Z10 F1000
G01 X0.45 Y-74.95 Z10 F1000
G01 X0.45 Y-75 Z10 F1000
G01 X0.45 Y-75.05 Z10 F1000
G01 X0.45 Y-75.1 Z10 F1000
G01 X0.45 Y-75.15 Z10 F1000
G01 X0.45 Y-75.2 Z10 F1000
G01 X0.45 Y-75.25 Z10 F1000
G01 X0.45 Y-75.3 Z10 F1000
G01 X41.45 Y-75.3 Z10 F1000
G01 X41.5 Y-75.3 Z8.313725 F1000
G01 X41.55 Y-75.3 Z6.509804 F1000
G01 X41.6 Y-75.3 Z4.627451 F1000
G01 X41.65 Y-75.3 Z2.431373 F1000
G01 X41.7 Y-75.3 Z0.666667 F1000
G01 X41.75 Y-75.3 Z0.392157 F1000
G01 X42.05 Y-75.3 Z0.392157 F1000
G01 X42.1 Y-75.3 Z0.313725 F1000
G01 X42.3 Y-75.3 Z0.313725 F1000
G01 X42.35 Y-75.3 Z0.27451 F1000
G01 X42.45 Y-75.3 Z0.27451 F1000
G01 X42.5 Y-75.3 Z0.235294 F1000
G01 X42.65 Y-75.3 Z0.235294 F1000
G01 X42.7 Y-75.3 Z0.156863 F1000
G01 X42.75 Y-75.3 Z0.156863 F1000
G01 X42.8 Y-75.3 Z0.117647 F1000
G01 X42.85 Y-75.3 Z0.039216 F1000
G01 X42.9 Y-75.3 Z0 F1000
G01 X46.3 Y-75.3 Z0 F1000
G01 X46.35 Y-75.3 Z0.235294 F1000
G01 X46.55 Y-75.3 Z0.235294 F1000
G01 X46.6 Y-75.3 Z0.705882 F1000
G01 X46.65 Y-75.3 Z1.803922 F1000
G01 X46.7 Y-75.3 Z2.666667 F1000
G01 X46.75 Y-75.3 Z2.862745 F1000
G01 X46.8 Y-75.3 Z4.352941 F1000
G01 X46.85 Y-75.3 Z4.54902 F1000
G01 X46.9 Y-75.3 Z4.862745 F1000
G01 X46.95 Y-75.3 Z6.313725 F1000
G01 X47 Y-75.3 Z6.666667 F1000
G01 X47.05 Y-75.3 Z6.862745 F1000
G01 X47.1 Y-75.3 Z8.313725 F1000
G01 X47.15 Y-75.3 Z8.627451 F1000
G01 X47.2 Y-75.3 Z9.607843 F1000
G01 X47.25 Y-75.3 Z10 F1000
G01 X52.75 Y-75.3 Z10 F1000
G01 X52.8 Y-75.3 Z9.607843 F1000
G01 X52.85 Y-75.3 Z8.627451 F1000
G01 X52.9 Y-75.3 Z8.313725 F1000
G01 X52.95 Y-75.3 Z6.862745 F1000
G01 X53 Y-75.3 Z6.666667 F1000
G01 X53.05 Y-75.3 Z6.313725 F1000
G01 X53.1 Y-75.3 Z4.862745 F1000
G01 X53.15 Y-75.3 Z4.54902 F1000
G01 X53.2 Y-75.3 Z4.352941 F1000
G01 X53.25 Y-75.3 Z2.862745 F1000
G01 X53.3 Y-75.3 Z2.666667 F1000
G01 X53.35 Y-75.3 Z1.803922 F1000
G01 X53.4 Y-75.3 Z0.705882 F1000
G01 X53.45 Y-75.3 Z0.235294 F1000
G01 X53.65 Y-75.3 Z0.235294 F1000
G01 X53.7 Y-75.3 Z0 F1000
G01 X57.1 Y-75.3 Z0 F1000
G01 X57.15 Y-75.3 Z0.039216 F1000
G01 X57.2 Y-75.3 Z0.117647 F1000
G01 X57.25 Y-75.3 Z0.156863 F1000
G01 X57.3 Y-75.3 Z0.156863 F1000
G01 X57.35 Y-75.3 Z0.235294 F1000
G01 X57.65 Y-75.3 Z0.235294 F1000
G01 X57.7 Y-75.3 Z0.27451 F1000
G01 X57.85 Y-75.3 Z0.27451 F1000
G01 X57.9 Y-75.3 Z0.313725 F1000
G01 X58.1 Y-75.3 Z0.313725 F1000
G01 X58.15 Y-75.3 Z0.392157 F1000
G01 X58.25 Y-75.3 Z0.392157 F1000
G01 X58.3 Y-75.3 Z0.470588 F1000
G01 X58.35 Y-75.3 Z2.431373 F1000
G01 X58.4 Y-75.3 Z4.627451 F1000
G01 X58.45 Y-75.3 Z6.509804 F1000
G01 X58.5 Y-75.3 Z8.313725 F1000
G01 X58.55 Y-75.3 Z10 F1000
G01 X99.5 Y-75.3 Z10 F1000
G01 X99.5 Y-75.35 Z10 F1000
G01 X99.5 Y-75.4 Z10 F1000
G01 X99.5 Y-75.45 Z10 F1000
G01 X99.5 Y-75.5 Z10 F1000
G01 X99.5 Y-75.55 Z10 F1000
G01 X99.5 Y-75.6 Z10 F1000
G01 X99.5 Y-75.65 Z10 F1000
G01 X99.5 Y-75.7 Z10 F1000
G01 X99.5 Y-75.75 Z10 F1000
G01 X99.5 Y-75.8 Z10 F1000
G01 X99.5 Y-75.85 Z10 F1000
G01 X55.9 Y-75.85 Z10 F1000
G01 X55.85 Y-75.85 Z8.823529 F1000
G01 X55.8 Y-75.85 Z6.823529 F1000
G01 X55.75 Y-75.85 Z4.980392 F1000
G01 X55.7 Y-75.85 Z1.921569 F1000
G01 X55.65 Y-75.85 Z0.666667 F1000
G01 X55.35 Y-75.85 Z0.666667 F1000
G01 X55.3 Y-75.85 Z0.392157 F1000
G01 X55.2 Y-75.85 Z0.392157 F1000
G01 X55.15 Y-75.85 Z0.235294 F1000
G01 X55.1 Y-75.85 Z0 F1000
G01 X44.9 Y-75.85 Z0 F1000
G01 X44.85 Y-75.85 Z0.27451 F1000
G01 X44.8 Y-75.85 Z0.352941 F1000
G01 X44.65 Y-75.85 Z0.352941 F1000
G01 X44.6 Y-75.85 Z0.392157 F1000
G01 X44.5 Y-75.85 Z0.392157 F1000
G01 X44.45 Y-75.85 Z0.431373 F1000
G01 X44.35 Y-75.85 Z0.431373 F1000
G01 X44.3 Y-75.85 Z2.431373 F1000
G01 X44.25 Y-75.85 Z5.058824 F1000
G01 X44.2 Y-75.85 Z5.803922 F1000
G01 X44.15 Y-75.85 Z7.176471 F1000
G01 X44.1 Y-75.85 Z9.686275 F1000
G01 X44.05 Y-75.85 Z9.686275 F1000
G01 X44 Y-75.85 Z9.843137 F1000
G01 X43.95 Y-75.85 Z10 F1000
G01 X0.45 Y-75.85 Z10 F1000
G01 X0.45 Y-75.9 Z10 F1000
G01 X0.45 Y-75.95 Z10 F1000
G01 X0.45 Y-76 Z10 F1000
G01 X0.45 Y-76.05 Z10 F1000
G01 X0.45 Y-76.1 Z10 F1000
G01 X0.45 Y-76.15 Z10 F1000
G01 X0.45 Y-76.2 Z10 F1000
G01 X0.45 Y-76.25 Z10 F1000
G01 X0.45 Y-76.3 Z10 F1000
G01 X0.45 Y-76.35 Z10 F1000
G01 X0.45 Y-76.4 Z10 F1000
G01 X99.5 Y-76.4 Z10 F1000
G01 X99.5 Y-76.45 Z10 F1000
G01 X99.5 Y-76.5 Z10 F1000
G01 X99.5 Y-76.55 Z10 F1000
G01 X99.5 Y-76.6 Z10 F1000
G01 X99.5 Y-76.65 Z10 F1000
G01 X99.5 Y-76.7 Z10 F1000
G01 X99.5 Y-76.75 Z10 F1000
G01 X99.5 Y-76.8 Z10 F1000
G01 X99.5 Y-76.85 Z10 F1000
G01 X99.5 Y-76.9 Z10 F1000
G01 X99.5 Y-76.95 Z10 F1000
G01 X0.45 Y-76.95 Z10 F1000
G01 X0.45 Y-77 Z10 F1000
G01 X0.45 Y-77.05 Z10 F1000
G01 X0.45 Y-77.1 Z10 F1000
G01 X0.45 Y-77.15 Z10 F1000
G01 X0.45 Y-77.2 Z10 F1000
G01 X0.45 Y-77.25 Z10 F1000
G01 X0.45 Y-77.3 Z10 F1000
G01 X0.45 Y-77.35 Z10 F1000
G01 X0.45 Y-77.4 Z10 F1000
G01 X0.45 Y-77.45 Z10 F1000
G01 X0.45 Y-77.5 Z10 F1000
G01 X99.5 Y-77.5 Z10 F1000
G01 X99.5 Y-77.55 Z10 F1000
G01 X99.5 Y-77.6 Z10 F1000
G01 X99.5 Y-77.65 Z10 F1000
G01 X99.5 Y-77.7 Z10 F1000
G01 X99.5 Y-77.75 Z10 F1000
G01 X99.5 Y-77.8 Z10 F1000
G01 X99.5 Y-77.85 Z10 F1000
G01 X99.5 Y-77.9 Z10 F1000
G01 X99.5 Y-77.95 Z10 F1000
G01 X99.5 Y-78 Z10 F1000
G01 X99.5 Y-78.05 Z10 F1000
G01 X0.45 Y-78.05 Z10 F1000
G01 X0.45 Y-78.1 Z10 F1000
G01 X0.45 Y-78.15 Z10 F1000
G01 X0.45 Y-78.2 Z10 F1000
G01 X0.45 Y-78.25 Z10 F1000
G01 X0.45 Y-78.3 Z10 F1000
G01 X0.45 Y-78.35 Z10 F1000
G01 X0.45 Y-78.4 Z10 F1000
G01 X0.45 Y-78.45 Z10 F1000
G01 X0.45 Y-78.5 Z10 F1000
G01 X0.45 Y-78.55 Z10 F1000
G01 X0.45 Y-78.6 Z10 F1000
G01 X99.5 Y-78.6 Z10 F1000
G01 X99.5 Y-78.65 Z10 F1000
G01 X99.5 Y-78.7 Z10 F1000
G01 X99.5 Y-78.75 Z10 F1000
G01 X99.5 Y-78.8 Z10 F1000
G01 X99.5 Y-78.85 Z10 F1000
G01 X99.5 Y-78.9 Z10 F1000
G01 X99.5 Y-78.95 Z10 F1000
G01 X99.5 Y-79 Z10 F1000
G01 X99.5 Y-79.05 Z10 F1000
G01 X99.5 Y-79.1 Z10 F1000
G01 X99.5 Y-79.15 Z10 F1000
G01 X0.45 Y-79.15 Z10 F1000
G01 X0.45 Y-79.2 Z10 F1000
G01 X0.45 Y-79.25 Z10 F1000
G01 X0.45 Y-79.3 Z10 F1000
G01 X0.45 Y-79.35 Z10 F1000
G01 X0.45 Y-79.4 Z10 F1000
G01 X0.45 Y-79.45 Z10 F1000
G01 X0.45 Y-79.5 Z10 F1000
G01 X0.45 Y-79.55 Z10 F1000
G01 X0.45 Y-79.6 Z10 F1000
G01 X0.45 Y-79.65 Z10 F1000
G01 X0.45 Y-79.7 Z10 F1000
G01 X99.5 Y-79.7 Z10 F1000
G01 X99.5 Y-79.75 Z10 F1000
G01 X99.5 Y-79.8 Z10 F1000
G01 X99.5 Y-79.85 Z10 F1000
G01 X99.5 Y-79.9 Z10 F1000
G01 X99.5 Y-79.95 Z10 F1000
G01 X99.5 Y-80 Z10 F1000
G01 X99.5 Y-80.05 Z10 F1000
G01 X99.5 Y-80.1 Z10 F1000
G01 X99.5 Y-80.15 Z10 F1000
G01 X99.5 Y-80.2 Z10 F1000
G01 X99.5 Y-80.25 Z10 F1000
G01 X0.45 Y-80.25 Z10 F1000
G01 X0.45 Y-80.3 Z10 F1000
G01 X0.45 Y-80.35 Z10 F1000
G01 X0.45 Y-80.4 Z10 F1000
G01 X0.45 Y-80.45 Z10 F1000

G00 Z10 (EOP take Z up)
G00 X0 Y0 (Move to home)
(Generated in 26.24 sec.)
