G21 (Programming in millimeters)
G90 (Absolute programming)
G92 X0 Y0 Z10 (Tell the machine it is at 0, 0, 10)
G00 X0 Y-0.5 Z10 (Starting position)

G01 X0.555804 Y-0.5 Z10 F1000
G01 X99.551339 Y-0.5 Z10 F1000
G01 X99.551339 Y-0.555804 Z10 F1000
G01 X99.551339 Y-0.611607 Z10 F1000
G01 X99.551339 Y-0.667411 Z10 F1000
G01 X99.551339 Y-0.723214 Z10 F1000
G01 X99.551339 Y-0.779018 Z10 F1000
G01 X99.551339 Y-0.834821 Z10 F1000
G01 X99.551339 Y-0.890625 Z10 F1000
G01 X99.551339 Y-0.946429 Z10 F1000
G01 X99.551339 Y-1.002232 Z10 F1000
G01 X0.444196 Y-1.002232 Z10 F1000
G01 X0.444196 Y-1.058036 Z10 F1000
G01 X0.444196 Y-1.113839 Z10 F1000
G01 X0.444196 Y-1.169643 Z10 F1000
G01 X0.444196 Y-1.225446 Z10 F1000
G01 X0.444196 Y-1.28125 Z10 F1000
G01 X0.444196 Y-1.337054 Z10 F1000
G01 X0.444196 Y-1.392857 Z10 F1000
G01 X0.444196 Y-1.448661 Z10 F1000
G01 X0.444196 Y-1.504464 Z10 F1000
G01 X99.551339 Y-1.504464 Z10 F1000
G01 X99.551339 Y-1.560268 Z10 F1000
G01 X99.551339 Y-1.616071 Z10 F1000
G01 X99.551339 Y-1.671875 Z10 F1000
G01 X99.551339 Y-1.727679 Z10 F1000
G01 X99.551339 Y-1.783482 Z10 F1000
G01 X99.551339 Y-1.839286 Z10 F1000
G01 X99.551339 Y-1.895089 Z10 F1000
G01 X99.551339 Y-1.950893 Z10 F1000
G01 X99.551339 Y-2.006696 Z10 F1000
G01 X51.169643 Y-2.006696 Z10 F1000
G01 X51.113839 Y-2.006696 Z9.843137 F1000
G01 X51.058036 Y-2.006696 Z8.27451 F1000
G01 X51.002232 Y-2.006696 Z4.156863 F1000
G01 X50.946429 Y-2.006696 Z0.392157 F1000
G01 X50.779018 Y-2.006696 Z0.392157 F1000
G01 X50.723214 Y-2.006696 Z0.901961 F1000
G01 X50.667411 Y-2.006696 Z2.039216 F1000
G01 X50.611607 Y-2.006696 Z3.019608 F1000
G01 X50.555804 Y-2.006696 Z3.058824 F1000
G01 X50.5 Y-2.006696 Z3.254902 F1000
G01 X50.388393 Y-2.006696 Z3.254902 F1000
G01 X50.332589 Y-2.006696 Z3.411765 F1000
G01 X49.383929 Y-2.006696 Z3.411765 F1000
G01 X49.328125 Y-2.006696 Z3.333333 F1000
G01 X49.104911 Y-2.006696 Z3.333333 F1000
G01 X49.049107 Y-2.006696 Z5.882353 F1000
G01 X48.993304 Y-2.006696 Z9.098039 F1000
G01 X48.9375 Y-2.006696 Z10 F1000
G01 X0.444196 Y-2.006696 Z10 F1000
G01 X0.444196 Y-2.0625 Z10 F1000
G01 X0.444196 Y-2.118304 Z10 F1000
G01 X0.444196 Y-2.174107 Z10 F1000
G01 X0.444196 Y-2.229911 Z10 F1000
G01 X0.444196 Y-2.285714 Z10 F1000
G01 X0.444196 Y-2.341518 Z10 F1000
G01 X0.444196 Y-2.397321 Z10 F1000
G01 X0.444196 Y-2.453125 Z10 F1000
G01 X0.444196 Y-2.508929 Z10 F1000
G01 X48.15625 Y-2.508929 Z10 F1000
G01 X48.212054 Y-2.508929 Z9.960784 F1000
G01 X48.267857 Y-2.508929 Z7.019608 F1000
G01 X48.323661 Y-2.508929 Z3.686275 F1000
G01 X48.379464 Y-2.508929 Z3.686275 F1000
G01 X48.435268 Y-2.508929 Z3.529412 F1000
G01 X48.993304 Y-2.508929 Z3.529412 F1000
G01 X49.049107 Y-2.508929 Z3.333333 F1000
G01 X49.607143 Y-2.508929 Z3.333333 F1000
G01 X49.662946 Y-2.508929 Z3.294118 F1000
G01 X49.71875 Y-2.508929 Z3.254902 F1000
G01 X49.886161 Y-2.508929 Z3.254902 F1000
G01 X49.941964 Y-2.508929 Z3.176471 F1000
G01 X49.997768 Y-2.508929 Z3.058824 F1000
G01 X50.053571 Y-2.508929 Z2.431373 F1000
G01 X50.109375 Y-2.508929 Z1.294118 F1000
G01 X50.165179 Y-2.508929 Z0.588235 F1000
G01 X50.220982 Y-2.508929 Z0.823529 F1000
G01 X51.169643 Y-2.508929 Z0.823529 F1000
G01 X51.225446 Y-2.508929 Z0.509804 F1000
G01 X51.28125 Y-2.508929 Z0.196078 F1000
G01 X51.337054 Y-2.508929 Z0.156863 F1000
G01 X51.392857 Y-2.508929 Z0.196078 F1000
G01 X51.560268 Y-2.508929 Z0.196078 F1000
G01 X51.616071 Y-2.508929 Z0.54902 F1000
G01 X51.671875 Y-2.508929 Z1.372549 F1000
G01 X51.727679 Y-2.508929 Z1.372549 F1000
G01 X51.783482 Y-2.508929 Z4.823529 F1000
G01 X51.839286 Y-2.508929 Z9.72549 F1000
G01 X51.895089 Y-2.508929 Z10 F1000
G01 X99.551339 Y-2.508929 Z10 F1000
G01 X99.551339 Y-2.564732 Z10 F1000
G01 X99.551339 Y-2.620536 Z10 F1000
G01 X99.551339 Y-2.676339 Z10 F1000
G01 X99.551339 Y-2.732143 Z10 F1000
G01 X99.551339 Y-2.787946 Z10 F1000
G01 X99.551339 Y-2.84375 Z10 F1000
G01 X99.551339 Y-2.899554 Z10 F1000
G01 X99.551339 Y-2.955357 Z10 F1000
G01 X99.551339 Y-3.011161 Z10 F1000
G01 X52.397321 Y-3.011161 Z10 F1000
G01 X52.341518 Y-3.011161 Z9.882353 F1000
G01 X52.285714 Y-3.011161 Z9.882353 F1000
G01 X52.229911 Y-3.011161 Z3.490196 F1000
G01 X52.174107 Y-3.011161 Z1.098039 F1000
G01 X52.118304 Y-3.011161 Z0.431373 F1000
G01 X52.0625 Y-3.011161 Z0.352941 F1000
G01 X52.006696 Y-3.011161 Z0.313725 F1000
G01 X51.839286 Y-3.011161 Z0.313725 F1000
G01 X51.783482 Y-3.011161 Z0.745098 F1000
G01 X51.616071 Y-3.011161 Z0.745098 F1000
G01 X51.560268 Y-3.011161 Z1.058824 F1000
G01 X51.504464 Y-3.011161 Z7.098039 F1000
G01 X51.448661 Y-3.011161 Z10 F1000
G01 X48.714286 Y-3.011161 Z10 F1000
G01 X48.658482 Y-3.011161 Z9.921569 F1000
G01 X48.602679 Y-3.011161 Z9.921569 F1000
G01 X48.546875 Y-3.011161 Z7.72549 F1000
G01 X48.491071 Y-3.011161 Z3.529412 F1000
G01 X48.044643 Y-3.011161 Z3.529412 F1000
G01 X47.988839 Y-3.011161 Z3.607843 F1000
G01 X47.877232 Y-3.011161 Z3.607843 F1000
G01 X47.821429 Y-3.011161 Z5.411765 F1000
G01 X47.765625 Y-3.011161 Z9.764706 F1000
G01 X47.709821 Y-3.011161 Z9.843137 F1000
G01 X47.654018 Y-3.011161 Z10 F1000
G01 X0.444196 Y-3.011161 Z10 F1000
G01 X0.444196 Y-3.066964 Z10 F1000
G01 X0.444196 Y-3.122768 Z10 F1000
G01 X0.444196 Y-3.178571 Z10 F1000
G01 X0.444196 Y-3.234375 Z10 F1000
G01 X0.444196 Y-3.290179 Z10 F1000
G01 X0.444196 Y-3.345982 Z10 F1000
G01 X0.444196 Y-3.401786 Z10 F1000
G01 X0.444196 Y-3.457589 Z10 F1000
G01 X0.444196 Y-3.513393 Z10 F1000
G01 X47.375 Y-3.513393 Z10 F1000
G01 X47.430804 Y-3.513393 Z9.960784 F1000
G01 X47.486607 Y-3.513393 Z8.352941 F1000
G01 X47.542411 Y-3.513393 Z3.686275 F1000
G01 X47.598214 Y-3.513393 Z3.490196 F1000
G01 X47.654018 Y-3.513393 Z3.333333 F1000
G01 X48.15625 Y-3.513393 Z3.333333 F1000
G01 X48.212054 Y-3.513393 Z9.45098 F1000
G01 X48.267857 Y-3.513393 Z9.686275 F1000
G01 X48.323661 Y-3.513393 Z9.803922 F1000
G01 X48.379464 Y-3.513393 Z10 F1000
G01 X51.727679 Y-3.513393 Z10 F1000
G01 X51.783482 Y-3.513393 Z9.921569 F1000
G01 X51.839286 Y-3.513393 Z9.411765 F1000
G01 X51.895089 Y-3.513393 Z1.254902 F1000
G01 X52.006696 Y-3.513393 Z1.254902 F1000
G01 X52.0625 Y-3.513393 Z0.588235 F1000
G01 X52.118304 Y-3.513393 Z0.156863 F1000
G01 X52.341518 Y-3.513393 Z0.156863 F1000
G01 X52.397321 Y-3.513393 Z0.196078 F1000
G01 X52.453125 Y-3.513393 Z0.196078 F1000
G01 X52.508929 Y-3.513393 Z0.352941 F1000
G01 X52.564732 Y-3.513393 Z7.647059 F1000
G01 X52.620536 Y-3.513393 Z10 F1000
G01 X99.551339 Y-3.513393 Z10 F1000
G01 X99.551339 Y-3.569196 Z10 F1000
G01 X99.551339 Y-3.625 Z10 F1000
G01 X99.551339 Y-3.680804 Z10 F1000
G01 X99.551339 Y-3.736607 Z10 F1000
G01 X99.551339 Y-3.792411 Z10 F1000
G01 X99.551339 Y-3.848214 Z10 F1000
G01 X99.551339 Y-3.904018 Z10 F1000
G01 X99.551339 Y-3.959821 Z10 F1000
G01 X99.551339 Y-4.015625 Z10 F1000
G01 X52.899554 Y-4.015625 Z10 F1000
G01 X52.84375 Y-4.015625 Z9.921569 F1000
G01 X52.787946 Y-4.015625 Z7.254902 F1000
G01 X52.732143 Y-4.015625 Z0.784314 F1000
G01 X52.620536 Y-4.015625 Z0.784314 F1000
G01 X52.564732 Y-4.015625 Z0.588235 F1000
G01 X52.508929 Y-4.015625 Z0.470588 F1000
G01 X52.453125 Y-4.015625 Z0.627451 F1000
G01 X52.174107 Y-4.015625 Z0.627451 F1000
G01 X52.118304 Y-4.015625 Z0.784314 F1000
G01 X52.0625 Y-4.015625 Z8.352941 F1000
G01 X52.006696 Y-4.015625 Z10 F1000
G01 X48.15625 Y-4.015625 Z10 F1000
G01 X48.100446 Y-4.015625 Z9.960784 F1000
G01 X48.044643 Y-4.015625 Z9.921569 F1000
G01 X47.988839 Y-4.015625 Z7.960784 F1000
G01 X47.933036 Y-4.015625 Z1.764706 F1000
G01 X47.877232 Y-4.015625 Z2.745098 F1000
G01 X47.821429 Y-4.015625 Z3.019608 F1000
G01 X47.765625 Y-4.015625 Z3.098039 F1000
G01 X47.654018 Y-4.015625 Z3.098039 F1000
G01 X47.598214 Y-4.015625 Z3.490196 F1000
G01 X47.486607 Y-4.015625 Z3.490196 F1000
G01 X47.430804 Y-4.015625 Z3.647059 F1000
G01 X47.319196 Y-4.015625 Z3.647059 F1000
G01 X47.263393 Y-4.015625 Z8.392157 F1000
G01 X47.207589 Y-4.015625 Z10 F1000
G01 X0.444196 Y-4.015625 Z10 F1000
G01 X0.444196 Y-4.071429 Z10 F1000
G01 X0.444196 Y-4.127232 Z10 F1000
G01 X0.444196 Y-4.183036 Z10 F1000
G01 X0.444196 Y-4.238839 Z10 F1000
G01 X0.444196 Y-4.294643 Z10 F1000
G01 X0.444196 Y-4.350446 Z10 F1000
G01 X0.444196 Y-4.40625 Z10 F1000
G01 X0.444196 Y-4.462054 Z10 F1000
G01 X0.444196 Y-4.517857 Z10 F1000
G01 X46.984375 Y-4.517857 Z10 F1000
G01 X47.040179 Y-4.517857 Z8.509804 F1000
G01 X47.095982 Y-4.517857 Z0.705882 F1000
G01 X47.151786 Y-4.517857 Z0.588235 F1000
G01 X47.207589 Y-4.517857 Z0.27451 F1000
G01 X47.263393 Y-4.517857 Z0.27451 F1000
G01 X47.319196 Y-4.517857 Z0.235294 F1000
G01 X47.375 Y-4.517857 Z0.156863 F1000
G01 X47.542411 Y-4.517857 Z0.156863 F1000
G01 X47.598214 Y-4.517857 Z0.27451 F1000
G01 X47.654018 Y-4.517857 Z0.705882 F1000
G01 X47.709821 Y-4.517857 Z0.705882 F1000
G01 X47.765625 Y-4.517857 Z7.333333 F1000
G01 X47.821429 Y-4.517857 Z9.882353 F1000
G01 X47.877232 Y-4.517857 Z9.882353 F1000
G01 X47.933036 Y-4.517857 Z10 F1000
G01 X52.174107 Y-4.517857 Z10 F1000
G01 X52.229911 Y-4.517857 Z9.960784 F1000
G01 X52.285714 Y-4.517857 Z7.176471 F1000
G01 X52.341518 Y-4.517857 Z1.372549 F1000
G01 X52.397321 Y-4.517857 Z1.372549 F1000
G01 X52.453125 Y-4.517857 Z0.627451 F1000
G01 X52.508929 Y-4.517857 Z0.509804 F1000
G01 X52.564732 Y-4.517857 Z0.470588 F1000
G01 X52.955357 Y-4.517857 Z0.470588 F1000
G01 X53.011161 Y-4.517857 Z8.117647 F1000
G01 X53.066964 Y-4.517857 Z10 F1000
G01 X99.551339 Y-4.517857 Z10 F1000
G01 X99.551339 Y-4.573661 Z10 F1000
G01 X99.551339 Y-4.629464 Z10 F1000
G01 X99.551339 Y-4.685268 Z10 F1000
G01 X99.551339 Y-4.741071 Z10 F1000
G01 X99.551339 Y-4.796875 Z10 F1000
G01 X99.551339 Y-4.852679 Z10 F1000
G01 X99.551339 Y-4.908482 Z10 F1000
G01 X99.551339 Y-4.964286 Z10 F1000
G01 X99.551339 Y-5.020089 Z10 F1000
G01 X53.290179 Y-5.020089 Z10 F1000
G01 X53.234375 Y-5.020089 Z8.941176 F1000
G01 X53.178571 Y-5.020089 Z1.529412 F1000
G01 X53.122768 Y-5.020089 Z0.784314 F1000
G01 X53.066964 Y-5.020089 Z0.784314 F1000
G01 X53.011161 Y-5.020089 Z0.431373 F1000
G01 X52.955357 Y-5.020089 Z0.313725 F1000
G01 X52.899554 Y-5.020089 Z0.235294 F1000
G01 X52.676339 Y-5.020089 Z0.235294 F1000
G01 X52.620536 Y-5.020089 Z0.196078 F1000
G01 X52.564732 Y-5.020089 Z0.235294 F1000
G01 X52.508929 Y-5.020089 Z5.333333 F1000
G01 X52.453125 Y-5.020089 Z10 F1000
G01 X47.654018 Y-5.020089 Z10 F1000
G01 X47.598214 Y-5.020089 Z9.921569 F1000
G01 X47.542411 Y-5.020089 Z5.72549 F1000
G01 X47.486607 Y-5.020089 Z0.666667 F1000
G01 X47.430804 Y-5.020089 Z0.666667 F1000
G01 X47.375 Y-5.020089 Z0.470588 F1000
G01 X47.207589 Y-5.020089 Z0.470588 F1000
G01 X47.151786 Y-5.020089 Z0.27451 F1000
G01 X47.095982 Y-5.020089 Z0.27451 F1000
G01 X47.040179 Y-5.020089 Z0.705882 F1000
G01 X46.928571 Y-5.020089 Z0.705882 F1000
G01 X46.872768 Y-5.020089 Z0.980392 F1000
G01 X46.816964 Y-5.020089 Z8.862745 F1000
G01 X46.761161 Y-5.020089 Z9.921569 F1000
G01 X46.705357 Y-5.020089 Z10 F1000
G01 X0.444196 Y-5.020089 Z10 F1000
G01 X0.444196 Y-5.075893 Z10 F1000
G01 X0.444196 Y-5.131696 Z10 F1000
G01 X0.444196 Y-5.1875 Z10 F1000
G01 X0.444196 Y-5.243304 Z10 F1000
G01 X0.444196 Y-5.299107 Z10 F1000
G01 X0.444196 Y-5.354911 Z10 F1000
G01 X0.444196 Y-5.410714 Z10 F1000
G01 X0.444196 Y-5.466518 Z10 F1000
G01 X0.444196 Y-5.522321 Z10 F1000
G01 X46.482143 Y-5.522321 Z10 F1000
G01 X46.537946 Y-5.522321 Z9.843137 F1000
G01 X46.59375 Y-5.522321 Z8.862745 F1000
G01 X46.649554 Y-5.522321 Z2.627451 F1000
G01 X46.705357 Y-5.522321 Z0.470588 F1000
G01 X46.872768 Y-5.522321 Z0.470588 F1000
G01 X46.928571 Y-5.522321 Z0.313725 F1000
G01 X47.040179 Y-5.522321 Z0.313725 F1000
G01 X47.095982 Y-5.522321 Z0.235294 F1000
G01 X47.151786 Y-5.522321 Z0.392157 F1000
G01 X47.207589 Y-5.522321 Z0.784314 F1000
G01 X47.263393 Y-5.522321 Z0.784314 F1000
G01 X47.319196 Y-5.522321 Z3.960784 F1000
G01 X47.375 Y-5.522321 Z9.803922 F1000
G01 X47.430804 Y-5.522321 Z9.960784 F1000
G01 X47.486607 Y-5.522321 Z10 F1000
G01 X52.564732 Y-5.522321 Z10 F1000
G01 X52.620536 Y-5.522321 Z9.882353 F1000
G01 X52.676339 Y-5.522321 Z9.686275 F1000
G01 X52.732143 Y-5.522321 Z4.117647 F1000
G01 X52.787946 Y-5.522321 Z0.941176 F1000
G01 X52.84375 Y-5.522321 Z0.588235 F1000
G01 X52.899554 Y-5.522321 Z0.588235 F1000
G01 X52.955357 Y-5.522321 Z0.431373 F1000
G01 X53.011161 Y-5.522321 Z0.196078 F1000
G01 X53.066964 Y-5.522321 Z0.784314 F1000
G01 X53.345982 Y-5.522321 Z0.784314 F1000
G01 X53.401786 Y-5.522321 Z2.509804 F1000
G01 X53.457589 Y-5.522321 Z8.862745 F1000
G01 X53.513393 Y-5.522321 Z10 F1000
G01 X99.551339 Y-5.522321 Z10 F1000
G01 X99.551339 Y-5.578125 Z10 F1000
G01 X99.551339 Y-5.633929 Z10 F1000
G01 X99.551339 Y-5.689732 Z10 F1000
G01 X99.551339 Y-5.745536 Z10 F1000
G01 X99.551339 Y-5.801339 Z10 F1000
G01 X99.551339 Y-5.857143 Z10 F1000
G01 X99.551339 Y-5.912946 Z10 F1000
G01 X99.551339 Y-5.96875 Z10 F1000
G01 X99.551339 Y-6.024554 Z10 F1000
G01 X53.680804 Y-6.024554 Z10 F1000
G01 X53.625 Y-6.024554 Z3.764706 F1000
G01 X53.569196 Y-6.024554 Z0.352941 F1000
G01 X53.401786 Y-6.024554 Z0.352941 F1000
G01 X53.345982 Y-6.024554 Z0.509804 F1000
G01 X53.122768 Y-6.024554 Z0.509804 F1000
G01 X53.066964 Y-6.024554 Z1.019608 F1000
G01 X53.011161 Y-6.024554 Z1.019608 F1000
G01 X52.955357 Y-6.024554 Z3.098039 F1000
G01 X52.899554 Y-6.024554 Z9.333333 F1000
G01 X52.84375 Y-6.024554 Z10 F1000
G01 X47.263393 Y-6.024554 Z10 F1000
G01 X47.207589 Y-6.024554 Z9.960784 F1000
G01 X47.151786 Y-6.024554 Z9.960784 F1000
G01 X47.095982 Y-6.024554 Z3.568627 F1000
G01 X47.040179 Y-6.024554 Z0.54902 F1000
G01 X46.928571 Y-6.024554 Z0.54902 F1000
G01 X46.872768 Y-6.024554 Z0.509804 F1000
G01 X46.761161 Y-6.024554 Z0.509804 F1000
G01 X46.705357 Y-6.024554 Z0.470588 F1000
G01 X46.649554 Y-6.024554 Z0.784314 F1000
G01 X46.482143 Y-6.024554 Z0.784314 F1000
G01 X46.426339 Y-6.024554 Z3.803922 F1000
G01 X46.370536 Y-6.024554 Z9.882353 F1000
G01 X46.314732 Y-6.024554 Z10 F1000
G01 X0.444196 Y-6.024554 Z10 F1000
G01 X0.444196 Y-6.080357 Z10 F1000
G01 X0.444196 Y-6.136161 Z10 F1000
G01 X0.444196 Y-6.191964 Z10 F1000
G01 X0.444196 Y-6.247768 Z10 F1000
G01 X0.444196 Y-6.303571 Z10 F1000
G01 X0.444196 Y-6.359375 Z10 F1000
G01 X0.444196 Y-6.415179 Z10 F1000
G01 X0.444196 Y-6.470982 Z10 F1000
G01 X0.444196 Y-6.526786 Z10 F1000
G01 X46.035714 Y-6.526786 Z10 F1000
G01 X46.091518 Y-6.526786 Z9.960784 F1000
G01 X46.147321 Y-6.526786 Z9.764706 F1000
G01 X46.203125 Y-6.526786 Z4.784314 F1000
G01 X46.258929 Y-6.526786 Z0.352941 F1000
G01 X46.314732 Y-6.526786 Z0.156863 F1000
G01 X46.649554 Y-6.526786 Z0.156863 F1000
G01 X46.705357 Y-6.526786 Z0.352941 F1000
G01 X46.761161 Y-6.526786 Z0.666667 F1000
G01 X46.816964 Y-6.526786 Z0.901961 F1000
G01 X46.872768 Y-6.526786 Z1.686275 F1000
G01 X46.928571 Y-6.526786 Z9.058824 F1000
G01 X46.984375 Y-6.526786 Z9.960784 F1000
G01 X47.040179 Y-6.526786 Z9.960784 F1000
G01 X47.095982 Y-6.526786 Z10 F1000
G01 X53.011161 Y-6.526786 Z10 F1000
G01 X53.066964 Y-6.526786 Z9.921569 F1000
G01 X53.122768 Y-6.526786 Z9.333333 F1000
G01 X53.178571 Y-6.526786 Z2.078431 F1000
G01 X53.234375 Y-6.526786 Z0.509804 F1000
G01 X53.345982 Y-6.526786 Z0.509804 F1000
G01 X53.401786 Y-6.526786 Z0.352941 F1000
G01 X53.457589 Y-6.526786 Z0.156863 F1000
G01 X53.513393 Y-6.526786 Z0.156863 F1000
G01 X53.569196 Y-6.526786 Z0.196078 F1000
G01 X53.792411 Y-6.526786 Z0.196078 F1000
G01 X53.848214 Y-6.526786 Z4.941176 F1000
G01 X53.904018 Y-6.526786 Z10 F1000
G01 X99.551339 Y-6.526786 Z10 F1000
G01 X99.551339 Y-6.582589 Z10 F1000
G01 X99.551339 Y-6.638393 Z10 F1000
G01 X99.551339 Y-6.694196 Z10 F1000
G01 X99.551339 Y-6.75 Z10 F1000
G01 X99.551339 Y-6.805804 Z10 F1000
G01 X99.551339 Y-6.861607 Z10 F1000
G01 X99.551339 Y-6.917411 Z10 F1000
G01 X99.551339 Y-6.973214 Z10 F1000
G01 X99.551339 Y-7.029018 Z10 F1000
G01 X54.183036 Y-7.029018 Z10 F1000
G01 X54.127232 Y-7.029018 Z9.882353 F1000
G01 X54.071429 Y-7.029018 Z6.509804 F1000
G01 X54.015625 Y-7.029018 Z0.823529 F1000
G01 X53.959821 Y-7.029018 Z0.823529 F1000
G01 X53.904018 Y-7.029018 Z0.54902 F1000
G01 X53.848214 Y-7.029018 Z0.54902 F1000
G01 X53.792411 Y-7.029018 Z0.235294 F1000
G01 X53.736607 Y-7.029018 Z0.627451 F1000
G01 X53.457589 Y-7.029018 Z0.627451 F1000
G01 X53.401786 Y-7.029018 Z0.862745 F1000
G01 X53.345982 Y-7.029018 Z8.156863 F1000
G01 X53.290179 Y-7.029018 Z10 F1000
G01 X46.761161 Y-7.029018 Z10 F1000
G01 X46.705357 Y-7.029018 Z8.862745 F1000
G01 X46.649554 Y-7.029018 Z0.941176 F1000
G01 X46.482143 Y-7.029018 Z0.941176 F1000
G01 X46.426339 Y-7.029018 Z0.588235 F1000
G01 X46.370536 Y-7.029018 Z0.313725 F1000
G01 X46.314732 Y-7.029018 Z0.313725 F1000
G01 X46.258929 Y-7.029018 Z0.27451 F1000
G01 X46.147321 Y-7.029018 Z0.27451 F1000
G01 X46.091518 Y-7.029018 Z0.392157 F1000
G01 X46.035714 Y-7.029018 Z0.392157 F1000
G01 X45.979911 Y-7.029018 Z5.960784 F1000
G01 X45.924107 Y-7.029018 Z10 F1000
G01 X0.444196 Y-7.029018 Z10 F1000
G01 X0.444196 Y-7.084821 Z10 F1000
G01 X0.444196 Y-7.140625 Z10 F1000
G01 X0.444196 Y-7.196429 Z10 F1000
G01 X0.444196 Y-7.252232 Z10 F1000
G01 X0.444196 Y-7.308036 Z10 F1000
G01 X0.444196 Y-7.363839 Z10 F1000
G01 X0.444196 Y-7.419643 Z10 F1000
G01 X0.444196 Y-7.475446 Z10 F1000
G01 X0.444196 Y-7.53125 Z10 F1000
G01 X45.589286 Y-7.53125 Z10 F1000
G01 X45.645089 Y-7.53125 Z9.960784 F1000
G01 X45.700893 Y-7.53125 Z9.960784 F1000
G01 X45.756696 Y-7.53125 Z7.686275 F1000
G01 X45.8125 Y-7.53125 Z0.509804 F1000
G01 X45.868304 Y-7.53125 Z0.196078 F1000
G01 X45.924107 Y-7.53125 Z0.196078 F1000
G01 X45.979911 Y-7.53125 Z0.117647 F1000
G01 X46.035714 Y-7.53125 Z0.156863 F1000
G01 X46.203125 Y-7.53125 Z0.156863 F1000
G01 X46.258929 Y-7.53125 Z0.392157 F1000
G01 X46.370536 Y-7.53125 Z0.392157 F1000
G01 X46.426339 Y-7.53125 Z0.823529 F1000
G01 X46.482143 Y-7.53125 Z8.392157 F1000
G01 X46.537946 Y-7.53125 Z10 F1000
G01 X53.513393 Y-7.53125 Z10 F1000
G01 X53.569196 Y-7.53125 Z8.392157 F1000
G01 X53.625 Y-7.53125 Z0.627451 F1000
G01 X53.736607 Y-7.53125 Z0.627451 F1000
G01 X53.792411 Y-7.53125 Z0.392157 F1000
G01 X53.848214 Y-7.53125 Z0.352941 F1000
G01 X53.904018 Y-7.53125 Z0.392157 F1000
G01 X53.959821 Y-7.53125 Z0.823529 F1000
G01 X54.238839 Y-7.53125 Z0.823529 F1000
G01 X54.294643 Y-7.53125 Z7.294118 F1000
G01 X54.350446 Y-7.53125 Z10 F1000
G01 X99.551339 Y-7.53125 Z10 F1000
G01 X99.551339 Y-7.587054 Z10 F1000
G01 X99.551339 Y-7.642857 Z10 F1000
G01 X99.551339 Y-7.698661 Z10 F1000
G01 X99.551339 Y-7.754464 Z10 F1000
G01 X99.551339 Y-7.810268 Z10 F1000
G01 X99.551339 Y-7.866071 Z10 F1000
G01 X99.551339 Y-7.921875 Z10 F1000
G01 X99.551339 Y-7.977679 Z10 F1000
G01 X99.551339 Y-8.033482 Z10 F1000
G01 X54.629464 Y-8.033482 Z10 F1000
G01 X54.573661 Y-8.033482 Z9.72549 F1000
G01 X54.517857 Y-8.033482 Z8.235294 F1000
G01 X54.462054 Y-8.033482 Z0.980392 F1000
G01 X54.40625 Y-8.033482 Z0.941176 F1000
G01 X54.350446 Y-8.033482 Z0.705882 F1000
G01 X54.294643 Y-8.033482 Z0.235294 F1000
G01 X54.238839 Y-8.033482 Z0.156863 F1000
G01 X54.183036 Y-8.033482 Z0.117647 F1000
G01 X54.015625 Y-8.033482 Z0.117647 F1000
G01 X53.959821 Y-8.033482 Z0.235294 F1000
G01 X53.904018 Y-8.033482 Z0.235294 F1000
G01 X53.848214 Y-8.033482 Z0.470588 F1000
G01 X53.792411 Y-8.033482 Z7.294118 F1000
G01 X53.736607 Y-8.033482 Z10 F1000
G01 X46.314732 Y-8.033482 Z10 F1000
G01 X46.258929 Y-8.033482 Z6.627451 F1000
G01 X46.203125 Y-8.033482 Z0.54902 F1000
G01 X46.147321 Y-8.033482 Z0.54902 F1000
G01 X46.091518 Y-8.033482 Z0.470588 F1000
G01 X45.924107 Y-8.033482 Z0.470588 F1000
G01 X45.868304 Y-8.033482 Z0.431373 F1000
G01 X45.8125 Y-8.033482 Z0.431373 F1000
G01 X45.756696 Y-8.033482 Z0.470588 F1000
G01 X45.700893 Y-8.033482 Z0.705882 F1000
G01 X45.589286 Y-8.033482 Z0.705882 F1000
G01 X45.533482 Y-8.033482 Z8.627451 F1000
G01 X45.477679 Y-8.033482 Z10 F1000
G01 X0.444196 Y-8.033482 Z10 F1000
G01 X0.444196 Y-8.089286 Z10 F1000
G01 X0.444196 Y-8.145089 Z10 F1000
G01 X0.444196 Y-8.200893 Z10 F1000
G01 X0.444196 Y-8.256696 Z10 F1000
G01 X0.444196 Y-8.3125 Z10 F1000
G01 X0.444196 Y-8.368304 Z10 F1000
G01 X0.444196 Y-8.424107 Z10 F1000
G01 X0.444196 Y-8.479911 Z10 F1000
G01 X0.444196 Y-8.535714 Z10 F1000
G01 X45.198661 Y-8.535714 Z10 F1000
G01 X45.254464 Y-8.535714 Z9.72549 F1000
G01 X45.310268 Y-8.535714 Z9.254902 F1000
G01 X45.366071 Y-8.535714 Z1.333333 F1000
G01 X45.421875 Y-8.535714 Z0.509804 F1000
G01 X45.533482 Y-8.535714 Z0.509804 F1000
G01 X45.589286 Y-8.535714 Z0.470588 F1000
G01 X45.756696 Y-8.535714 Z0.470588 F1000
G01 X45.8125 Y-8.535714 Z0.54902 F1000
G01 X45.868304 Y-8.535714 Z0.588235 F1000
G01 X45.979911 Y-8.535714 Z0.588235 F1000
G01 X46.035714 Y-8.535714 Z5.72549 F1000
G01 X46.091518 Y-8.535714 Z9.803922 F1000
G01 X46.147321 Y-8.535714 Z10 F1000
G01 X53.904018 Y-8.535714 Z10 F1000
G01 X53.959821 Y-8.535714 Z9.960784 F1000
G01 X54.015625 Y-8.535714 Z6 F1000
G01 X54.071429 Y-8.535714 Z0.745098 F1000
G01 X54.127232 Y-8.535714 Z0.745098 F1000
G01 X54.183036 Y-8.535714 Z0.470588 F1000
G01 X54.238839 Y-8.535714 Z0.431373 F1000
G01 X54.294643 Y-8.535714 Z0.235294 F1000
G01 X54.350446 Y-8.535714 Z0.235294 F1000
G01 X54.40625 Y-8.535714 Z0.27451 F1000
G01 X54.462054 Y-8.535714 Z0.313725 F1000
G01 X54.517857 Y-8.535714 Z0.313725 F1000
G01 X54.573661 Y-8.535714 Z0.431373 F1000
G01 X54.629464 Y-8.535714 Z0.431373 F1000
G01 X54.685268 Y-8.535714 Z1.254902 F1000
G01 X54.741071 Y-8.535714 Z8.901961 F1000
G01 X54.796875 Y-8.535714 Z10 F1000
G01 X99.551339 Y-8.535714 Z10 F1000
G01 X99.551339 Y-8.591518 Z10 F1000
G01 X99.551339 Y-8.647321 Z10 F1000
G01 X99.551339 Y-8.703125 Z10 F1000
G01 X99.551339 Y-8.758929 Z10 F1000
G01 X99.551339 Y-8.814732 Z10 F1000
G01 X99.551339 Y-8.870536 Z10 F1000
G01 X99.551339 Y-8.926339 Z10 F1000
G01 X99.551339 Y-8.982143 Z10 F1000
G01 X99.551339 Y-9.037946 Z10 F1000
G01 X55.075893 Y-9.037946 Z10 F1000
G01 X55.020089 Y-9.037946 Z9.882353 F1000
G01 X54.964286 Y-9.037946 Z9.764706 F1000
G01 X54.908482 Y-9.037946 Z2.196078 F1000
G01 X54.852679 Y-9.037946 Z0.666667 F1000
G01 X54.796875 Y-9.037946 Z0.313725 F1000
G01 X54.741071 Y-9.037946 Z0.27451 F1000
G01 X54.685268 Y-9.037946 Z0.156863 F1000
G01 X54.517857 Y-9.037946 Z0.156863 F1000
G01 X54.462054 Y-9.037946 Z0.117647 F1000
G01 X54.40625 Y-9.037946 Z0.156863 F1000
G01 X54.350446 Y-9.037946 Z0.156863 F1000
G01 X54.294643 Y-9.037946 Z0.431373 F1000
G01 X54.238839 Y-9.037946 Z3.686275 F1000
G01 X54.183036 Y-9.037946 Z9.960784 F1000
G01 X54.127232 Y-9.037946 Z10 F1000
G01 X45.868304 Y-9.037946 Z10 F1000
G01 X45.8125 Y-9.037946 Z3.921569 F1000
G01 X45.756696 Y-9.037946 Z0.235294 F1000
G01 X45.645089 Y-9.037946 Z0.235294 F1000
G01 X45.589286 Y-9.037946 Z0.196078 F1000
G01 X45.533482 Y-9.037946 Z0.156863 F1000
G01 X45.421875 Y-9.037946 Z0.156863 F1000
G01 X45.366071 Y-9.037946 Z0.588235 F1000
G01 X45.310268 Y-9.037946 Z0.901961 F1000
G01 X45.198661 Y-9.037946 Z0.901961 F1000
G01 X45.142857 Y-9.037946 Z2.509804 F1000
G01 X45.087054 Y-9.037946 Z10 F1000
G01 X0.444196 Y-9.037946 Z10 F1000
G01 X0.444196 Y-9.09375 Z10 F1000
G01 X0.444196 Y-9.149554 Z10 F1000
G01 X0.444196 Y-9.205357 Z10 F1000
G01 X0.444196 Y-9.261161 Z10 F1000
G01 X0.444196 Y-9.316964 Z10 F1000
G01 X0.444196 Y-9.372768 Z10 F1000
G01 X0.444196 Y-9.428571 Z10 F1000
G01 X0.444196 Y-9.484375 Z10 F1000
G01 X0.444196 Y-9.540179 Z10 F1000
G01 X44.808036 Y-9.540179 Z10 F1000
G01 X44.863839 Y-9.540179 Z9.882353 F1000
G01 X44.919643 Y-9.540179 Z3.843137 F1000
G01 X44.975446 Y-9.540179 Z0.54902 F1000
G01 X45.03125 Y-9.540179 Z0.54902 F1000
G01 X45.087054 Y-9.540179 Z0.470588 F1000
G01 X45.254464 Y-9.540179 Z0.470588 F1000
G01 X45.310268 Y-9.540179 Z0.392157 F1000
G01 X45.366071 Y-9.540179 Z0.392157 F1000
G01 X45.421875 Y-9.540179 Z0.588235 F1000
G01 X45.477679 Y-9.540179 Z0.823529 F1000
G01 X45.533482 Y-9.540179 Z0.823529 F1000
G01 X45.589286 Y-9.540179 Z2.27451 F1000
G01 X45.645089 Y-9.540179 Z9.921569 F1000
G01 X45.700893 Y-9.540179 Z10 F1000
G01 X54.350446 Y-9.540179 Z10 F1000
G01 X54.40625 Y-9.540179 Z9.960784 F1000
G01 X54.462054 Y-9.540179 Z1.960784 F1000
G01 X54.517857 Y-9.540179 Z0.745098 F1000
G01 X54.573661 Y-9.540179 Z0.509804 F1000
G01 X54.685268 Y-9.540179 Z0.509804 F1000
G01 X54.741071 Y-9.540179 Z0.196078 F1000
G01 X54.796875 Y-9.540179 Z0.313725 F1000
G01 X54.852679 Y-9.540179 Z0.313725 F1000
G01 X54.908482 Y-9.540179 Z0.588235 F1000
G01 X54.964286 Y-9.540179 Z0.588235 F1000
G01 X55.020089 Y-9.540179 Z0.784314 F1000
G01 X55.075893 Y-9.540179 Z0.784314 F1000
G01 X55.131696 Y-9.540179 Z4.235294 F1000
G01 X55.1875 Y-9.540179 Z10 F1000
G01 X99.551339 Y-9.540179 Z10 F1000
G01 X99.551339 Y-9.595982 Z10 F1000
G01 X99.551339 Y-9.651786 Z10 F1000
G01 X99.551339 Y-9.707589 Z10 F1000
G01 X99.551339 Y-9.763393 Z10 F1000
G01 X99.551339 Y-9.819196 Z10 F1000
G01 X99.551339 Y-9.875 Z10 F1000
G01 X99.551339 Y-9.930804 Z10 F1000
G01 X99.551339 Y-9.986607 Z10 F1000
G01 X99.551339 Y-10.042411 Z10 F1000
G01 X55.466518 Y-10.042411 Z10 F1000
G01 X55.410714 Y-10.042411 Z9.686275 F1000
G01 X55.354911 Y-10.042411 Z5.72549 F1000
G01 X55.299107 Y-10.042411 Z0.705882 F1000
G01 X55.243304 Y-10.042411 Z0.431373 F1000
G01 X55.1875 Y-10.042411 Z0.431373 F1000
G01 X55.131696 Y-10.042411 Z0.196078 F1000
G01 X55.075893 Y-10.042411 Z0.313725 F1000
G01 X54.964286 Y-10.042411 Z0.313725 F1000
G01 X54.908482 Y-10.042411 Z0.431373 F1000
G01 X54.796875 Y-10.042411 Z0.431373 F1000
G01 X54.741071 Y-10.042411 Z0.470588 F1000
G01 X54.685268 Y-10.042411 Z1.843137 F1000
G01 X54.629464 Y-10.042411 Z9.72549 F1000
G01 X54.573661 Y-10.042411 Z10 F1000
G01 X45.477679 Y-10.042411 Z10 F1000
G01 X45.421875 Y-10.042411 Z9.411765 F1000
G01 X45.366071 Y-10.042411 Z1.137255 F1000
G01 X45.310268 Y-10.042411 Z0.784314 F1000
G01 X45.142857 Y-10.042411 Z0.784314 F1000
G01 X45.087054 Y-10.042411 Z0.392157 F1000
G01 X44.975446 Y-10.042411 Z0.392157 F1000
G01 X44.919643 Y-10.042411 Z0.313725 F1000
G01 X44.863839 Y-10.042411 Z0.627451 F1000
G01 X44.752232 Y-10.042411 Z0.627451 F1000
G01 X44.696429 Y-10.042411 Z5.529412 F1000
G01 X44.640625 Y-10.042411 Z10 F1000
G01 X0.444196 Y-10.042411 Z10 F1000
G01 X0.444196 Y-10.098214 Z10 F1000
G01 X0.444196 Y-10.154018 Z10 F1000
G01 X0.444196 Y-10.209821 Z10 F1000
G01 X0.444196 Y-10.265625 Z10 F1000
G01 X0.444196 Y-10.321429 Z10 F1000
G01 X0.444196 Y-10.377232 Z10 F1000
G01 X0.444196 Y-10.433036 Z10 F1000
G01 X0.444196 Y-10.488839 Z10 F1000
G01 X0.444196 Y-10.544643 Z10 F1000
G01 X44.417411 Y-10.544643 Z10 F1000
G01 X44.473214 Y-10.544643 Z5.843137 F1000
G01 X44.529018 Y-10.544643 Z0.196078 F1000
G01 X44.584821 Y-10.544643 Z0.156863 F1000
G01 X44.863839 Y-10.544643 Z0.156863 F1000
G01 X44.919643 Y-10.544643 Z0.470588 F1000
G01 X45.03125 Y-10.544643 Z0.470588 F1000
G01 X45.087054 Y-10.544643 Z0.862745 F1000
G01 X45.142857 Y-10.544643 Z0.862745 F1000
G01 X45.198661 Y-10.544643 Z8.352941 F1000
G01 X45.254464 Y-10.544643 Z10 F1000
G01 X54.741071 Y-10.544643 Z10 F1000
G01 X54.796875 Y-10.544643 Z9.882353 F1000
G01 X54.852679 Y-10.544643 Z8.588235 F1000
G01 X54.908482 Y-10.544643 Z0.705882 F1000
G01 X55.131696 Y-10.544643 Z0.705882 F1000
G01 X55.1875 Y-10.544643 Z0.54902 F1000
G01 X55.243304 Y-10.544643 Z0.392157 F1000
G01 X55.299107 Y-10.544643 Z0.705882 F1000
G01 X55.522321 Y-10.544643 Z0.705882 F1000
G01 X55.578125 Y-10.544643 Z5.686275 F1000
G01 X55.633929 Y-10.544643 Z9.921569 F1000
G01 X55.689732 Y-10.544643 Z10 F1000
G01 X99.551339 Y-10.544643 Z10 F1000
G01 X99.551339 Y-10.600446 Z10 F1000
G01 X99.551339 Y-10.65625 Z10 F1000
G01 X99.551339 Y-10.712054 Z10 F1000
G01 X99.551339 Y-10.767857 Z10 F1000
G01 X99.551339 Y-10.823661 Z10 F1000
G01 X99.551339 Y-10.879464 Z10 F1000
G01 X99.551339 Y-10.935268 Z10 F1000
G01 X99.551339 Y-10.991071 Z10 F1000
G01 X99.551339 Y-11.046875 Z10 F1000
G01 X55.857143 Y-11.046875 Z10 F1000
G01 X55.801339 Y-11.046875 Z7.215686 F1000
G01 X55.745536 Y-11.046875 Z1.176471 F1000
G01 X55.689732 Y-11.046875 Z0.901961 F1000
G01 X55.633929 Y-11.046875 Z0.745098 F1000
G01 X55.578125 Y-11.046875 Z0.196078 F1000
G01 X55.522321 Y-11.046875 Z0.196078 F1000
G01 X55.466518 Y-11.046875 Z0.156863 F1000
G01 X55.410714 Y-11.046875 Z0.117647 F1000
G01 X55.299107 Y-11.046875 Z0.117647 F1000
G01 X55.243304 Y-11.046875 Z0.196078 F1000
G01 X55.1875 Y-11.046875 Z0.54902 F1000
G01 X55.131696 Y-11.046875 Z0.705882 F1000
G01 X55.075893 Y-11.046875 Z8.196078 F1000
G01 X55.020089 Y-11.046875 Z9.882353 F1000
G01 X54.964286 Y-11.046875 Z9.960784 F1000
G01 X54.908482 Y-11.046875 Z10 F1000
G01 X45.087054 Y-11.046875 Z10 F1000
G01 X45.03125 Y-11.046875 Z9.921569 F1000
G01 X44.975446 Y-11.046875 Z7.686275 F1000
G01 X44.919643 Y-11.046875 Z0.627451 F1000
G01 X44.584821 Y-11.046875 Z0.627451 F1000
G01 X44.529018 Y-11.046875 Z0.352941 F1000
G01 X44.473214 Y-11.046875 Z0.392157 F1000
G01 X44.417411 Y-11.046875 Z0.54902 F1000
G01 X44.361607 Y-11.046875 Z0.627451 F1000
G01 X44.305804 Y-11.046875 Z0.705882 F1000
G01 X44.25 Y-11.046875 Z7.294118 F1000
G01 X44.194196 Y-11.046875 Z9.960784 F1000
G01 X44.138393 Y-11.046875 Z10 F1000
G01 X0.444196 Y-11.046875 Z10 F1000
G01 X0.444196 Y-11.102679 Z10 F1000
G01 X0.444196 Y-11.158482 Z10 F1000
G01 X0.444196 Y-11.214286 Z10 F1000
G01 X0.444196 Y-11.270089 Z10 F1000
G01 X0.444196 Y-11.325893 Z10 F1000
G01 X0.444196 Y-11.381696 Z10 F1000
G01 X0.444196 Y-11.4375 Z10 F1000
G01 X0.444196 Y-11.493304 Z10 F1000
G01 X0.444196 Y-11.549107 Z10 F1000
G01 X43.970982 Y-11.549107 Z10 F1000
G01 X44.026786 Y-11.549107 Z8.784314 F1000
G01 X44.082589 Y-11.549107 Z1.019608 F1000
G01 X44.138393 Y-11.549107 Z0.666667 F1000
G01 X44.25 Y-11.549107 Z0.666667 F1000
G01 X44.305804 Y-11.549107 Z0.627451 F1000
G01 X44.361607 Y-11.549107 Z0.627451 F1000
G01 X44.417411 Y-11.549107 Z0.470588 F1000
G01 X44.473214 Y-11.549107 Z0.352941 F1000
G01 X44.529018 Y-11.549107 Z0.54902 F1000
G01 X44.584821 Y-11.549107 Z0.627451 F1000
G01 X44.640625 Y-11.549107 Z0.627451 F1000
G01 X44.696429 Y-11.549107 Z0.666667 F1000
G01 X44.752232 Y-11.549107 Z6.745098 F1000
G01 X44.808036 Y-11.549107 Z9.529412 F1000
G01 X44.863839 Y-11.549107 Z10 F1000
G01 X55.1875 Y-11.549107 Z10 F1000
G01 X55.243304 Y-11.549107 Z9.960784 F1000
G01 X55.299107 Y-11.549107 Z6.588235 F1000
G01 X55.354911 Y-11.549107 Z1.098039 F1000
G01 X55.578125 Y-11.549107 Z1.098039 F1000
G01 X55.633929 Y-11.549107 Z0.745098 F1000
G01 X55.689732 Y-11.549107 Z0.745098 F1000
G01 X55.745536 Y-11.549107 Z0.784314 F1000
G01 X55.801339 Y-11.549107 Z0.784314 F1000
G01 X55.857143 Y-11.549107 Z0.823529 F1000
G01 X55.96875 Y-11.549107 Z0.823529 F1000
G01 X56.024554 Y-11.549107 Z8.745098 F1000
G01 X56.080357 Y-11.549107 Z10 F1000
G01 X99.551339 Y-11.549107 Z10 F1000
G01 X99.551339 Y-11.604911 Z10 F1000
G01 X99.551339 Y-11.660714 Z10 F1000
G01 X99.551339 Y-11.716518 Z10 F1000
G01 X99.551339 Y-11.772321 Z10 F1000
G01 X99.551339 Y-11.828125 Z10 F1000
G01 X99.551339 Y-11.883929 Z10 F1000
G01 X99.551339 Y-11.939732 Z10 F1000
G01 X99.551339 Y-11.995536 Z10 F1000
G01 X99.551339 Y-12.051339 Z10 F1000
G01 X56.359375 Y-12.051339 Z10 F1000
G01 X56.303571 Y-12.051339 Z9.921569 F1000
G01 X56.247768 Y-12.051339 Z9.686275 F1000
G01 X56.191964 Y-12.051339 Z1.490196 F1000
G01 X56.136161 Y-12.051339 Z0.784314 F1000
G01 X56.080357 Y-12.051339 Z0.784314 F1000
G01 X56.024554 Y-12.051339 Z0.156863 F1000
G01 X55.96875 Y-12.051339 Z0.156863 F1000
G01 X55.912946 Y-12.051339 Z0.117647 F1000
G01 X55.857143 Y-12.051339 Z0.117647 F1000
G01 X55.801339 Y-12.051339 Z0.196078 F1000
G01 X55.689732 Y-12.051339 Z0.196078 F1000
G01 X55.633929 Y-12.051339 Z0.627451 F1000
G01 X55.578125 Y-12.051339 Z1.098039 F1000
G01 X55.522321 Y-12.051339 Z5.411765 F1000
G01 X55.466518 Y-12.051339 Z9.686275 F1000
G01 X55.410714 Y-12.051339 Z10 F1000
G01 X44.584821 Y-12.051339 Z10 F1000
G01 X44.529018 Y-12.051339 Z4.27451 F1000
G01 X44.473214 Y-12.051339 Z0.392157 F1000
G01 X44.417411 Y-12.051339 Z0.156863 F1000
G01 X44.082589 Y-12.051339 Z0.156863 F1000
G01 X44.026786 Y-12.051339 Z0.392157 F1000
G01 X43.970982 Y-12.051339 Z0.784314 F1000
G01 X43.915179 Y-12.051339 Z0.784314 F1000
G01 X43.859375 Y-12.051339 Z1.882353 F1000
G01 X43.803571 Y-12.051339 Z9.294118 F1000
G01 X43.747768 Y-12.051339 Z10 F1000
G01 X0.444196 Y-12.051339 Z10 F1000
G01 X0.444196 Y-12.107143 Z10 F1000
G01 X0.444196 Y-12.162946 Z10 F1000
G01 X0.444196 Y-12.21875 Z10 F1000
G01 X0.444196 Y-12.274554 Z10 F1000
G01 X0.444196 Y-12.330357 Z10 F1000
G01 X0.444196 Y-12.386161 Z10 F1000
G01 X0.444196 Y-12.441964 Z10 F1000
G01 X0.444196 Y-12.497768 Z10 F1000
G01 X0.444196 Y-12.553571 Z10 F1000
G01 X43.580357 Y-12.553571 Z10 F1000
G01 X43.636161 Y-12.553571 Z2.823529 F1000
G01 X43.691964 Y-12.553571 Z0.784314 F1000
G01 X43.970982 Y-12.553571 Z0.784314 F1000
G01 X44.026786 Y-12.553571 Z0.235294 F1000
G01 X44.082589 Y-12.553571 Z0.27451 F1000
G01 X44.138393 Y-12.553571 Z0.27451 F1000
G01 X44.194196 Y-12.553571 Z0.392157 F1000
G01 X44.25 Y-12.553571 Z0.666667 F1000
G01 X44.305804 Y-12.553571 Z3.294118 F1000
G01 X44.361607 Y-12.553571 Z9.568627 F1000
G01 X44.417411 Y-12.553571 Z10 F1000
G01 X55.578125 Y-12.553571 Z10 F1000
G01 X55.633929 Y-12.553571 Z9.882353 F1000
G01 X55.689732 Y-12.553571 Z9.882353 F1000
G01 X55.745536 Y-12.553571 Z3.058824 F1000
G01 X55.801339 Y-12.553571 Z0.54902 F1000
G01 X55.857143 Y-12.553571 Z0.509804 F1000
G01 X56.024554 Y-12.553571 Z0.509804 F1000
G01 X56.080357 Y-12.553571 Z0.313725 F1000
G01 X56.136161 Y-12.553571 Z0.352941 F1000
G01 X56.191964 Y-12.553571 Z0.352941 F1000
G01 X56.247768 Y-12.553571 Z0.509804 F1000
G01 X56.303571 Y-12.553571 Z0.509804 F1000
G01 X56.359375 Y-12.553571 Z0.784314 F1000
G01 X56.415179 Y-12.553571 Z2.666667 F1000
G01 X56.470982 Y-12.553571 Z9.921569 F1000
G01 X56.526786 Y-12.553571 Z10 F1000
G01 X99.551339 Y-12.553571 Z10 F1000
G01 X99.551339 Y-12.609375 Z10 F1000
G01 X99.551339 Y-12.665179 Z10 F1000
G01 X99.551339 Y-12.720982 Z10 F1000
G01 X99.551339 Y-12.776786 Z10 F1000
G01 X99.551339 Y-12.832589 Z10 F1000
G01 X99.551339 Y-12.888393 Z10 F1000
G01 X99.551339 Y-12.944196 Z10 F1000
G01 X99.551339 Y-13 Z10 F1000
G01 X99.551339 Y-13.055804 Z10 F1000
G01 X56.694196 Y-13.055804 Z10 F1000
G01 X56.638393 Y-13.055804 Z3.607843 F1000
G01 X56.582589 Y-13.055804 Z0.313725 F1000
G01 X56.526786 Y-13.055804 Z0.27451 F1000
G01 X56.470982 Y-13.055804 Z0.196078 F1000
G01 X56.136161 Y-13.055804 Z0.196078 F1000
G01 X56.080357 Y-13.055804 Z0.313725 F1000
G01 X56.024554 Y-13.055804 Z0.901961 F1000
G01 X55.96875 Y-13.055804 Z1.960784 F1000
G01 X55.912946 Y-13.055804 Z10 F1000
G01 X44.138393 Y-13.055804 Z10 F1000
G01 X44.082589 Y-13.055804 Z1.803922 F1000
G01 X44.026786 Y-13.055804 Z0.313725 F1000
G01 X43.970982 Y-13.055804 Z0.156863 F1000
G01 X43.747768 Y-13.055804 Z0.156863 F1000
G01 X43.691964 Y-13.055804 Z0.196078 F1000
G01 X43.636161 Y-13.055804 Z0.196078 F1000
G01 X43.580357 Y-13.055804 Z0.431373 F1000
G01 X43.524554 Y-13.055804 Z0.431373 F1000
G01 X43.46875 Y-13.055804 Z0.666667 F1000
G01 X43.412946 Y-13.055804 Z4.196078 F1000
G01 X43.357143 Y-13.055804 Z10 F1000
G01 X0.444196 Y-13.055804 Z10 F1000
G01 X0.444196 Y-13.111607 Z10 F1000
G01 X0.444196 Y-13.167411 Z10 F1000
G01 X0.444196 Y-13.223214 Z10 F1000
G01 X0.444196 Y-13.279018 Z10 F1000
G01 X0.444196 Y-13.334821 Z10 F1000
G01 X0.444196 Y-13.390625 Z10 F1000
G01 X0.444196 Y-13.446429 Z10 F1000
G01 X0.444196 Y-13.502232 Z10 F1000
G01 X0.444196 Y-13.558036 Z10 F1000
G01 X43.133929 Y-13.558036 Z10 F1000
G01 X43.189732 Y-13.558036 Z5.568627 F1000
G01 X43.245536 Y-13.558036 Z0.784314 F1000
G01 X43.301339 Y-13.558036 Z0.784314 F1000
G01 X43.357143 Y-13.558036 Z0.27451 F1000
G01 X43.412946 Y-13.558036 Z0.27451 F1000
G01 X43.46875 Y-13.558036 Z0.235294 F1000
G01 X43.524554 Y-13.558036 Z0.235294 F1000
G01 X43.580357 Y-13.558036 Z0.313725 F1000
G01 X43.636161 Y-13.558036 Z0.431373 F1000
G01 X43.691964 Y-13.558036 Z0.431373 F1000
G01 X43.747768 Y-13.558036 Z0.666667 F1000
G01 X43.803571 Y-13.558036 Z0.941176 F1000
G01 X43.859375 Y-13.558036 Z0.941176 F1000
G01 X43.915179 Y-13.558036 Z9.843137 F1000
G01 X43.970982 Y-13.558036 Z9.921569 F1000
G01 X44.026786 Y-13.558036 Z10 F1000
G01 X56.080357 Y-13.558036 Z10 F1000
G01 X56.136161 Y-13.558036 Z9.882353 F1000
G01 X56.191964 Y-13.558036 Z1.019608 F1000
G01 X56.247768 Y-13.558036 Z0.666667 F1000
G01 X56.470982 Y-13.558036 Z0.666667 F1000
G01 X56.526786 Y-13.558036 Z0.313725 F1000
G01 X56.582589 Y-13.558036 Z0.313725 F1000
G01 X56.638393 Y-13.558036 Z0.666667 F1000
G01 X56.75 Y-13.558036 Z0.666667 F1000
G01 X56.805804 Y-13.558036 Z0.745098 F1000
G01 X56.861607 Y-13.558036 Z5.333333 F1000
G01 X56.917411 Y-13.558036 Z9.921569 F1000
G01 X56.973214 Y-13.558036 Z10 F1000
G01 X99.551339 Y-13.558036 Z10 F1000
G01 X99.551339 Y-13.613839 Z10 F1000
G01 X99.551339 Y-13.669643 Z10 F1000
G01 X99.551339 Y-13.725446 Z10 F1000
G01 X99.551339 Y-13.78125 Z10 F1000
G01 X99.551339 Y-13.837054 Z10 F1000
G01 X99.551339 Y-13.892857 Z10 F1000
G01 X99.551339 Y-13.948661 Z10 F1000
G01 X99.551339 Y-14.004464 Z10 F1000
G01 X99.551339 Y-14.060268 Z10 F1000
G01 X57.196429 Y-14.060268 Z10 F1000
G01 X57.140625 Y-14.060268 Z9.72549 F1000
G01 X57.084821 Y-14.060268 Z7.568627 F1000
G01 X57.029018 Y-14.060268 Z3.490196 F1000
G01 X56.805804 Y-14.060268 Z3.490196 F1000
G01 X56.75 Y-14.060268 Z3.45098 F1000
G01 X56.694196 Y-14.060268 Z2.901961 F1000
G01 X56.638393 Y-14.060268 Z0.666667 F1000
G01 X56.582589 Y-14.060268 Z0.313725 F1000
G01 X56.526786 Y-14.060268 Z0.313725 F1000
G01 X56.470982 Y-14.060268 Z0.705882 F1000
G01 X56.415179 Y-14.060268 Z0.784314 F1000
G01 X56.359375 Y-14.060268 Z8.745098 F1000
G01 X56.303571 Y-14.060268 Z9.921569 F1000
G01 X56.247768 Y-14.060268 Z10 F1000
G01 X43.803571 Y-14.060268 Z10 F1000
G01 X43.747768 Y-14.060268 Z9.960784 F1000
G01 X43.691964 Y-14.060268 Z8.941176 F1000
G01 X43.636161 Y-14.060268 Z0.705882 F1000
G01 X43.580357 Y-14.060268 Z0.588235 F1000
G01 X43.245536 Y-14.060268 Z0.588235 F1000
G01 X43.189732 Y-14.060268 Z0.431373 F1000
G01 X43.133929 Y-14.060268 Z0.431373 F1000
G01 X43.078125 Y-14.060268 Z0.509804 F1000
G01 X43.022321 Y-14.060268 Z0.705882 F1000
G01 X42.966518 Y-14.060268 Z7.294118 F1000
G01 X42.910714 Y-14.060268 Z9.882353 F1000
G01 X42.854911 Y-14.060268 Z9.921569 F1000
G01 X42.799107 Y-14.060268 Z10 F1000
G01 X0.444196 Y-14.060268 Z10 F1000
G01 X0.444196 Y-14.116071 Z10 F1000
G01 X0.444196 Y-14.171875 Z10 F1000
G01 X0.444196 Y-14.227679 Z10 F1000
G01 X0.444196 Y-14.283482 Z10 F1000
G01 X0.444196 Y-14.339286 Z10 F1000
G01 X0.444196 Y-14.395089 Z10 F1000
G01 X0.444196 Y-14.450893 Z10 F1000
G01 X0.444196 Y-14.506696 Z10 F1000
G01 X0.444196 Y-14.5625 Z10 F1000
G01 X42.631696 Y-14.5625 Z10 F1000
G01 X42.6875 Y-14.5625 Z9.921569 F1000
G01 X42.743304 Y-14.5625 Z8.666667 F1000
G01 X42.799107 Y-14.5625 Z0.705882 F1000
G01 X43.022321 Y-14.5625 Z0.705882 F1000
G01 X43.078125 Y-14.5625 Z0.509804 F1000
G01 X43.133929 Y-14.5625 Z0.431373 F1000
G01 X43.189732 Y-14.5625 Z0.509804 F1000
G01 X43.245536 Y-14.5625 Z0.588235 F1000
G01 X43.301339 Y-14.5625 Z0.588235 F1000
G01 X43.357143 Y-14.5625 Z0.784314 F1000
G01 X43.412946 Y-14.5625 Z0.784314 F1000
G01 X43.46875 Y-14.5625 Z7.529412 F1000
G01 X43.524554 Y-14.5625 Z10 F1000
G01 X56.526786 Y-14.5625 Z10 F1000
G01 X56.582589 Y-14.5625 Z7.176471 F1000
G01 X56.638393 Y-14.5625 Z3.372549 F1000
G01 X56.694196 Y-14.5625 Z3.372549 F1000
G01 X56.75 Y-14.5625 Z3.45098 F1000
G01 X56.805804 Y-14.5625 Z3.490196 F1000
G01 X57.252232 Y-14.5625 Z3.490196 F1000
G01 X57.308036 Y-14.5625 Z8.470588 F1000
G01 X57.363839 Y-14.5625 Z10 F1000
G01 X99.551339 Y-14.5625 Z10 F1000
G01 X99.551339 Y-14.618304 Z10 F1000
G01 X99.551339 Y-14.674107 Z10 F1000
G01 X99.551339 Y-14.729911 Z10 F1000
G01 X99.551339 Y-14.785714 Z10 F1000
G01 X99.551339 Y-14.841518 Z10 F1000
G01 X99.551339 Y-14.897321 Z10 F1000
G01 X99.551339 Y-14.953125 Z10 F1000
G01 X99.551339 Y-15.008929 Z10 F1000
G01 X99.551339 Y-15.064732 Z10 F1000
G01 X57.587054 Y-15.064732 Z10 F1000
G01 X57.53125 Y-15.064732 Z8.745098 F1000
G01 X57.475446 Y-15.064732 Z4.078431 F1000
G01 X57.419643 Y-15.064732 Z3.372549 F1000
G01 X56.861607 Y-15.064732 Z3.372549 F1000
G01 X56.805804 Y-15.064732 Z5.294118 F1000
G01 X56.75 Y-15.064732 Z10 F1000
G01 X43.357143 Y-15.064732 Z10 F1000
G01 X43.301339 Y-15.064732 Z9.882353 F1000
G01 X43.245536 Y-15.064732 Z5.254902 F1000
G01 X43.189732 Y-15.064732 Z0.627451 F1000
G01 X43.133929 Y-15.064732 Z0.54902 F1000
G01 X43.078125 Y-15.064732 Z0.156863 F1000
G01 X42.799107 Y-15.064732 Z0.156863 F1000
G01 X42.743304 Y-15.064732 Z0.235294 F1000
G01 X42.6875 Y-15.064732 Z0.431373 F1000
G01 X42.631696 Y-15.064732 Z0.588235 F1000
G01 X42.575893 Y-15.064732 Z1.372549 F1000
G01 X42.520089 Y-15.064732 Z9.647059 F1000
G01 X42.464286 Y-15.064732 Z9.686275 F1000
G01 X42.408482 Y-15.064732 Z10 F1000
G01 X0.444196 Y-15.064732 Z10 F1000
G01 X0.444196 Y-15.120536 Z10 F1000
G01 X0.444196 Y-15.176339 Z10 F1000
G01 X0.444196 Y-15.232143 Z10 F1000
G01 X0.444196 Y-15.287946 Z10 F1000
G01 X0.444196 Y-15.34375 Z10 F1000
G01 X0.444196 Y-15.399554 Z10 F1000
G01 X0.444196 Y-15.455357 Z10 F1000
G01 X0.444196 Y-15.511161 Z10 F1000
G01 X0.444196 Y-15.566964 Z10 F1000
G01 X42.241071 Y-15.566964 Z10 F1000
G01 X42.296875 Y-15.566964 Z9.215686 F1000
G01 X42.352679 Y-15.566964 Z2.54902 F1000
G01 X42.408482 Y-15.566964 Z0.823529 F1000
G01 X42.464286 Y-15.566964 Z0.313725 F1000
G01 X42.520089 Y-15.566964 Z0.313725 F1000
G01 X42.575893 Y-15.566964 Z0.27451 F1000
G01 X42.631696 Y-15.566964 Z0.27451 F1000
G01 X42.6875 Y-15.566964 Z0.352941 F1000
G01 X42.854911 Y-15.566964 Z0.352941 F1000
G01 X42.910714 Y-15.566964 Z0.431373 F1000
G01 X42.966518 Y-15.566964 Z0.431373 F1000
G01 X43.022321 Y-15.566964 Z3.333333 F1000
G01 X43.078125 Y-15.566964 Z9.921569 F1000
G01 X43.133929 Y-15.566964 Z10 F1000
G01 X56.973214 Y-15.566964 Z10 F1000
G01 X57.029018 Y-15.566964 Z6.313725 F1000
G01 X57.084821 Y-15.566964 Z3.490196 F1000
G01 X57.252232 Y-15.566964 Z3.490196 F1000
G01 X57.308036 Y-15.566964 Z3.372549 F1000
G01 X57.419643 Y-15.566964 Z3.372549 F1000
G01 X57.475446 Y-15.566964 Z3.72549 F1000
G01 X57.587054 Y-15.566964 Z3.72549 F1000
G01 X57.642857 Y-15.566964 Z3.843137 F1000
G01 X57.698661 Y-15.566964 Z4.039216 F1000
G01 X57.754464 Y-15.566964 Z9.607843 F1000
G01 X57.810268 Y-15.566964 Z9.960784 F1000
G01 X57.866071 Y-15.566964 Z9.960784 F1000
G01 X57.921875 Y-15.566964 Z10 F1000
G01 X99.551339 Y-15.566964 Z10 F1000
G01 X99.551339 Y-15.622768 Z10 F1000
G01 X99.551339 Y-15.678571 Z10 F1000
G01 X99.551339 Y-15.734375 Z10 F1000
G01 X99.551339 Y-15.790179 Z10 F1000
G01 X99.551339 Y-15.845982 Z10 F1000
G01 X99.551339 Y-15.901786 Z10 F1000
G01 X99.551339 Y-15.957589 Z10 F1000
G01 X99.551339 Y-16.013393 Z10 F1000
G01 X99.551339 Y-16.069196 Z10 F1000
G01 X57.977679 Y-16.069196 Z10 F1000
G01 X57.921875 Y-16.069196 Z5.490196 F1000
G01 X57.866071 Y-16.069196 Z3.529412 F1000
G01 X57.810268 Y-16.069196 Z3.176471 F1000
G01 X57.754464 Y-16.069196 Z3.176471 F1000
G01 X57.698661 Y-16.069196 Z3.215686 F1000
G01 X57.475446 Y-16.069196 Z3.215686 F1000
G01 X57.419643 Y-16.069196 Z3.372549 F1000
G01 X57.363839 Y-16.069196 Z3.490196 F1000
G01 X57.308036 Y-16.069196 Z3.568627 F1000
G01 X57.252232 Y-16.069196 Z5.058824 F1000
G01 X57.196429 Y-16.069196 Z9.843137 F1000
G01 X57.140625 Y-16.069196 Z10 F1000
G01 X42.910714 Y-16.069196 Z10 F1000
G01 X42.854911 Y-16.069196 Z9.843137 F1000
G01 X42.799107 Y-16.069196 Z2.862745 F1000
G01 X42.743304 Y-16.069196 Z0.392157 F1000
G01 X42.6875 Y-16.069196 Z0.352941 F1000
G01 X42.631696 Y-16.069196 Z0.196078 F1000
G01 X42.464286 Y-16.069196 Z0.196078 F1000
G01 X42.408482 Y-16.069196 Z0.156863 F1000
G01 X42.296875 Y-16.069196 Z0.156863 F1000
G01 X42.241071 Y-16.069196 Z0.352941 F1000
G01 X42.185268 Y-16.069196 Z0.470588 F1000
G01 X42.129464 Y-16.069196 Z2.901961 F1000
G01 X42.073661 Y-16.069196 Z10 F1000
G01 X0.444196 Y-16.069196 Z10 F1000
G01 X0.444196 Y-16.125 Z10 F1000
G01 X0.444196 Y-16.180804 Z10 F1000
G01 X0.444196 Y-16.236607 Z10 F1000
G01 X0.444196 Y-16.292411 Z10 F1000
G01 X0.444196 Y-16.348214 Z10 F1000
G01 X0.444196 Y-16.404018 Z10 F1000
G01 X0.444196 Y-16.459821 Z10 F1000
G01 X0.444196 Y-16.515625 Z10 F1000
G01 X0.444196 Y-16.571429 Z10 F1000
G01 X41.850446 Y-16.571429 Z10 F1000
G01 X41.90625 Y-16.571429 Z3.333333 F1000
G01 X41.962054 Y-16.571429 Z0.352941 F1000
G01 X42.241071 Y-16.571429 Z0.352941 F1000
G01 X42.296875 Y-16.571429 Z0.235294 F1000
G01 X42.352679 Y-16.571429 Z0.235294 F1000
G01 X42.408482 Y-16.571429 Z0.54902 F1000
G01 X42.464286 Y-16.571429 Z0.54902 F1000
G01 X42.520089 Y-16.571429 Z0.784314 F1000
G01 X42.575893 Y-16.571429 Z2.235294 F1000
G01 X42.631696 Y-16.571429 Z9.372549 F1000
G01 X42.6875 Y-16.571429 Z9.960784 F1000
G01 X42.743304 Y-16.571429 Z10 F1000
G01 X57.363839 Y-16.571429 Z10 F1000
G01 X57.419643 Y-16.571429 Z9.607843 F1000
G01 X57.475446 Y-16.571429 Z4.431373 F1000
G01 X57.53125 Y-16.571429 Z3.372549 F1000
G01 X57.642857 Y-16.571429 Z3.372549 F1000
G01 X57.698661 Y-16.571429 Z3.215686 F1000
G01 X57.810268 Y-16.571429 Z3.215686 F1000
G01 X57.866071 Y-16.571429 Z3.176471 F1000
G01 X57.921875 Y-16.571429 Z3.254902 F1000
G01 X57.977679 Y-16.571429 Z3.647059 F1000
G01 X58.033482 Y-16.571429 Z3.647059 F1000
G01 X58.089286 Y-16.571429 Z3.764706 F1000
G01 X58.145089 Y-16.571429 Z6.313725 F1000
G01 X58.200893 Y-16.571429 Z9.72549 F1000
G01 X58.256696 Y-16.571429 Z10 F1000
G01 X99.551339 Y-16.571429 Z10 F1000
G01 X99.551339 Y-16.627232 Z10 F1000
G01 X99.551339 Y-16.683036 Z10 F1000
G01 X99.551339 Y-16.738839 Z10 F1000
G01 X99.551339 Y-16.794643 Z10 F1000
G01 X99.551339 Y-16.850446 Z10 F1000
G01 X99.551339 Y-16.90625 Z10 F1000
G01 X99.551339 Y-16.962054 Z10 F1000
G01 X99.551339 Y-17.017857 Z10 F1000
G01 X99.551339 Y-17.073661 Z10 F1000
G01 X58.424107 Y-17.073661 Z10 F1000
G01 X58.368304 Y-17.073661 Z7.176471 F1000
G01 X58.3125 Y-17.073661 Z3.490196 F1000
G01 X58.256696 Y-17.073661 Z3.254902 F1000
G01 X58.200893 Y-17.073661 Z3.254902 F1000
G01 X58.145089 Y-17.073661 Z3.176471 F1000
G01 X58.033482 Y-17.073661 Z3.176471 F1000
G01 X57.977679 Y-17.073661 Z3.137255 F1000
G01 X57.921875 Y-17.073661 Z3.176471 F1000
G01 X57.866071 Y-17.073661 Z3.45098 F1000
G01 X57.810268 Y-17.073661 Z3.45098 F1000
G01 X57.754464 Y-17.073661 Z3.647059 F1000
G01 X57.698661 Y-17.073661 Z3.647059 F1000
G01 X57.642857 Y-17.073661 Z9.568627 F1000
G01 X57.587054 Y-17.073661 Z10 F1000
G01 X42.520089 Y-17.073661 Z10 F1000
G01 X42.464286 Y-17.073661 Z9.686275 F1000
G01 X42.408482 Y-17.073661 Z9.686275 F1000
G01 X42.352679 Y-17.073661 Z1.411765 F1000
G01 X42.296875 Y-17.073661 Z0.627451 F1000
G01 X42.241071 Y-17.073661 Z0.509804 F1000
G01 X42.185268 Y-17.073661 Z0.27451 F1000
G01 X42.073661 Y-17.073661 Z0.27451 F1000
G01 X42.017857 Y-17.073661 Z0.196078 F1000
G01 X41.962054 Y-17.073661 Z0.156863 F1000
G01 X41.90625 Y-17.073661 Z0.156863 F1000
G01 X41.850446 Y-17.073661 Z0.196078 F1000
G01 X41.794643 Y-17.073661 Z0.431373 F1000
G01 X41.738839 Y-17.073661 Z0.784314 F1000
G01 X41.683036 Y-17.073661 Z5.411765 F1000
G01 X41.627232 Y-17.073661 Z9.960784 F1000
G01 X41.515625 Y-17.073661 Z9.960784 F1000
G01 X41.459821 Y-17.073661 Z10 F1000
G01 X0.444196 Y-17.073661 Z10 F1000
G01 X0.444196 Y-17.129464 Z10 F1000
G01 X0.444196 Y-17.185268 Z10 F1000
G01 X0.444196 Y-17.241071 Z10 F1000
G01 X0.444196 Y-17.296875 Z10 F1000
G01 X0.444196 Y-17.352679 Z10 F1000
G01 X0.444196 Y-17.408482 Z10 F1000
G01 X0.444196 Y-17.464286 Z10 F1000
G01 X0.444196 Y-17.520089 Z10 F1000
G01 X0.444196 Y-17.575893 Z10 F1000
G01 X41.348214 Y-17.575893 Z10 F1000
G01 X41.404018 Y-17.575893 Z9.921569 F1000
G01 X41.459821 Y-17.575893 Z7.607843 F1000
G01 X41.515625 Y-17.575893 Z0.705882 F1000
G01 X41.683036 Y-17.575893 Z0.705882 F1000
G01 X41.738839 Y-17.575893 Z0.627451 F1000
G01 X41.794643 Y-17.575893 Z0.27451 F1000
G01 X41.850446 Y-17.575893 Z0.588235 F1000
G01 X41.90625 Y-17.575893 Z0.745098 F1000
G01 X42.129464 Y-17.575893 Z0.745098 F1000
G01 X42.185268 Y-17.575893 Z8.117647 F1000
G01 X42.241071 Y-17.575893 Z10 F1000
G01 X57.810268 Y-17.575893 Z10 F1000
G01 X57.866071 Y-17.575893 Z9.137255 F1000
G01 X57.921875 Y-17.575893 Z3.176471 F1000
G01 X57.977679 Y-17.575893 Z3.176471 F1000
G01 X58.033482 Y-17.575893 Z3.137255 F1000
G01 X58.089286 Y-17.575893 Z3.098039 F1000
G01 X58.256696 Y-17.575893 Z3.098039 F1000
G01 X58.3125 Y-17.575893 Z3.294118 F1000
G01 X58.368304 Y-17.575893 Z3.45098 F1000
G01 X58.424107 Y-17.575893 Z3.45098 F1000
G01 X58.479911 Y-17.575893 Z3.607843 F1000
G01 X58.535714 Y-17.575893 Z3.607843 F1000
G01 X58.591518 Y-17.575893 Z8.27451 F1000
G01 X58.647321 Y-17.575893 Z9.960784 F1000
G01 X58.703125 Y-17.575893 Z10 F1000
G01 X99.551339 Y-17.575893 Z10 F1000
G01 X99.551339 Y-17.631696 Z10 F1000
G01 X99.551339 Y-17.6875 Z10 F1000
G01 X99.551339 Y-17.743304 Z10 F1000
G01 X99.551339 Y-17.799107 Z10 F1000
G01 X99.551339 Y-17.854911 Z10 F1000
G01 X99.551339 Y-17.910714 Z10 F1000
G01 X99.551339 Y-17.966518 Z10 F1000
G01 X99.551339 Y-18.022321 Z10 F1000
G01 X99.551339 Y-18.078125 Z10 F1000
G01 X58.870536 Y-18.078125 Z10 F1000
G01 X58.814732 Y-18.078125 Z8.901961 F1000
G01 X58.758929 Y-18.078125 Z3.568627 F1000
G01 X58.703125 Y-18.078125 Z3.372549 F1000
G01 X58.424107 Y-18.078125 Z3.372549 F1000
G01 X58.368304 Y-18.078125 Z3.137255 F1000
G01 X58.3125 Y-18.078125 Z3.137255 F1000
G01 X58.256696 Y-18.078125 Z3.254902 F1000
G01 X58.200893 Y-18.078125 Z3.294118 F1000
G01 X58.145089 Y-18.078125 Z3.411765 F1000
G01 X58.089286 Y-18.078125 Z7.254902 F1000
G01 X58.033482 Y-18.078125 Z10 F1000
G01 X42.073661 Y-18.078125 Z10 F1000
G01 X42.017857 Y-18.078125 Z9.921569 F1000
G01 X41.962054 Y-18.078125 Z7.45098 F1000
G01 X41.90625 Y-18.078125 Z0.745098 F1000
G01 X41.850446 Y-18.078125 Z0.588235 F1000
G01 X41.794643 Y-18.078125 Z0.352941 F1000
G01 X41.738839 Y-18.078125 Z0.27451 F1000
G01 X41.683036 Y-18.078125 Z0.392157 F1000
G01 X41.515625 Y-18.078125 Z0.392157 F1000
G01 X41.459821 Y-18.078125 Z0.431373 F1000
G01 X41.404018 Y-18.078125 Z0.431373 F1000
G01 X41.348214 Y-18.078125 Z0.509804 F1000
G01 X41.292411 Y-18.078125 Z0.823529 F1000
G01 X41.236607 Y-18.078125 Z8.941176 F1000
G01 X41.180804 Y-18.078125 Z10 F1000
G01 X0.444196 Y-18.078125 Z10 F1000
G01 X0.444196 Y-18.133929 Z10 F1000
G01 X0.444196 Y-18.189732 Z10 F1000
G01 X0.444196 Y-18.245536 Z10 F1000
G01 X0.444196 Y-18.301339 Z10 F1000
G01 X0.444196 Y-18.357143 Z10 F1000
G01 X0.444196 Y-18.412946 Z10 F1000
G01 X0.444196 Y-18.46875 Z10 F1000
G01 X0.444196 Y-18.524554 Z10 F1000
G01 X0.444196 Y-18.580357 Z10 F1000
G01 X40.957589 Y-18.580357 Z10 F1000
G01 X41.013393 Y-18.580357 Z9.72549 F1000
G01 X41.069196 Y-18.580357 Z0.823529 F1000
G01 X41.125 Y-18.580357 Z0.784314 F1000
G01 X41.180804 Y-18.580357 Z0.784314 F1000
G01 X41.236607 Y-18.580357 Z0.54902 F1000
G01 X41.292411 Y-18.580357 Z0.54902 F1000
G01 X41.348214 Y-18.580357 Z0.352941 F1000
G01 X41.404018 Y-18.580357 Z0.196078 F1000
G01 X41.459821 Y-18.580357 Z0.196078 F1000
G01 X41.515625 Y-18.580357 Z0.392157 F1000
G01 X41.571429 Y-18.580357 Z0.392157 F1000
G01 X41.627232 Y-18.580357 Z0.862745 F1000
G01 X41.683036 Y-18.580357 Z0.862745 F1000
G01 X41.738839 Y-18.580357 Z5.529412 F1000
G01 X41.794643 Y-18.580357 Z9.960784 F1000
G01 X41.850446 Y-18.580357 Z10 F1000
G01 X58.256696 Y-18.580357 Z10 F1000
G01 X58.3125 Y-18.580357 Z5.411765 F1000
G01 X58.368304 Y-18.580357 Z3.215686 F1000
G01 X58.591518 Y-18.580357 Z3.215686 F1000
G01 X58.647321 Y-18.580357 Z3.254902 F1000
G01 X58.758929 Y-18.580357 Z3.254902 F1000
G01 X58.814732 Y-18.580357 Z3.333333 F1000
G01 X58.870536 Y-18.580357 Z3.647059 F1000
G01 X58.982143 Y-18.580357 Z3.647059 F1000
G01 X59.037946 Y-18.580357 Z10 F1000
G01 X99.551339 Y-18.580357 Z10 F1000
G01 X99.551339 Y-18.636161 Z10 F1000
G01 X99.551339 Y-18.691964 Z10 F1000
G01 X99.551339 Y-18.747768 Z10 F1000
G01 X99.551339 Y-18.803571 Z10 F1000
G01 X99.551339 Y-18.859375 Z10 F1000
G01 X99.551339 Y-18.915179 Z10 F1000
G01 X99.551339 Y-18.970982 Z10 F1000
G01 X99.551339 Y-19.026786 Z10 F1000
G01 X99.551339 Y-19.082589 Z10 F1000
G01 X59.261161 Y-19.082589 Z10 F1000
G01 X59.205357 Y-19.082589 Z3.921569 F1000
G01 X59.149554 Y-19.082589 Z3.411765 F1000
G01 X58.870536 Y-19.082589 Z3.411765 F1000
G01 X58.814732 Y-19.082589 Z3.254902 F1000
G01 X58.647321 Y-19.082589 Z3.254902 F1000
G01 X58.591518 Y-19.082589 Z3.215686 F1000
G01 X58.535714 Y-19.082589 Z3.607843 F1000
G01 X58.479911 Y-19.082589 Z10 F1000
G01 X41.683036 Y-19.082589 Z10 F1000
G01 X41.627232 Y-19.082589 Z9.960784 F1000
G01 X41.571429 Y-19.082589 Z9.921569 F1000
G01 X41.515625 Y-19.082589 Z4.117647 F1000
G01 X41.459821 Y-19.082589 Z0.705882 F1000
G01 X41.404018 Y-19.082589 Z0.392157 F1000
G01 X41.348214 Y-19.082589 Z0.392157 F1000
G01 X41.292411 Y-19.082589 Z0.156863 F1000
G01 X41.069196 Y-19.082589 Z0.156863 F1000
G01 X41.013393 Y-19.082589 Z0.196078 F1000
G01 X40.957589 Y-19.082589 Z0.196078 F1000
G01 X40.901786 Y-19.082589 Z0.313725 F1000
G01 X40.845982 Y-19.082589 Z1.803922 F1000
G01 X40.790179 Y-19.082589 Z9.921569 F1000
G01 X40.734375 Y-19.082589 Z9.921569 F1000
G01 X40.678571 Y-19.082589 Z10 F1000
G01 X0.444196 Y-19.082589 Z10 F1000
G01 X0.444196 Y-19.138393 Z10 F1000
G01 X0.444196 Y-19.194196 Z10 F1000
G01 X0.444196 Y-19.25 Z10 F1000
G01 X0.444196 Y-19.305804 Z10 F1000
G01 X0.444196 Y-19.361607 Z10 F1000
G01 X0.444196 Y-19.417411 Z10 F1000
G01 X0.444196 Y-19.473214 Z10 F1000
G01 X0.444196 Y-19.529018 Z10 F1000
G01 X0.444196 Y-19.584821 Z10 F1000
G01 X40.511161 Y-19.584821 Z10 F1000
G01 X40.566964 Y-19.584821 Z9.607843 F1000
G01 X40.622768 Y-19.584821 Z3.137255 F1000
G01 X40.678571 Y-19.584821 Z0.431373 F1000
G01 X40.734375 Y-19.584821 Z0.313725 F1000
G01 X40.845982 Y-19.584821 Z0.313725 F1000
G01 X40.901786 Y-19.584821 Z0.235294 F1000
G01 X40.957589 Y-19.584821 Z0.627451 F1000
G01 X41.236607 Y-19.584821 Z0.627451 F1000
G01 X41.292411 Y-19.584821 Z2.941176 F1000
G01 X41.348214 Y-19.584821 Z10 F1000
G01 X58.647321 Y-19.584821 Z10 F1000
G01 X58.703125 Y-19.584821 Z9.72549 F1000
G01 X58.758929 Y-19.584821 Z2.980392 F1000
G01 X58.814732 Y-19.584821 Z0.509804 F1000
G01 X58.870536 Y-19.584821 Z0.705882 F1000
G01 X58.926339 Y-19.584821 Z1.333333 F1000
G01 X58.982143 Y-19.584821 Z1.843137 F1000
G01 X59.037946 Y-19.584821 Z2.352941 F1000
G01 X59.09375 Y-19.584821 Z2.980392 F1000
G01 X59.149554 Y-19.584821 Z3.215686 F1000
G01 X59.316964 Y-19.584821 Z3.215686 F1000
G01 X59.372768 Y-19.584821 Z3.372549 F1000
G01 X59.428571 Y-19.584821 Z3.568627 F1000
G01 X59.484375 Y-19.584821 Z9.843137 F1000
G01 X59.540179 Y-19.584821 Z10 F1000
G01 X99.551339 Y-19.584821 Z10 F1000
G01 X99.551339 Y-19.640625 Z10 F1000
G01 X99.551339 Y-19.696429 Z10 F1000
G01 X99.551339 Y-19.752232 Z10 F1000
G01 X99.551339 Y-19.808036 Z10 F1000
G01 X99.551339 Y-19.863839 Z10 F1000
G01 X99.551339 Y-19.919643 Z10 F1000
G01 X99.551339 Y-19.975446 Z10 F1000
G01 X99.551339 Y-20.03125 Z10 F1000
G01 X99.551339 Y-20.087054 Z10 F1000
G01 X59.819196 Y-20.087054 Z10 F1000
G01 X59.763393 Y-20.087054 Z9.960784 F1000
G01 X59.707589 Y-20.087054 Z9.960784 F1000
G01 X59.651786 Y-20.087054 Z4.666667 F1000
G01 X59.595982 Y-20.087054 Z3.568627 F1000
G01 X59.149554 Y-20.087054 Z3.568627 F1000
G01 X59.09375 Y-20.087054 Z3.764706 F1000
G01 X59.037946 Y-20.087054 Z3.764706 F1000
G01 X58.982143 Y-20.087054 Z3.882353 F1000
G01 X58.926339 Y-20.087054 Z9.882353 F1000
G01 X58.870536 Y-20.087054 Z9.882353 F1000
G01 X58.814732 Y-20.087054 Z10 F1000
G01 X41.180804 Y-20.087054 Z10 F1000
G01 X41.125 Y-20.087054 Z9.137255 F1000
G01 X41.069196 Y-20.087054 Z1.803922 F1000
G01 X41.013393 Y-20.087054 Z0.901961 F1000
G01 X40.957589 Y-20.087054 Z0.901961 F1000
G01 X40.901786 Y-20.087054 Z0.627451 F1000
G01 X40.845982 Y-20.087054 Z0.196078 F1000
G01 X40.678571 Y-20.087054 Z0.196078 F1000
G01 X40.622768 Y-20.087054 Z0.117647 F1000
G01 X40.566964 Y-20.087054 Z0.196078 F1000
G01 X40.511161 Y-20.087054 Z0.196078 F1000
G01 X40.455357 Y-20.087054 Z0.588235 F1000
G01 X40.399554 Y-20.087054 Z5.215686 F1000
G01 X40.34375 Y-20.087054 Z9.960784 F1000
G01 X40.287946 Y-20.087054 Z10 F1000
G01 X0.444196 Y-20.087054 Z10 F1000
G01 X0.444196 Y-20.142857 Z10 F1000
G01 X0.444196 Y-20.198661 Z10 F1000
G01 X0.444196 Y-20.254464 Z10 F1000
G01 X0.444196 Y-20.310268 Z10 F1000
G01 X0.444196 Y-20.366071 Z10 F1000
G01 X0.444196 Y-20.421875 Z10 F1000
G01 X0.444196 Y-20.477679 Z10 F1000
G01 X0.444196 Y-20.533482 Z10 F1000
G01 X0.444196 Y-20.589286 Z10 F1000
G01 X40.064732 Y-20.589286 Z10 F1000
G01 X40.120536 Y-20.589286 Z9.882353 F1000
G01 X40.176339 Y-20.589286 Z7.098039 F1000
G01 X40.232143 Y-20.589286 Z0.745098 F1000
G01 X40.34375 Y-20.589286 Z0.745098 F1000
G01 X40.399554 Y-20.589286 Z0.588235 F1000
G01 X40.455357 Y-20.589286 Z0.431373 F1000
G01 X40.511161 Y-20.589286 Z0.470588 F1000
G01 X40.566964 Y-20.589286 Z0.588235 F1000
G01 X40.622768 Y-20.589286 Z0.588235 F1000
G01 X40.678571 Y-20.589286 Z0.745098 F1000
G01 X40.845982 Y-20.589286 Z0.745098 F1000
G01 X40.901786 Y-20.589286 Z8.588235 F1000
G01 X40.957589 Y-20.589286 Z10 F1000
G01 X59.09375 Y-20.589286 Z10 F1000
G01 X59.149554 Y-20.589286 Z8.901961 F1000
G01 X59.205357 Y-20.589286 Z3.686275 F1000
G01 X59.261161 Y-20.589286 Z3.607843 F1000
G01 X59.316964 Y-20.589286 Z3.568627 F1000
G01 X59.651786 Y-20.589286 Z3.568627 F1000
G01 X59.707589 Y-20.589286 Z3.45098 F1000
G01 X59.763393 Y-20.589286 Z3.843137 F1000
G01 X59.819196 Y-20.589286 Z3.843137 F1000
G01 X59.875 Y-20.589286 Z7.647059 F1000
G01 X59.930804 Y-20.589286 Z10 F1000
G01 X99.551339 Y-20.589286 Z10 F1000
G01 X99.551339 Y-20.645089 Z10 F1000
G01 X99.551339 Y-20.700893 Z10 F1000
G01 X99.551339 Y-20.756696 Z10 F1000
G01 X99.551339 Y-20.8125 Z10 F1000
G01 X99.551339 Y-20.868304 Z10 F1000
G01 X99.551339 Y-20.924107 Z10 F1000
G01 X99.551339 Y-20.979911 Z10 F1000
G01 X99.551339 Y-21.035714 Z10 F1000
G01 X99.551339 Y-21.091518 Z10 F1000
G01 X60.154018 Y-21.091518 Z10 F1000
G01 X60.098214 Y-21.091518 Z8.313725 F1000
G01 X60.042411 Y-21.091518 Z3.607843 F1000
G01 X59.819196 Y-21.091518 Z3.607843 F1000
G01 X59.763393 Y-21.091518 Z3.411765 F1000
G01 X59.707589 Y-21.091518 Z3.333333 F1000
G01 X59.428571 Y-21.091518 Z3.333333 F1000
G01 X59.372768 Y-21.091518 Z7.72549 F1000
G01 X59.316964 Y-21.091518 Z10 F1000
G01 X40.734375 Y-21.091518 Z10 F1000
G01 X40.678571 Y-21.091518 Z7.372549 F1000
G01 X40.622768 Y-21.091518 Z0.784314 F1000
G01 X40.566964 Y-21.091518 Z0.588235 F1000
G01 X40.511161 Y-21.091518 Z0.470588 F1000
G01 X40.455357 Y-21.091518 Z0.431373 F1000
G01 X40.399554 Y-21.091518 Z0.431373 F1000
G01 X40.34375 Y-21.091518 Z0.666667 F1000
G01 X40.008929 Y-21.091518 Z0.666667 F1000
G01 X39.953125 Y-21.091518 Z7.803922 F1000
G01 X39.897321 Y-21.091518 Z9.921569 F1000
G01 X39.841518 Y-21.091518 Z10 F1000
G01 X0.444196 Y-21.091518 Z10 F1000
G01 X0.444196 Y-21.147321 Z10 F1000
G01 X0.444196 Y-21.203125 Z10 F1000
G01 X0.444196 Y-21.258929 Z10 F1000
G01 X0.444196 Y-21.314732 Z10 F1000
G01 X0.444196 Y-21.370536 Z10 F1000
G01 X0.444196 Y-21.426339 Z10 F1000
G01 X0.444196 Y-21.482143 Z10 F1000
G01 X0.444196 Y-21.537946 Z10 F1000
G01 X0.444196 Y-21.59375 Z10 F1000
G01 X39.674107 Y-21.59375 Z10 F1000
G01 X39.729911 Y-21.59375 Z8.431373 F1000
G01 X39.785714 Y-21.59375 Z0.941176 F1000
G01 X39.841518 Y-21.59375 Z0.941176 F1000
G01 X39.897321 Y-21.59375 Z0.54902 F1000
G01 X39.953125 Y-21.59375 Z0.54902 F1000
G01 X40.008929 Y-21.59375 Z0.509804 F1000
G01 X40.064732 Y-21.59375 Z0.196078 F1000
G01 X40.120536 Y-21.59375 Z0.117647 F1000
G01 X40.176339 Y-21.59375 Z0.117647 F1000
G01 X40.232143 Y-21.59375 Z0.156863 F1000
G01 X40.399554 Y-21.59375 Z0.156863 F1000
G01 X40.455357 Y-21.59375 Z5.960784 F1000
G01 X40.511161 Y-21.59375 Z9.960784 F1000
G01 X40.566964 Y-21.59375 Z10 F1000
G01 X59.540179 Y-21.59375 Z10 F1000
G01 X59.595982 Y-21.59375 Z5.882353 F1000
G01 X59.651786 Y-21.59375 Z3.647059 F1000
G01 X60.154018 Y-21.59375 Z3.647059 F1000
G01 X60.209821 Y-21.59375 Z3.921569 F1000
G01 X60.265625 Y-21.59375 Z3.921569 F1000
G01 X60.321429 Y-21.59375 Z8.196078 F1000
G01 X60.377232 Y-21.59375 Z9.960784 F1000
G01 X60.433036 Y-21.59375 Z10 F1000
G01 X99.551339 Y-21.59375 Z10 F1000
G01 X99.551339 Y-21.649554 Z10 F1000
G01 X99.551339 Y-21.705357 Z10 F1000
G01 X99.551339 Y-21.761161 Z10 F1000
G01 X99.551339 Y-21.816964 Z10 F1000
G01 X99.551339 Y-21.872768 Z10 F1000
G01 X99.551339 Y-21.928571 Z10 F1000
G01 X99.551339 Y-21.984375 Z10 F1000
G01 X99.551339 Y-22.040179 Z10 F1000
G01 X99.551339 Y-22.095982 Z10 F1000
G01 X60.544643 Y-22.095982 Z10 F1000
G01 X60.488839 Y-22.095982 Z3.529412 F1000
G01 X60.433036 Y-22.095982 Z3.529412 F1000
G01 X60.377232 Y-22.095982 Z3.686275 F1000
G01 X59.875 Y-22.095982 Z3.686275 F1000
G01 X59.819196 Y-22.095982 Z5.294118 F1000
G01 X59.763393 Y-22.095982 Z9.882353 F1000
G01 X59.707589 Y-22.095982 Z10 F1000
G01 X40.287946 Y-22.095982 Z10 F1000
G01 X40.232143 Y-22.095982 Z5.529412 F1000
G01 X40.176339 Y-22.095982 Z0.54902 F1000
G01 X40.120536 Y-22.095982 Z0.509804 F1000
G01 X40.064732 Y-22.095982 Z0.509804 F1000
G01 X40.008929 Y-22.095982 Z0.27451 F1000
G01 X39.953125 Y-22.095982 Z0.54902 F1000
G01 X39.841518 Y-22.095982 Z0.54902 F1000
G01 X39.785714 Y-22.095982 Z0.745098 F1000
G01 X39.618304 Y-22.095982 Z0.745098 F1000
G01 X39.5625 Y-22.095982 Z1.058824 F1000
G01 X39.506696 Y-22.095982 Z9.568627 F1000
G01 X39.450893 Y-22.095982 Z9.921569 F1000
G01 X39.395089 Y-22.095982 Z10 F1000
G01 X0.444196 Y-22.095982 Z10 F1000
G01 X0.444196 Y-22.151786 Z10 F1000
G01 X0.444196 Y-22.207589 Z10 F1000
G01 X0.444196 Y-22.263393 Z10 F1000
G01 X0.444196 Y-22.319196 Z10 F1000
G01 X0.444196 Y-22.375 Z10 F1000
G01 X0.444196 Y-22.430804 Z10 F1000
G01 X0.444196 Y-22.486607 Z10 F1000
G01 X0.444196 Y-22.542411 Z10 F1000
G01 X0.444196 Y-22.598214 Z10 F1000
G01 X39.227679 Y-22.598214 Z10 F1000
G01 X39.283482 Y-22.598214 Z9.490196 F1000
G01 X39.339286 Y-22.598214 Z4.784314 F1000
G01 X39.395089 Y-22.598214 Z3.294118 F1000
G01 X39.450893 Y-22.598214 Z1.647059 F1000
G01 X39.506696 Y-22.598214 Z0.313725 F1000
G01 X39.5625 Y-22.598214 Z0.392157 F1000
G01 X39.785714 Y-22.598214 Z0.392157 F1000
G01 X39.841518 Y-22.598214 Z0.54902 F1000
G01 X39.953125 Y-22.598214 Z0.54902 F1000
G01 X40.008929 Y-22.598214 Z3.960784 F1000
G01 X40.064732 Y-22.598214 Z9.960784 F1000
G01 X40.120536 Y-22.598214 Z9.960784 F1000
G01 X40.176339 Y-22.598214 Z10 F1000
G01 X59.930804 Y-22.598214 Z10 F1000
G01 X59.986607 Y-22.598214 Z9.764706 F1000
G01 X60.042411 Y-22.598214 Z3.686275 F1000
G01 X60.377232 Y-22.598214 Z3.686275 F1000
G01 X60.433036 Y-22.598214 Z3.568627 F1000
G01 X60.712054 Y-22.598214 Z3.568627 F1000
G01 X60.767857 Y-22.598214 Z9.568627 F1000
G01 X60.823661 Y-22.598214 Z10 F1000
G01 X99.551339 Y-22.598214 Z10 F1000
G01 X99.551339 Y-22.654018 Z10 F1000
G01 X99.551339 Y-22.709821 Z10 F1000
G01 X99.551339 Y-22.765625 Z10 F1000
G01 X99.551339 Y-22.821429 Z10 F1000
G01 X99.551339 Y-22.877232 Z10 F1000
G01 X99.551339 Y-22.933036 Z10 F1000
G01 X99.551339 Y-22.988839 Z10 F1000
G01 X99.551339 Y-23.044643 Z10 F1000
G01 X99.551339 Y-23.100446 Z10 F1000
G01 X61.046875 Y-23.100446 Z10 F1000
G01 X60.991071 Y-23.100446 Z9.764706 F1000
G01 X60.935268 Y-23.100446 Z5.764706 F1000
G01 X60.879464 Y-23.100446 Z3.568627 F1000
G01 X60.433036 Y-23.100446 Z3.568627 F1000
G01 X60.377232 Y-23.100446 Z3.607843 F1000
G01 X60.265625 Y-23.100446 Z3.607843 F1000
G01 X60.209821 Y-23.100446 Z9.529412 F1000
G01 X60.154018 Y-23.100446 Z10 F1000
G01 X39.897321 Y-23.100446 Z10 F1000
G01 X39.841518 Y-23.100446 Z9.921569 F1000
G01 X39.785714 Y-23.100446 Z2 F1000
G01 X39.729911 Y-23.100446 Z0.862745 F1000
G01 X39.674107 Y-23.100446 Z0.627451 F1000
G01 X39.618304 Y-23.100446 Z0.627451 F1000
G01 X39.5625 Y-23.100446 Z0.509804 F1000
G01 X39.506696 Y-23.100446 Z0.235294 F1000
G01 X39.450893 Y-23.100446 Z2.745098 F1000
G01 X39.395089 Y-23.100446 Z3.294118 F1000
G01 X39.171875 Y-23.100446 Z3.294118 F1000
G01 X39.116071 Y-23.100446 Z6.196078 F1000
G01 X39.060268 Y-23.100446 Z10 F1000
G01 X0.444196 Y-23.100446 Z10 F1000
G01 X0.444196 Y-23.15625 Z10 F1000
G01 X0.444196 Y-23.212054 Z10 F1000
G01 X0.444196 Y-23.267857 Z10 F1000
G01 X0.444196 Y-23.323661 Z10 F1000
G01 X0.444196 Y-23.379464 Z10 F1000
G01 X0.444196 Y-23.435268 Z10 F1000
G01 X0.444196 Y-23.491071 Z10 F1000
G01 X0.444196 Y-23.546875 Z10 F1000
G01 X0.444196 Y-23.602679 Z10 F1000
G01 X38.725446 Y-23.602679 Z10 F1000
G01 X38.78125 Y-23.602679 Z9.960784 F1000
G01 X38.837054 Y-23.602679 Z9.921569 F1000
G01 X38.892857 Y-23.602679 Z6.980392 F1000
G01 X38.948661 Y-23.602679 Z3.843137 F1000
G01 X39.004464 Y-23.602679 Z3.843137 F1000
G01 X39.060268 Y-23.602679 Z3.490196 F1000
G01 X39.116071 Y-23.602679 Z3.490196 F1000
G01 X39.171875 Y-23.602679 Z3.254902 F1000
G01 X39.227679 Y-23.602679 Z3.254902 F1000
G01 X39.283482 Y-23.602679 Z3.215686 F1000
G01 X39.395089 Y-23.602679 Z3.215686 F1000
G01 X39.450893 Y-23.602679 Z2.941176 F1000
G01 X39.506696 Y-23.602679 Z0.666667 F1000
G01 X39.5625 Y-23.602679 Z1.294118 F1000
G01 X39.618304 Y-23.602679 Z9.254902 F1000
G01 X39.674107 Y-23.602679 Z10 F1000
G01 X60.209821 Y-23.602679 Z10 F1000
G01 X60.265625 Y-23.602679 Z9.960784 F1000
G01 X60.377232 Y-23.602679 Z9.960784 F1000
G01 X60.433036 Y-23.602679 Z9.098039 F1000
G01 X60.488839 Y-23.602679 Z3.490196 F1000
G01 X60.712054 Y-23.602679 Z3.490196 F1000
G01 X60.767857 Y-23.602679 Z2.666667 F1000
G01 X60.823661 Y-23.602679 Z1.921569 F1000
G01 X60.879464 Y-23.602679 Z2.705882 F1000
G01 X60.935268 Y-23.602679 Z3.215686 F1000
G01 X60.991071 Y-23.602679 Z3.215686 F1000
G01 X61.046875 Y-23.602679 Z3.568627 F1000
G01 X61.102679 Y-23.602679 Z3.568627 F1000
G01 X61.158482 Y-23.602679 Z7.215686 F1000
G01 X61.214286 Y-23.602679 Z9.568627 F1000
G01 X61.270089 Y-23.602679 Z9.882353 F1000
G01 X61.325893 Y-23.602679 Z9.960784 F1000
G01 X61.381696 Y-23.602679 Z10 F1000
G01 X99.551339 Y-23.602679 Z10 F1000
G01 X99.551339 Y-23.658482 Z10 F1000
G01 X99.551339 Y-23.714286 Z10 F1000
G01 X99.551339 Y-23.770089 Z10 F1000
G01 X99.551339 Y-23.825893 Z10 F1000
G01 X99.551339 Y-23.881696 Z10 F1000
G01 X99.551339 Y-23.9375 Z10 F1000
G01 X99.551339 Y-23.993304 Z10 F1000
G01 X99.551339 Y-24.049107 Z10 F1000
G01 X99.551339 Y-24.104911 Z10 F1000
G01 X61.4375 Y-24.104911 Z10 F1000
G01 X61.381696 Y-24.104911 Z7.764706 F1000
G01 X61.325893 Y-24.104911 Z3.098039 F1000
G01 X61.270089 Y-24.104911 Z1.803922 F1000
G01 X61.214286 Y-24.104911 Z0.901961 F1000
G01 X61.158482 Y-24.104911 Z0.54902 F1000
G01 X61.102679 Y-24.104911 Z0.509804 F1000
G01 X61.046875 Y-24.104911 Z0.235294 F1000
G01 X60.991071 Y-24.104911 Z0.235294 F1000
G01 X60.935268 Y-24.104911 Z0.313725 F1000
G01 X60.879464 Y-24.104911 Z0.313725 F1000
G01 X60.823661 Y-24.104911 Z0.352941 F1000
G01 X60.767857 Y-24.104911 Z0.392157 F1000
G01 X60.712054 Y-24.104911 Z0.666667 F1000
G01 X60.65625 Y-24.104911 Z7.686275 F1000
G01 X60.600446 Y-24.104911 Z10 F1000
G01 X39.506696 Y-24.104911 Z10 F1000
G01 X39.450893 Y-24.104911 Z9.960784 F1000
G01 X39.395089 Y-24.104911 Z8.509804 F1000
G01 X39.339286 Y-24.104911 Z3.411765 F1000
G01 X38.725446 Y-24.104911 Z3.411765 F1000
G01 X38.669643 Y-24.104911 Z7.647059 F1000
G01 X38.613839 Y-24.104911 Z10 F1000
G01 X0.444196 Y-24.104911 Z10 F1000
G01 X0.444196 Y-24.160714 Z10 F1000
G01 X0.444196 Y-24.216518 Z10 F1000
G01 X0.444196 Y-24.272321 Z10 F1000
G01 X0.444196 Y-24.328125 Z10 F1000
G01 X0.444196 Y-24.383929 Z10 F1000
G01 X0.444196 Y-24.439732 Z10 F1000
G01 X0.444196 Y-24.495536 Z10 F1000
G01 X0.444196 Y-24.551339 Z10 F1000
G01 X0.444196 Y-24.607143 Z10 F1000
G01 X38.390625 Y-24.607143 Z10 F1000
G01 X38.446429 Y-24.607143 Z8.156863 F1000
G01 X38.502232 Y-24.607143 Z3.607843 F1000
G01 X38.558036 Y-24.607143 Z3.529412 F1000
G01 X38.613839 Y-24.607143 Z3.529412 F1000
G01 X38.669643 Y-24.607143 Z3.411765 F1000
G01 X39.116071 Y-24.607143 Z3.411765 F1000
G01 X39.171875 Y-24.607143 Z7.921569 F1000
G01 X39.227679 Y-24.607143 Z10 F1000
G01 X60.823661 Y-24.607143 Z10 F1000
G01 X60.879464 Y-24.607143 Z7.45098 F1000
G01 X60.935268 Y-24.607143 Z0.862745 F1000
G01 X60.991071 Y-24.607143 Z0.392157 F1000
G01 X61.046875 Y-24.607143 Z0.235294 F1000
G01 X61.102679 Y-24.607143 Z0.235294 F1000
G01 X61.158482 Y-24.607143 Z0.196078 F1000
G01 X61.270089 Y-24.607143 Z0.196078 F1000
G01 X61.325893 Y-24.607143 Z0.156863 F1000
G01 X61.381696 Y-24.607143 Z0.156863 F1000
G01 X61.4375 Y-24.607143 Z0.196078 F1000
G01 X61.493304 Y-24.607143 Z0.666667 F1000
G01 X61.549107 Y-24.607143 Z1.882353 F1000
G01 X61.604911 Y-24.607143 Z8.705882 F1000
G01 X61.660714 Y-24.607143 Z10 F1000
G01 X99.551339 Y-24.607143 Z10 F1000
G01 X99.551339 Y-24.662946 Z10 F1000
G01 X99.551339 Y-24.71875 Z10 F1000
G01 X99.551339 Y-24.774554 Z10 F1000
G01 X99.551339 Y-24.830357 Z10 F1000
G01 X99.551339 Y-24.886161 Z10 F1000
G01 X99.551339 Y-24.941964 Z10 F1000
G01 X99.551339 Y-24.997768 Z10 F1000
G01 X99.551339 Y-25.053571 Z10 F1000
G01 X99.551339 Y-25.109375 Z10 F1000
G01 X61.883929 Y-25.109375 Z10 F1000
G01 X61.828125 Y-25.109375 Z8.901961 F1000
G01 X61.772321 Y-25.109375 Z4.078431 F1000
G01 X61.716518 Y-25.109375 Z0.509804 F1000
G01 X61.660714 Y-25.109375 Z0.509804 F1000
G01 X61.604911 Y-25.109375 Z0.352941 F1000
G01 X61.549107 Y-25.109375 Z0.235294 F1000
G01 X61.493304 Y-25.109375 Z0.235294 F1000
G01 X61.4375 Y-25.109375 Z0.431373 F1000
G01 X61.381696 Y-25.109375 Z0.54902 F1000
G01 X61.325893 Y-25.109375 Z0.54902 F1000
G01 X61.270089 Y-25.109375 Z0.588235 F1000
G01 X61.214286 Y-25.109375 Z0.666667 F1000
G01 X61.158482 Y-25.109375 Z0.666667 F1000
G01 X61.102679 Y-25.109375 Z6.196078 F1000
G01 X61.046875 Y-25.109375 Z9.960784 F1000
G01 X60.991071 Y-25.109375 Z10 F1000
G01 X39.004464 Y-25.109375 Z10 F1000
G01 X38.948661 Y-25.109375 Z6.117647 F1000
G01 X38.892857 Y-25.109375 Z3.333333 F1000
G01 X38.669643 Y-25.109375 Z3.333333 F1000
G01 X38.613839 Y-25.109375 Z3.372549 F1000
G01 X38.334821 Y-25.109375 Z3.372549 F1000
G01 X38.279018 Y-25.109375 Z3.568627 F1000
G01 X38.223214 Y-25.109375 Z9.215686 F1000
G01 X38.167411 Y-25.109375 Z10 F1000
G01 X0.444196 Y-25.109375 Z10 F1000
G01 X0.444196 Y-25.165179 Z10 F1000
G01 X0.444196 Y-25.220982 Z10 F1000
G01 X0.444196 Y-25.276786 Z10 F1000
G01 X0.444196 Y-25.332589 Z10 F1000
G01 X0.444196 Y-25.388393 Z10 F1000
G01 X0.444196 Y-25.444196 Z10 F1000
G01 X0.444196 Y-25.5 Z10 F1000
G01 X0.444196 Y-25.555804 Z10 F1000
G01 X0.444196 Y-25.611607 Z10 F1000
G01 X37.944196 Y-25.611607 Z10 F1000
G01 X38 Y-25.611607 Z9.137255 F1000
G01 X38.055804 Y-25.611607 Z4.352941 F1000
G01 X38.111607 Y-25.611607 Z3.607843 F1000
G01 X38.167411 Y-25.611607 Z3.607843 F1000
G01 X38.223214 Y-25.611607 Z3.254902 F1000
G01 X38.279018 Y-25.611607 Z3.254902 F1000
G01 X38.334821 Y-25.611607 Z3.333333 F1000
G01 X38.669643 Y-25.611607 Z3.333333 F1000
G01 X38.725446 Y-25.611607 Z4.666667 F1000
G01 X38.78125 Y-25.611607 Z9.843137 F1000
G01 X38.837054 Y-25.611607 Z9.921569 F1000
G01 X38.892857 Y-25.611607 Z10 F1000
G01 X61.158482 Y-25.611607 Z10 F1000
G01 X61.214286 Y-25.611607 Z9.960784 F1000
G01 X61.270089 Y-25.611607 Z9.960784 F1000
G01 X61.325893 Y-25.611607 Z4.352941 F1000
G01 X61.381696 Y-25.611607 Z1.333333 F1000
G01 X61.4375 Y-25.611607 Z1.215686 F1000
G01 X61.493304 Y-25.611607 Z0.588235 F1000
G01 X61.660714 Y-25.611607 Z0.588235 F1000
G01 X61.716518 Y-25.611607 Z2.980392 F1000
G01 X61.772321 Y-25.611607 Z3.215686 F1000
G01 X61.828125 Y-25.611607 Z3.215686 F1000
G01 X61.883929 Y-25.611607 Z3.529412 F1000
G01 X61.939732 Y-25.611607 Z3.529412 F1000
G01 X61.995536 Y-25.611607 Z4.392157 F1000
G01 X62.051339 Y-25.611607 Z9.215686 F1000
G01 X62.107143 Y-25.611607 Z10 F1000
G01 X99.551339 Y-25.611607 Z10 F1000
G01 X99.551339 Y-25.667411 Z10 F1000
G01 X99.551339 Y-25.723214 Z10 F1000
G01 X99.551339 Y-25.779018 Z10 F1000
G01 X99.551339 Y-25.834821 Z10 F1000
G01 X99.551339 Y-25.890625 Z10 F1000
G01 X99.551339 Y-25.946429 Z10 F1000
G01 X99.551339 Y-26.002232 Z10 F1000
G01 X99.551339 Y-26.058036 Z10 F1000
G01 X99.551339 Y-26.113839 Z10 F1000
G01 X62.330357 Y-26.113839 Z10 F1000
G01 X62.274554 Y-26.113839 Z9.686275 F1000
G01 X62.21875 Y-26.113839 Z5.294118 F1000
G01 X62.162946 Y-26.113839 Z3.647059 F1000
G01 X61.995536 Y-26.113839 Z3.647059 F1000
G01 X61.939732 Y-26.113839 Z3.529412 F1000
G01 X61.883929 Y-26.113839 Z3.529412 F1000
G01 X61.828125 Y-26.113839 Z3.490196 F1000
G01 X61.604911 Y-26.113839 Z3.490196 F1000
G01 X61.549107 Y-26.113839 Z3.686275 F1000
G01 X61.493304 Y-26.113839 Z9.921569 F1000
G01 X61.4375 Y-26.113839 Z10 F1000
G01 X38.613839 Y-26.113839 Z10 F1000
G01 X38.558036 Y-26.113839 Z9.333333 F1000
G01 X38.502232 Y-26.113839 Z3.803922 F1000
G01 X38.446429 Y-26.113839 Z3.45098 F1000
G01 X37.888393 Y-26.113839 Z3.45098 F1000
G01 X37.832589 Y-26.113839 Z5.568627 F1000
G01 X37.776786 Y-26.113839 Z10 F1000
G01 X0.444196 Y-26.113839 Z10 F1000
G01 X0.444196 Y-26.169643 Z10 F1000
G01 X0.444196 Y-26.225446 Z10 F1000
G01 X0.444196 Y-26.28125 Z10 F1000
G01 X0.444196 Y-26.337054 Z10 F1000
G01 X0.444196 Y-26.392857 Z10 F1000
G01 X0.444196 Y-26.448661 Z10 F1000
G01 X0.444196 Y-26.504464 Z10 F1000
G01 X0.444196 Y-26.560268 Z10 F1000
G01 X0.444196 Y-26.616071 Z10 F1000
G01 X37.553571 Y-26.616071 Z10 F1000
G01 X37.609375 Y-26.616071 Z6.078431 F1000
G01 X37.665179 Y-26.616071 Z3.72549 F1000
G01 X37.720982 Y-26.616071 Z3.568627 F1000
G01 X37.776786 Y-26.616071 Z3.333333 F1000
G01 X37.832589 Y-26.616071 Z3.45098 F1000
G01 X38.279018 Y-26.616071 Z3.45098 F1000
G01 X38.334821 Y-26.616071 Z8.980392 F1000
G01 X38.390625 Y-26.616071 Z9.921569 F1000
G01 X38.446429 Y-26.616071 Z10 F1000
G01 X61.604911 Y-26.616071 Z10 F1000
G01 X61.660714 Y-26.616071 Z9.882353 F1000
G01 X61.716518 Y-26.616071 Z9.647059 F1000
G01 X61.772321 Y-26.616071 Z3.490196 F1000
G01 X62.386161 Y-26.616071 Z3.490196 F1000
G01 X62.441964 Y-26.616071 Z5.882353 F1000
G01 X62.497768 Y-26.616071 Z9.882353 F1000
G01 X62.553571 Y-26.616071 Z9.882353 F1000
G01 X62.609375 Y-26.616071 Z10 F1000
G01 X99.551339 Y-26.616071 Z10 F1000
G01 X99.551339 Y-26.671875 Z10 F1000
G01 X99.551339 Y-26.727679 Z10 F1000
G01 X99.551339 Y-26.783482 Z10 F1000
G01 X99.551339 Y-26.839286 Z10 F1000
G01 X99.551339 Y-26.895089 Z10 F1000
G01 X99.551339 Y-26.950893 Z10 F1000
G01 X99.551339 Y-27.006696 Z10 F1000
G01 X99.551339 Y-27.0625 Z10 F1000
G01 X99.551339 Y-27.118304 Z10 F1000
G01 X62.720982 Y-27.118304 Z10 F1000
G01 X62.665179 Y-27.118304 Z7.215686 F1000
G01 X62.609375 Y-27.118304 Z3.607843 F1000
G01 X62.497768 Y-27.118304 Z3.607843 F1000
G01 X62.441964 Y-27.118304 Z3.254902 F1000
G01 X62.330357 Y-27.118304 Z3.254902 F1000
G01 X62.274554 Y-27.118304 Z3.647059 F1000
G01 X62.051339 Y-27.118304 Z3.647059 F1000
G01 X61.995536 Y-27.118304 Z4.235294 F1000
G01 X61.939732 Y-27.118304 Z9.294118 F1000
G01 X61.883929 Y-27.118304 Z10 F1000
G01 X38.223214 Y-27.118304 Z10 F1000
G01 X38.167411 Y-27.118304 Z9.960784 F1000
G01 X38.111607 Y-27.118304 Z8.823529 F1000
G01 X38.055804 Y-27.118304 Z3.45098 F1000
G01 X37.832589 Y-27.118304 Z3.45098 F1000
G01 X37.776786 Y-27.118304 Z3.411765 F1000
G01 X37.553571 Y-27.118304 Z3.411765 F1000
G01 X37.497768 Y-27.118304 Z3.45098 F1000
G01 X37.441964 Y-27.118304 Z3.45098 F1000
G01 X37.386161 Y-27.118304 Z7.176471 F1000
G01 X37.330357 Y-27.118304 Z10 F1000
G01 X0.444196 Y-27.118304 Z10 F1000
G01 X0.444196 Y-27.174107 Z10 F1000
G01 X0.444196 Y-27.229911 Z10 F1000
G01 X0.444196 Y-27.285714 Z10 F1000
G01 X0.444196 Y-27.341518 Z10 F1000
G01 X0.444196 Y-27.397321 Z10 F1000
G01 X0.444196 Y-27.453125 Z10 F1000
G01 X0.444196 Y-27.508929 Z10 F1000
G01 X0.444196 Y-27.564732 Z10 F1000
G01 X0.444196 Y-27.620536 Z10 F1000
G01 X37.107143 Y-27.620536 Z10 F1000
G01 X37.162946 Y-27.620536 Z8.117647 F1000
G01 X37.21875 Y-27.620536 Z3.72549 F1000
G01 X37.274554 Y-27.620536 Z3.72549 F1000
G01 X37.330357 Y-27.620536 Z3.490196 F1000
G01 X37.832589 Y-27.620536 Z3.490196 F1000
G01 X37.888393 Y-27.620536 Z8.823529 F1000
G01 X37.944196 Y-27.620536 Z9.882353 F1000
G01 X38 Y-27.620536 Z9.921569 F1000
G01 X38.055804 Y-27.620536 Z10 F1000
G01 X62.051339 Y-27.620536 Z10 F1000
G01 X62.107143 Y-27.620536 Z9.921569 F1000
G01 X62.162946 Y-27.620536 Z8.54902 F1000
G01 X62.21875 Y-27.620536 Z3.647059 F1000
G01 X62.274554 Y-27.620536 Z3.647059 F1000
G01 X62.330357 Y-27.620536 Z3.45098 F1000
G01 X62.386161 Y-27.620536 Z3.137255 F1000
G01 X62.720982 Y-27.620536 Z3.137255 F1000
G01 X62.776786 Y-27.620536 Z3.372549 F1000
G01 X62.832589 Y-27.620536 Z3.529412 F1000
G01 X62.888393 Y-27.620536 Z7.490196 F1000
G01 X62.944196 Y-27.620536 Z9.921569 F1000
G01 X63 Y-27.620536 Z10 F1000
G01 X99.551339 Y-27.620536 Z10 F1000
G01 X99.551339 Y-27.676339 Z10 F1000
G01 X99.551339 Y-27.732143 Z10 F1000
G01 X99.551339 Y-27.787946 Z10 F1000
G01 X99.551339 Y-27.84375 Z10 F1000
G01 X99.551339 Y-27.899554 Z10 F1000
G01 X99.551339 Y-27.955357 Z10 F1000
G01 X99.551339 Y-28.011161 Z10 F1000
G01 X99.551339 Y-28.066964 Z10 F1000
G01 X99.551339 Y-28.122768 Z10 F1000
G01 X63.167411 Y-28.122768 Z10 F1000
G01 X63.111607 Y-28.122768 Z8.431373 F1000
G01 X63.055804 Y-28.122768 Z3.72549 F1000
G01 X62.944196 Y-28.122768 Z3.72549 F1000
G01 X62.888393 Y-28.122768 Z3.411765 F1000
G01 X62.832589 Y-28.122768 Z3.372549 F1000
G01 X62.776786 Y-28.122768 Z3.254902 F1000
G01 X62.720982 Y-28.122768 Z3.333333 F1000
G01 X62.665179 Y-28.122768 Z3.333333 F1000
G01 X62.609375 Y-28.122768 Z3.490196 F1000
G01 X62.441964 Y-28.122768 Z3.490196 F1000
G01 X62.386161 Y-28.122768 Z8 F1000
G01 X62.330357 Y-28.122768 Z9.803922 F1000
G01 X62.274554 Y-28.122768 Z10 F1000
G01 X37.720982 Y-28.122768 Z10 F1000
G01 X37.665179 Y-28.122768 Z7.333333 F1000
G01 X37.609375 Y-28.122768 Z3.529412 F1000
G01 X37.330357 Y-28.122768 Z3.529412 F1000
G01 X37.274554 Y-28.122768 Z3.72549 F1000
G01 X36.995536 Y-28.122768 Z3.72549 F1000
G01 X36.939732 Y-28.122768 Z8.588235 F1000
G01 X36.883929 Y-28.122768 Z9.960784 F1000
G01 X36.828125 Y-28.122768 Z10 F1000
G01 X0.444196 Y-28.122768 Z10 F1000
G01 X0.444196 Y-28.178571 Z10 F1000
G01 X0.444196 Y-28.234375 Z10 F1000
G01 X0.444196 Y-28.290179 Z10 F1000
G01 X0.444196 Y-28.345982 Z10 F1000
G01 X0.444196 Y-28.401786 Z10 F1000
G01 X0.444196 Y-28.457589 Z10 F1000
G01 X0.444196 Y-28.513393 Z10 F1000
G01 X0.444196 Y-28.569196 Z10 F1000
G01 X0.444196 Y-28.625 Z10 F1000
G01 X36.660714 Y-28.625 Z10 F1000
G01 X36.716518 Y-28.625 Z9.294118 F1000
G01 X36.772321 Y-28.625 Z3.960784 F1000
G01 X36.828125 Y-28.625 Z3.607843 F1000
G01 X36.883929 Y-28.625 Z3.490196 F1000
G01 X36.939732 Y-28.625 Z3.529412 F1000
G01 X37.386161 Y-28.625 Z3.529412 F1000
G01 X37.441964 Y-28.625 Z6.509804 F1000
G01 X37.497768 Y-28.625 Z9.490196 F1000
G01 X37.553571 Y-28.625 Z10 F1000
G01 X62.386161 Y-28.625 Z10 F1000
G01 X62.441964 Y-28.625 Z9.960784 F1000
G01 X62.497768 Y-28.625 Z9.960784 F1000
G01 X62.553571 Y-28.625 Z9.686275 F1000
G01 X62.609375 Y-28.625 Z7.568627 F1000
G01 X62.665179 Y-28.625 Z3.607843 F1000
G01 X62.720982 Y-28.625 Z3.411765 F1000
G01 X62.776786 Y-28.625 Z3.294118 F1000
G01 X62.832589 Y-28.625 Z3.137255 F1000
G01 X62.888393 Y-28.625 Z3.137255 F1000
G01 X62.944196 Y-28.625 Z3.098039 F1000
G01 X63 Y-28.625 Z3.137255 F1000
G01 X63.111607 Y-28.625 Z3.137255 F1000
G01 X63.167411 Y-28.625 Z3.176471 F1000
G01 X63.223214 Y-28.625 Z3.294118 F1000
G01 X63.279018 Y-28.625 Z3.960784 F1000
G01 X63.334821 Y-28.625 Z8.862745 F1000
G01 X63.390625 Y-28.625 Z10 F1000
G01 X99.551339 Y-28.625 Z10 F1000
G01 X99.551339 Y-28.680804 Z10 F1000
G01 X99.551339 Y-28.736607 Z10 F1000
G01 X99.551339 Y-28.792411 Z10 F1000
G01 X99.551339 Y-28.848214 Z10 F1000
G01 X99.551339 Y-28.904018 Z10 F1000
G01 X99.551339 Y-28.959821 Z10 F1000
G01 X99.551339 Y-29.015625 Z10 F1000
G01 X99.551339 Y-29.071429 Z10 F1000
G01 X99.551339 Y-29.127232 Z10 F1000
G01 X63.613839 Y-29.127232 Z10 F1000
G01 X63.558036 Y-29.127232 Z9.803922 F1000
G01 X63.502232 Y-29.127232 Z4.117647 F1000
G01 X63.446429 Y-29.127232 Z3.529412 F1000
G01 X63.334821 Y-29.127232 Z3.529412 F1000
G01 X63.279018 Y-29.127232 Z3.294118 F1000
G01 X63.111607 Y-29.127232 Z3.294118 F1000
G01 X63.055804 Y-29.127232 Z3.372549 F1000
G01 X62.944196 Y-29.127232 Z3.372549 F1000
G01 X62.888393 Y-29.127232 Z3.529412 F1000
G01 X62.832589 Y-29.127232 Z5.960784 F1000
G01 X62.776786 Y-29.127232 Z10 F1000
G01 X37.330357 Y-29.127232 Z10 F1000
G01 X37.274554 Y-29.127232 Z9.960784 F1000
G01 X37.21875 Y-29.127232 Z4.196078 F1000
G01 X37.162946 Y-29.127232 Z3.45098 F1000
G01 X37.107143 Y-29.127232 Z3.647059 F1000
G01 X36.660714 Y-29.127232 Z3.647059 F1000
G01 X36.604911 Y-29.127232 Z3.686275 F1000
G01 X36.549107 Y-29.127232 Z4.27451 F1000
G01 X36.493304 Y-29.127232 Z9.803922 F1000
G01 X36.4375 Y-29.127232 Z10 F1000
G01 X0.444196 Y-29.127232 Z10 F1000
G01 X0.444196 Y-29.183036 Z10 F1000
G01 X0.444196 Y-29.238839 Z10 F1000
G01 X0.444196 Y-29.294643 Z10 F1000
G01 X0.444196 Y-29.350446 Z10 F1000
G01 X0.444196 Y-29.40625 Z10 F1000
G01 X0.444196 Y-29.462054 Z10 F1000
G01 X0.444196 Y-29.517857 Z10 F1000
G01 X0.444196 Y-29.573661 Z10 F1000
G01 X0.444196 Y-29.629464 Z10 F1000
G01 X36.214286 Y-29.629464 Z10 F1000
G01 X36.270089 Y-29.629464 Z9.72549 F1000
G01 X36.325893 Y-29.629464 Z5.607843 F1000
G01 X36.381696 Y-29.629464 Z3.803922 F1000
G01 X36.4375 Y-29.629464 Z3.647059 F1000
G01 X36.995536 Y-29.629464 Z3.647059 F1000
G01 X37.051339 Y-29.629464 Z9.960784 F1000
G01 X37.107143 Y-29.629464 Z10 F1000
G01 X63 Y-29.629464 Z10 F1000
G01 X63.055804 Y-29.629464 Z4.588235 F1000
G01 X63.111607 Y-29.629464 Z3.568627 F1000
G01 X63.223214 Y-29.629464 Z3.568627 F1000
G01 X63.279018 Y-29.629464 Z3.137255 F1000
G01 X63.334821 Y-29.629464 Z3.137255 F1000
G01 X63.390625 Y-29.629464 Z3.176471 F1000
G01 X63.613839 Y-29.629464 Z3.176471 F1000
G01 X63.669643 Y-29.629464 Z3.372549 F1000
G01 X63.725446 Y-29.629464 Z5.45098 F1000
G01 X63.78125 Y-29.629464 Z9.882353 F1000
G01 X63.837054 Y-29.629464 Z9.960784 F1000
G01 X63.892857 Y-29.629464 Z10 F1000
G01 X99.551339 Y-29.629464 Z10 F1000
G01 X99.551339 Y-29.685268 Z10 F1000
G01 X99.551339 Y-29.741071 Z10 F1000
G01 X99.551339 Y-29.796875 Z10 F1000
G01 X99.551339 Y-29.852679 Z10 F1000
G01 X99.551339 Y-29.908482 Z10 F1000
G01 X99.551339 Y-29.964286 Z10 F1000
G01 X99.551339 Y-30.020089 Z10 F1000
G01 X99.551339 Y-30.075893 Z10 F1000
G01 X99.551339 Y-30.131696 Z10 F1000
G01 X64.060268 Y-30.131696 Z10 F1000
G01 X64.004464 Y-30.131696 Z9.568627 F1000
G01 X63.948661 Y-30.131696 Z6.745098 F1000
G01 X63.892857 Y-30.131696 Z3.607843 F1000
G01 X63.725446 Y-30.131696 Z3.607843 F1000
G01 X63.669643 Y-30.131696 Z3.254902 F1000
G01 X63.613839 Y-30.131696 Z3.45098 F1000
G01 X63.558036 Y-30.131696 Z3.45098 F1000
G01 X63.502232 Y-30.131696 Z3.803922 F1000
G01 X63.334821 Y-30.131696 Z3.803922 F1000
G01 X63.279018 Y-30.131696 Z5.843137 F1000
G01 X63.223214 Y-30.131696 Z9.921569 F1000
G01 X63.167411 Y-30.131696 Z10 F1000
G01 X36.828125 Y-30.131696 Z10 F1000
G01 X36.772321 Y-30.131696 Z3.764706 F1000
G01 X36.716518 Y-30.131696 Z3.411765 F1000
G01 X36.660714 Y-30.131696 Z3.568627 F1000
G01 X36.158482 Y-30.131696 Z3.568627 F1000
G01 X36.102679 Y-30.131696 Z6.117647 F1000
G01 X36.046875 Y-30.131696 Z9.843137 F1000
G01 X35.991071 Y-30.131696 Z10 F1000
G01 X0.444196 Y-30.131696 Z10 F1000
G01 X0.444196 Y-30.1875 Z10 F1000
G01 X0.444196 Y-30.243304 Z10 F1000
G01 X0.444196 Y-30.299107 Z10 F1000
G01 X0.444196 Y-30.354911 Z10 F1000
G01 X0.444196 Y-30.410714 Z10 F1000
G01 X0.444196 Y-30.466518 Z10 F1000
G01 X0.444196 Y-30.522321 Z10 F1000
G01 X0.444196 Y-30.578125 Z10 F1000
G01 X0.444196 Y-30.633929 Z10 F1000
G01 X35.600446 Y-30.633929 Z10 F1000
G01 X35.65625 Y-30.633929 Z9.960784 F1000
G01 X35.712054 Y-30.633929 Z9.960784 F1000
G01 X35.767857 Y-30.633929 Z9.215686 F1000
G01 X35.823661 Y-30.633929 Z5.294118 F1000
G01 X35.879464 Y-30.633929 Z3.686275 F1000
G01 X35.935268 Y-30.633929 Z3.686275 F1000
G01 X35.991071 Y-30.633929 Z3.568627 F1000
G01 X36.4375 Y-30.633929 Z3.568627 F1000
G01 X36.493304 Y-30.633929 Z5.176471 F1000
G01 X36.549107 Y-30.633929 Z9.019608 F1000
G01 X36.604911 Y-30.633929 Z10 F1000
G01 X63.446429 Y-30.633929 Z10 F1000
G01 X63.502232 Y-30.633929 Z9.686275 F1000
G01 X63.558036 Y-30.633929 Z6.784314 F1000
G01 X63.613839 Y-30.633929 Z3.45098 F1000
G01 X63.669643 Y-30.633929 Z3.411765 F1000
G01 X64.060268 Y-30.633929 Z3.411765 F1000
G01 X64.116071 Y-30.633929 Z3.882353 F1000
G01 X64.171875 Y-30.633929 Z3.882353 F1000
G01 X64.227679 Y-30.633929 Z5.333333 F1000
G01 X64.283482 Y-30.633929 Z8.980392 F1000
G01 X64.339286 Y-30.633929 Z10 F1000
G01 X99.551339 Y-30.633929 Z10 F1000
G01 X99.551339 Y-30.689732 Z10 F1000
G01 X99.551339 Y-30.745536 Z10 F1000
G01 X99.551339 Y-30.801339 Z10 F1000
G01 X99.551339 Y-30.857143 Z10 F1000
G01 X99.551339 Y-30.912946 Z10 F1000
G01 X99.551339 Y-30.96875 Z10 F1000
G01 X99.551339 Y-31.024554 Z10 F1000
G01 X99.551339 Y-31.080357 Z10 F1000
G01 X99.551339 Y-31.136161 Z10 F1000
G01 X64.729911 Y-31.136161 Z10 F1000
G01 X64.674107 Y-31.136161 Z5.843137 F1000
G01 X64.618304 Y-31.136161 Z3.254902 F1000
G01 X64.506696 Y-31.136161 Z3.254902 F1000
G01 X64.450893 Y-31.136161 Z3.333333 F1000
G01 X64.283482 Y-31.136161 Z3.333333 F1000
G01 X64.227679 Y-31.136161 Z3.411765 F1000
G01 X64.004464 Y-31.136161 Z3.411765 F1000
G01 X63.948661 Y-31.136161 Z3.568627 F1000
G01 X63.892857 Y-31.136161 Z9.098039 F1000
G01 X63.837054 Y-31.136161 Z9.960784 F1000
G01 X63.78125 Y-31.136161 Z9.960784 F1000
G01 X63.725446 Y-31.136161 Z10 F1000
G01 X36.214286 Y-31.136161 Z10 F1000
G01 X36.158482 Y-31.136161 Z8.627451 F1000
G01 X36.102679 Y-31.136161 Z2.862745 F1000
G01 X36.046875 Y-31.136161 Z1.411765 F1000
G01 X35.991071 Y-31.136161 Z2.745098 F1000
G01 X35.935268 Y-31.136161 Z3.215686 F1000
G01 X35.879464 Y-31.136161 Z3.333333 F1000
G01 X35.544643 Y-31.136161 Z3.333333 F1000
G01 X35.488839 Y-31.136161 Z3.411765 F1000
G01 X35.433036 Y-31.136161 Z3.607843 F1000
G01 X35.377232 Y-31.136161 Z6.431373 F1000
G01 X35.321429 Y-31.136161 Z10 F1000
G01 X0.444196 Y-31.136161 Z10 F1000
G01 X0.444196 Y-31.191964 Z10 F1000
G01 X0.444196 Y-31.247768 Z10 F1000
G01 X0.444196 Y-31.303571 Z10 F1000
G01 X0.444196 Y-31.359375 Z10 F1000
G01 X0.444196 Y-31.415179 Z10 F1000
G01 X0.444196 Y-31.470982 Z10 F1000
G01 X0.444196 Y-31.526786 Z10 F1000
G01 X0.444196 Y-31.582589 Z10 F1000
G01 X0.444196 Y-31.638393 Z10 F1000
G01 X34.484375 Y-31.638393 Z10 F1000
G01 X34.540179 Y-31.638393 Z9.960784 F1000
G01 X34.595982 Y-31.638393 Z9.882353 F1000
G01 X34.651786 Y-31.638393 Z9.882353 F1000
G01 X34.707589 Y-31.638393 Z6.705882 F1000
G01 X34.763393 Y-31.638393 Z4.823529 F1000
G01 X34.819196 Y-31.638393 Z3.411765 F1000
G01 X34.875 Y-31.638393 Z3.372549 F1000
G01 X34.930804 Y-31.638393 Z3.372549 F1000
G01 X34.986607 Y-31.638393 Z3.294118 F1000
G01 X35.154018 Y-31.638393 Z3.294118 F1000
G01 X35.209821 Y-31.638393 Z3.215686 F1000
G01 X35.321429 Y-31.638393 Z3.215686 F1000
G01 X35.377232 Y-31.638393 Z2.509804 F1000
G01 X35.433036 Y-31.638393 Z1.529412 F1000
G01 X35.488839 Y-31.638393 Z0.941176 F1000
G01 X35.600446 Y-31.638393 Z0.941176 F1000
G01 X35.65625 Y-31.638393 Z5.529412 F1000
G01 X35.712054 Y-31.638393 Z10 F1000
G01 X64.283482 Y-31.638393 Z10 F1000
G01 X64.339286 Y-31.638393 Z9.647059 F1000
G01 X64.395089 Y-31.638393 Z5.686275 F1000
G01 X64.450893 Y-31.638393 Z2.588235 F1000
G01 X64.506696 Y-31.638393 Z1.529412 F1000
G01 X64.5625 Y-31.638393 Z0.901961 F1000
G01 X64.618304 Y-31.638393 Z0.352941 F1000
G01 X64.953125 Y-31.638393 Z0.352941 F1000
G01 X65.008929 Y-31.638393 Z0.980392 F1000
G01 X65.232143 Y-31.638393 Z0.980392 F1000
G01 X65.287946 Y-31.638393 Z1.333333 F1000
G01 X65.34375 Y-31.638393 Z5.333333 F1000
G01 X65.399554 Y-31.638393 Z9.607843 F1000
G01 X65.455357 Y-31.638393 Z9.764706 F1000
G01 X65.511161 Y-31.638393 Z9.921569 F1000
G01 X65.566964 Y-31.638393 Z10 F1000
G01 X99.551339 Y-31.638393 Z10 F1000
G01 X99.551339 Y-31.694196 Z10 F1000
G01 X99.551339 Y-31.75 Z10 F1000
G01 X99.551339 Y-31.805804 Z10 F1000
G01 X99.551339 Y-31.861607 Z10 F1000
G01 X99.551339 Y-31.917411 Z10 F1000
G01 X99.551339 Y-31.973214 Z10 F1000
G01 X99.551339 Y-32.029018 Z10 F1000
G01 X99.551339 Y-32.084821 Z10 F1000
G01 X99.551339 Y-32.140625 Z10 F1000
G01 X68.189732 Y-32.140625 Z10 F1000
G01 X68.133929 Y-32.140625 Z9.960784 F1000
G01 X67.854911 Y-32.140625 Z9.960784 F1000
G01 X67.799107 Y-32.140625 Z9.764706 F1000
G01 X67.743304 Y-32.140625 Z9.176471 F1000
G01 X67.6875 Y-32.140625 Z8.352941 F1000
G01 X67.631696 Y-32.140625 Z7.647059 F1000
G01 X67.575893 Y-32.140625 Z6.980392 F1000
G01 X67.520089 Y-32.140625 Z6.156863 F1000
G01 X67.464286 Y-32.140625 Z5.215686 F1000
G01 X67.408482 Y-32.140625 Z4.54902 F1000
G01 X67.352679 Y-32.140625 Z3.529412 F1000
G01 X67.296875 Y-32.140625 Z2.588235 F1000
G01 X67.241071 Y-32.140625 Z1.843137 F1000
G01 X67.185268 Y-32.140625 Z0.588235 F1000
G01 X66.515625 Y-32.140625 Z0.588235 F1000
G01 X66.459821 Y-32.140625 Z0.431373 F1000
G01 X66.404018 Y-32.140625 Z0.392157 F1000
G01 X65.957589 Y-32.140625 Z0.392157 F1000
G01 X65.901786 Y-32.140625 Z0.352941 F1000
G01 X65.845982 Y-32.140625 Z0.117647 F1000
G01 X65.566964 Y-32.140625 Z0.117647 F1000
G01 X65.511161 Y-32.140625 Z0.235294 F1000
G01 X65.455357 Y-32.140625 Z1.019608 F1000
G01 X65.120536 Y-32.140625 Z1.019608 F1000
G01 X65.064732 Y-32.140625 Z2.54902 F1000
G01 X65.008929 Y-32.140625 Z7.72549 F1000
G01 X64.953125 Y-32.140625 Z9.921569 F1000
G01 X64.897321 Y-32.140625 Z10 F1000
G01 X35.098214 Y-32.140625 Z10 F1000
G01 X35.042411 Y-32.140625 Z8.078431 F1000
G01 X34.986607 Y-32.140625 Z2.862745 F1000
G01 X34.930804 Y-32.140625 Z0.745098 F1000
G01 X34.875 Y-32.140625 Z0.745098 F1000
G01 X34.819196 Y-32.140625 Z0.705882 F1000
G01 X34.763393 Y-32.140625 Z1.72549 F1000
G01 X34.707589 Y-32.140625 Z2.901961 F1000
G01 X34.651786 Y-32.140625 Z3.019608 F1000
G01 X34.595982 Y-32.140625 Z3.215686 F1000
G01 X34.540179 Y-32.140625 Z3.215686 F1000
G01 X34.484375 Y-32.140625 Z3.254902 F1000
G01 X34.316964 Y-32.140625 Z3.254902 F1000
G01 X34.261161 Y-32.140625 Z3.411765 F1000
G01 X34.205357 Y-32.140625 Z3.490196 F1000
G01 X33.424107 Y-32.140625 Z3.490196 F1000
G01 X33.368304 Y-32.140625 Z3.529412 F1000
G01 X32.866071 Y-32.140625 Z3.529412 F1000
G01 X32.810268 Y-32.140625 Z4.235294 F1000
G01 X32.754464 Y-32.140625 Z4.627451 F1000
G01 X32.698661 Y-32.140625 Z5.058824 F1000
G01 X32.642857 Y-32.140625 Z6.196078 F1000
G01 X32.587054 Y-32.140625 Z6.54902 F1000
G01 X32.53125 Y-32.140625 Z7.137255 F1000
G01 X32.475446 Y-32.140625 Z7.647059 F1000
G01 X32.419643 Y-32.140625 Z7.72549 F1000
G01 X32.363839 Y-32.140625 Z8.352941 F1000
G01 X32.308036 Y-32.140625 Z9.45098 F1000
G01 X32.252232 Y-32.140625 Z9.960784 F1000
G01 X32.196429 Y-32.140625 Z10 F1000
G01 X0.444196 Y-32.140625 Z10 F1000
G01 X0.444196 Y-32.196429 Z10 F1000
G01 X0.444196 Y-32.252232 Z10 F1000
G01 X0.444196 Y-32.308036 Z10 F1000
G01 X0.444196 Y-32.363839 Z10 F1000
G01 X0.444196 Y-32.419643 Z10 F1000
G01 X0.444196 Y-32.475446 Z10 F1000
G01 X0.444196 Y-32.53125 Z10 F1000
G01 X0.444196 Y-32.587054 Z10 F1000
G01 X0.444196 Y-32.642857 Z10 F1000
G01 X26.671875 Y-32.642857 Z10 F1000
G01 X26.727679 Y-32.642857 Z9.607843 F1000
G01 X26.783482 Y-32.642857 Z8.941176 F1000
G01 X26.839286 Y-32.642857 Z7.803922 F1000
G01 X26.895089 Y-32.642857 Z7.098039 F1000
G01 X26.950893 Y-32.642857 Z6.039216 F1000
G01 X27.006696 Y-32.642857 Z5.372549 F1000
G01 X27.0625 Y-32.642857 Z4.745098 F1000
G01 X27.118304 Y-32.642857 Z3.45098 F1000
G01 X27.174107 Y-32.642857 Z2.588235 F1000
G01 X27.229911 Y-32.642857 Z1.72549 F1000
G01 X27.285714 Y-32.642857 Z0.509804 F1000
G01 X27.397321 Y-32.642857 Z0.509804 F1000
G01 X27.453125 Y-32.642857 Z0.705882 F1000
G01 X27.508929 Y-32.642857 Z2.470588 F1000
G01 X27.564732 Y-32.642857 Z2.980392 F1000
G01 X27.620536 Y-32.642857 Z3.45098 F1000
G01 X27.955357 Y-32.642857 Z3.45098 F1000
G01 X28.011161 Y-32.642857 Z3.607843 F1000
G01 X28.959821 Y-32.642857 Z3.607843 F1000
G01 X29.015625 Y-32.642857 Z3.529412 F1000
G01 X29.071429 Y-32.642857 Z3.607843 F1000
G01 X30.020089 Y-32.642857 Z3.607843 F1000
G01 X30.075893 Y-32.642857 Z3.254902 F1000
G01 X30.131696 Y-32.642857 Z3.215686 F1000
G01 X30.1875 Y-32.642857 Z3.215686 F1000
G01 X30.243304 Y-32.642857 Z3.137255 F1000
G01 X30.354911 Y-32.642857 Z3.137255 F1000
G01 X30.410714 Y-32.642857 Z3.098039 F1000
G01 X30.801339 Y-32.642857 Z3.098039 F1000
G01 X30.857143 Y-32.642857 Z3.137255 F1000
G01 X31.024554 Y-32.642857 Z3.137255 F1000
G01 X31.080357 Y-32.642857 Z3.176471 F1000
G01 X31.247768 Y-32.642857 Z3.176471 F1000
G01 X31.303571 Y-32.642857 Z3.254902 F1000
G01 X31.917411 Y-32.642857 Z3.254902 F1000
G01 X31.973214 Y-32.642857 Z3.45098 F1000
G01 X32.921875 Y-32.642857 Z3.45098 F1000
G01 X32.977679 Y-32.642857 Z3.411765 F1000
G01 X33.814732 Y-32.642857 Z3.411765 F1000
G01 X33.870536 Y-32.642857 Z3.254902 F1000
G01 X33.926339 Y-32.642857 Z3.254902 F1000
G01 X33.982143 Y-32.642857 Z2.392157 F1000
G01 X34.037946 Y-32.642857 Z4.666667 F1000
G01 X34.09375 Y-32.642857 Z8.078431 F1000
G01 X34.149554 Y-32.642857 Z9.960784 F1000
G01 X34.205357 Y-32.642857 Z10 F1000
G01 X65.678571 Y-32.642857 Z10 F1000
G01 X65.734375 Y-32.642857 Z9.843137 F1000
G01 X65.901786 Y-32.642857 Z9.843137 F1000
G01 X65.957589 Y-32.642857 Z8.509804 F1000
G01 X66.013393 Y-32.642857 Z5.019608 F1000
G01 X66.069196 Y-32.642857 Z1.411765 F1000
G01 X66.125 Y-32.642857 Z0.784314 F1000
G01 X66.348214 Y-32.642857 Z0.784314 F1000
G01 X66.404018 Y-32.642857 Z0.196078 F1000
G01 X67.352679 Y-32.642857 Z0.196078 F1000
G01 X67.408482 Y-32.642857 Z0.117647 F1000
G01 X67.464286 Y-32.642857 Z0.117647 F1000
G01 X67.520089 Y-32.642857 Z0.078431 F1000
G01 X67.799107 Y-32.642857 Z0.078431 F1000
G01 X67.854911 Y-32.642857 Z0.117647 F1000
G01 X70.421875 Y-32.642857 Z0.117647 F1000
G01 X70.477679 Y-32.642857 Z0.156863 F1000
G01 X70.8125 Y-32.642857 Z0.156863 F1000
G01 X70.868304 Y-32.642857 Z0.196078 F1000
G01 X70.924107 Y-32.642857 Z0.235294 F1000
G01 X70.979911 Y-32.642857 Z0.235294 F1000
G01 X71.035714 Y-32.642857 Z0.27451 F1000
G01 X71.147321 Y-32.642857 Z0.27451 F1000
G01 X71.203125 Y-32.642857 Z0.352941 F1000
G01 X71.258929 Y-32.642857 Z0.431373 F1000
G01 X72.151786 Y-32.642857 Z0.431373 F1000
G01 X72.207589 Y-32.642857 Z0.509804 F1000
G01 X72.263393 Y-32.642857 Z0.627451 F1000
G01 X72.765625 Y-32.642857 Z0.627451 F1000
G01 X72.821429 Y-32.642857 Z1.294118 F1000
G01 X72.877232 Y-32.642857 Z2.509804 F1000
G01 X72.933036 Y-32.642857 Z3.803922 F1000
G01 X72.988839 Y-32.642857 Z4.823529 F1000
G01 X73.044643 Y-32.642857 Z5.137255 F1000
G01 X73.100446 Y-32.642857 Z5.921569 F1000
G01 X73.15625 Y-32.642857 Z7.294118 F1000
G01 X73.212054 Y-32.642857 Z8.627451 F1000
G01 X73.267857 Y-32.642857 Z9.411765 F1000
G01 X73.323661 Y-32.642857 Z9.686275 F1000
G01 X73.379464 Y-32.642857 Z9.803922 F1000
G01 X73.435268 Y-32.642857 Z9.921569 F1000
G01 X73.491071 Y-32.642857 Z9.921569 F1000
G01 X73.546875 Y-32.642857 Z10 F1000
G01 X99.551339 Y-32.642857 Z10 F1000
G01 X99.551339 Y-32.698661 Z10 F1000
G01 X99.551339 Y-32.754464 Z10 F1000
G01 X99.551339 Y-32.810268 Z10 F1000
G01 X99.551339 Y-32.866071 Z10 F1000
G01 X99.551339 Y-32.921875 Z10 F1000
G01 X99.551339 Y-32.977679 Z10 F1000
G01 X99.551339 Y-33.033482 Z10 F1000
G01 X99.551339 Y-33.089286 Z10 F1000
G01 X99.551339 Y-33.145089 Z10 F1000
G01 X79.127232 Y-33.145089 Z10 F1000
G01 X79.071429 Y-33.145089 Z9.960784 F1000
G01 X79.015625 Y-33.145089 Z9.960784 F1000
G01 X78.959821 Y-33.145089 Z9.921569 F1000
G01 X78.904018 Y-33.145089 Z9.882353 F1000
G01 X78.848214 Y-33.145089 Z9.45098 F1000
G01 X78.792411 Y-33.145089 Z8.235294 F1000
G01 X78.736607 Y-33.145089 Z7.607843 F1000
G01 X78.680804 Y-33.145089 Z6.901961 F1000
G01 X78.625 Y-33.145089 Z6.078431 F1000
G01 X78.569196 Y-33.145089 Z5.058824 F1000
G01 X78.513393 Y-33.145089 Z4.039216 F1000
G01 X78.457589 Y-33.145089 Z3.058824 F1000
G01 X78.401786 Y-33.145089 Z2.705882 F1000
G01 X78.345982 Y-33.145089 Z0.470588 F1000
G01 X77.508929 Y-33.145089 Z0.470588 F1000
G01 X77.453125 Y-33.145089 Z0.431373 F1000
G01 X76.504464 Y-33.145089 Z0.431373 F1000
G01 X76.448661 Y-33.145089 Z0.392157 F1000
G01 X75.890625 Y-33.145089 Z0.392157 F1000
G01 X75.834821 Y-33.145089 Z0.313725 F1000
G01 X75.332589 Y-33.145089 Z0.313725 F1000
G01 X75.276786 Y-33.145089 Z0.27451 F1000
G01 X75.220982 Y-33.145089 Z0.156863 F1000
G01 X75.165179 Y-33.145089 Z0.078431 F1000
G01 X74.997768 Y-33.145089 Z0.078431 F1000
G01 X74.941964 Y-33.145089 Z0.117647 F1000
G01 X74.71875 Y-33.145089 Z0.117647 F1000
G01 X74.662946 Y-33.145089 Z0.156863 F1000
G01 X73.714286 Y-33.145089 Z0.156863 F1000
G01 X73.658482 Y-33.145089 Z0.117647 F1000
G01 X72.821429 Y-33.145089 Z0.117647 F1000
G01 X72.765625 Y-33.145089 Z0.078431 F1000
G01 X72.598214 Y-33.145089 Z0.078431 F1000
G01 X72.542411 Y-33.145089 Z0.117647 F1000
G01 X72.375 Y-33.145089 Z0.117647 F1000
G01 X72.319196 Y-33.145089 Z0.156863 F1000
G01 X71.035714 Y-33.145089 Z0.156863 F1000
G01 X70.979911 Y-33.145089 Z0.117647 F1000
G01 X70.645089 Y-33.145089 Z0.117647 F1000
G01 X70.589286 Y-33.145089 Z0.156863 F1000
G01 X70.477679 Y-33.145089 Z0.156863 F1000
G01 X70.421875 Y-33.145089 Z0.235294 F1000
G01 X70.254464 Y-33.145089 Z0.235294 F1000
G01 X70.198661 Y-33.145089 Z0.352941 F1000
G01 X70.03125 Y-33.145089 Z0.352941 F1000
G01 X69.975446 Y-33.145089 Z0.470588 F1000
G01 X69.473214 Y-33.145089 Z0.470588 F1000
G01 X69.417411 Y-33.145089 Z0.784314 F1000
G01 X69.361607 Y-33.145089 Z1.686275 F1000
G01 X69.305804 Y-33.145089 Z2.823529 F1000
G01 X69.25 Y-33.145089 Z3.607843 F1000
G01 X69.194196 Y-33.145089 Z4.784314 F1000
G01 X69.138393 Y-33.145089 Z5.568627 F1000
G01 X69.082589 Y-33.145089 Z6.352941 F1000
G01 X69.026786 Y-33.145089 Z6.823529 F1000
G01 X68.970982 Y-33.145089 Z7.607843 F1000
G01 X68.915179 Y-33.145089 Z8.784314 F1000
G01 X68.859375 Y-33.145089 Z9.686275 F1000
G01 X68.803571 Y-33.145089 Z10 F1000
G01 X31.303571 Y-33.145089 Z10 F1000
G01 X31.247768 Y-33.145089 Z9.960784 F1000
G01 X31.191964 Y-33.145089 Z9.568627 F1000
G01 X31.136161 Y-33.145089 Z8.823529 F1000
G01 X31.080357 Y-33.145089 Z7.921569 F1000
G01 X31.024554 Y-33.145089 Z7.372549 F1000
G01 X30.96875 Y-33.145089 Z6.313725 F1000
G01 X30.912946 Y-33.145089 Z4.784314 F1000
G01 X30.857143 Y-33.145089 Z3.843137 F1000
G01 X30.801339 Y-33.145089 Z3.45098 F1000
G01 X30.354911 Y-33.145089 Z3.45098 F1000
G01 X30.299107 Y-33.145089 Z3.372549 F1000
G01 X30.075893 Y-33.145089 Z3.372549 F1000
G01 X30.020089 Y-33.145089 Z3.607843 F1000
G01 X29.071429 Y-33.145089 Z3.607843 F1000
G01 X29.015625 Y-33.145089 Z3.45098 F1000
G01 X28.345982 Y-33.145089 Z3.45098 F1000
G01 X28.290179 Y-33.145089 Z2.901961 F1000
G01 X28.234375 Y-33.145089 Z2.27451 F1000
G01 X28.178571 Y-33.145089 Z1.333333 F1000
G01 X28.122768 Y-33.145089 Z0.627451 F1000
G01 X28.066964 Y-33.145089 Z0.156863 F1000
G01 X27.84375 Y-33.145089 Z0.156863 F1000
G01 X27.787946 Y-33.145089 Z0.196078 F1000
G01 X26.839286 Y-33.145089 Z0.196078 F1000
G01 X26.783482 Y-33.145089 Z0.156863 F1000
G01 X24.997768 Y-33.145089 Z0.156863 F1000
G01 X24.941964 Y-33.145089 Z0.117647 F1000
G01 X24.886161 Y-33.145089 Z0.235294 F1000
G01 X24.830357 Y-33.145089 Z0.352941 F1000
G01 X24.383929 Y-33.145089 Z0.352941 F1000
G01 X24.328125 Y-33.145089 Z0.392157 F1000
G01 X24.272321 Y-33.145089 Z0.470588 F1000
G01 X24.049107 Y-33.145089 Z0.470588 F1000
G01 X23.993304 Y-33.145089 Z0.627451 F1000
G01 X23.044643 Y-33.145089 Z0.627451 F1000
G01 X22.988839 Y-33.145089 Z0.588235 F1000
G01 X22.933036 Y-33.145089 Z0.392157 F1000
G01 X22.877232 Y-33.145089 Z0.313725 F1000
G01 X22.263393 Y-33.145089 Z0.313725 F1000
G01 X22.207589 Y-33.145089 Z0.27451 F1000
G01 X22.095982 Y-33.145089 Z0.27451 F1000
G01 X22.040179 Y-33.145089 Z0.313725 F1000
G01 X21.761161 Y-33.145089 Z0.313725 F1000
G01 X21.705357 Y-33.145089 Z1.45098 F1000
G01 X21.649554 Y-33.145089 Z2.27451 F1000
G01 X21.59375 Y-33.145089 Z2.745098 F1000
G01 X21.537946 Y-33.145089 Z3.803922 F1000
G01 X21.482143 Y-33.145089 Z4.980392 F1000
G01 X21.426339 Y-33.145089 Z5.764706 F1000
G01 X21.370536 Y-33.145089 Z6.666667 F1000
G01 X21.314732 Y-33.145089 Z7.294118 F1000
G01 X21.258929 Y-33.145089 Z8.039216 F1000
G01 X21.203125 Y-33.145089 Z8.862745 F1000
G01 X21.147321 Y-33.145089 Z9.411765 F1000
G01 X21.091518 Y-33.145089 Z9.960784 F1000
G01 X21.035714 Y-33.145089 Z10 F1000
G01 X0.444196 Y-33.145089 Z10 F1000
G01 X0.444196 Y-33.200893 Z10 F1000
G01 X0.444196 Y-33.256696 Z10 F1000
G01 X0.444196 Y-33.3125 Z10 F1000
G01 X0.444196 Y-33.368304 Z10 F1000
G01 X0.444196 Y-33.424107 Z10 F1000
G01 X0.444196 Y-33.479911 Z10 F1000
G01 X0.444196 Y-33.535714 Z10 F1000
G01 X0.444196 Y-33.591518 Z10 F1000
G01 X0.444196 Y-33.647321 Z10 F1000
G01 X15.120536 Y-33.647321 Z10 F1000
G01 X15.176339 Y-33.647321 Z9.960784 F1000
G01 X15.287946 Y-33.647321 Z9.960784 F1000
G01 X15.34375 Y-33.647321 Z9.843137 F1000
G01 X15.399554 Y-33.647321 Z9.607843 F1000
G01 X15.455357 Y-33.647321 Z9.490196 F1000
G01 X15.511161 Y-33.647321 Z9.490196 F1000
G01 X15.566964 Y-33.647321 Z9.411765 F1000
G01 X15.622768 Y-33.647321 Z9.254902 F1000
G01 X15.678571 Y-33.647321 Z8.901961 F1000
G01 X15.734375 Y-33.647321 Z8.196078 F1000
G01 X15.790179 Y-33.647321 Z7.176471 F1000
G01 X15.845982 Y-33.647321 Z6 F1000
G01 X15.901786 Y-33.647321 Z5.176471 F1000
G01 X15.957589 Y-33.647321 Z4.705882 F1000
G01 X16.013393 Y-33.647321 Z3.764706 F1000
G01 X16.069196 Y-33.647321 Z2.470588 F1000
G01 X16.125 Y-33.647321 Z1.098039 F1000
G01 X16.180804 Y-33.647321 Z0.470588 F1000
G01 X16.348214 Y-33.647321 Z0.470588 F1000
G01 X16.404018 Y-33.647321 Z0.352941 F1000
G01 X17.296875 Y-33.647321 Z0.352941 F1000
G01 X17.352679 Y-33.647321 Z0.313725 F1000
G01 X17.408482 Y-33.647321 Z0.27451 F1000
G01 X17.464286 Y-33.647321 Z0.235294 F1000
G01 X17.854911 Y-33.647321 Z0.235294 F1000
G01 X17.910714 Y-33.647321 Z0.196078 F1000
G01 X18.245536 Y-33.647321 Z0.196078 F1000
G01 X18.301339 Y-33.647321 Z0.431373 F1000
G01 X19.25 Y-33.647321 Z0.431373 F1000
G01 X19.305804 Y-33.647321 Z0.352941 F1000
G01 X19.361607 Y-33.647321 Z0.313725 F1000
G01 X19.584821 Y-33.647321 Z0.313725 F1000
G01 X19.640625 Y-33.647321 Z0.27451 F1000
G01 X19.696429 Y-33.647321 Z0.156863 F1000
G01 X19.752232 Y-33.647321 Z0.156863 F1000
G01 X19.808036 Y-33.647321 Z0.117647 F1000
G01 X21.705357 Y-33.647321 Z0.117647 F1000
G01 X21.761161 Y-33.647321 Z0.078431 F1000
G01 X21.872768 Y-33.647321 Z0.078431 F1000
G01 X21.928571 Y-33.647321 Z0.156863 F1000
G01 X24.104911 Y-33.647321 Z0.156863 F1000
G01 X24.160714 Y-33.647321 Z0.117647 F1000
G01 X24.216518 Y-33.647321 Z0.117647 F1000
G01 X24.272321 Y-33.647321 Z0.156863 F1000
G01 X24.774554 Y-33.647321 Z0.156863 F1000
G01 X24.830357 Y-33.647321 Z0.470588 F1000
G01 X24.997768 Y-33.647321 Z0.470588 F1000
G01 X25.053571 Y-33.647321 Z0.588235 F1000
G01 X25.109375 Y-33.647321 Z1.372549 F1000
G01 X25.165179 Y-33.647321 Z2 F1000
G01 X25.220982 Y-33.647321 Z2.784314 F1000
G01 X25.276786 Y-33.647321 Z4.431373 F1000
G01 X25.332589 Y-33.647321 Z5.019608 F1000
G01 X25.388393 Y-33.647321 Z5.686275 F1000
G01 X25.444196 Y-33.647321 Z6.784314 F1000
G01 X25.5 Y-33.647321 Z7.686275 F1000
G01 X25.555804 Y-33.647321 Z8.666667 F1000
G01 X25.611607 Y-33.647321 Z9.490196 F1000
G01 X25.667411 Y-33.647321 Z9.803922 F1000
G01 X25.723214 Y-33.647321 Z9.803922 F1000
G01 X25.779018 Y-33.647321 Z9.960784 F1000
G01 X25.834821 Y-33.647321 Z9.960784 F1000
G01 X25.890625 Y-33.647321 Z10 F1000
G01 X74.328125 Y-33.647321 Z10 F1000
G01 X74.383929 Y-33.647321 Z9.803922 F1000
G01 X74.439732 Y-33.647321 Z9.686275 F1000
G01 X74.495536 Y-33.647321 Z8.588235 F1000
G01 X74.551339 Y-33.647321 Z7.960784 F1000
G01 X74.607143 Y-33.647321 Z7.098039 F1000
G01 X74.662946 Y-33.647321 Z5.490196 F1000
G01 X74.71875 Y-33.647321 Z4.705882 F1000
G01 X74.774554 Y-33.647321 Z4.352941 F1000
G01 X74.830357 Y-33.647321 Z2.823529 F1000
G01 X74.886161 Y-33.647321 Z2.235294 F1000
G01 X74.941964 Y-33.647321 Z1.45098 F1000
G01 X74.997768 Y-33.647321 Z0.431373 F1000
G01 X75.053571 Y-33.647321 Z0.313725 F1000
G01 X75.109375 Y-33.647321 Z0.235294 F1000
G01 X75.165179 Y-33.647321 Z0.196078 F1000
G01 X76.225446 Y-33.647321 Z0.196078 F1000
G01 X76.28125 Y-33.647321 Z0.156863 F1000
G01 X77.229911 Y-33.647321 Z0.156863 F1000
G01 X77.285714 Y-33.647321 Z0.078431 F1000
G01 X77.341518 Y-33.647321 Z0.078431 F1000
G01 X77.397321 Y-33.647321 Z0.117647 F1000
G01 X79.015625 Y-33.647321 Z0.117647 F1000
G01 X79.071429 Y-33.647321 Z0.078431 F1000
G01 X80.075893 Y-33.647321 Z0.078431 F1000
G01 X80.131696 Y-33.647321 Z0.196078 F1000
G01 X80.1875 Y-33.647321 Z0.313725 F1000
G01 X80.243304 Y-33.647321 Z0.392157 F1000
G01 X81.247768 Y-33.647321 Z0.392157 F1000
G01 X81.303571 Y-33.647321 Z0.431373 F1000
G01 X82.308036 Y-33.647321 Z0.431373 F1000
G01 X82.363839 Y-33.647321 Z0.313725 F1000
G01 X82.419643 Y-33.647321 Z0.27451 F1000
G01 X83.814732 Y-33.647321 Z0.27451 F1000
G01 X83.870536 Y-33.647321 Z0.823529 F1000
G01 X83.926339 Y-33.647321 Z1.764706 F1000
G01 X83.982143 Y-33.647321 Z2.784314 F1000
G01 X84.037946 Y-33.647321 Z3.490196 F1000
G01 X84.09375 Y-33.647321 Z4.313725 F1000
G01 X84.149554 Y-33.647321 Z4.705882 F1000
G01 X84.205357 Y-33.647321 Z6.235294 F1000
G01 X84.261161 Y-33.647321 Z7.372549 F1000
G01 X84.316964 Y-33.647321 Z8.27451 F1000
G01 X84.372768 Y-33.647321 Z9.294118 F1000
G01 X84.428571 Y-33.647321 Z9.45098 F1000
G01 X84.484375 Y-33.647321 Z9.647059 F1000
G01 X84.540179 Y-33.647321 Z9.72549 F1000
G01 X84.595982 Y-33.647321 Z9.764706 F1000
G01 X84.651786 Y-33.647321 Z9.843137 F1000
G01 X84.707589 Y-33.647321 Z9.960784 F1000
G01 X84.763393 Y-33.647321 Z10 F1000
G01 X99.551339 Y-33.647321 Z10 F1000
G01 X99.551339 Y-33.703125 Z10 F1000
G01 X99.551339 Y-33.758929 Z10 F1000
G01 X99.551339 Y-33.814732 Z10 F1000
G01 X99.551339 Y-33.870536 Z10 F1000
G01 X99.551339 Y-33.926339 Z10 F1000
G01 X99.551339 Y-33.982143 Z10 F1000
G01 X99.551339 Y-34.037946 Z10 F1000
G01 X99.551339 Y-34.09375 Z10 F1000
G01 X99.551339 Y-34.149554 Z10 F1000
G01 X90.232143 Y-34.149554 Z10 F1000
G01 X90.176339 Y-34.149554 Z9.960784 F1000
G01 X90.008929 Y-34.149554 Z9.960784 F1000
G01 X89.953125 Y-34.149554 Z9.372549 F1000
G01 X89.897321 Y-34.149554 Z8.27451 F1000
G01 X89.841518 Y-34.149554 Z7.411765 F1000
G01 X89.785714 Y-34.149554 Z6.588235 F1000
G01 X89.729911 Y-34.149554 Z5.72549 F1000
G01 X89.674107 Y-34.149554 Z4.862745 F1000
G01 X89.618304 Y-34.149554 Z3.843137 F1000
G01 X89.5625 Y-34.149554 Z2.784314 F1000
G01 X89.506696 Y-34.149554 Z2.235294 F1000
G01 X89.450893 Y-34.149554 Z1.411765 F1000
G01 X89.395089 Y-34.149554 Z2.039216 F1000
G01 X89.339286 Y-34.149554 Z2.705882 F1000
G01 X89.283482 Y-34.149554 Z3.215686 F1000
G01 X88.279018 Y-34.149554 Z3.215686 F1000
G01 X88.223214 Y-34.149554 Z3.176471 F1000
G01 X88.111607 Y-34.149554 Z3.176471 F1000
G01 X88.055804 Y-34.149554 Z2.901961 F1000
G01 X88 Y-34.149554 Z2.196078 F1000
G01 X87.944196 Y-34.149554 Z1.254902 F1000
G01 X87.888393 Y-34.149554 Z0.431373 F1000
G01 X87.776786 Y-34.149554 Z0.431373 F1000
G01 X87.720982 Y-34.149554 Z0.27451 F1000
G01 X87.609375 Y-34.149554 Z0.27451 F1000
G01 X87.553571 Y-34.149554 Z0.156863 F1000
G01 X87.386161 Y-34.149554 Z0.156863 F1000
G01 X87.330357 Y-34.149554 Z0.196078 F1000
G01 X86.381696 Y-34.149554 Z0.196078 F1000
G01 X86.325893 Y-34.149554 Z0.156863 F1000
G01 X85.767857 Y-34.149554 Z0.156863 F1000
G01 X85.712054 Y-34.149554 Z0.117647 F1000
G01 X85.209821 Y-34.149554 Z0.117647 F1000
G01 X85.154018 Y-34.149554 Z0.156863 F1000
G01 X85.098214 Y-34.149554 Z0.196078 F1000
G01 X84.09375 Y-34.149554 Z0.196078 F1000
G01 X84.037946 Y-34.149554 Z0.156863 F1000
G01 X83.870536 Y-34.149554 Z0.156863 F1000
G01 X83.814732 Y-34.149554 Z0.117647 F1000
G01 X83.479911 Y-34.149554 Z0.117647 F1000
G01 X83.424107 Y-34.149554 Z0.078431 F1000
G01 X83.368304 Y-34.149554 Z0.078431 F1000
G01 X83.3125 Y-34.149554 Z0.235294 F1000
G01 X82.308036 Y-34.149554 Z0.235294 F1000
G01 X82.252232 Y-34.149554 Z0.196078 F1000
G01 X81.247768 Y-34.149554 Z0.196078 F1000
G01 X81.191964 Y-34.149554 Z0.313725 F1000
G01 X80.578125 Y-34.149554 Z0.313725 F1000
G01 X80.522321 Y-34.149554 Z0.745098 F1000
G01 X80.466518 Y-34.149554 Z1.921569 F1000
G01 X80.410714 Y-34.149554 Z2.823529 F1000
G01 X80.354911 Y-34.149554 Z3.764706 F1000
G01 X80.299107 Y-34.149554 Z4.431373 F1000
G01 X80.243304 Y-34.149554 Z5.176471 F1000
G01 X80.1875 Y-34.149554 Z6.313725 F1000
G01 X80.131696 Y-34.149554 Z7.294118 F1000
G01 X80.075893 Y-34.149554 Z8.078431 F1000
G01 X80.020089 Y-34.149554 Z9.137255 F1000
G01 X79.964286 Y-34.149554 Z9.607843 F1000
G01 X79.908482 Y-34.149554 Z10 F1000
G01 X20.366071 Y-34.149554 Z10 F1000
G01 X20.310268 Y-34.149554 Z9.960784 F1000
G01 X20.142857 Y-34.149554 Z9.960784 F1000
G01 X20.087054 Y-34.149554 Z9.843137 F1000
G01 X20.03125 Y-34.149554 Z9.137255 F1000
G01 X19.975446 Y-34.149554 Z8.235294 F1000
G01 X19.919643 Y-34.149554 Z7.254902 F1000
G01 X19.863839 Y-34.149554 Z6.117647 F1000
G01 X19.808036 Y-34.149554 Z5.411765 F1000
G01 X19.752232 Y-34.149554 Z4.313725 F1000
G01 X19.696429 Y-34.149554 Z3.411765 F1000
G01 X19.640625 Y-34.149554 Z2.666667 F1000
G01 X19.584821 Y-34.149554 Z1.72549 F1000
G01 X19.529018 Y-34.149554 Z0.705882 F1000
G01 X19.473214 Y-34.149554 Z0.392157 F1000
G01 X18.691964 Y-34.149554 Z0.392157 F1000
G01 X18.636161 Y-34.149554 Z0.313725 F1000
G01 X18.580357 Y-34.149554 Z0.27451 F1000
G01 X18.133929 Y-34.149554 Z0.27451 F1000
G01 X18.078125 Y-34.149554 Z0.196078 F1000
G01 X18.022321 Y-34.149554 Z0.156863 F1000
G01 X17.854911 Y-34.149554 Z0.156863 F1000
G01 X17.799107 Y-34.149554 Z0.196078 F1000
G01 X17.017857 Y-34.149554 Z0.196078 F1000
G01 X16.962054 Y-34.149554 Z0.27451 F1000
G01 X16.013393 Y-34.149554 Z0.27451 F1000
G01 X15.957589 Y-34.149554 Z0.235294 F1000
G01 X15.399554 Y-34.149554 Z0.235294 F1000
G01 X15.34375 Y-34.149554 Z0.196078 F1000
G01 X15.287946 Y-34.149554 Z0.156863 F1000
G01 X15.176339 Y-34.149554 Z0.156863 F1000
G01 X15.120536 Y-34.149554 Z0.117647 F1000
G01 X14.953125 Y-34.149554 Z0.117647 F1000
G01 X14.897321 Y-34.149554 Z0.156863 F1000
G01 X14.674107 Y-34.149554 Z0.156863 F1000
G01 X14.618304 Y-34.149554 Z0.196078 F1000
G01 X13.223214 Y-34.149554 Z0.196078 F1000
G01 X13.167411 Y-34.149554 Z0.156863 F1000
G01 X12.609375 Y-34.149554 Z0.156863 F1000
G01 X12.553571 Y-34.149554 Z0.196078 F1000
G01 X10.991071 Y-34.149554 Z0.196078 F1000
G01 X10.935268 Y-34.149554 Z0.313725 F1000
G01 X10.712054 Y-34.149554 Z0.313725 F1000
G01 X10.65625 Y-34.149554 Z0.509804 F1000
G01 X10.600446 Y-34.149554 Z1.176471 F1000
G01 X10.544643 Y-34.149554 Z2.431373 F1000
G01 X10.488839 Y-34.149554 Z3.176471 F1000
G01 X10.433036 Y-34.149554 Z4.039216 F1000
G01 X10.377232 Y-34.149554 Z4.901961 F1000
G01 X10.321429 Y-34.149554 Z5.921569 F1000
G01 X10.265625 Y-34.149554 Z6.980392 F1000
G01 X10.209821 Y-34.149554 Z7.568627 F1000
G01 X10.154018 Y-34.149554 Z7.803922 F1000
G01 X10.098214 Y-34.149554 Z9.882353 F1000
G01 X10.042411 Y-34.149554 Z10 F1000
G01 X0.444196 Y-34.149554 Z10 F1000
G01 X0.444196 Y-34.205357 Z10 F1000
G01 X0.444196 Y-34.261161 Z10 F1000
G01 X0.444196 Y-34.316964 Z10 F1000
G01 X0.444196 Y-34.372768 Z10 F1000
G01 X0.444196 Y-34.428571 Z10 F1000
G01 X0.444196 Y-34.484375 Z10 F1000
G01 X0.444196 Y-34.540179 Z10 F1000
G01 X0.444196 Y-34.595982 Z10 F1000
G01 X0.444196 Y-34.651786 Z10 F1000
G01 X4.517857 Y-34.651786 Z10 F1000
G01 X4.573661 Y-34.651786 Z9.960784 F1000
G01 X4.629464 Y-34.651786 Z8.980392 F1000
G01 X4.685268 Y-34.651786 Z7.607843 F1000
G01 X4.741071 Y-34.651786 Z6.352941 F1000
G01 X4.796875 Y-34.651786 Z5.176471 F1000
G01 X4.852679 Y-34.651786 Z4.235294 F1000
G01 X4.908482 Y-34.651786 Z3.490196 F1000
G01 X4.964286 Y-34.651786 Z2.470588 F1000
G01 X5.020089 Y-34.651786 Z1.372549 F1000
G01 X5.075893 Y-34.651786 Z0.470588 F1000
G01 X5.131696 Y-34.651786 Z0.431373 F1000
G01 X5.1875 Y-34.651786 Z0.431373 F1000
G01 X5.243304 Y-34.651786 Z0.196078 F1000
G01 X5.745536 Y-34.651786 Z0.196078 F1000
G01 X5.801339 Y-34.651786 Z0.156863 F1000
G01 X6.024554 Y-34.651786 Z0.156863 F1000
G01 X6.080357 Y-34.651786 Z0.117647 F1000
G01 X8.033482 Y-34.651786 Z0.117647 F1000
G01 X8.089286 Y-34.651786 Z0.078431 F1000
G01 X8.424107 Y-34.651786 Z0.078431 F1000
G01 X8.479911 Y-34.651786 Z0.117647 F1000
G01 X10.098214 Y-34.651786 Z0.117647 F1000
G01 X10.154018 Y-34.651786 Z0.235294 F1000
G01 X10.377232 Y-34.651786 Z0.235294 F1000
G01 X10.433036 Y-34.651786 Z0.27451 F1000
G01 X11.716518 Y-34.651786 Z0.27451 F1000
G01 X11.772321 Y-34.651786 Z0.196078 F1000
G01 X12.107143 Y-34.651786 Z0.196078 F1000
G01 X12.162946 Y-34.651786 Z0.235294 F1000
G01 X13.111607 Y-34.651786 Z0.235294 F1000
G01 X13.167411 Y-34.651786 Z0.196078 F1000
G01 X13.390625 Y-34.651786 Z0.196078 F1000
G01 X13.446429 Y-34.651786 Z0.27451 F1000
G01 X13.502232 Y-34.651786 Z0.352941 F1000
G01 X13.613839 Y-34.651786 Z0.352941 F1000
G01 X13.669643 Y-34.651786 Z0.470588 F1000
G01 X13.892857 Y-34.651786 Z0.470588 F1000
G01 X13.948661 Y-34.651786 Z0.823529 F1000
G01 X14.004464 Y-34.651786 Z2 F1000
G01 X14.060268 Y-34.651786 Z2.823529 F1000
G01 X14.116071 Y-34.651786 Z3.294118 F1000
G01 X14.171875 Y-34.651786 Z4.078431 F1000
G01 X14.227679 Y-34.651786 Z4.941176 F1000
G01 X14.283482 Y-34.651786 Z6.039216 F1000
G01 X14.339286 Y-34.651786 Z7.058824 F1000
G01 X14.395089 Y-34.651786 Z7.882353 F1000
G01 X14.450893 Y-34.651786 Z8.823529 F1000
G01 X14.506696 Y-34.651786 Z9.45098 F1000
G01 X14.5625 Y-34.651786 Z9.45098 F1000
G01 X14.618304 Y-34.651786 Z9.803922 F1000
G01 X15.064732 Y-34.651786 Z9.803922 F1000
G01 X15.120536 Y-34.651786 Z10 F1000
G01 X85.488839 Y-34.651786 Z10 F1000
G01 X85.544643 Y-34.651786 Z9.803922 F1000
G01 X85.600446 Y-34.651786 Z8.431373 F1000
G01 X85.65625 Y-34.651786 Z7.568627 F1000
G01 X85.712054 Y-34.651786 Z6.705882 F1000
G01 X85.767857 Y-34.651786 Z5.647059 F1000
G01 X85.823661 Y-34.651786 Z4.862745 F1000
G01 X85.879464 Y-34.651786 Z3.764706 F1000
G01 X85.935268 Y-34.651786 Z2.862745 F1000
G01 X85.991071 Y-34.651786 Z2.27451 F1000
G01 X86.046875 Y-34.651786 Z1.72549 F1000
G01 X86.102679 Y-34.651786 Z0.941176 F1000
G01 X86.158482 Y-34.651786 Z0.54902 F1000
G01 X86.660714 Y-34.651786 Z0.54902 F1000
G01 X86.716518 Y-34.651786 Z0.392157 F1000
G01 X86.883929 Y-34.651786 Z0.392157 F1000
G01 X86.939732 Y-34.651786 Z0.27451 F1000
G01 X87.107143 Y-34.651786 Z0.27451 F1000
G01 X87.162946 Y-34.651786 Z0.196078 F1000
G01 X88.223214 Y-34.651786 Z0.196078 F1000
G01 X88.279018 Y-34.651786 Z0.156863 F1000
G01 X88.558036 Y-34.651786 Z0.156863 F1000
G01 X88.613839 Y-34.651786 Z0.196078 F1000
G01 X89.674107 Y-34.651786 Z0.196078 F1000
G01 X89.729911 Y-34.651786 Z0.156863 F1000
G01 X89.785714 Y-34.651786 Z0.117647 F1000
G01 X93.970982 Y-34.651786 Z0.117647 F1000
G01 X94.026786 Y-34.651786 Z0.156863 F1000
G01 X94.863839 Y-34.651786 Z0.156863 F1000
G01 X94.919643 Y-34.651786 Z0.431373 F1000
G01 X94.975446 Y-34.651786 Z0.745098 F1000
G01 X95.03125 Y-34.651786 Z1.686275 F1000
G01 X95.087054 Y-34.651786 Z2.509804 F1000
G01 X95.142857 Y-34.651786 Z3.372549 F1000
G01 X95.198661 Y-34.651786 Z4.196078 F1000
G01 X95.254464 Y-34.651786 Z5.176471 F1000
G01 X95.310268 Y-34.651786 Z6.078431 F1000
G01 X95.366071 Y-34.651786 Z7.686275 F1000
G01 X95.421875 Y-34.651786 Z8.745098 F1000
G01 X95.477679 Y-34.651786 Z9.372549 F1000
G01 X95.533482 Y-34.651786 Z10 F1000
G01 X99.551339 Y-34.651786 Z10 F1000
G01 X99.551339 Y-34.707589 Z10 F1000
G01 X99.551339 Y-34.763393 Z10 F1000
G01 X99.551339 Y-34.819196 Z10 F1000
G01 X99.551339 Y-34.875 Z10 F1000
G01 X99.551339 Y-34.930804 Z10 F1000
G01 X99.551339 Y-34.986607 Z10 F1000
G01 X99.551339 Y-35.042411 Z10 F1000
G01 X99.551339 Y-35.098214 Z10 F1000
G01 X99.551339 Y-35.154018 Z10 F1000
G01 X96.984375 Y-35.154018 Z10 F1000
G01 X96.928571 Y-35.154018 Z9.960784 F1000
G01 X96.872768 Y-35.154018 Z9.843137 F1000
G01 X96.816964 Y-35.154018 Z9.607843 F1000
G01 X96.761161 Y-35.154018 Z8.705882 F1000
G01 X96.705357 Y-35.154018 Z2.705882 F1000
G01 X96.649554 Y-35.154018 Z0.745098 F1000
G01 X96.59375 Y-35.154018 Z0.666667 F1000
G01 X96.537946 Y-35.154018 Z0.666667 F1000
G01 X96.482143 Y-35.154018 Z0.392157 F1000
G01 X96.314732 Y-35.154018 Z0.392157 F1000
G01 X96.258929 Y-35.154018 Z0.313725 F1000
G01 X96.203125 Y-35.154018 Z0.156863 F1000
G01 X95.979911 Y-35.154018 Z0.156863 F1000
G01 X95.924107 Y-35.154018 Z0.117647 F1000
G01 X95.533482 Y-35.154018 Z0.117647 F1000
G01 X95.477679 Y-35.154018 Z0.078431 F1000
G01 X94.975446 Y-35.154018 Z0.078431 F1000
G01 X94.919643 Y-35.154018 Z0.156863 F1000
G01 X94.808036 Y-35.154018 Z0.156863 F1000
G01 X94.752232 Y-35.154018 Z0.196078 F1000
G01 X94.696429 Y-35.154018 Z0.313725 F1000
G01 X93.747768 Y-35.154018 Z0.313725 F1000
G01 X93.691964 Y-35.154018 Z0.27451 F1000
G01 X93.636161 Y-35.154018 Z0.235294 F1000
G01 X93.580357 Y-35.154018 Z0.235294 F1000
G01 X93.524554 Y-35.154018 Z0.196078 F1000
G01 X93.189732 Y-35.154018 Z0.196078 F1000
G01 X93.133929 Y-35.154018 Z0.235294 F1000
G01 X92.185268 Y-35.154018 Z0.235294 F1000
G01 X92.129464 Y-35.154018 Z0.196078 F1000
G01 X91.850446 Y-35.154018 Z0.196078 F1000
G01 X91.794643 Y-35.154018 Z0.313725 F1000
G01 X91.683036 Y-35.154018 Z0.313725 F1000
G01 X91.627232 Y-35.154018 Z0.627451 F1000
G01 X91.571429 Y-35.154018 Z1.333333 F1000
G01 X91.515625 Y-35.154018 Z2.862745 F1000
G01 X91.459821 Y-35.154018 Z4.627451 F1000
G01 X91.404018 Y-35.154018 Z5.411765 F1000
G01 X91.348214 Y-35.154018 Z5.411765 F1000
G01 X91.292411 Y-35.154018 Z5.960784 F1000
G01 X91.236607 Y-35.154018 Z7.372549 F1000
G01 X91.180804 Y-35.154018 Z8.784314 F1000
G01 X91.125 Y-35.154018 Z9.607843 F1000
G01 X91.069196 Y-35.154018 Z9.921569 F1000
G01 X90.734375 Y-35.154018 Z9.921569 F1000
G01 X90.678571 Y-35.154018 Z9.960784 F1000
G01 X90.566964 Y-35.154018 Z9.960784 F1000
G01 X90.511161 Y-35.154018 Z10 F1000
G01 X9.540179 Y-35.154018 Z10 F1000
G01 X9.484375 Y-35.154018 Z9.960784 F1000
G01 X9.037946 Y-35.154018 Z9.960784 F1000
G01 X8.982143 Y-35.154018 Z9.843137 F1000
G01 X8.926339 Y-35.154018 Z9.372549 F1000
G01 X8.870536 Y-35.154018 Z8.313725 F1000
G01 X8.814732 Y-35.154018 Z7.372549 F1000
G01 X8.758929 Y-35.154018 Z6.313725 F1000
G01 X8.703125 Y-35.154018 Z5.254902 F1000
G01 X8.647321 Y-35.154018 Z4.705882 F1000
G01 X8.591518 Y-35.154018 Z3.960784 F1000
G01 X8.535714 Y-35.154018 Z2.901961 F1000
G01 X8.479911 Y-35.154018 Z2.039216 F1000
G01 X8.424107 Y-35.154018 Z0.862745 F1000
G01 X8.368304 Y-35.154018 Z0.352941 F1000
G01 X7.977679 Y-35.154018 Z0.352941 F1000
G01 X7.921875 Y-35.154018 Z0.470588 F1000
G01 X6.973214 Y-35.154018 Z0.470588 F1000
G01 X6.917411 Y-35.154018 Z0.392157 F1000
G01 X6.75 Y-35.154018 Z0.392157 F1000
G01 X6.694196 Y-35.154018 Z0.352941 F1000
G01 X6.024554 Y-35.154018 Z0.352941 F1000
G01 X5.96875 Y-35.154018 Z0.313725 F1000
G01 X5.857143 Y-35.154018 Z0.313725 F1000
G01 X5.801339 Y-35.154018 Z0.27451 F1000
G01 X5.522321 Y-35.154018 Z0.27451 F1000
G01 X5.466518 Y-35.154018 Z0.235294 F1000
G01 X5.410714 Y-35.154018 Z0.156863 F1000
G01 X5.1875 Y-35.154018 Z0.156863 F1000
G01 X5.131696 Y-35.154018 Z0.078431 F1000
G01 X4.964286 Y-35.154018 Z0.078431 F1000
G01 X4.908482 Y-35.154018 Z0.117647 F1000
G01 X4.071429 Y-35.154018 Z0.117647 F1000
G01 X4.015625 Y-35.154018 Z0.156863 F1000
G01 X3.792411 Y-35.154018 Z0.156863 F1000
G01 X3.736607 Y-35.154018 Z0.196078 F1000
G01 X3.569196 Y-35.154018 Z0.196078 F1000
G01 X3.513393 Y-35.154018 Z0.27451 F1000
G01 X3.457589 Y-35.154018 Z0.431373 F1000
G01 X3.401786 Y-35.154018 Z0.431373 F1000
G01 X3.345982 Y-35.154018 Z3.490196 F1000
G01 X3.290179 Y-35.154018 Z8.039216 F1000
G01 X3.234375 Y-35.154018 Z10 F1000
G01 X0.444196 Y-35.154018 Z10 F1000
G01 X0.444196 Y-35.209821 Z10 F1000
G01 X0.444196 Y-35.265625 Z10 F1000
G01 X0.444196 Y-35.321429 Z10 F1000
G01 X0.444196 Y-35.377232 Z10 F1000
G01 X0.444196 Y-35.433036 Z10 F1000
G01 X0.444196 Y-35.488839 Z10 F1000
G01 X0.444196 Y-35.544643 Z10 F1000
G01 X0.444196 Y-35.600446 Z10 F1000
G01 X0.444196 Y-35.65625 Z10 F1000
G01 X2.564732 Y-35.65625 Z10 F1000
G01 X2.620536 Y-35.65625 Z9.921569 F1000
G01 X2.676339 Y-35.65625 Z8.588235 F1000
G01 X2.732143 Y-35.65625 Z2.784314 F1000
G01 X2.787946 Y-35.65625 Z0.666667 F1000
G01 X2.84375 Y-35.65625 Z0.588235 F1000
G01 X2.899554 Y-35.65625 Z0.509804 F1000
G01 X2.955357 Y-35.65625 Z0.352941 F1000
G01 X3.011161 Y-35.65625 Z0.392157 F1000
G01 X3.066964 Y-35.65625 Z0.627451 F1000
G01 X3.401786 Y-35.65625 Z0.627451 F1000
G01 X3.457589 Y-35.65625 Z0.784314 F1000
G01 X3.569196 Y-35.65625 Z0.784314 F1000
G01 X3.625 Y-35.65625 Z2.039216 F1000
G01 X3.680804 Y-35.65625 Z5.137255 F1000
G01 X3.736607 Y-35.65625 Z8 F1000
G01 X3.792411 Y-35.65625 Z9.686275 F1000
G01 X3.848214 Y-35.65625 Z9.843137 F1000
G01 X4.015625 Y-35.65625 Z9.843137 F1000
G01 X4.071429 Y-35.65625 Z9.921569 F1000
G01 X4.127232 Y-35.65625 Z10 F1000
G01 X95.924107 Y-35.65625 Z10 F1000
G01 X95.979911 Y-35.65625 Z9.921569 F1000
G01 X96.203125 Y-35.65625 Z9.921569 F1000
G01 X96.258929 Y-35.65625 Z9.764706 F1000
G01 X96.314732 Y-35.65625 Z8.666667 F1000
G01 X96.370536 Y-35.65625 Z4.784314 F1000
G01 X96.426339 Y-35.65625 Z1.45098 F1000
G01 X96.482143 Y-35.65625 Z0.980392 F1000
G01 X96.59375 Y-35.65625 Z0.980392 F1000
G01 X96.649554 Y-35.65625 Z0.745098 F1000
G01 X96.705357 Y-35.65625 Z0.509804 F1000
G01 X96.816964 Y-35.65625 Z0.509804 F1000
G01 X96.872768 Y-35.65625 Z0.470588 F1000
G01 X97.151786 Y-35.65625 Z0.470588 F1000
G01 X97.207589 Y-35.65625 Z1.019608 F1000
G01 X97.263393 Y-35.65625 Z1.019608 F1000
G01 X97.319196 Y-35.65625 Z2.784314 F1000
G01 X97.375 Y-35.65625 Z8.431373 F1000
G01 X97.430804 Y-35.65625 Z9.843137 F1000
G01 X97.486607 Y-35.65625 Z9.960784 F1000
G01 X97.542411 Y-35.65625 Z10 F1000
G01 X99.551339 Y-35.65625 Z10 F1000
G01 X99.551339 Y-35.712054 Z10 F1000
G01 X99.551339 Y-35.767857 Z10 F1000
G01 X99.551339 Y-35.823661 Z10 F1000
G01 X99.551339 Y-35.879464 Z10 F1000
G01 X99.551339 Y-35.935268 Z10 F1000
G01 X99.551339 Y-35.991071 Z10 F1000
G01 X99.551339 Y-36.046875 Z10 F1000
G01 X99.551339 Y-36.102679 Z10 F1000
G01 X99.551339 Y-36.158482 Z10 F1000
G01 X97.821429 Y-36.158482 Z10 F1000
G01 X97.765625 Y-36.158482 Z8.431373 F1000
G01 X97.709821 Y-36.158482 Z2.313725 F1000
G01 X97.654018 Y-36.158482 Z0.705882 F1000
G01 X97.598214 Y-36.158482 Z0.352941 F1000
G01 X97.542411 Y-36.158482 Z0.196078 F1000
G01 X97.486607 Y-36.158482 Z0.156863 F1000
G01 X97.430804 Y-36.158482 Z0.196078 F1000
G01 X97.207589 Y-36.158482 Z0.196078 F1000
G01 X97.151786 Y-36.158482 Z0.470588 F1000
G01 X97.095982 Y-36.158482 Z0.823529 F1000
G01 X97.040179 Y-36.158482 Z6.039216 F1000
G01 X96.984375 Y-36.158482 Z10 F1000
G01 X3.066964 Y-36.158482 Z10 F1000
G01 X3.011161 Y-36.158482 Z5.686275 F1000
G01 X2.955357 Y-36.158482 Z0.588235 F1000
G01 X2.84375 Y-36.158482 Z0.588235 F1000
G01 X2.787946 Y-36.158482 Z0.392157 F1000
G01 X2.732143 Y-36.158482 Z0.392157 F1000
G01 X2.676339 Y-36.158482 Z0.352941 F1000
G01 X2.564732 Y-36.158482 Z0.352941 F1000
G01 X2.508929 Y-36.158482 Z0.54902 F1000
G01 X2.453125 Y-36.158482 Z0.823529 F1000
G01 X2.397321 Y-36.158482 Z0.823529 F1000
G01 X2.341518 Y-36.158482 Z2.941176 F1000
G01 X2.285714 Y-36.158482 Z8.431373 F1000
G01 X2.229911 Y-36.158482 Z9.921569 F1000
G01 X2.174107 Y-36.158482 Z10 F1000
G01 X0.444196 Y-36.158482 Z10 F1000
G01 X0.444196 Y-36.214286 Z10 F1000
G01 X0.444196 Y-36.270089 Z10 F1000
G01 X0.444196 Y-36.325893 Z10 F1000
G01 X0.444196 Y-36.381696 Z10 F1000
G01 X0.444196 Y-36.4375 Z10 F1000
G01 X0.444196 Y-36.493304 Z10 F1000
G01 X0.444196 Y-36.549107 Z10 F1000
G01 X0.444196 Y-36.604911 Z10 F1000
G01 X0.444196 Y-36.660714 Z10 F1000
G01 X1.950893 Y-36.660714 Z10 F1000
G01 X2.006696 Y-36.660714 Z9.921569 F1000
G01 X2.0625 Y-36.660714 Z3.058824 F1000
G01 X2.118304 Y-36.660714 Z0.745098 F1000
G01 X2.285714 Y-36.660714 Z0.745098 F1000
G01 X2.341518 Y-36.660714 Z0.27451 F1000
G01 X2.508929 Y-36.660714 Z0.27451 F1000
G01 X2.564732 Y-36.660714 Z0.431373 F1000
G01 X2.676339 Y-36.660714 Z0.431373 F1000
G01 X2.732143 Y-36.660714 Z0.509804 F1000
G01 X2.787946 Y-36.660714 Z9.843137 F1000
G01 X2.84375 Y-36.660714 Z9.960784 F1000
G01 X2.899554 Y-36.660714 Z10 F1000
G01 X97.207589 Y-36.660714 Z10 F1000
G01 X97.263393 Y-36.660714 Z8.980392 F1000
G01 X97.319196 Y-36.660714 Z0.588235 F1000
G01 X97.486607 Y-36.660714 Z0.588235 F1000
G01 X97.542411 Y-36.660714 Z0.352941 F1000
G01 X97.598214 Y-36.660714 Z0.352941 F1000
G01 X97.654018 Y-36.660714 Z0.431373 F1000
G01 X97.709821 Y-36.660714 Z0.431373 F1000
G01 X97.765625 Y-36.660714 Z0.627451 F1000
G01 X97.933036 Y-36.660714 Z0.627451 F1000
G01 X97.988839 Y-36.660714 Z3.176471 F1000
G01 X98.044643 Y-36.660714 Z9.921569 F1000
G01 X98.100446 Y-36.660714 Z9.960784 F1000
G01 X98.15625 Y-36.660714 Z9.960784 F1000
G01 X98.212054 Y-36.660714 Z10 F1000
G01 X99.551339 Y-36.660714 Z10 F1000
G01 X99.551339 Y-36.716518 Z10 F1000
G01 X99.551339 Y-36.772321 Z10 F1000
G01 X99.551339 Y-36.828125 Z10 F1000
G01 X99.551339 Y-36.883929 Z10 F1000
G01 X99.551339 Y-36.939732 Z10 F1000
G01 X99.551339 Y-36.995536 Z10 F1000
G01 X99.551339 Y-37.051339 Z10 F1000
G01 X99.551339 Y-37.107143 Z10 F1000
G01 X99.551339 Y-37.162946 Z10 F1000
G01 X98.212054 Y-37.162946 Z10 F1000
G01 X98.15625 Y-37.162946 Z2.117647 F1000
G01 X98.100446 Y-37.162946 Z0.235294 F1000
G01 X98.044643 Y-37.162946 Z0.235294 F1000
G01 X97.988839 Y-37.162946 Z0.156863 F1000
G01 X97.654018 Y-37.162946 Z0.156863 F1000
G01 X97.598214 Y-37.162946 Z0.352941 F1000
G01 X97.542411 Y-37.162946 Z0.470588 F1000
G01 X97.486607 Y-37.162946 Z0.588235 F1000
G01 X97.375 Y-37.162946 Z0.588235 F1000
G01 X97.319196 Y-37.162946 Z10 F1000
G01 X2.732143 Y-37.162946 Z10 F1000
G01 X2.676339 Y-37.162946 Z0.941176 F1000
G01 X2.620536 Y-37.162946 Z0.54902 F1000
G01 X2.564732 Y-37.162946 Z0.54902 F1000
G01 X2.508929 Y-37.162946 Z0.509804 F1000
G01 X2.453125 Y-37.162946 Z0.196078 F1000
G01 X2.341518 Y-37.162946 Z0.196078 F1000
G01 X2.285714 Y-37.162946 Z0.156863 F1000
G01 X2.229911 Y-37.162946 Z0.117647 F1000
G01 X2.118304 Y-37.162946 Z0.117647 F1000
G01 X2.0625 Y-37.162946 Z0.313725 F1000
G01 X2.006696 Y-37.162946 Z0.392157 F1000
G01 X1.950893 Y-37.162946 Z0.509804 F1000
G01 X1.895089 Y-37.162946 Z2.117647 F1000
G01 X1.839286 Y-37.162946 Z9.921569 F1000
G01 X1.783482 Y-37.162946 Z10 F1000
G01 X0.444196 Y-37.162946 Z10 F1000
G01 X0.444196 Y-37.21875 Z10 F1000
G01 X0.444196 Y-37.274554 Z10 F1000
G01 X0.444196 Y-37.330357 Z10 F1000
G01 X0.444196 Y-37.386161 Z10 F1000
G01 X0.444196 Y-37.441964 Z10 F1000
G01 X0.444196 Y-37.497768 Z10 F1000
G01 X0.444196 Y-37.553571 Z10 F1000
G01 X0.444196 Y-37.609375 Z10 F1000
G01 X0.444196 Y-37.665179 Z10 F1000
G01 X1.727679 Y-37.665179 Z10 F1000
G01 X1.783482 Y-37.665179 Z9.921569 F1000
G01 X1.839286 Y-37.665179 Z1.294118 F1000
G01 X1.895089 Y-37.665179 Z0.431373 F1000
G01 X1.950893 Y-37.665179 Z0.313725 F1000
G01 X2.0625 Y-37.665179 Z0.313725 F1000
G01 X2.118304 Y-37.665179 Z0.078431 F1000
G01 X2.229911 Y-37.665179 Z0.078431 F1000
G01 X2.285714 Y-37.665179 Z0.156863 F1000
G01 X2.453125 Y-37.665179 Z0.156863 F1000
G01 X2.508929 Y-37.665179 Z0.509804 F1000
G01 X2.564732 Y-37.665179 Z0.54902 F1000
G01 X2.620536 Y-37.665179 Z0.54902 F1000
G01 X2.676339 Y-37.665179 Z0.941176 F1000
G01 X2.732143 Y-37.665179 Z10 F1000
G01 X97.319196 Y-37.665179 Z10 F1000
G01 X97.375 Y-37.665179 Z0.823529 F1000
G01 X97.542411 Y-37.665179 Z0.823529 F1000
G01 X97.598214 Y-37.665179 Z0.352941 F1000
G01 X97.654018 Y-37.665179 Z0.156863 F1000
G01 X97.709821 Y-37.665179 Z0.156863 F1000
G01 X97.765625 Y-37.665179 Z0.117647 F1000
G01 X97.988839 Y-37.665179 Z0.117647 F1000
G01 X98.044643 Y-37.665179 Z0.27451 F1000
G01 X98.100446 Y-37.665179 Z0.27451 F1000
G01 X98.15625 Y-37.665179 Z0.54902 F1000
G01 X98.212054 Y-37.665179 Z0.705882 F1000
G01 X98.267857 Y-37.665179 Z9.960784 F1000
G01 X98.323661 Y-37.665179 Z10 F1000
G01 X99.551339 Y-37.665179 Z10 F1000
G01 X99.551339 Y-37.720982 Z10 F1000
G01 X99.551339 Y-37.776786 Z10 F1000
G01 X99.551339 Y-37.832589 Z10 F1000
G01 X99.551339 Y-37.888393 Z10 F1000
G01 X99.551339 Y-37.944196 Z10 F1000
G01 X99.551339 Y-38 Z10 F1000
G01 X99.551339 Y-38.055804 Z10 F1000
G01 X99.551339 Y-38.111607 Z10 F1000
G01 X99.551339 Y-38.167411 Z10 F1000
G01 X98.212054 Y-38.167411 Z10 F1000
G01 X98.15625 Y-38.167411 Z9.764706 F1000
G01 X98.100446 Y-38.167411 Z5.72549 F1000
G01 X98.044643 Y-38.167411 Z0.862745 F1000
G01 X97.709821 Y-38.167411 Z0.862745 F1000
G01 X97.654018 Y-38.167411 Z0.156863 F1000
G01 X97.598214 Y-38.167411 Z0.352941 F1000
G01 X97.542411 Y-38.167411 Z0.823529 F1000
G01 X97.375 Y-38.167411 Z0.823529 F1000
G01 X97.319196 Y-38.167411 Z9.803922 F1000
G01 X97.263393 Y-38.167411 Z10 F1000
G01 X2.787946 Y-38.167411 Z10 F1000
G01 X2.732143 Y-38.167411 Z9.529412 F1000
G01 X2.676339 Y-38.167411 Z0.392157 F1000
G01 X2.620536 Y-38.167411 Z0.392157 F1000
G01 X2.564732 Y-38.167411 Z0.313725 F1000
G01 X2.508929 Y-38.167411 Z0.235294 F1000
G01 X2.453125 Y-38.167411 Z0.352941 F1000
G01 X2.0625 Y-38.167411 Z0.352941 F1000
G01 X2.006696 Y-38.167411 Z0.470588 F1000
G01 X1.950893 Y-38.167411 Z4.588235 F1000
G01 X1.895089 Y-38.167411 Z10 F1000
G01 X0.444196 Y-38.167411 Z10 F1000
G01 X0.444196 Y-38.223214 Z10 F1000
G01 X0.444196 Y-38.279018 Z10 F1000
G01 X0.444196 Y-38.334821 Z10 F1000
G01 X0.444196 Y-38.390625 Z10 F1000
G01 X0.444196 Y-38.446429 Z10 F1000
G01 X0.444196 Y-38.502232 Z10 F1000
G01 X0.444196 Y-38.558036 Z10 F1000
G01 X0.444196 Y-38.613839 Z10 F1000
G01 X0.444196 Y-38.669643 Z10 F1000
G01 X2.0625 Y-38.669643 Z10 F1000
G01 X2.118304 Y-38.669643 Z9.803922 F1000
G01 X2.174107 Y-38.669643 Z5.333333 F1000
G01 X2.229911 Y-38.669643 Z0.588235 F1000
G01 X2.285714 Y-38.669643 Z0.470588 F1000
G01 X2.341518 Y-38.669643 Z0.431373 F1000
G01 X2.508929 Y-38.669643 Z0.431373 F1000
G01 X2.564732 Y-38.669643 Z0.235294 F1000
G01 X2.620536 Y-38.669643 Z0.392157 F1000
G01 X2.732143 Y-38.669643 Z0.392157 F1000
G01 X2.787946 Y-38.669643 Z0.588235 F1000
G01 X2.84375 Y-38.669643 Z3.215686 F1000
G01 X2.899554 Y-38.669643 Z9.843137 F1000
G01 X2.955357 Y-38.669643 Z9.921569 F1000
G01 X3.011161 Y-38.669643 Z9.960784 F1000
G01 X3.066964 Y-38.669643 Z10 F1000
G01 X97.151786 Y-38.669643 Z10 F1000
G01 X97.207589 Y-38.669643 Z3.098039 F1000
G01 X97.263393 Y-38.669643 Z1.098039 F1000
G01 X97.319196 Y-38.669643 Z0.54902 F1000
G01 X97.375 Y-38.669643 Z0.431373 F1000
G01 X97.598214 Y-38.669643 Z0.431373 F1000
G01 X97.654018 Y-38.669643 Z0.470588 F1000
G01 X97.709821 Y-38.669643 Z0.862745 F1000
G01 X97.821429 Y-38.669643 Z0.862745 F1000
G01 X97.877232 Y-38.669643 Z5.137255 F1000
G01 X97.933036 Y-38.669643 Z9.529412 F1000
G01 X97.988839 Y-38.669643 Z10 F1000
G01 X99.551339 Y-38.669643 Z10 F1000
G01 X99.551339 Y-38.725446 Z10 F1000
G01 X99.551339 Y-38.78125 Z10 F1000
G01 X99.551339 Y-38.837054 Z10 F1000
G01 X99.551339 Y-38.892857 Z10 F1000
G01 X99.551339 Y-38.948661 Z10 F1000
G01 X99.551339 Y-39.004464 Z10 F1000
G01 X99.551339 Y-39.060268 Z10 F1000
G01 X99.551339 Y-39.116071 Z10 F1000
G01 X99.551339 Y-39.171875 Z10 F1000
G01 X97.654018 Y-39.171875 Z10 F1000
G01 X97.598214 Y-39.171875 Z9.960784 F1000
G01 X97.542411 Y-39.171875 Z6.078431 F1000
G01 X97.486607 Y-39.171875 Z1.098039 F1000
G01 X97.151786 Y-39.171875 Z1.098039 F1000
G01 X97.095982 Y-39.171875 Z0.941176 F1000
G01 X96.872768 Y-39.171875 Z0.941176 F1000
G01 X96.816964 Y-39.171875 Z1.72549 F1000
G01 X96.761161 Y-39.171875 Z6.862745 F1000
G01 X96.705357 Y-39.171875 Z9.921569 F1000
G01 X96.649554 Y-39.171875 Z9.921569 F1000
G01 X96.59375 Y-39.171875 Z10 F1000
G01 X3.569196 Y-39.171875 Z10 F1000
G01 X3.513393 Y-39.171875 Z9.960784 F1000
G01 X3.345982 Y-39.171875 Z9.960784 F1000
G01 X3.290179 Y-39.171875 Z6.666667 F1000
G01 X3.234375 Y-39.171875 Z2.745098 F1000
G01 X3.178571 Y-39.171875 Z0.54902 F1000
G01 X2.955357 Y-39.171875 Z0.54902 F1000
G01 X2.899554 Y-39.171875 Z1.098039 F1000
G01 X2.84375 Y-39.171875 Z1.45098 F1000
G01 X2.564732 Y-39.171875 Z1.45098 F1000
G01 X2.508929 Y-39.171875 Z5.490196 F1000
G01 X2.453125 Y-39.171875 Z9.843137 F1000
G01 X2.397321 Y-39.171875 Z9.843137 F1000
G01 X2.341518 Y-39.171875 Z10 F1000
G01 X0.444196 Y-39.171875 Z10 F1000
G01 X0.444196 Y-39.227679 Z10 F1000
G01 X0.444196 Y-39.283482 Z10 F1000
G01 X0.444196 Y-39.339286 Z10 F1000
G01 X0.444196 Y-39.395089 Z10 F1000
G01 X0.444196 Y-39.450893 Z10 F1000
G01 X0.444196 Y-39.506696 Z10 F1000
G01 X0.444196 Y-39.5625 Z10 F1000
G01 X0.444196 Y-39.618304 Z10 F1000
G01 X0.444196 Y-39.674107 Z10 F1000
G01 X2.787946 Y-39.674107 Z10 F1000
G01 X2.84375 Y-39.674107 Z9.960784 F1000
G01 X2.899554 Y-39.674107 Z9.960784 F1000
G01 X2.955357 Y-39.674107 Z9.294118 F1000
G01 X3.011161 Y-39.674107 Z5.843137 F1000
G01 X3.066964 Y-39.674107 Z0.823529 F1000
G01 X3.122768 Y-39.674107 Z0.705882 F1000
G01 X3.290179 Y-39.674107 Z0.705882 F1000
G01 X3.345982 Y-39.674107 Z0.431373 F1000
G01 X3.401786 Y-39.674107 Z0.705882 F1000
G01 X3.457589 Y-39.674107 Z0.705882 F1000
G01 X3.513393 Y-39.674107 Z0.823529 F1000
G01 X3.680804 Y-39.674107 Z0.823529 F1000
G01 X3.736607 Y-39.674107 Z0.941176 F1000
G01 X3.792411 Y-39.674107 Z1.058824 F1000
G01 X3.848214 Y-39.674107 Z4.862745 F1000
G01 X3.904018 Y-39.674107 Z10 F1000
G01 X96.147321 Y-39.674107 Z10 F1000
G01 X96.203125 Y-39.674107 Z4.980392 F1000
G01 X96.258929 Y-39.674107 Z0.980392 F1000
G01 X96.314732 Y-39.674107 Z0.745098 F1000
G01 X96.370536 Y-39.674107 Z0.588235 F1000
G01 X96.649554 Y-39.674107 Z0.588235 F1000
G01 X96.705357 Y-39.674107 Z0.666667 F1000
G01 X96.761161 Y-39.674107 Z1.176471 F1000
G01 X96.984375 Y-39.674107 Z1.176471 F1000
G01 X97.040179 Y-39.674107 Z5.686275 F1000
G01 X97.095982 Y-39.674107 Z9.137255 F1000
G01 X97.151786 Y-39.674107 Z10 F1000
G01 X99.551339 Y-39.674107 Z10 F1000
G01 X99.551339 Y-39.729911 Z10 F1000
G01 X99.551339 Y-39.785714 Z10 F1000
G01 X99.551339 Y-39.841518 Z10 F1000
G01 X99.551339 Y-39.897321 Z10 F1000
G01 X99.551339 Y-39.953125 Z10 F1000
G01 X99.551339 Y-40.008929 Z10 F1000
G01 X99.551339 Y-40.064732 Z10 F1000
G01 X99.551339 Y-40.120536 Z10 F1000
G01 X99.551339 Y-40.176339 Z10 F1000
G01 X96.537946 Y-40.176339 Z10 F1000
G01 X96.482143 Y-40.176339 Z6.941176 F1000
G01 X96.426339 Y-40.176339 Z1.647059 F1000
G01 X96.370536 Y-40.176339 Z0.901961 F1000
G01 X96.314732 Y-40.176339 Z0.745098 F1000
G01 X96.258929 Y-40.176339 Z0.666667 F1000
G01 X96.203125 Y-40.176339 Z0.235294 F1000
G01 X96.091518 Y-40.176339 Z0.235294 F1000
G01 X96.035714 Y-40.176339 Z0.196078 F1000
G01 X95.979911 Y-40.176339 Z0.156863 F1000
G01 X95.868304 Y-40.176339 Z0.156863 F1000
G01 X95.8125 Y-40.176339 Z0.941176 F1000
G01 X95.756696 Y-40.176339 Z1.137255 F1000
G01 X95.700893 Y-40.176339 Z1.137255 F1000
G01 X95.645089 Y-40.176339 Z3.921569 F1000
G01 X95.589286 Y-40.176339 Z9.254902 F1000
G01 X95.533482 Y-40.176339 Z9.960784 F1000
G01 X95.477679 Y-40.176339 Z9.960784 F1000
G01 X95.421875 Y-40.176339 Z10 F1000
G01 X4.517857 Y-40.176339 Z10 F1000
G01 X4.462054 Y-40.176339 Z9.215686 F1000
G01 X4.40625 Y-40.176339 Z3.254902 F1000
G01 X4.350446 Y-40.176339 Z0.627451 F1000
G01 X4.071429 Y-40.176339 Z0.627451 F1000
G01 X4.015625 Y-40.176339 Z0.392157 F1000
G01 X3.904018 Y-40.176339 Z0.392157 F1000
G01 X3.848214 Y-40.176339 Z0.627451 F1000
G01 X3.792411 Y-40.176339 Z0.627451 F1000
G01 X3.736607 Y-40.176339 Z0.784314 F1000
G01 X3.680804 Y-40.176339 Z0.784314 F1000
G01 X3.625 Y-40.176339 Z1.45098 F1000
G01 X3.569196 Y-40.176339 Z7.137255 F1000
G01 X3.513393 Y-40.176339 Z9.921569 F1000
G01 X3.457589 Y-40.176339 Z9.921569 F1000
G01 X3.401786 Y-40.176339 Z10 F1000
G01 X0.444196 Y-40.176339 Z10 F1000
G01 X0.444196 Y-40.232143 Z10 F1000
G01 X0.444196 Y-40.287946 Z10 F1000
G01 X0.444196 Y-40.34375 Z10 F1000
G01 X0.444196 Y-40.399554 Z10 F1000
G01 X0.444196 Y-40.455357 Z10 F1000
G01 X0.444196 Y-40.511161 Z10 F1000
G01 X0.444196 Y-40.566964 Z10 F1000
G01 X0.444196 Y-40.622768 Z10 F1000
G01 X0.444196 Y-40.678571 Z10 F1000
G01 X4.071429 Y-40.678571 Z10 F1000
G01 X4.127232 Y-40.678571 Z8.352941 F1000
G01 X4.183036 Y-40.678571 Z1.960784 F1000
G01 X4.238839 Y-40.678571 Z1.215686 F1000
G01 X4.294643 Y-40.678571 Z0.470588 F1000
G01 X4.350446 Y-40.678571 Z0.117647 F1000
G01 X4.462054 Y-40.678571 Z0.117647 F1000
G01 X4.517857 Y-40.678571 Z0.196078 F1000
G01 X4.685268 Y-40.678571 Z0.196078 F1000
G01 X4.741071 Y-40.678571 Z0.392157 F1000
G01 X4.796875 Y-40.678571 Z0.627451 F1000
G01 X4.852679 Y-40.678571 Z0.745098 F1000
G01 X4.908482 Y-40.678571 Z1.411765 F1000
G01 X4.964286 Y-40.678571 Z2.352941 F1000
G01 X5.020089 Y-40.678571 Z8 F1000
G01 X5.075893 Y-40.678571 Z9.921569 F1000
G01 X5.131696 Y-40.678571 Z9.921569 F1000
G01 X5.1875 Y-40.678571 Z10 F1000
G01 X94.863839 Y-40.678571 Z10 F1000
G01 X94.919643 Y-40.678571 Z9.921569 F1000
G01 X94.975446 Y-40.678571 Z9.882353 F1000
G01 X95.03125 Y-40.678571 Z7.490196 F1000
G01 X95.087054 Y-40.678571 Z2.823529 F1000
G01 X95.142857 Y-40.678571 Z0.470588 F1000
G01 X95.198661 Y-40.678571 Z0.470588 F1000
G01 X95.254464 Y-40.678571 Z0.392157 F1000
G01 X95.366071 Y-40.678571 Z0.392157 F1000
G01 X95.421875 Y-40.678571 Z0.431373 F1000
G01 X95.589286 Y-40.678571 Z0.431373 F1000
G01 X95.645089 Y-40.678571 Z0.54902 F1000
G01 X95.8125 Y-40.678571 Z0.54902 F1000
G01 X95.868304 Y-40.678571 Z1.490196 F1000
G01 X95.924107 Y-40.678571 Z8.705882 F1000
G01 X95.979911 Y-40.678571 Z10 F1000
G01 X99.551339 Y-40.678571 Z10 F1000
G01 X99.551339 Y-40.734375 Z10 F1000
G01 X99.551339 Y-40.790179 Z10 F1000
G01 X99.551339 Y-40.845982 Z10 F1000
G01 X99.551339 Y-40.901786 Z10 F1000
G01 X99.551339 Y-40.957589 Z10 F1000
G01 X99.551339 Y-41.013393 Z10 F1000
G01 X99.551339 Y-41.069196 Z10 F1000
G01 X99.551339 Y-41.125 Z10 F1000
G01 X99.551339 Y-41.180804 Z10 F1000
G01 X95.645089 Y-41.180804 Z10 F1000
G01 X95.589286 Y-41.180804 Z9.921569 F1000
G01 X95.533482 Y-41.180804 Z9.882353 F1000
G01 X95.477679 Y-41.180804 Z9.882353 F1000
G01 X95.421875 Y-41.180804 Z9.568627 F1000
G01 X95.366071 Y-41.180804 Z9.568627 F1000
G01 X95.310268 Y-41.180804 Z3.372549 F1000
G01 X95.254464 Y-41.180804 Z1.411765 F1000
G01 X95.198661 Y-41.180804 Z0.588235 F1000
G01 X95.087054 Y-41.180804 Z0.588235 F1000
G01 X95.03125 Y-41.180804 Z0.431373 F1000
G01 X94.975446 Y-41.180804 Z0.313725 F1000
G01 X94.919643 Y-41.180804 Z0.588235 F1000
G01 X94.863839 Y-41.180804 Z0.705882 F1000
G01 X94.584821 Y-41.180804 Z0.705882 F1000
G01 X94.529018 Y-41.180804 Z1.176471 F1000
G01 X94.473214 Y-41.180804 Z6.862745 F1000
G01 X94.417411 Y-41.180804 Z9.647059 F1000
G01 X94.361607 Y-41.180804 Z9.960784 F1000
G01 X94.305804 Y-41.180804 Z10 F1000
G01 X5.689732 Y-41.180804 Z10 F1000
G01 X5.633929 Y-41.180804 Z9.72549 F1000
G01 X5.578125 Y-41.180804 Z6.431373 F1000
G01 X5.522321 Y-41.180804 Z1.372549 F1000
G01 X5.466518 Y-41.180804 Z0.588235 F1000
G01 X5.410714 Y-41.180804 Z0.588235 F1000
G01 X5.354911 Y-41.180804 Z0.431373 F1000
G01 X5.243304 Y-41.180804 Z0.431373 F1000
G01 X5.1875 Y-41.180804 Z0.470588 F1000
G01 X5.131696 Y-41.180804 Z0.470588 F1000
G01 X5.075893 Y-41.180804 Z0.54902 F1000
G01 X4.964286 Y-41.180804 Z0.54902 F1000
G01 X4.908482 Y-41.180804 Z0.745098 F1000
G01 X4.852679 Y-41.180804 Z0.745098 F1000
G01 X4.796875 Y-41.180804 Z1.098039 F1000
G01 X4.741071 Y-41.180804 Z4.078431 F1000
G01 X4.685268 Y-41.180804 Z9.803922 F1000
G01 X4.629464 Y-41.180804 Z9.803922 F1000
G01 X4.573661 Y-41.180804 Z10 F1000
G01 X0.444196 Y-41.180804 Z10 F1000
G01 X0.444196 Y-41.236607 Z10 F1000
G01 X0.444196 Y-41.292411 Z10 F1000
G01 X0.444196 Y-41.348214 Z10 F1000
G01 X0.444196 Y-41.404018 Z10 F1000
G01 X0.444196 Y-41.459821 Z10 F1000
G01 X0.444196 Y-41.515625 Z10 F1000
G01 X0.444196 Y-41.571429 Z10 F1000
G01 X0.444196 Y-41.627232 Z10 F1000
G01 X0.444196 Y-41.683036 Z10 F1000
G01 X5.131696 Y-41.683036 Z10 F1000
G01 X5.1875 Y-41.683036 Z9.921569 F1000
G01 X5.243304 Y-41.683036 Z9.647059 F1000
G01 X5.299107 Y-41.683036 Z5.254902 F1000
G01 X5.354911 Y-41.683036 Z1.176471 F1000
G01 X5.410714 Y-41.683036 Z0.352941 F1000
G01 X5.466518 Y-41.683036 Z0.27451 F1000
G01 X5.522321 Y-41.683036 Z0.27451 F1000
G01 X5.578125 Y-41.683036 Z0.235294 F1000
G01 X5.633929 Y-41.683036 Z0.745098 F1000
G01 X6.024554 Y-41.683036 Z0.745098 F1000
G01 X6.080357 Y-41.683036 Z1.254902 F1000
G01 X6.136161 Y-41.683036 Z5.058824 F1000
G01 X6.191964 Y-41.683036 Z9.215686 F1000
G01 X6.247768 Y-41.683036 Z9.960784 F1000
G01 X6.303571 Y-41.683036 Z10 F1000
G01 X93.747768 Y-41.683036 Z10 F1000
G01 X93.803571 Y-41.683036 Z9.882353 F1000
G01 X93.859375 Y-41.683036 Z9.490196 F1000
G01 X93.915179 Y-41.683036 Z4.313725 F1000
G01 X93.970982 Y-41.683036 Z1.294118 F1000
G01 X94.082589 Y-41.683036 Z1.294118 F1000
G01 X94.138393 Y-41.683036 Z0.705882 F1000
G01 X94.194196 Y-41.683036 Z0.54902 F1000
G01 X94.25 Y-41.683036 Z0.470588 F1000
G01 X94.473214 Y-41.683036 Z0.470588 F1000
G01 X94.529018 Y-41.683036 Z0.862745 F1000
G01 X94.640625 Y-41.683036 Z0.862745 F1000
G01 X94.696429 Y-41.683036 Z1.215686 F1000
G01 X94.752232 Y-41.683036 Z5.882353 F1000
G01 X94.808036 Y-41.683036 Z10 F1000
G01 X99.551339 Y-41.683036 Z10 F1000
G01 X99.551339 Y-41.738839 Z10 F1000
G01 X99.551339 Y-41.794643 Z10 F1000
G01 X99.551339 Y-41.850446 Z10 F1000
G01 X99.551339 Y-41.90625 Z10 F1000
G01 X99.551339 Y-41.962054 Z10 F1000
G01 X99.551339 Y-42.017857 Z10 F1000
G01 X99.551339 Y-42.073661 Z10 F1000
G01 X99.551339 Y-42.129464 Z10 F1000
G01 X99.551339 Y-42.185268 Z10 F1000
G01 X94.25 Y-42.185268 Z10 F1000
G01 X94.194196 Y-42.185268 Z7.372549 F1000
G01 X94.138393 Y-42.185268 Z2.980392 F1000
G01 X94.082589 Y-42.185268 Z0.941176 F1000
G01 X94.026786 Y-42.185268 Z0.941176 F1000
G01 X93.970982 Y-42.185268 Z0.313725 F1000
G01 X93.859375 Y-42.185268 Z0.313725 F1000
G01 X93.803571 Y-42.185268 Z0.54902 F1000
G01 X93.691964 Y-42.185268 Z0.54902 F1000
G01 X93.636161 Y-42.185268 Z0.745098 F1000
G01 X93.412946 Y-42.185268 Z0.745098 F1000
G01 X93.357143 Y-42.185268 Z2.784314 F1000
G01 X93.301339 Y-42.185268 Z8.352941 F1000
G01 X93.245536 Y-42.185268 Z9.882353 F1000
G01 X93.189732 Y-42.185268 Z9.921569 F1000
G01 X93.133929 Y-42.185268 Z10 F1000
G01 X6.805804 Y-42.185268 Z10 F1000
G01 X6.75 Y-42.185268 Z8 F1000
G01 X6.694196 Y-42.185268 Z2.941176 F1000
G01 X6.638393 Y-42.185268 Z1.098039 F1000
G01 X6.415179 Y-42.185268 Z1.098039 F1000
G01 X6.359375 Y-42.185268 Z0.431373 F1000
G01 X6.136161 Y-42.185268 Z0.431373 F1000
G01 X6.080357 Y-42.185268 Z0.745098 F1000
G01 X6.024554 Y-42.185268 Z0.784314 F1000
G01 X5.96875 Y-42.185268 Z0.862745 F1000
G01 X5.912946 Y-42.185268 Z2.627451 F1000
G01 X5.857143 Y-42.185268 Z8.313725 F1000
G01 X5.801339 Y-42.185268 Z9.921569 F1000
G01 X5.745536 Y-42.185268 Z9.921569 F1000
G01 X5.689732 Y-42.185268 Z10 F1000
G01 X0.444196 Y-42.185268 Z10 F1000
G01 X0.444196 Y-42.241071 Z10 F1000
G01 X0.444196 Y-42.296875 Z10 F1000
G01 X0.444196 Y-42.352679 Z10 F1000
G01 X0.444196 Y-42.408482 Z10 F1000
G01 X0.444196 Y-42.464286 Z10 F1000
G01 X0.444196 Y-42.520089 Z10 F1000
G01 X0.444196 Y-42.575893 Z10 F1000
G01 X0.444196 Y-42.631696 Z10 F1000
G01 X0.444196 Y-42.6875 Z10 F1000
G01 X6.191964 Y-42.6875 Z10 F1000
G01 X6.247768 Y-42.6875 Z9.921569 F1000
G01 X6.303571 Y-42.6875 Z9.843137 F1000
G01 X6.359375 Y-42.6875 Z9.686275 F1000
G01 X6.415179 Y-42.6875 Z8.235294 F1000
G01 X6.470982 Y-42.6875 Z4.196078 F1000
G01 X6.526786 Y-42.6875 Z0.901961 F1000
G01 X6.917411 Y-42.6875 Z0.901961 F1000
G01 X6.973214 Y-42.6875 Z0.705882 F1000
G01 X7.029018 Y-42.6875 Z0.392157 F1000
G01 X7.084821 Y-42.6875 Z0.392157 F1000
G01 X7.140625 Y-42.6875 Z0.509804 F1000
G01 X7.196429 Y-42.6875 Z0.509804 F1000
G01 X7.252232 Y-42.6875 Z1.921569 F1000
G01 X7.308036 Y-42.6875 Z6.196078 F1000
G01 X7.363839 Y-42.6875 Z9.764706 F1000
G01 X7.419643 Y-42.6875 Z9.921569 F1000
G01 X7.475446 Y-42.6875 Z9.921569 F1000
G01 X7.53125 Y-42.6875 Z9.960784 F1000
G01 X7.587054 Y-42.6875 Z10 F1000
G01 X92.631696 Y-42.6875 Z10 F1000
G01 X92.6875 Y-42.6875 Z9.843137 F1000
G01 X92.743304 Y-42.6875 Z6.941176 F1000
G01 X92.799107 Y-42.6875 Z1.803922 F1000
G01 X92.854911 Y-42.6875 Z0.666667 F1000
G01 X92.910714 Y-42.6875 Z0.588235 F1000
G01 X93.078125 Y-42.6875 Z0.588235 F1000
G01 X93.133929 Y-42.6875 Z0.901961 F1000
G01 X93.189732 Y-42.6875 Z0.901961 F1000
G01 X93.245536 Y-42.6875 Z1.254902 F1000
G01 X93.357143 Y-42.6875 Z1.254902 F1000
G01 X93.412946 Y-42.6875 Z1.411765 F1000
G01 X93.524554 Y-42.6875 Z1.411765 F1000
G01 X93.580357 Y-42.6875 Z4.705882 F1000
G01 X93.636161 Y-42.6875 Z8.431373 F1000
G01 X93.691964 Y-42.6875 Z10 F1000
G01 X99.551339 Y-42.6875 Z10 F1000
G01 X99.551339 Y-42.743304 Z10 F1000
G01 X99.551339 Y-42.799107 Z10 F1000
G01 X99.551339 Y-42.854911 Z10 F1000
G01 X99.551339 Y-42.910714 Z10 F1000
G01 X99.551339 Y-42.966518 Z10 F1000
G01 X99.551339 Y-43.022321 Z10 F1000
G01 X99.551339 Y-43.078125 Z10 F1000
G01 X99.551339 Y-43.133929 Z10 F1000
G01 X99.551339 Y-43.189732 Z10 F1000
G01 X93.189732 Y-43.189732 Z10 F1000
G01 X93.133929 Y-43.189732 Z9.960784 F1000
G01 X93.078125 Y-43.189732 Z9.960784 F1000
G01 X93.022321 Y-43.189732 Z6.54902 F1000
G01 X92.966518 Y-43.189732 Z0.901961 F1000
G01 X92.799107 Y-43.189732 Z0.901961 F1000
G01 X92.743304 Y-43.189732 Z0.666667 F1000
G01 X92.6875 Y-43.189732 Z0.509804 F1000
G01 X92.631696 Y-43.189732 Z0.196078 F1000
G01 X92.520089 Y-43.189732 Z0.196078 F1000
G01 X92.464286 Y-43.189732 Z0.156863 F1000
G01 X92.296875 Y-43.189732 Z0.156863 F1000
G01 X92.241071 Y-43.189732 Z0.666667 F1000
G01 X92.185268 Y-43.189732 Z6.156863 F1000
G01 X92.129464 Y-43.189732 Z9.098039 F1000
G01 X92.073661 Y-43.189732 Z10 F1000
G01 X7.977679 Y-43.189732 Z10 F1000
G01 X7.921875 Y-43.189732 Z9.803922 F1000
G01 X7.866071 Y-43.189732 Z5.72549 F1000
G01 X7.810268 Y-43.189732 Z0.588235 F1000
G01 X7.698661 Y-43.189732 Z0.588235 F1000
G01 X7.642857 Y-43.189732 Z0.509804 F1000
G01 X7.587054 Y-43.189732 Z0.431373 F1000
G01 X7.53125 Y-43.189732 Z0.431373 F1000
G01 X7.475446 Y-43.189732 Z0.352941 F1000
G01 X7.419643 Y-43.189732 Z0.784314 F1000
G01 X7.363839 Y-43.189732 Z0.901961 F1000
G01 X7.308036 Y-43.189732 Z1.098039 F1000
G01 X7.084821 Y-43.189732 Z1.098039 F1000
G01 X7.029018 Y-43.189732 Z6.196078 F1000
G01 X6.973214 Y-43.189732 Z9.019608 F1000
G01 X6.917411 Y-43.189732 Z9.921569 F1000
G01 X6.861607 Y-43.189732 Z10 F1000
G01 X0.444196 Y-43.189732 Z10 F1000
G01 X0.444196 Y-43.245536 Z10 F1000
G01 X0.444196 Y-43.301339 Z10 F1000
G01 X0.444196 Y-43.357143 Z10 F1000
G01 X0.444196 Y-43.412946 Z10 F1000
G01 X0.444196 Y-43.46875 Z10 F1000
G01 X0.444196 Y-43.524554 Z10 F1000
G01 X0.444196 Y-43.580357 Z10 F1000
G01 X0.444196 Y-43.636161 Z10 F1000
G01 X0.444196 Y-43.691964 Z10 F1000
G01 X7.53125 Y-43.691964 Z10 F1000
G01 X7.587054 Y-43.691964 Z7.294118 F1000
G01 X7.642857 Y-43.691964 Z1.254902 F1000
G01 X7.698661 Y-43.691964 Z0.705882 F1000
G01 X7.754464 Y-43.691964 Z0.705882 F1000
G01 X7.810268 Y-43.691964 Z0.54902 F1000
G01 X7.866071 Y-43.691964 Z0.54902 F1000
G01 X7.921875 Y-43.691964 Z0.156863 F1000
G01 X7.977679 Y-43.691964 Z0.156863 F1000
G01 X8.033482 Y-43.691964 Z0.196078 F1000
G01 X8.256696 Y-43.691964 Z0.196078 F1000
G01 X8.3125 Y-43.691964 Z0.470588 F1000
G01 X8.368304 Y-43.691964 Z1.019608 F1000
G01 X8.424107 Y-43.691964 Z3.372549 F1000
G01 X8.479911 Y-43.691964 Z8.862745 F1000
G01 X8.535714 Y-43.691964 Z10 F1000
G01 X91.348214 Y-43.691964 Z10 F1000
G01 X91.404018 Y-43.691964 Z9.960784 F1000
G01 X91.515625 Y-43.691964 Z9.960784 F1000
G01 X91.571429 Y-43.691964 Z9.137255 F1000
G01 X91.627232 Y-43.691964 Z4.117647 F1000
G01 X91.683036 Y-43.691964 Z1.254902 F1000
G01 X91.738839 Y-43.691964 Z1.254902 F1000
G01 X91.794643 Y-43.691964 Z0.196078 F1000
G01 X91.850446 Y-43.691964 Z0.27451 F1000
G01 X91.962054 Y-43.691964 Z0.27451 F1000
G01 X92.017857 Y-43.691964 Z0.470588 F1000
G01 X92.129464 Y-43.691964 Z0.470588 F1000
G01 X92.185268 Y-43.691964 Z0.784314 F1000
G01 X92.241071 Y-43.691964 Z0.784314 F1000
G01 X92.296875 Y-43.691964 Z1.215686 F1000
G01 X92.352679 Y-43.691964 Z1.215686 F1000
G01 X92.408482 Y-43.691964 Z1.568627 F1000
G01 X92.464286 Y-43.691964 Z7.176471 F1000
G01 X92.520089 Y-43.691964 Z10 F1000
G01 X99.551339 Y-43.691964 Z10 F1000
G01 X99.551339 Y-43.747768 Z10 F1000
G01 X99.551339 Y-43.803571 Z10 F1000
G01 X99.551339 Y-43.859375 Z10 F1000
G01 X99.551339 Y-43.915179 Z10 F1000
G01 X99.551339 Y-43.970982 Z10 F1000
G01 X99.551339 Y-44.026786 Z10 F1000
G01 X99.551339 Y-44.082589 Z10 F1000
G01 X99.551339 Y-44.138393 Z10 F1000
G01 X99.551339 Y-44.194196 Z10 F1000
G01 X92.073661 Y-44.194196 Z10 F1000
G01 X92.017857 Y-44.194196 Z9.960784 F1000
G01 X91.962054 Y-44.194196 Z9.921569 F1000
G01 X91.90625 Y-44.194196 Z8.392157 F1000
G01 X91.850446 Y-44.194196 Z3.137255 F1000
G01 X91.794643 Y-44.194196 Z0.54902 F1000
G01 X91.738839 Y-44.194196 Z0.470588 F1000
G01 X91.683036 Y-44.194196 Z0.392157 F1000
G01 X91.459821 Y-44.194196 Z0.392157 F1000
G01 X91.404018 Y-44.194196 Z0.27451 F1000
G01 X91.348214 Y-44.194196 Z0.313725 F1000
G01 X91.292411 Y-44.194196 Z0.705882 F1000
G01 X91.236607 Y-44.194196 Z0.705882 F1000
G01 X91.180804 Y-44.194196 Z0.901961 F1000
G01 X91.125 Y-44.194196 Z0.901961 F1000
G01 X91.069196 Y-44.194196 Z3.098039 F1000
G01 X91.013393 Y-44.194196 Z7.254902 F1000
G01 X90.957589 Y-44.194196 Z10 F1000
G01 X9.09375 Y-44.194196 Z10 F1000
G01 X9.037946 Y-44.194196 Z6.705882 F1000
G01 X8.982143 Y-44.194196 Z2.235294 F1000
G01 X8.926339 Y-44.194196 Z0.666667 F1000
G01 X8.870536 Y-44.194196 Z0.666667 F1000
G01 X8.814732 Y-44.194196 Z0.627451 F1000
G01 X8.758929 Y-44.194196 Z0.627451 F1000
G01 X8.703125 Y-44.194196 Z0.470588 F1000
G01 X8.647321 Y-44.194196 Z0.54902 F1000
G01 X8.535714 Y-44.194196 Z0.54902 F1000
G01 X8.479911 Y-44.194196 Z0.666667 F1000
G01 X8.256696 Y-44.194196 Z0.666667 F1000
G01 X8.200893 Y-44.194196 Z2.823529 F1000
G01 X8.145089 Y-44.194196 Z8.54902 F1000
G01 X8.089286 Y-44.194196 Z9.882353 F1000
G01 X8.033482 Y-44.194196 Z10 F1000
G01 X0.444196 Y-44.194196 Z10 F1000
G01 X0.444196 Y-44.25 Z10 F1000
G01 X0.444196 Y-44.305804 Z10 F1000
G01 X0.444196 Y-44.361607 Z10 F1000
G01 X0.444196 Y-44.417411 Z10 F1000
G01 X0.444196 Y-44.473214 Z10 F1000
G01 X0.444196 Y-44.529018 Z10 F1000
G01 X0.444196 Y-44.584821 Z10 F1000
G01 X0.444196 Y-44.640625 Z10 F1000
G01 X0.444196 Y-44.696429 Z10 F1000
G01 X8.647321 Y-44.696429 Z10 F1000
G01 X8.703125 Y-44.696429 Z9.215686 F1000
G01 X8.758929 Y-44.696429 Z5.45098 F1000
G01 X8.814732 Y-44.696429 Z0.901961 F1000
G01 X8.870536 Y-44.696429 Z0.54902 F1000
G01 X8.926339 Y-44.696429 Z0.54902 F1000
G01 X8.982143 Y-44.696429 Z0.470588 F1000
G01 X9.149554 Y-44.696429 Z0.470588 F1000
G01 X9.205357 Y-44.696429 Z0.509804 F1000
G01 X9.372768 Y-44.696429 Z0.509804 F1000
G01 X9.428571 Y-44.696429 Z0.705882 F1000
G01 X9.484375 Y-44.696429 Z0.705882 F1000
G01 X9.540179 Y-44.696429 Z1.294118 F1000
G01 X9.595982 Y-44.696429 Z5.803922 F1000
G01 X9.651786 Y-44.696429 Z9.72549 F1000
G01 X9.707589 Y-44.696429 Z10 F1000
G01 X90.34375 Y-44.696429 Z10 F1000
G01 X90.399554 Y-44.696429 Z9.843137 F1000
G01 X90.455357 Y-44.696429 Z5.882353 F1000
G01 X90.511161 Y-44.696429 Z1.607843 F1000
G01 X90.566964 Y-44.696429 Z1.607843 F1000
G01 X90.622768 Y-44.696429 Z1.098039 F1000
G01 X90.845982 Y-44.696429 Z1.098039 F1000
G01 X90.901786 Y-44.696429 Z0.509804 F1000
G01 X90.957589 Y-44.696429 Z0.588235 F1000
G01 X91.013393 Y-44.696429 Z0.627451 F1000
G01 X91.069196 Y-44.696429 Z0.705882 F1000
G01 X91.180804 Y-44.696429 Z0.705882 F1000
G01 X91.236607 Y-44.696429 Z1.372549 F1000
G01 X91.292411 Y-44.696429 Z3.568627 F1000
G01 X91.348214 Y-44.696429 Z9.921569 F1000
G01 X91.404018 Y-44.696429 Z9.921569 F1000
G01 X91.459821 Y-44.696429 Z10 F1000
G01 X99.551339 Y-44.696429 Z10 F1000
G01 X99.551339 Y-44.752232 Z10 F1000
G01 X99.551339 Y-44.808036 Z10 F1000
G01 X99.551339 Y-44.863839 Z10 F1000
G01 X99.551339 Y-44.919643 Z10 F1000
G01 X99.551339 Y-44.975446 Z10 F1000
G01 X99.551339 Y-45.03125 Z10 F1000
G01 X99.551339 Y-45.087054 Z10 F1000
G01 X99.551339 Y-45.142857 Z10 F1000
G01 X99.551339 Y-45.198661 Z10 F1000
G01 X91.013393 Y-45.198661 Z10 F1000
G01 X90.957589 Y-45.198661 Z9.960784 F1000
G01 X90.790179 Y-45.198661 Z9.960784 F1000
G01 X90.734375 Y-45.198661 Z6.901961 F1000
G01 X90.678571 Y-45.198661 Z1.647059 F1000
G01 X90.622768 Y-45.198661 Z0.862745 F1000
G01 X90.511161 Y-45.198661 Z0.862745 F1000
G01 X90.455357 Y-45.198661 Z0.313725 F1000
G01 X90.399554 Y-45.198661 Z0.313725 F1000
G01 X90.34375 Y-45.198661 Z0.352941 F1000
G01 X90.287946 Y-45.198661 Z0.352941 F1000
G01 X90.232143 Y-45.198661 Z0.431373 F1000
G01 X90.176339 Y-45.198661 Z0.431373 F1000
G01 X90.120536 Y-45.198661 Z0.745098 F1000
G01 X90.008929 Y-45.198661 Z0.745098 F1000
G01 X89.953125 Y-45.198661 Z0.823529 F1000
G01 X89.897321 Y-45.198661 Z4.117647 F1000
G01 X89.841518 Y-45.198661 Z9.607843 F1000
G01 X89.785714 Y-45.198661 Z10 F1000
G01 X10.321429 Y-45.198661 Z10 F1000
G01 X10.265625 Y-45.198661 Z9.960784 F1000
G01 X10.209821 Y-45.198661 Z9.372549 F1000
G01 X10.154018 Y-45.198661 Z4.823529 F1000
G01 X10.098214 Y-45.198661 Z0.823529 F1000
G01 X9.986607 Y-45.198661 Z0.823529 F1000
G01 X9.930804 Y-45.198661 Z0.705882 F1000
G01 X9.819196 Y-45.198661 Z0.705882 F1000
G01 X9.763393 Y-45.198661 Z0.470588 F1000
G01 X9.707589 Y-45.198661 Z0.431373 F1000
G01 X9.651786 Y-45.198661 Z0.54902 F1000
G01 X9.595982 Y-45.198661 Z1.215686 F1000
G01 X9.428571 Y-45.198661 Z1.215686 F1000
G01 X9.372768 Y-45.198661 Z1.45098 F1000
G01 X9.316964 Y-45.198661 Z6.941176 F1000
G01 X9.261161 Y-45.198661 Z9.686275 F1000
G01 X9.205357 Y-45.198661 Z9.921569 F1000
G01 X9.149554 Y-45.198661 Z10 F1000
G01 X0.444196 Y-45.198661 Z10 F1000
G01 X0.444196 Y-45.254464 Z10 F1000
G01 X0.444196 Y-45.310268 Z10 F1000
G01 X0.444196 Y-45.366071 Z10 F1000
G01 X0.444196 Y-45.421875 Z10 F1000
G01 X0.444196 Y-45.477679 Z10 F1000
G01 X0.444196 Y-45.533482 Z10 F1000
G01 X0.444196 Y-45.589286 Z10 F1000
G01 X0.444196 Y-45.645089 Z10 F1000
G01 X0.444196 Y-45.700893 Z10 F1000
G01 X9.595982 Y-45.700893 Z10 F1000
G01 X9.651786 Y-45.700893 Z9.960784 F1000
G01 X9.819196 Y-45.700893 Z9.960784 F1000
G01 X9.875 Y-45.700893 Z8.313725 F1000
G01 X9.930804 Y-45.700893 Z2.745098 F1000
G01 X9.986607 Y-45.700893 Z1.058824 F1000
G01 X10.098214 Y-45.700893 Z1.058824 F1000
G01 X10.154018 Y-45.700893 Z0.862745 F1000
G01 X10.377232 Y-45.700893 Z0.862745 F1000
G01 X10.433036 Y-45.700893 Z1.019608 F1000
G01 X10.65625 Y-45.700893 Z1.019608 F1000
G01 X10.712054 Y-45.700893 Z2.27451 F1000
G01 X10.767857 Y-45.700893 Z8 F1000
G01 X10.823661 Y-45.700893 Z9.803922 F1000
G01 X10.879464 Y-45.700893 Z9.960784 F1000
G01 X10.935268 Y-45.700893 Z10 F1000
G01 X89.116071 Y-45.700893 Z10 F1000
G01 X89.171875 Y-45.700893 Z9.882353 F1000
G01 X89.227679 Y-45.700893 Z9.647059 F1000
G01 X89.283482 Y-45.700893 Z9.333333 F1000
G01 X89.339286 Y-45.700893 Z3.019608 F1000
G01 X89.395089 Y-45.700893 Z1.45098 F1000
G01 X89.450893 Y-45.700893 Z1.45098 F1000
G01 X89.506696 Y-45.700893 Z0.862745 F1000
G01 X89.674107 Y-45.700893 Z0.862745 F1000
G01 X89.729911 Y-45.700893 Z0.509804 F1000
G01 X89.953125 Y-45.700893 Z0.509804 F1000
G01 X90.008929 Y-45.700893 Z0.784314 F1000
G01 X90.064732 Y-45.700893 Z1.019608 F1000
G01 X90.120536 Y-45.700893 Z3.215686 F1000
G01 X90.176339 Y-45.700893 Z8.588235 F1000
G01 X90.232143 Y-45.700893 Z10 F1000
G01 X99.551339 Y-45.700893 Z10 F1000
G01 X99.551339 Y-45.756696 Z10 F1000
G01 X99.551339 Y-45.8125 Z10 F1000
G01 X99.551339 Y-45.868304 Z10 F1000
G01 X99.551339 Y-45.924107 Z10 F1000
G01 X99.551339 Y-45.979911 Z10 F1000
G01 X99.551339 Y-46.035714 Z10 F1000
G01 X99.551339 Y-46.091518 Z10 F1000
G01 X99.551339 Y-46.147321 Z10 F1000
G01 X99.551339 Y-46.203125 Z10 F1000
G01 X89.674107 Y-46.203125 Z10 F1000
G01 X89.618304 Y-46.203125 Z8.784314 F1000
G01 X89.5625 Y-46.203125 Z4.27451 F1000
G01 X89.506696 Y-46.203125 Z0.627451 F1000
G01 X89.339286 Y-46.203125 Z0.627451 F1000
G01 X89.283482 Y-46.203125 Z0.588235 F1000
G01 X89.171875 Y-46.203125 Z0.588235 F1000
G01 X89.116071 Y-46.203125 Z0.470588 F1000
G01 X88.837054 Y-46.203125 Z0.470588 F1000
G01 X88.78125 Y-46.203125 Z2 F1000
G01 X88.725446 Y-46.203125 Z7.647059 F1000
G01 X88.669643 Y-46.203125 Z10 F1000
G01 X11.381696 Y-46.203125 Z10 F1000
G01 X11.325893 Y-46.203125 Z7.568627 F1000
G01 X11.270089 Y-46.203125 Z3.647059 F1000
G01 X11.102679 Y-46.203125 Z3.647059 F1000
G01 X11.046875 Y-46.203125 Z3.294118 F1000
G01 X10.65625 Y-46.203125 Z3.294118 F1000
G01 X10.600446 Y-46.203125 Z3.254902 F1000
G01 X10.544643 Y-46.203125 Z3.098039 F1000
G01 X10.488839 Y-46.203125 Z5.176471 F1000
G01 X10.433036 Y-46.203125 Z9.137255 F1000
G01 X10.377232 Y-46.203125 Z10 F1000
G01 X0.444196 Y-46.203125 Z10 F1000
G01 X0.444196 Y-46.258929 Z10 F1000
G01 X0.444196 Y-46.314732 Z10 F1000
G01 X0.444196 Y-46.370536 Z10 F1000
G01 X0.444196 Y-46.426339 Z10 F1000
G01 X0.444196 Y-46.482143 Z10 F1000
G01 X0.444196 Y-46.537946 Z10 F1000
G01 X0.444196 Y-46.59375 Z10 F1000
G01 X0.444196 Y-46.649554 Z10 F1000
G01 X0.444196 Y-46.705357 Z10 F1000
G01 X10.879464 Y-46.705357 Z10 F1000
G01 X10.935268 Y-46.705357 Z9.764706 F1000
G01 X10.991071 Y-46.705357 Z9.137255 F1000
G01 X11.046875 Y-46.705357 Z6.784314 F1000
G01 X11.102679 Y-46.705357 Z3.529412 F1000
G01 X11.325893 Y-46.705357 Z3.529412 F1000
G01 X11.381696 Y-46.705357 Z3.45098 F1000
G01 X11.4375 Y-46.705357 Z3.333333 F1000
G01 X11.493304 Y-46.705357 Z3.294118 F1000
G01 X11.828125 Y-46.705357 Z3.294118 F1000
G01 X11.883929 Y-46.705357 Z6.627451 F1000
G01 X11.939732 Y-46.705357 Z9.960784 F1000
G01 X12.107143 Y-46.705357 Z9.960784 F1000
G01 X12.162946 Y-46.705357 Z10 F1000
G01 X88.055804 Y-46.705357 Z10 F1000
G01 X88.111607 Y-46.705357 Z9.843137 F1000
G01 X88.167411 Y-46.705357 Z5.529412 F1000
G01 X88.223214 Y-46.705357 Z0.352941 F1000
G01 X88.279018 Y-46.705357 Z0.196078 F1000
G01 X88.390625 Y-46.705357 Z0.196078 F1000
G01 X88.446429 Y-46.705357 Z0.431373 F1000
G01 X88.502232 Y-46.705357 Z0.54902 F1000
G01 X88.669643 Y-46.705357 Z0.54902 F1000
G01 X88.725446 Y-46.705357 Z0.627451 F1000
G01 X88.78125 Y-46.705357 Z0.627451 F1000
G01 X88.837054 Y-46.705357 Z0.745098 F1000
G01 X88.948661 Y-46.705357 Z0.745098 F1000
G01 X89.004464 Y-46.705357 Z6.235294 F1000
G01 X89.060268 Y-46.705357 Z9.058824 F1000
G01 X89.116071 Y-46.705357 Z10 F1000
G01 X99.551339 Y-46.705357 Z10 F1000
G01 X99.551339 Y-46.761161 Z10 F1000
G01 X99.551339 Y-46.816964 Z10 F1000
G01 X99.551339 Y-46.872768 Z10 F1000
G01 X99.551339 Y-46.928571 Z10 F1000
G01 X99.551339 Y-46.984375 Z10 F1000
G01 X99.551339 Y-47.040179 Z10 F1000
G01 X99.551339 Y-47.095982 Z10 F1000
G01 X99.551339 Y-47.151786 Z10 F1000
G01 X99.551339 Y-47.207589 Z10 F1000
G01 X88.502232 Y-47.207589 Z10 F1000
G01 X88.446429 Y-47.207589 Z7.843137 F1000
G01 X88.390625 Y-47.207589 Z1.960784 F1000
G01 X88.334821 Y-47.207589 Z0.784314 F1000
G01 X88.279018 Y-47.207589 Z0.784314 F1000
G01 X88.223214 Y-47.207589 Z0.431373 F1000
G01 X88.167411 Y-47.207589 Z0.431373 F1000
G01 X88.111607 Y-47.207589 Z0.352941 F1000
G01 X87.832589 Y-47.207589 Z0.352941 F1000
G01 X87.776786 Y-47.207589 Z0.313725 F1000
G01 X87.720982 Y-47.207589 Z0.588235 F1000
G01 X87.665179 Y-47.207589 Z0.588235 F1000
G01 X87.609375 Y-47.207589 Z3.45098 F1000
G01 X87.553571 Y-47.207589 Z8.941176 F1000
G01 X87.497768 Y-47.207589 Z10 F1000
G01 X12.553571 Y-47.207589 Z10 F1000
G01 X12.497768 Y-47.207589 Z9.215686 F1000
G01 X12.441964 Y-47.207589 Z5.372549 F1000
G01 X12.386161 Y-47.207589 Z3.72549 F1000
G01 X12.330357 Y-47.207589 Z3.72549 F1000
G01 X12.274554 Y-47.207589 Z3.490196 F1000
G01 X11.883929 Y-47.207589 Z3.490196 F1000
G01 X11.828125 Y-47.207589 Z3.764706 F1000
G01 X11.716518 Y-47.207589 Z3.764706 F1000
G01 X11.660714 Y-47.207589 Z4.588235 F1000
G01 X11.604911 Y-47.207589 Z8.588235 F1000
G01 X11.549107 Y-47.207589 Z9.019608 F1000
G01 X11.493304 Y-47.207589 Z10 F1000
G01 X0.444196 Y-47.207589 Z10 F1000
G01 X0.444196 Y-47.263393 Z10 F1000
G01 X0.444196 Y-47.319196 Z10 F1000
G01 X0.444196 Y-47.375 Z10 F1000
G01 X0.444196 Y-47.430804 Z10 F1000
G01 X0.444196 Y-47.486607 Z10 F1000
G01 X0.444196 Y-47.542411 Z10 F1000
G01 X0.444196 Y-47.598214 Z10 F1000
G01 X0.444196 Y-47.654018 Z10 F1000
G01 X0.444196 Y-47.709821 Z10 F1000
G01 X11.883929 Y-47.709821 Z10 F1000
G01 X11.939732 Y-47.709821 Z9.960784 F1000
G01 X12.107143 Y-47.709821 Z9.960784 F1000
G01 X12.162946 Y-47.709821 Z8.901961 F1000
G01 X12.21875 Y-47.709821 Z3.490196 F1000
G01 X12.386161 Y-47.709821 Z3.490196 F1000
G01 X12.441964 Y-47.709821 Z3.411765 F1000
G01 X12.720982 Y-47.709821 Z3.411765 F1000
G01 X12.776786 Y-47.709821 Z3.45098 F1000
G01 X12.944196 Y-47.709821 Z3.45098 F1000
G01 X13 Y-47.709821 Z4.745098 F1000
G01 X13.055804 Y-47.709821 Z7.882353 F1000
G01 X13.111607 Y-47.709821 Z9.960784 F1000
G01 X13.167411 Y-47.709821 Z10 F1000
G01 X86.828125 Y-47.709821 Z10 F1000
G01 X86.883929 Y-47.709821 Z9.882353 F1000
G01 X86.939732 Y-47.709821 Z9.882353 F1000
G01 X86.995536 Y-47.709821 Z7.176471 F1000
G01 X87.051339 Y-47.709821 Z1.686275 F1000
G01 X87.107143 Y-47.709821 Z1.607843 F1000
G01 X87.274554 Y-47.709821 Z1.607843 F1000
G01 X87.330357 Y-47.709821 Z1.137255 F1000
G01 X87.386161 Y-47.709821 Z0.235294 F1000
G01 X87.497768 Y-47.709821 Z0.235294 F1000
G01 X87.553571 Y-47.709821 Z0.509804 F1000
G01 X87.609375 Y-47.709821 Z0.745098 F1000
G01 X87.776786 Y-47.709821 Z0.745098 F1000
G01 X87.832589 Y-47.709821 Z4 F1000
G01 X87.888393 Y-47.709821 Z7.843137 F1000
G01 X87.944196 Y-47.709821 Z10 F1000
G01 X99.551339 Y-47.709821 Z10 F1000
G01 X99.551339 Y-47.765625 Z10 F1000
G01 X99.551339 Y-47.821429 Z10 F1000
G01 X99.551339 Y-47.877232 Z10 F1000
G01 X99.551339 Y-47.933036 Z10 F1000
G01 X99.551339 Y-47.988839 Z10 F1000
G01 X99.551339 Y-48.044643 Z10 F1000
G01 X99.551339 Y-48.100446 Z10 F1000
G01 X99.551339 Y-48.15625 Z10 F1000
G01 X99.551339 Y-48.212054 Z10 F1000
G01 X87.441964 Y-48.212054 Z10 F1000
G01 X87.386161 Y-48.212054 Z9.921569 F1000
G01 X87.330357 Y-48.212054 Z9.921569 F1000
G01 X87.274554 Y-48.212054 Z5.411765 F1000
G01 X87.21875 Y-48.212054 Z0.862745 F1000
G01 X87.051339 Y-48.212054 Z0.862745 F1000
G01 X86.995536 Y-48.212054 Z0.627451 F1000
G01 X86.939732 Y-48.212054 Z0.627451 F1000
G01 X86.883929 Y-48.212054 Z0.470588 F1000
G01 X86.828125 Y-48.212054 Z0.823529 F1000
G01 X86.772321 Y-48.212054 Z1.137255 F1000
G01 X86.660714 Y-48.212054 Z1.137255 F1000
G01 X86.604911 Y-48.212054 Z1.215686 F1000
G01 X86.549107 Y-48.212054 Z1.215686 F1000
G01 X86.493304 Y-48.212054 Z1.254902 F1000
G01 X86.4375 Y-48.212054 Z5.843137 F1000
G01 X86.381696 Y-48.212054 Z9.843137 F1000
G01 X86.325893 Y-48.212054 Z9.882353 F1000
G01 X86.270089 Y-48.212054 Z10 F1000
G01 X13.78125 Y-48.212054 Z10 F1000
G01 X13.725446 Y-48.212054 Z9.960784 F1000
G01 X13.669643 Y-48.212054 Z9.960784 F1000
G01 X13.613839 Y-48.212054 Z6.901961 F1000
G01 X13.558036 Y-48.212054 Z3.882353 F1000
G01 X13.502232 Y-48.212054 Z3.607843 F1000
G01 X13.446429 Y-48.212054 Z3.607843 F1000
G01 X13.390625 Y-48.212054 Z3.411765 F1000
G01 X13.279018 Y-48.212054 Z3.411765 F1000
G01 X13.223214 Y-48.212054 Z3.372549 F1000
G01 X12.832589 Y-48.212054 Z3.372549 F1000
G01 X12.776786 Y-48.212054 Z5.411765 F1000
G01 X12.720982 Y-48.212054 Z9.372549 F1000
G01 X12.665179 Y-48.212054 Z9.921569 F1000
G01 X12.609375 Y-48.212054 Z10 F1000
G01 X0.444196 Y-48.212054 Z10 F1000
G01 X0.444196 Y-48.267857 Z10 F1000
G01 X0.444196 Y-48.323661 Z10 F1000
G01 X0.444196 Y-48.379464 Z10 F1000
G01 X0.444196 Y-48.435268 Z10 F1000
G01 X0.444196 Y-48.491071 Z10 F1000
G01 X0.444196 Y-48.546875 Z10 F1000
G01 X0.444196 Y-48.602679 Z10 F1000
G01 X0.444196 Y-48.658482 Z10 F1000
G01 X0.444196 Y-48.714286 Z10 F1000
G01 X13.223214 Y-48.714286 Z10 F1000
G01 X13.279018 Y-48.714286 Z9.72549 F1000
G01 X13.334821 Y-48.714286 Z8.392157 F1000
G01 X13.390625 Y-48.714286 Z4.941176 F1000
G01 X13.446429 Y-48.714286 Z3.490196 F1000
G01 X13.502232 Y-48.714286 Z3.333333 F1000
G01 X13.558036 Y-48.714286 Z3.333333 F1000
G01 X13.613839 Y-48.714286 Z3.137255 F1000
G01 X13.669643 Y-48.714286 Z3.137255 F1000
G01 X13.725446 Y-48.714286 Z3.058824 F1000
G01 X13.78125 Y-48.714286 Z2.862745 F1000
G01 X13.837054 Y-48.714286 Z2.705882 F1000
G01 X13.892857 Y-48.714286 Z2.156863 F1000
G01 X13.948661 Y-48.714286 Z1.490196 F1000
G01 X14.004464 Y-48.714286 Z1.176471 F1000
G01 X14.060268 Y-48.714286 Z1.098039 F1000
G01 X14.116071 Y-48.714286 Z1.098039 F1000
G01 X14.171875 Y-48.714286 Z4.196078 F1000
G01 X14.227679 Y-48.714286 Z8.627451 F1000
G01 X14.283482 Y-48.714286 Z9.882353 F1000
G01 X14.339286 Y-48.714286 Z9.882353 F1000
G01 X14.395089 Y-48.714286 Z10 F1000
G01 X85.712054 Y-48.714286 Z10 F1000
G01 X85.767857 Y-48.714286 Z9.960784 F1000
G01 X85.823661 Y-48.714286 Z8.823529 F1000
G01 X85.879464 Y-48.714286 Z4.431373 F1000
G01 X85.935268 Y-48.714286 Z1.254902 F1000
G01 X85.991071 Y-48.714286 Z0.862745 F1000
G01 X86.325893 Y-48.714286 Z0.862745 F1000
G01 X86.381696 Y-48.714286 Z0.745098 F1000
G01 X86.4375 Y-48.714286 Z0.745098 F1000
G01 X86.493304 Y-48.714286 Z0.54902 F1000
G01 X86.549107 Y-48.714286 Z1.333333 F1000
G01 X86.660714 Y-48.714286 Z1.333333 F1000
G01 X86.716518 Y-48.714286 Z7.058824 F1000
G01 X86.772321 Y-48.714286 Z10 F1000
G01 X99.551339 Y-48.714286 Z10 F1000
G01 X99.551339 Y-48.770089 Z10 F1000
G01 X99.551339 Y-48.825893 Z10 F1000
G01 X99.551339 Y-48.881696 Z10 F1000
G01 X99.551339 Y-48.9375 Z10 F1000
G01 X99.551339 Y-48.993304 Z10 F1000
G01 X99.551339 Y-49.049107 Z10 F1000
G01 X99.551339 Y-49.104911 Z10 F1000
G01 X99.551339 Y-49.160714 Z10 F1000
G01 X99.551339 Y-49.216518 Z10 F1000
G01 X86.325893 Y-49.216518 Z10 F1000
G01 X86.270089 Y-49.216518 Z9.960784 F1000
G01 X86.214286 Y-49.216518 Z9.843137 F1000
G01 X86.158482 Y-49.216518 Z8.27451 F1000
G01 X86.102679 Y-49.216518 Z3.019608 F1000
G01 X86.046875 Y-49.216518 Z0.941176 F1000
G01 X85.991071 Y-49.216518 Z0.901961 F1000
G01 X85.935268 Y-49.216518 Z0.431373 F1000
G01 X85.823661 Y-49.216518 Z0.431373 F1000
G01 X85.767857 Y-49.216518 Z0.509804 F1000
G01 X85.712054 Y-49.216518 Z0.588235 F1000
G01 X85.544643 Y-49.216518 Z0.588235 F1000
G01 X85.488839 Y-49.216518 Z0.745098 F1000
G01 X85.433036 Y-49.216518 Z1.215686 F1000
G01 X85.377232 Y-49.216518 Z1.215686 F1000
G01 X85.321429 Y-49.216518 Z2.941176 F1000
G01 X85.265625 Y-49.216518 Z9.176471 F1000
G01 X85.209821 Y-49.216518 Z9.686275 F1000
G01 X85.154018 Y-49.216518 Z9.960784 F1000
G01 X85.098214 Y-49.216518 Z10 F1000
G01 X14.841518 Y-49.216518 Z10 F1000
G01 X14.785714 Y-49.216518 Z8.235294 F1000
G01 X14.729911 Y-49.216518 Z3.411765 F1000
G01 X14.5625 Y-49.216518 Z3.411765 F1000
G01 X14.506696 Y-49.216518 Z3.45098 F1000
G01 X14.395089 Y-49.216518 Z3.45098 F1000
G01 X14.339286 Y-49.216518 Z3.568627 F1000
G01 X14.004464 Y-49.216518 Z3.568627 F1000
G01 X13.948661 Y-49.216518 Z4.705882 F1000
G01 X13.892857 Y-49.216518 Z8.666667 F1000
G01 X13.837054 Y-49.216518 Z10 F1000
G01 X0.444196 Y-49.216518 Z10 F1000
G01 X0.444196 Y-49.272321 Z10 F1000
G01 X0.444196 Y-49.328125 Z10 F1000
G01 X0.444196 Y-49.383929 Z10 F1000
G01 X0.444196 Y-49.439732 Z10 F1000
G01 X0.444196 Y-49.495536 Z10 F1000
G01 X0.444196 Y-49.551339 Z10 F1000
G01 X0.444196 Y-49.607143 Z10 F1000
G01 X0.444196 Y-49.662946 Z10 F1000
G01 X0.444196 Y-49.71875 Z10 F1000
G01 X14.171875 Y-49.71875 Z10 F1000
G01 X14.227679 Y-49.71875 Z9.921569 F1000
G01 X14.339286 Y-49.71875 Z9.921569 F1000
G01 X14.395089 Y-49.71875 Z9.72549 F1000
G01 X14.450893 Y-49.71875 Z9.647059 F1000
G01 X14.506696 Y-49.71875 Z4 F1000
G01 X14.5625 Y-49.71875 Z3.411765 F1000
G01 X15.008929 Y-49.71875 Z3.411765 F1000
G01 X15.064732 Y-49.71875 Z3.72549 F1000
G01 X15.287946 Y-49.71875 Z3.72549 F1000
G01 X15.34375 Y-49.71875 Z8.470588 F1000
G01 X15.399554 Y-49.71875 Z9.647059 F1000
G01 X15.455357 Y-49.71875 Z10 F1000
G01 X84.595982 Y-49.71875 Z10 F1000
G01 X84.651786 Y-49.71875 Z9.176471 F1000
G01 X84.707589 Y-49.71875 Z7.764706 F1000
G01 X84.763393 Y-49.71875 Z0.784314 F1000
G01 X85.098214 Y-49.71875 Z0.784314 F1000
G01 X85.154018 Y-49.71875 Z0.235294 F1000
G01 X85.209821 Y-49.71875 Z0.235294 F1000
G01 X85.265625 Y-49.71875 Z0.27451 F1000
G01 X85.488839 Y-49.71875 Z0.27451 F1000
G01 X85.544643 Y-49.71875 Z3.882353 F1000
G01 X85.600446 Y-49.71875 Z8.941176 F1000
G01 X85.65625 Y-49.71875 Z9.921569 F1000
G01 X85.823661 Y-49.71875 Z9.921569 F1000
G01 X85.879464 Y-49.71875 Z10 F1000
G01 X99.551339 Y-49.71875 Z10 F1000
G01 X99.551339 Y-49.774554 Z10 F1000
G01 X99.551339 Y-49.830357 Z10 F1000
G01 X99.551339 Y-49.886161 Z10 F1000
G01 X99.551339 Y-49.941964 Z10 F1000
G01 X99.551339 Y-49.997768 Z10 F1000
G01 X99.551339 Y-50.053571 Z10 F1000
G01 X99.551339 Y-50.109375 Z10 F1000
G01 X99.551339 Y-50.165179 Z10 F1000
G01 X99.551339 Y-50.220982 Z10 F1000
G01 X85.098214 Y-50.220982 Z10 F1000
G01 X85.042411 Y-50.220982 Z9.921569 F1000
G01 X84.986607 Y-50.220982 Z5.921569 F1000
G01 X84.930804 Y-50.220982 Z1.254902 F1000
G01 X84.875 Y-50.220982 Z0.588235 F1000
G01 X84.651786 Y-50.220982 Z0.588235 F1000
G01 X84.595982 Y-50.220982 Z0.196078 F1000
G01 X84.540179 Y-50.220982 Z0.27451 F1000
G01 X84.428571 Y-50.220982 Z0.27451 F1000
G01 X84.372768 Y-50.220982 Z0.352941 F1000
G01 X84.261161 Y-50.220982 Z0.352941 F1000
G01 X84.205357 Y-50.220982 Z0.745098 F1000
G01 X84.149554 Y-50.220982 Z5.72549 F1000
G01 X84.09375 Y-50.220982 Z9.372549 F1000
G01 X84.037946 Y-50.220982 Z9.803922 F1000
G01 X83.982143 Y-50.220982 Z10 F1000
G01 X16.013393 Y-50.220982 Z10 F1000
G01 X15.957589 Y-50.220982 Z8.745098 F1000
G01 X15.901786 Y-50.220982 Z6.941176 F1000
G01 X15.845982 Y-50.220982 Z3.490196 F1000
G01 X15.678571 Y-50.220982 Z3.490196 F1000
G01 X15.622768 Y-50.220982 Z3.45098 F1000
G01 X15.566964 Y-50.220982 Z3.411765 F1000
G01 X15.120536 Y-50.220982 Z3.411765 F1000
G01 X15.064732 Y-50.220982 Z5.764706 F1000
G01 X15.008929 Y-50.220982 Z10 F1000
G01 X0.444196 Y-50.220982 Z10 F1000
G01 X0.444196 Y-50.276786 Z10 F1000
G01 X0.444196 Y-50.332589 Z10 F1000
G01 X0.444196 Y-50.388393 Z10 F1000
G01 X0.444196 Y-50.444196 Z10 F1000
G01 X0.444196 Y-50.5 Z10 F1000
G01 X0.444196 Y-50.555804 Z10 F1000
G01 X0.444196 Y-50.611607 Z10 F1000
G01 X0.444196 Y-50.667411 Z10 F1000
G01 X0.444196 Y-50.723214 Z10 F1000
G01 X15.511161 Y-50.723214 Z10 F1000
G01 X15.566964 Y-50.723214 Z9.921569 F1000
G01 X15.622768 Y-50.723214 Z6.823529 F1000
G01 X15.678571 Y-50.723214 Z3.254902 F1000
G01 X15.734375 Y-50.723214 Z3.254902 F1000
G01 X15.790179 Y-50.723214 Z3.45098 F1000
G01 X16.404018 Y-50.723214 Z3.45098 F1000
G01 X16.459821 Y-50.723214 Z5.333333 F1000
G01 X16.515625 Y-50.723214 Z8.941176 F1000
G01 X16.571429 Y-50.723214 Z10 F1000
G01 X83.479911 Y-50.723214 Z10 F1000
G01 X83.535714 Y-50.723214 Z8.54902 F1000
G01 X83.591518 Y-50.723214 Z2.431373 F1000
G01 X83.647321 Y-50.723214 Z1.490196 F1000
G01 X83.703125 Y-50.723214 Z1.490196 F1000
G01 X83.758929 Y-50.723214 Z1.294118 F1000
G01 X83.814732 Y-50.723214 Z0.392157 F1000
G01 X83.870536 Y-50.723214 Z0.823529 F1000
G01 X84.316964 Y-50.723214 Z0.823529 F1000
G01 X84.372768 Y-50.723214 Z2.313725 F1000
G01 X84.428571 Y-50.723214 Z6.980392 F1000
G01 X84.484375 Y-50.723214 Z10 F1000
G01 X99.551339 Y-50.723214 Z10 F1000
G01 X99.551339 Y-50.779018 Z10 F1000
G01 X99.551339 Y-50.834821 Z10 F1000
G01 X99.551339 Y-50.890625 Z10 F1000
G01 X99.551339 Y-50.946429 Z10 F1000
G01 X99.551339 Y-51.002232 Z10 F1000
G01 X99.551339 Y-51.058036 Z10 F1000
G01 X99.551339 Y-51.113839 Z10 F1000
G01 X99.551339 Y-51.169643 Z10 F1000
G01 X99.551339 Y-51.225446 Z10 F1000
G01 X83.982143 Y-51.225446 Z10 F1000
G01 X83.926339 Y-51.225446 Z9.960784 F1000
G01 X83.870536 Y-51.225446 Z8.27451 F1000
G01 X83.814732 Y-51.225446 Z4.627451 F1000
G01 X83.758929 Y-51.225446 Z0.745098 F1000
G01 X83.424107 Y-51.225446 Z0.745098 F1000
G01 X83.368304 Y-51.225446 Z0.705882 F1000
G01 X83.3125 Y-51.225446 Z0.666667 F1000
G01 X83.256696 Y-51.225446 Z0.470588 F1000
G01 X83.200893 Y-51.225446 Z0.509804 F1000
G01 X83.145089 Y-51.225446 Z0.588235 F1000
G01 X83.089286 Y-51.225446 Z0.588235 F1000
G01 X83.033482 Y-51.225446 Z2.431373 F1000
G01 X82.977679 Y-51.225446 Z6.588235 F1000
G01 X82.921875 Y-51.225446 Z9.960784 F1000
G01 X82.866071 Y-51.225446 Z10 F1000
G01 X17.129464 Y-51.225446 Z10 F1000
G01 X17.073661 Y-51.225446 Z6.823529 F1000
G01 X17.017857 Y-51.225446 Z3.490196 F1000
G01 X16.962054 Y-51.225446 Z3.411765 F1000
G01 X16.794643 Y-51.225446 Z3.411765 F1000
G01 X16.738839 Y-51.225446 Z3.45098 F1000
G01 X16.292411 Y-51.225446 Z3.45098 F1000
G01 X16.236607 Y-51.225446 Z4.117647 F1000
G01 X16.180804 Y-51.225446 Z8.666667 F1000
G01 X16.125 Y-51.225446 Z9.882353 F1000
G01 X16.069196 Y-51.225446 Z10 F1000
G01 X0.444196 Y-51.225446 Z10 F1000
G01 X0.444196 Y-51.28125 Z10 F1000
G01 X0.444196 Y-51.337054 Z10 F1000
G01 X0.444196 Y-51.392857 Z10 F1000
G01 X0.444196 Y-51.448661 Z10 F1000
G01 X0.444196 Y-51.504464 Z10 F1000
G01 X0.444196 Y-51.560268 Z10 F1000
G01 X0.444196 Y-51.616071 Z10 F1000
G01 X0.444196 Y-51.671875 Z10 F1000
G01 X0.444196 Y-51.727679 Z10 F1000
G01 X16.683036 Y-51.727679 Z10 F1000
G01 X16.738839 Y-51.727679 Z9.647059 F1000
G01 X16.794643 Y-51.727679 Z7.137255 F1000
G01 X16.850446 Y-51.727679 Z3.647059 F1000
G01 X17.017857 Y-51.727679 Z3.647059 F1000
G01 X17.073661 Y-51.727679 Z3.490196 F1000
G01 X17.520089 Y-51.727679 Z3.490196 F1000
G01 X17.575893 Y-51.727679 Z3.686275 F1000
G01 X17.631696 Y-51.727679 Z6.470588 F1000
G01 X17.6875 Y-51.727679 Z9.254902 F1000
G01 X17.743304 Y-51.727679 Z10 F1000
G01 X82.308036 Y-51.727679 Z10 F1000
G01 X82.363839 Y-51.727679 Z9.254902 F1000
G01 X82.419643 Y-51.727679 Z7.215686 F1000
G01 X82.475446 Y-51.727679 Z3.647059 F1000
G01 X82.53125 Y-51.727679 Z3.254902 F1000
G01 X82.810268 Y-51.727679 Z3.254902 F1000
G01 X82.866071 Y-51.727679 Z3.176471 F1000
G01 X82.921875 Y-51.727679 Z3.098039 F1000
G01 X82.977679 Y-51.727679 Z3.019608 F1000
G01 X83.033482 Y-51.727679 Z0.705882 F1000
G01 X83.089286 Y-51.727679 Z0.745098 F1000
G01 X83.145089 Y-51.727679 Z0.745098 F1000
G01 X83.200893 Y-51.727679 Z1.176471 F1000
G01 X83.256696 Y-51.727679 Z5.882353 F1000
G01 X83.3125 Y-51.727679 Z9.254902 F1000
G01 X83.368304 Y-51.727679 Z10 F1000
G01 X99.551339 Y-51.727679 Z10 F1000
G01 X99.551339 Y-51.783482 Z10 F1000
G01 X99.551339 Y-51.839286 Z10 F1000
G01 X99.551339 Y-51.895089 Z10 F1000
G01 X99.551339 Y-51.950893 Z10 F1000
G01 X99.551339 Y-52.006696 Z10 F1000
G01 X99.551339 Y-52.0625 Z10 F1000
G01 X99.551339 Y-52.118304 Z10 F1000
G01 X99.551339 Y-52.174107 Z10 F1000
G01 X99.551339 Y-52.229911 Z10 F1000
G01 X82.866071 Y-52.229911 Z10 F1000
G01 X82.810268 Y-52.229911 Z9.960784 F1000
G01 X82.754464 Y-52.229911 Z9.960784 F1000
G01 X82.698661 Y-52.229911 Z7.490196 F1000
G01 X82.642857 Y-52.229911 Z3.294118 F1000
G01 X82.140625 Y-52.229911 Z3.294118 F1000
G01 X82.084821 Y-52.229911 Z3.529412 F1000
G01 X81.973214 Y-52.229911 Z3.529412 F1000
G01 X81.917411 Y-52.229911 Z3.686275 F1000
G01 X81.861607 Y-52.229911 Z5.686275 F1000
G01 X81.805804 Y-52.229911 Z9.058824 F1000
G01 X81.75 Y-52.229911 Z10 F1000
G01 X18.357143 Y-52.229911 Z10 F1000
G01 X18.301339 Y-52.229911 Z9.960784 F1000
G01 X18.245536 Y-52.229911 Z9.72549 F1000
G01 X18.189732 Y-52.229911 Z5.843137 F1000
G01 X18.133929 Y-52.229911 Z3.411765 F1000
G01 X17.408482 Y-52.229911 Z3.411765 F1000
G01 X17.352679 Y-52.229911 Z6.862745 F1000
G01 X17.296875 Y-52.229911 Z10 F1000
G01 X0.444196 Y-52.229911 Z10 F1000
G01 X0.444196 Y-52.285714 Z10 F1000
G01 X0.444196 Y-52.341518 Z10 F1000
G01 X0.444196 Y-52.397321 Z10 F1000
G01 X0.444196 Y-52.453125 Z10 F1000
G01 X0.444196 Y-52.508929 Z10 F1000
G01 X0.444196 Y-52.564732 Z10 F1000
G01 X0.444196 Y-52.620536 Z10 F1000
G01 X0.444196 Y-52.676339 Z10 F1000
G01 X0.444196 Y-52.732143 Z10 F1000
G01 X17.631696 Y-52.732143 Z10 F1000
G01 X17.6875 Y-52.732143 Z9.960784 F1000
G01 X17.743304 Y-52.732143 Z9.960784 F1000
G01 X17.799107 Y-52.732143 Z9.882353 F1000
G01 X17.854911 Y-52.732143 Z9.882353 F1000
G01 X17.910714 Y-52.732143 Z8.666667 F1000
G01 X17.966518 Y-52.732143 Z3.333333 F1000
G01 X18.524554 Y-52.732143 Z3.333333 F1000
G01 X18.580357 Y-52.732143 Z3.411765 F1000
G01 X18.636161 Y-52.732143 Z3.568627 F1000
G01 X18.691964 Y-52.732143 Z3.568627 F1000
G01 X18.747768 Y-52.732143 Z4.705882 F1000
G01 X18.803571 Y-52.732143 Z8.705882 F1000
G01 X18.859375 Y-52.732143 Z9.882353 F1000
G01 X18.915179 Y-52.732143 Z10 F1000
G01 X81.080357 Y-52.732143 Z10 F1000
G01 X81.136161 Y-52.732143 Z9.960784 F1000
G01 X81.191964 Y-52.732143 Z9.960784 F1000
G01 X81.247768 Y-52.732143 Z9.098039 F1000
G01 X81.303571 Y-52.732143 Z4.54902 F1000
G01 X81.359375 Y-52.732143 Z4.117647 F1000
G01 X81.415179 Y-52.732143 Z3.647059 F1000
G01 X81.526786 Y-52.732143 Z3.647059 F1000
G01 X81.582589 Y-52.732143 Z3.215686 F1000
G01 X81.917411 Y-52.732143 Z3.215686 F1000
G01 X81.973214 Y-52.732143 Z3.411765 F1000
G01 X82.029018 Y-52.732143 Z3.490196 F1000
G01 X82.084821 Y-52.732143 Z3.490196 F1000
G01 X82.140625 Y-52.732143 Z8.627451 F1000
G01 X82.196429 Y-52.732143 Z9.921569 F1000
G01 X82.252232 Y-52.732143 Z10 F1000
G01 X99.551339 Y-52.732143 Z10 F1000
G01 X99.551339 Y-52.787946 Z10 F1000
G01 X99.551339 Y-52.84375 Z10 F1000
G01 X99.551339 Y-52.899554 Z10 F1000
G01 X99.551339 Y-52.955357 Z10 F1000
G01 X99.551339 Y-53.011161 Z10 F1000
G01 X99.551339 Y-53.066964 Z10 F1000
G01 X99.551339 Y-53.122768 Z10 F1000
G01 X99.551339 Y-53.178571 Z10 F1000
G01 X99.551339 Y-53.234375 Z10 F1000
G01 X81.694196 Y-53.234375 Z10 F1000
G01 X81.638393 Y-53.234375 Z9.960784 F1000
G01 X81.582589 Y-53.234375 Z9.921569 F1000
G01 X81.526786 Y-53.234375 Z5.568627 F1000
G01 X81.470982 Y-53.234375 Z3.72549 F1000
G01 X81.415179 Y-53.234375 Z3.490196 F1000
G01 X81.303571 Y-53.234375 Z3.490196 F1000
G01 X81.247768 Y-53.234375 Z3.294118 F1000
G01 X81.136161 Y-53.234375 Z3.294118 F1000
G01 X81.080357 Y-53.234375 Z3.254902 F1000
G01 X81.024554 Y-53.234375 Z3.686275 F1000
G01 X80.745536 Y-53.234375 Z3.686275 F1000
G01 X80.689732 Y-53.234375 Z7.529412 F1000
G01 X80.633929 Y-53.234375 Z10 F1000
G01 X19.473214 Y-53.234375 Z10 F1000
G01 X19.417411 Y-53.234375 Z9.647059 F1000
G01 X19.361607 Y-53.234375 Z7.803922 F1000
G01 X19.305804 Y-53.234375 Z3.686275 F1000
G01 X19.082589 Y-53.234375 Z3.686275 F1000
G01 X19.026786 Y-53.234375 Z3.372549 F1000
G01 X18.580357 Y-53.234375 Z3.372549 F1000
G01 X18.524554 Y-53.234375 Z4.156863 F1000
G01 X18.46875 Y-53.234375 Z9.568627 F1000
G01 X18.412946 Y-53.234375 Z9.843137 F1000
G01 X18.357143 Y-53.234375 Z10 F1000
G01 X0.444196 Y-53.234375 Z10 F1000
G01 X0.444196 Y-53.290179 Z10 F1000
G01 X0.444196 Y-53.345982 Z10 F1000
G01 X0.444196 Y-53.401786 Z10 F1000
G01 X0.444196 Y-53.457589 Z10 F1000
G01 X0.444196 Y-53.513393 Z10 F1000
G01 X0.444196 Y-53.569196 Z10 F1000
G01 X0.444196 Y-53.625 Z10 F1000
G01 X0.444196 Y-53.680804 Z10 F1000
G01 X0.444196 Y-53.736607 Z10 F1000
G01 X19.026786 Y-53.736607 Z10 F1000
G01 X19.082589 Y-53.736607 Z6.470588 F1000
G01 X19.138393 Y-53.736607 Z3.72549 F1000
G01 X19.417411 Y-53.736607 Z3.72549 F1000
G01 X19.473214 Y-53.736607 Z3.568627 F1000
G01 X19.863839 Y-53.736607 Z3.568627 F1000
G01 X19.919643 Y-53.736607 Z6.27451 F1000
G01 X19.975446 Y-53.736607 Z8.901961 F1000
G01 X20.03125 Y-53.736607 Z10 F1000
G01 X80.020089 Y-53.736607 Z10 F1000
G01 X80.075893 Y-53.736607 Z8.862745 F1000
G01 X80.131696 Y-53.736607 Z5.960784 F1000
G01 X80.1875 Y-53.736607 Z3.490196 F1000
G01 X80.243304 Y-53.736607 Z3.45098 F1000
G01 X80.299107 Y-53.736607 Z3.45098 F1000
G01 X80.354911 Y-53.736607 Z3.333333 F1000
G01 X80.578125 Y-53.736607 Z3.333333 F1000
G01 X80.633929 Y-53.736607 Z3.215686 F1000
G01 X80.689732 Y-53.736607 Z3.176471 F1000
G01 X80.745536 Y-53.736607 Z3.176471 F1000
G01 X80.801339 Y-53.736607 Z3.254902 F1000
G01 X80.857143 Y-53.736607 Z3.254902 F1000
G01 X80.912946 Y-53.736607 Z3.45098 F1000
G01 X80.96875 Y-53.736607 Z6.823529 F1000
G01 X81.024554 Y-53.736607 Z9.960784 F1000
G01 X81.080357 Y-53.736607 Z10 F1000
G01 X99.551339 Y-53.736607 Z10 F1000
G01 X99.551339 Y-53.792411 Z10 F1000
G01 X99.551339 Y-53.848214 Z10 F1000
G01 X99.551339 Y-53.904018 Z10 F1000
G01 X99.551339 Y-53.959821 Z10 F1000
G01 X99.551339 Y-54.015625 Z10 F1000
G01 X99.551339 Y-54.071429 Z10 F1000
G01 X99.551339 Y-54.127232 Z10 F1000
G01 X99.551339 Y-54.183036 Z10 F1000
G01 X99.551339 Y-54.238839 Z10 F1000
G01 X80.633929 Y-54.238839 Z10 F1000
G01 X80.578125 Y-54.238839 Z9.960784 F1000
G01 X80.522321 Y-54.238839 Z9.960784 F1000
G01 X80.466518 Y-54.238839 Z9.921569 F1000
G01 X80.410714 Y-54.238839 Z9.490196 F1000
G01 X80.354911 Y-54.238839 Z4.509804 F1000
G01 X80.299107 Y-54.238839 Z3.45098 F1000
G01 X80.1875 Y-54.238839 Z3.45098 F1000
G01 X80.131696 Y-54.238839 Z3.176471 F1000
G01 X79.796875 Y-54.238839 Z3.176471 F1000
G01 X79.741071 Y-54.238839 Z3.647059 F1000
G01 X79.629464 Y-54.238839 Z3.647059 F1000
G01 X79.573661 Y-54.238839 Z5.372549 F1000
G01 X79.517857 Y-54.238839 Z8.627451 F1000
G01 X79.462054 Y-54.238839 Z10 F1000
G01 X20.645089 Y-54.238839 Z10 F1000
G01 X20.589286 Y-54.238839 Z9.843137 F1000
G01 X20.533482 Y-54.238839 Z8.745098 F1000
G01 X20.477679 Y-54.238839 Z5.372549 F1000
G01 X20.421875 Y-54.238839 Z3.607843 F1000
G01 X20.366071 Y-54.238839 Z3.45098 F1000
G01 X20.03125 Y-54.238839 Z3.45098 F1000
G01 X19.975446 Y-54.238839 Z3.254902 F1000
G01 X19.919643 Y-54.238839 Z3.176471 F1000
G01 X19.863839 Y-54.238839 Z3.254902 F1000
G01 X19.808036 Y-54.238839 Z3.254902 F1000
G01 X19.752232 Y-54.238839 Z3.294118 F1000
G01 X19.696429 Y-54.238839 Z4.705882 F1000
G01 X19.640625 Y-54.238839 Z8.078431 F1000
G01 X19.584821 Y-54.238839 Z9.882353 F1000
G01 X19.529018 Y-54.238839 Z9.882353 F1000
G01 X19.473214 Y-54.238839 Z9.960784 F1000
G01 X19.417411 Y-54.238839 Z10 F1000
G01 X0.444196 Y-54.238839 Z10 F1000
G01 X0.444196 Y-54.294643 Z10 F1000
G01 X0.444196 Y-54.350446 Z10 F1000
G01 X0.444196 Y-54.40625 Z10 F1000
G01 X0.444196 Y-54.462054 Z10 F1000
G01 X0.444196 Y-54.517857 Z10 F1000
G01 X0.444196 Y-54.573661 Z10 F1000
G01 X0.444196 Y-54.629464 Z10 F1000
G01 X0.444196 Y-54.685268 Z10 F1000
G01 X0.444196 Y-54.741071 Z10 F1000
G01 X20.087054 Y-54.741071 Z10 F1000
G01 X20.142857 Y-54.741071 Z9.960784 F1000
G01 X20.198661 Y-54.741071 Z9.45098 F1000
G01 X20.254464 Y-54.741071 Z5.921569 F1000
G01 X20.310268 Y-54.741071 Z3.568627 F1000
G01 X20.645089 Y-54.741071 Z3.568627 F1000
G01 X20.700893 Y-54.741071 Z3.254902 F1000
G01 X20.756696 Y-54.741071 Z3.254902 F1000
G01 X20.8125 Y-54.741071 Z3.45098 F1000
G01 X20.979911 Y-54.741071 Z3.45098 F1000
G01 X21.035714 Y-54.741071 Z4.196078 F1000
G01 X21.091518 Y-54.741071 Z7.882353 F1000
G01 X21.147321 Y-54.741071 Z10 F1000
G01 X78.792411 Y-54.741071 Z10 F1000
G01 X78.848214 Y-54.741071 Z9.921569 F1000
G01 X78.904018 Y-54.741071 Z9.921569 F1000
G01 X78.959821 Y-54.741071 Z7.058824 F1000
G01 X79.015625 Y-54.741071 Z4.078431 F1000
G01 X79.071429 Y-54.741071 Z3.215686 F1000
G01 X79.127232 Y-54.741071 Z3.215686 F1000
G01 X79.183036 Y-54.741071 Z3.176471 F1000
G01 X79.350446 Y-54.741071 Z3.176471 F1000
G01 X79.40625 Y-54.741071 Z3.254902 F1000
G01 X79.517857 Y-54.741071 Z3.254902 F1000
G01 X79.573661 Y-54.741071 Z3.333333 F1000
G01 X79.629464 Y-54.741071 Z3.647059 F1000
G01 X79.741071 Y-54.741071 Z3.647059 F1000
G01 X79.796875 Y-54.741071 Z6 F1000
G01 X79.852679 Y-54.741071 Z8.745098 F1000
G01 X79.908482 Y-54.741071 Z10 F1000
G01 X99.551339 Y-54.741071 Z10 F1000
G01 X99.551339 Y-54.796875 Z10 F1000
G01 X99.551339 Y-54.852679 Z10 F1000
G01 X99.551339 Y-54.908482 Z10 F1000
G01 X99.551339 Y-54.964286 Z10 F1000
G01 X99.551339 Y-55.020089 Z10 F1000
G01 X99.551339 Y-55.075893 Z10 F1000
G01 X99.551339 Y-55.131696 Z10 F1000
G01 X99.551339 Y-55.1875 Z10 F1000
G01 X99.551339 Y-55.243304 Z10 F1000
G01 X79.350446 Y-55.243304 Z10 F1000
G01 X79.294643 Y-55.243304 Z9.647059 F1000
G01 X79.238839 Y-55.243304 Z6.901961 F1000
G01 X79.183036 Y-55.243304 Z3.647059 F1000
G01 X79.071429 Y-55.243304 Z3.647059 F1000
G01 X79.015625 Y-55.243304 Z3.529412 F1000
G01 X78.904018 Y-55.243304 Z3.529412 F1000
G01 X78.848214 Y-55.243304 Z3.45098 F1000
G01 X78.792411 Y-55.243304 Z3.254902 F1000
G01 X78.680804 Y-55.243304 Z3.254902 F1000
G01 X78.625 Y-55.243304 Z3.333333 F1000
G01 X78.569196 Y-55.243304 Z3.333333 F1000
G01 X78.513393 Y-55.243304 Z3.568627 F1000
G01 X78.457589 Y-55.243304 Z3.647059 F1000
G01 X78.401786 Y-55.243304 Z6.901961 F1000
G01 X78.345982 Y-55.243304 Z10 F1000
G01 X21.928571 Y-55.243304 Z10 F1000
G01 X21.872768 Y-55.243304 Z9.960784 F1000
G01 X21.705357 Y-55.243304 Z9.960784 F1000
G01 X21.649554 Y-55.243304 Z6.313725 F1000
G01 X21.59375 Y-55.243304 Z4.156863 F1000
G01 X21.537946 Y-55.243304 Z3.176471 F1000
G01 X21.314732 Y-55.243304 Z3.176471 F1000
G01 X21.258929 Y-55.243304 Z3.568627 F1000
G01 X21.147321 Y-55.243304 Z3.568627 F1000
G01 X21.091518 Y-55.243304 Z3.647059 F1000
G01 X20.868304 Y-55.243304 Z3.647059 F1000
G01 X20.8125 Y-55.243304 Z7.137255 F1000
G01 X20.756696 Y-55.243304 Z9.333333 F1000
G01 X20.700893 Y-55.243304 Z9.960784 F1000
G01 X20.645089 Y-55.243304 Z10 F1000
G01 X0.444196 Y-55.243304 Z10 F1000
G01 X0.444196 Y-55.299107 Z10 F1000
G01 X0.444196 Y-55.354911 Z10 F1000
G01 X0.444196 Y-55.410714 Z10 F1000
G01 X0.444196 Y-55.466518 Z10 F1000
G01 X0.444196 Y-55.522321 Z10 F1000
G01 X0.444196 Y-55.578125 Z10 F1000
G01 X0.444196 Y-55.633929 Z10 F1000
G01 X0.444196 Y-55.689732 Z10 F1000
G01 X0.444196 Y-55.745536 Z10 F1000
G01 X21.314732 Y-55.745536 Z10 F1000
G01 X21.370536 Y-55.745536 Z7.568627 F1000
G01 X21.426339 Y-55.745536 Z4.27451 F1000
G01 X21.482143 Y-55.745536 Z3.372549 F1000
G01 X21.928571 Y-55.745536 Z3.372549 F1000
G01 X21.984375 Y-55.745536 Z3.411765 F1000
G01 X22.040179 Y-55.745536 Z3.45098 F1000
G01 X22.095982 Y-55.745536 Z3.45098 F1000
G01 X22.151786 Y-55.745536 Z3.490196 F1000
G01 X22.207589 Y-55.745536 Z5.019608 F1000
G01 X22.263393 Y-55.745536 Z9.72549 F1000
G01 X22.319196 Y-55.745536 Z9.803922 F1000
G01 X22.375 Y-55.745536 Z9.803922 F1000
G01 X22.430804 Y-55.745536 Z10 F1000
G01 X77.564732 Y-55.745536 Z10 F1000
G01 X77.620536 Y-55.745536 Z9.960784 F1000
G01 X77.732143 Y-55.745536 Z9.960784 F1000
G01 X77.787946 Y-55.745536 Z8.54902 F1000
G01 X77.84375 Y-55.745536 Z4.823529 F1000
G01 X77.899554 Y-55.745536 Z4.117647 F1000
G01 X77.955357 Y-55.745536 Z3.45098 F1000
G01 X78.011161 Y-55.745536 Z3.137255 F1000
G01 X78.066964 Y-55.745536 Z3.137255 F1000
G01 X78.122768 Y-55.745536 Z3.176471 F1000
G01 X78.234375 Y-55.745536 Z3.176471 F1000
G01 X78.290179 Y-55.745536 Z3.215686 F1000
G01 X78.345982 Y-55.745536 Z3.215686 F1000
G01 X78.401786 Y-55.745536 Z3.490196 F1000
G01 X78.457589 Y-55.745536 Z3.72549 F1000
G01 X78.569196 Y-55.745536 Z3.72549 F1000
G01 X78.625 Y-55.745536 Z4.117647 F1000
G01 X78.680804 Y-55.745536 Z8 F1000
G01 X78.736607 Y-55.745536 Z10 F1000
G01 X99.551339 Y-55.745536 Z10 F1000
G01 X99.551339 Y-55.801339 Z10 F1000
G01 X99.551339 Y-55.857143 Z10 F1000
G01 X99.551339 Y-55.912946 Z10 F1000
G01 X99.551339 Y-55.96875 Z10 F1000
G01 X99.551339 Y-56.024554 Z10 F1000
G01 X99.551339 Y-56.080357 Z10 F1000
G01 X99.551339 Y-56.136161 Z10 F1000
G01 X99.551339 Y-56.191964 Z10 F1000
G01 X99.551339 Y-56.247768 Z10 F1000
G01 X78.234375 Y-56.247768 Z10 F1000
G01 X78.178571 Y-56.247768 Z9.960784 F1000
G01 X78.122768 Y-56.247768 Z9.294118 F1000
G01 X78.066964 Y-56.247768 Z5.137255 F1000
G01 X78.011161 Y-56.247768 Z3.529412 F1000
G01 X77.955357 Y-56.247768 Z3.411765 F1000
G01 X77.84375 Y-56.247768 Z3.411765 F1000
G01 X77.787946 Y-56.247768 Z3.294118 F1000
G01 X77.676339 Y-56.247768 Z3.294118 F1000
G01 X77.620536 Y-56.247768 Z3.215686 F1000
G01 X77.564732 Y-56.247768 Z3.176471 F1000
G01 X77.508929 Y-56.247768 Z3.45098 F1000
G01 X77.397321 Y-56.247768 Z3.45098 F1000
G01 X77.341518 Y-56.247768 Z3.490196 F1000
G01 X77.285714 Y-56.247768 Z4.313725 F1000
G01 X77.229911 Y-56.247768 Z8.235294 F1000
G01 X77.174107 Y-56.247768 Z9.882353 F1000
G01 X77.118304 Y-56.247768 Z10 F1000
G01 X22.877232 Y-56.247768 Z10 F1000
G01 X22.821429 Y-56.247768 Z8.196078 F1000
G01 X22.765625 Y-56.247768 Z4.588235 F1000
G01 X22.709821 Y-56.247768 Z3.882353 F1000
G01 X22.654018 Y-56.247768 Z3.882353 F1000
G01 X22.598214 Y-56.247768 Z3.686275 F1000
G01 X22.542411 Y-56.247768 Z3.176471 F1000
G01 X22.207589 Y-56.247768 Z3.176471 F1000
G01 X22.151786 Y-56.247768 Z3.294118 F1000
G01 X22.095982 Y-56.247768 Z3.647059 F1000
G01 X22.040179 Y-56.247768 Z3.647059 F1000
G01 X21.984375 Y-56.247768 Z5.254902 F1000
G01 X21.928571 Y-56.247768 Z9.215686 F1000
G01 X21.872768 Y-56.247768 Z9.921569 F1000
G01 X21.761161 Y-56.247768 Z9.921569 F1000
G01 X21.705357 Y-56.247768 Z10 F1000
G01 X0.444196 Y-56.247768 Z10 F1000
G01 X0.444196 Y-56.303571 Z10 F1000
G01 X0.444196 Y-56.359375 Z10 F1000
G01 X0.444196 Y-56.415179 Z10 F1000
G01 X0.444196 Y-56.470982 Z10 F1000
G01 X0.444196 Y-56.526786 Z10 F1000
G01 X0.444196 Y-56.582589 Z10 F1000
G01 X0.444196 Y-56.638393 Z10 F1000
G01 X0.444196 Y-56.694196 Z10 F1000
G01 X0.444196 Y-56.75 Z10 F1000
G01 X22.486607 Y-56.75 Z10 F1000
G01 X22.542411 Y-56.75 Z5.921569 F1000
G01 X22.598214 Y-56.75 Z3.568627 F1000
G01 X22.821429 Y-56.75 Z3.568627 F1000
G01 X22.877232 Y-56.75 Z3.372549 F1000
G01 X22.988839 Y-56.75 Z3.372549 F1000
G01 X23.044643 Y-56.75 Z3.294118 F1000
G01 X23.100446 Y-56.75 Z3.568627 F1000
G01 X23.323661 Y-56.75 Z3.568627 F1000
G01 X23.379464 Y-56.75 Z5.882353 F1000
G01 X23.435268 Y-56.75 Z9.764706 F1000
G01 X23.491071 Y-56.75 Z10 F1000
G01 X76.560268 Y-56.75 Z10 F1000
G01 X76.616071 Y-56.75 Z9.764706 F1000
G01 X76.671875 Y-56.75 Z6.627451 F1000
G01 X76.727679 Y-56.75 Z3.764706 F1000
G01 X76.783482 Y-56.75 Z3.45098 F1000
G01 X76.950893 Y-56.75 Z3.45098 F1000
G01 X77.006696 Y-56.75 Z3.333333 F1000
G01 X77.0625 Y-56.75 Z3.333333 F1000
G01 X77.118304 Y-56.75 Z3.215686 F1000
G01 X77.174107 Y-56.75 Z3.254902 F1000
G01 X77.341518 Y-56.75 Z3.254902 F1000
G01 X77.397321 Y-56.75 Z3.333333 F1000
G01 X77.453125 Y-56.75 Z3.568627 F1000
G01 X77.508929 Y-56.75 Z6.313725 F1000
G01 X77.564732 Y-56.75 Z9.764706 F1000
G01 X77.620536 Y-56.75 Z9.882353 F1000
G01 X77.676339 Y-56.75 Z9.921569 F1000
G01 X77.732143 Y-56.75 Z10 F1000
G01 X99.551339 Y-56.75 Z10 F1000
G01 X99.551339 Y-56.805804 Z10 F1000
G01 X99.551339 Y-56.861607 Z10 F1000
G01 X99.551339 Y-56.917411 Z10 F1000
G01 X99.551339 Y-56.973214 Z10 F1000
G01 X99.551339 Y-57.029018 Z10 F1000
G01 X99.551339 Y-57.084821 Z10 F1000
G01 X99.551339 Y-57.140625 Z10 F1000
G01 X99.551339 Y-57.196429 Z10 F1000
G01 X99.551339 Y-57.252232 Z10 F1000
G01 X77.0625 Y-57.252232 Z10 F1000
G01 X77.006696 Y-57.252232 Z9.882353 F1000
G01 X76.950893 Y-57.252232 Z7.45098 F1000
G01 X76.895089 Y-57.252232 Z4.156863 F1000
G01 X76.839286 Y-57.252232 Z3.490196 F1000
G01 X76.783482 Y-57.252232 Z3.294118 F1000
G01 X76.727679 Y-57.252232 Z3.294118 F1000
G01 X76.671875 Y-57.252232 Z3.176471 F1000
G01 X76.616071 Y-57.252232 Z3.176471 F1000
G01 X76.560268 Y-57.252232 Z3.215686 F1000
G01 X76.448661 Y-57.252232 Z3.215686 F1000
G01 X76.392857 Y-57.252232 Z3.647059 F1000
G01 X76.169643 Y-57.252232 Z3.647059 F1000
G01 X76.113839 Y-57.252232 Z6.196078 F1000
G01 X76.058036 Y-57.252232 Z8.901961 F1000
G01 X76.002232 Y-57.252232 Z9.921569 F1000
G01 X75.946429 Y-57.252232 Z10 F1000
G01 X24.104911 Y-57.252232 Z10 F1000
G01 X24.049107 Y-57.252232 Z9.960784 F1000
G01 X23.993304 Y-57.252232 Z8 F1000
G01 X23.9375 Y-57.252232 Z4.784314 F1000
G01 X23.881696 Y-57.252232 Z3.137255 F1000
G01 X23.825893 Y-57.252232 Z3.137255 F1000
G01 X23.770089 Y-57.252232 Z3.294118 F1000
G01 X23.379464 Y-57.252232 Z3.294118 F1000
G01 X23.323661 Y-57.252232 Z3.568627 F1000
G01 X23.212054 Y-57.252232 Z3.568627 F1000
G01 X23.15625 Y-57.252232 Z4.431373 F1000
G01 X23.100446 Y-57.252232 Z7.45098 F1000
G01 X23.044643 Y-57.252232 Z9.843137 F1000
G01 X22.988839 Y-57.252232 Z10 F1000
G01 X0.444196 Y-57.252232 Z10 F1000
G01 X0.444196 Y-57.308036 Z10 F1000
G01 X0.444196 Y-57.363839 Z10 F1000
G01 X0.444196 Y-57.419643 Z10 F1000
G01 X0.444196 Y-57.475446 Z10 F1000
G01 X0.444196 Y-57.53125 Z10 F1000
G01 X0.444196 Y-57.587054 Z10 F1000
G01 X0.444196 Y-57.642857 Z10 F1000
G01 X0.444196 Y-57.698661 Z10 F1000
G01 X0.444196 Y-57.754464 Z10 F1000
G01 X23.602679 Y-57.754464 Z10 F1000
G01 X23.658482 Y-57.754464 Z8.54902 F1000
G01 X23.714286 Y-57.754464 Z2.54902 F1000
G01 X23.770089 Y-57.754464 Z1.058824 F1000
G01 X23.825893 Y-57.754464 Z0.980392 F1000
G01 X23.881696 Y-57.754464 Z0.509804 F1000
G01 X24.328125 Y-57.754464 Z0.509804 F1000
G01 X24.383929 Y-57.754464 Z1.019608 F1000
G01 X24.439732 Y-57.754464 Z1.019608 F1000
G01 X24.495536 Y-57.754464 Z2.862745 F1000
G01 X24.551339 Y-57.754464 Z8.823529 F1000
G01 X24.607143 Y-57.754464 Z10 F1000
G01 X75.276786 Y-57.754464 Z10 F1000
G01 X75.332589 Y-57.754464 Z9.921569 F1000
G01 X75.388393 Y-57.754464 Z9.882353 F1000
G01 X75.444196 Y-57.754464 Z9.882353 F1000
G01 X75.5 Y-57.754464 Z8.54902 F1000
G01 X75.555804 Y-57.754464 Z4.980392 F1000
G01 X75.611607 Y-57.754464 Z3.45098 F1000
G01 X75.890625 Y-57.754464 Z3.45098 F1000
G01 X75.946429 Y-57.754464 Z3.215686 F1000
G01 X76.169643 Y-57.754464 Z3.215686 F1000
G01 X76.225446 Y-57.754464 Z3.372549 F1000
G01 X76.28125 Y-57.754464 Z3.372549 F1000
G01 X76.337054 Y-57.754464 Z4.666667 F1000
G01 X76.392857 Y-57.754464 Z8.627451 F1000
G01 X76.448661 Y-57.754464 Z9.921569 F1000
G01 X76.560268 Y-57.754464 Z9.921569 F1000
G01 X76.616071 Y-57.754464 Z10 F1000
G01 X99.551339 Y-57.754464 Z10 F1000
G01 X99.551339 Y-57.810268 Z10 F1000
G01 X99.551339 Y-57.866071 Z10 F1000
G01 X99.551339 Y-57.921875 Z10 F1000
G01 X99.551339 Y-57.977679 Z10 F1000
G01 X99.551339 Y-58.033482 Z10 F1000
G01 X99.551339 Y-58.089286 Z10 F1000
G01 X99.551339 Y-58.145089 Z10 F1000
G01 X99.551339 Y-58.200893 Z10 F1000
G01 X99.551339 Y-58.256696 Z10 F1000
G01 X75.946429 Y-58.256696 Z10 F1000
G01 X75.890625 Y-58.256696 Z9.803922 F1000
G01 X75.834821 Y-58.256696 Z8.941176 F1000
G01 X75.779018 Y-58.256696 Z6.117647 F1000
G01 X75.723214 Y-58.256696 Z3.372549 F1000
G01 X75.667411 Y-58.256696 Z3.254902 F1000
G01 X75.5 Y-58.256696 Z3.254902 F1000
G01 X75.444196 Y-58.256696 Z3.215686 F1000
G01 X75.332589 Y-58.256696 Z3.215686 F1000
G01 X75.276786 Y-58.256696 Z3.411765 F1000
G01 X75.053571 Y-58.256696 Z3.411765 F1000
G01 X74.997768 Y-58.256696 Z5.019608 F1000
G01 X74.941964 Y-58.256696 Z8.627451 F1000
G01 X74.886161 Y-58.256696 Z9.921569 F1000
G01 X74.830357 Y-58.256696 Z9.960784 F1000
G01 X74.774554 Y-58.256696 Z10 F1000
G01 X25.165179 Y-58.256696 Z10 F1000
G01 X25.109375 Y-58.256696 Z8.862745 F1000
G01 X25.053571 Y-58.256696 Z3.019608 F1000
G01 X24.997768 Y-58.256696 Z0.862745 F1000
G01 X24.941964 Y-58.256696 Z0.862745 F1000
G01 X24.886161 Y-58.256696 Z0.588235 F1000
G01 X24.830357 Y-58.256696 Z0.588235 F1000
G01 X24.774554 Y-58.256696 Z0.470588 F1000
G01 X24.439732 Y-58.256696 Z0.470588 F1000
G01 X24.383929 Y-58.256696 Z1.019608 F1000
G01 X24.328125 Y-58.256696 Z1.647059 F1000
G01 X24.272321 Y-58.256696 Z4.27451 F1000
G01 X24.216518 Y-58.256696 Z9.137255 F1000
G01 X24.160714 Y-58.256696 Z10 F1000
G01 X0.444196 Y-58.256696 Z10 F1000
G01 X0.444196 Y-58.3125 Z10 F1000
G01 X0.444196 Y-58.368304 Z10 F1000
G01 X0.444196 Y-58.424107 Z10 F1000
G01 X0.444196 Y-58.479911 Z10 F1000
G01 X0.444196 Y-58.535714 Z10 F1000
G01 X0.444196 Y-58.591518 Z10 F1000
G01 X0.444196 Y-58.647321 Z10 F1000
G01 X0.444196 Y-58.703125 Z10 F1000
G01 X0.444196 Y-58.758929 Z10 F1000
G01 X24.662946 Y-58.758929 Z10 F1000
G01 X24.71875 Y-58.758929 Z9.647059 F1000
G01 X24.774554 Y-58.758929 Z7.45098 F1000
G01 X24.830357 Y-58.758929 Z1.411765 F1000
G01 X24.886161 Y-58.758929 Z1.294118 F1000
G01 X25.276786 Y-58.758929 Z1.294118 F1000
G01 X25.332589 Y-58.758929 Z1.019608 F1000
G01 X25.388393 Y-58.758929 Z1.058824 F1000
G01 X25.444196 Y-58.758929 Z1.058824 F1000
G01 X25.5 Y-58.758929 Z4.862745 F1000
G01 X25.555804 Y-58.758929 Z9.921569 F1000
G01 X25.611607 Y-58.758929 Z10 F1000
G01 X74.272321 Y-58.758929 Z10 F1000
G01 X74.328125 Y-58.758929 Z9.960784 F1000
G01 X74.383929 Y-58.758929 Z9.960784 F1000
G01 X74.439732 Y-58.758929 Z9.921569 F1000
G01 X74.495536 Y-58.758929 Z9.803922 F1000
G01 X74.551339 Y-58.758929 Z6.196078 F1000
G01 X74.607143 Y-58.758929 Z3.45098 F1000
G01 X74.71875 Y-58.758929 Z3.45098 F1000
G01 X74.774554 Y-58.758929 Z3.411765 F1000
G01 X74.830357 Y-58.758929 Z3.411765 F1000
G01 X74.886161 Y-58.758929 Z3.254902 F1000
G01 X74.941964 Y-58.758929 Z3.294118 F1000
G01 X74.997768 Y-58.758929 Z3.372549 F1000
G01 X75.109375 Y-58.758929 Z3.372549 F1000
G01 X75.165179 Y-58.758929 Z3.411765 F1000
G01 X75.220982 Y-58.758929 Z3.72549 F1000
G01 X75.276786 Y-58.758929 Z7.764706 F1000
G01 X75.332589 Y-58.758929 Z10 F1000
G01 X99.551339 Y-58.758929 Z10 F1000
G01 X99.551339 Y-58.814732 Z10 F1000
G01 X99.551339 Y-58.870536 Z10 F1000
G01 X99.551339 Y-58.926339 Z10 F1000
G01 X99.551339 Y-58.982143 Z10 F1000
G01 X99.551339 Y-59.037946 Z10 F1000
G01 X99.551339 Y-59.09375 Z10 F1000
G01 X99.551339 Y-59.149554 Z10 F1000
G01 X99.551339 Y-59.205357 Z10 F1000
G01 X99.551339 Y-59.261161 Z10 F1000
G01 X75.053571 Y-59.261161 Z10 F1000
G01 X74.997768 Y-59.261161 Z9.960784 F1000
G01 X74.941964 Y-59.261161 Z9.764706 F1000
G01 X74.886161 Y-59.261161 Z5.882353 F1000
G01 X74.830357 Y-59.261161 Z3.372549 F1000
G01 X74.662946 Y-59.261161 Z3.372549 F1000
G01 X74.607143 Y-59.261161 Z3.294118 F1000
G01 X74.383929 Y-59.261161 Z3.294118 F1000
G01 X74.328125 Y-59.261161 Z3.490196 F1000
G01 X74.272321 Y-59.261161 Z3.490196 F1000
G01 X74.216518 Y-59.261161 Z6.509804 F1000
G01 X74.160714 Y-59.261161 Z9.843137 F1000
G01 X74.104911 Y-59.261161 Z9.960784 F1000
G01 X74.049107 Y-59.261161 Z10 F1000
G01 X25.890625 Y-59.261161 Z10 F1000
G01 X25.834821 Y-59.261161 Z4.392157 F1000
G01 X25.779018 Y-59.261161 Z0.54902 F1000
G01 X25.723214 Y-59.261161 Z0.392157 F1000
G01 X25.667411 Y-59.261161 Z0.235294 F1000
G01 X25.611607 Y-59.261161 Z0.156863 F1000
G01 X25.332589 Y-59.261161 Z0.156863 F1000
G01 X25.276786 Y-59.261161 Z1.294118 F1000
G01 X25.220982 Y-59.261161 Z1.294118 F1000
G01 X25.165179 Y-59.261161 Z4.078431 F1000
G01 X25.109375 Y-59.261161 Z9.960784 F1000
G01 X25.053571 Y-59.261161 Z9.960784 F1000
G01 X24.997768 Y-59.261161 Z10 F1000
G01 X0.444196 Y-59.261161 Z10 F1000
G01 X0.444196 Y-59.316964 Z10 F1000
G01 X0.444196 Y-59.372768 Z10 F1000
G01 X0.444196 Y-59.428571 Z10 F1000
G01 X0.444196 Y-59.484375 Z10 F1000
G01 X0.444196 Y-59.540179 Z10 F1000
G01 X0.444196 Y-59.595982 Z10 F1000
G01 X0.444196 Y-59.651786 Z10 F1000
G01 X0.444196 Y-59.707589 Z10 F1000
G01 X0.444196 Y-59.763393 Z10 F1000
G01 X25.276786 Y-59.763393 Z10 F1000
G01 X25.332589 Y-59.763393 Z9.921569 F1000
G01 X25.388393 Y-59.763393 Z7.647059 F1000
G01 X25.444196 Y-59.763393 Z0.54902 F1000
G01 X25.555804 Y-59.763393 Z0.54902 F1000
G01 X25.611607 Y-59.763393 Z0.431373 F1000
G01 X25.667411 Y-59.763393 Z0.431373 F1000
G01 X25.723214 Y-59.763393 Z0.27451 F1000
G01 X25.779018 Y-59.763393 Z0.509804 F1000
G01 X25.834821 Y-59.763393 Z0.627451 F1000
G01 X25.890625 Y-59.763393 Z0.627451 F1000
G01 X25.946429 Y-59.763393 Z0.901961 F1000
G01 X26.058036 Y-59.763393 Z0.901961 F1000
G01 X26.113839 Y-59.763393 Z7.647059 F1000
G01 X26.169643 Y-59.763393 Z9.882353 F1000
G01 X26.225446 Y-59.763393 Z10 F1000
G01 X73.881696 Y-59.763393 Z10 F1000
G01 X73.9375 Y-59.763393 Z8.666667 F1000
G01 X73.993304 Y-59.763393 Z3.411765 F1000
G01 X74.104911 Y-59.763393 Z3.411765 F1000
G01 X74.160714 Y-59.763393 Z3.215686 F1000
G01 X74.272321 Y-59.763393 Z3.215686 F1000
G01 X74.328125 Y-59.763393 Z3.137255 F1000
G01 X74.383929 Y-59.763393 Z3.411765 F1000
G01 X74.439732 Y-59.763393 Z3.411765 F1000
G01 X74.495536 Y-59.763393 Z3.490196 F1000
G01 X74.607143 Y-59.763393 Z3.490196 F1000
G01 X74.662946 Y-59.763393 Z7.686275 F1000
G01 X74.71875 Y-59.763393 Z10 F1000
G01 X99.551339 Y-59.763393 Z10 F1000
G01 X99.551339 Y-59.819196 Z10 F1000
G01 X99.551339 Y-59.875 Z10 F1000
G01 X99.551339 Y-59.930804 Z10 F1000
G01 X99.551339 Y-59.986607 Z10 F1000
G01 X99.551339 Y-60.042411 Z10 F1000
G01 X99.551339 Y-60.098214 Z10 F1000
G01 X99.551339 Y-60.154018 Z10 F1000
G01 X99.551339 Y-60.209821 Z10 F1000
G01 X99.551339 Y-60.265625 Z10 F1000
G01 X74.607143 Y-60.265625 Z10 F1000
G01 X74.551339 Y-60.265625 Z9.960784 F1000
G01 X74.495536 Y-60.265625 Z5.490196 F1000
G01 X74.439732 Y-60.265625 Z3.411765 F1000
G01 X74.383929 Y-60.265625 Z3.411765 F1000
G01 X74.328125 Y-60.265625 Z3.176471 F1000
G01 X74.160714 Y-60.265625 Z3.176471 F1000
G01 X74.104911 Y-60.265625 Z3.098039 F1000
G01 X74.049107 Y-60.265625 Z3.137255 F1000
G01 X73.9375 Y-60.265625 Z3.137255 F1000
G01 X73.881696 Y-60.265625 Z3.372549 F1000
G01 X73.825893 Y-60.265625 Z3.372549 F1000
G01 X73.770089 Y-60.265625 Z4.980392 F1000
G01 X73.714286 Y-60.265625 Z10 F1000
G01 X26.392857 Y-60.265625 Z10 F1000
G01 X26.337054 Y-60.265625 Z9.72549 F1000
G01 X26.28125 Y-60.265625 Z3.490196 F1000
G01 X26.225446 Y-60.265625 Z0.627451 F1000
G01 X26.169643 Y-60.265625 Z0.431373 F1000
G01 X26.113839 Y-60.265625 Z0.156863 F1000
G01 X25.946429 Y-60.265625 Z0.156863 F1000
G01 X25.890625 Y-60.265625 Z0.117647 F1000
G01 X25.834821 Y-60.265625 Z0.196078 F1000
G01 X25.779018 Y-60.265625 Z0.196078 F1000
G01 X25.723214 Y-60.265625 Z0.27451 F1000
G01 X25.667411 Y-60.265625 Z0.941176 F1000
G01 X25.611607 Y-60.265625 Z0.941176 F1000
G01 X25.555804 Y-60.265625 Z4.156863 F1000
G01 X25.5 Y-60.265625 Z9.843137 F1000
G01 X25.444196 Y-60.265625 Z10 F1000
G01 X0.444196 Y-60.265625 Z10 F1000
G01 X0.444196 Y-60.321429 Z10 F1000
G01 X0.444196 Y-60.377232 Z10 F1000
G01 X0.444196 Y-60.433036 Z10 F1000
G01 X0.444196 Y-60.488839 Z10 F1000
G01 X0.444196 Y-60.544643 Z10 F1000
G01 X0.444196 Y-60.600446 Z10 F1000
G01 X0.444196 Y-60.65625 Z10 F1000
G01 X0.444196 Y-60.712054 Z10 F1000
G01 X0.444196 Y-60.767857 Z10 F1000
G01 X25.555804 Y-60.767857 Z10 F1000
G01 X25.611607 Y-60.767857 Z6.627451 F1000
G01 X25.667411 Y-60.767857 Z0.941176 F1000
G01 X25.723214 Y-60.767857 Z0.196078 F1000
G01 X25.779018 Y-60.767857 Z0.156863 F1000
G01 X25.890625 Y-60.767857 Z0.156863 F1000
G01 X25.946429 Y-60.767857 Z0.078431 F1000
G01 X26.058036 Y-60.767857 Z0.078431 F1000
G01 X26.113839 Y-60.767857 Z0.117647 F1000
G01 X26.169643 Y-60.767857 Z0.196078 F1000
G01 X26.225446 Y-60.767857 Z0.470588 F1000
G01 X26.28125 Y-60.767857 Z0.470588 F1000
G01 X26.337054 Y-60.767857 Z0.54902 F1000
G01 X26.392857 Y-60.767857 Z0.54902 F1000
G01 X26.448661 Y-60.767857 Z7.843137 F1000
G01 X26.504464 Y-60.767857 Z10 F1000
G01 X73.491071 Y-60.767857 Z10 F1000
G01 X73.546875 Y-60.767857 Z9.960784 F1000
G01 X73.602679 Y-60.767857 Z8.745098 F1000
G01 X73.658482 Y-60.767857 Z3.372549 F1000
G01 X73.881696 Y-60.767857 Z3.372549 F1000
G01 X73.9375 Y-60.767857 Z3.215686 F1000
G01 X73.993304 Y-60.767857 Z3.137255 F1000
G01 X74.049107 Y-60.767857 Z3.058824 F1000
G01 X74.104911 Y-60.767857 Z3.098039 F1000
G01 X74.160714 Y-60.767857 Z3.176471 F1000
G01 X74.328125 Y-60.767857 Z3.176471 F1000
G01 X74.383929 Y-60.767857 Z3.372549 F1000
G01 X74.439732 Y-60.767857 Z7.490196 F1000
G01 X74.495536 Y-60.767857 Z10 F1000
G01 X99.551339 Y-60.767857 Z10 F1000
G01 X99.551339 Y-60.823661 Z10 F1000
G01 X99.551339 Y-60.879464 Z10 F1000
G01 X99.551339 Y-60.935268 Z10 F1000
G01 X99.551339 Y-60.991071 Z10 F1000
G01 X99.551339 Y-61.046875 Z10 F1000
G01 X99.551339 Y-61.102679 Z10 F1000
G01 X99.551339 Y-61.158482 Z10 F1000
G01 X99.551339 Y-61.214286 Z10 F1000
G01 X99.551339 Y-61.270089 Z10 F1000
G01 X74.495536 Y-61.270089 Z10 F1000
G01 X74.439732 Y-61.270089 Z8.509804 F1000
G01 X74.383929 Y-61.270089 Z3.372549 F1000
G01 X74.328125 Y-61.270089 Z3.137255 F1000
G01 X74.216518 Y-61.270089 Z3.137255 F1000
G01 X74.160714 Y-61.270089 Z3.098039 F1000
G01 X73.993304 Y-61.270089 Z3.098039 F1000
G01 X73.9375 Y-61.270089 Z3.215686 F1000
G01 X73.602679 Y-61.270089 Z3.215686 F1000
G01 X73.546875 Y-61.270089 Z5.176471 F1000
G01 X73.491071 Y-61.270089 Z10 F1000
G01 X26.560268 Y-61.270089 Z10 F1000
G01 X26.504464 Y-61.270089 Z2.745098 F1000
G01 X26.448661 Y-61.270089 Z0.392157 F1000
G01 X26.392857 Y-61.270089 Z0.313725 F1000
G01 X26.337054 Y-61.270089 Z0.313725 F1000
G01 X26.28125 Y-61.270089 Z0.235294 F1000
G01 X26.225446 Y-61.270089 Z0.235294 F1000
G01 X26.169643 Y-61.270089 Z0.196078 F1000
G01 X26.113839 Y-61.270089 Z0.117647 F1000
G01 X26.058036 Y-61.270089 Z0.078431 F1000
G01 X25.946429 Y-61.270089 Z0.078431 F1000
G01 X25.890625 Y-61.270089 Z0.156863 F1000
G01 X25.779018 Y-61.270089 Z0.156863 F1000
G01 X25.723214 Y-61.270089 Z0.313725 F1000
G01 X25.667411 Y-61.270089 Z0.392157 F1000
G01 X25.611607 Y-61.270089 Z7.72549 F1000
G01 X25.555804 Y-61.270089 Z10 F1000
G01 X0.444196 Y-61.270089 Z10 F1000
G01 X0.444196 Y-61.325893 Z10 F1000
G01 X0.444196 Y-61.381696 Z10 F1000
G01 X0.444196 Y-61.4375 Z10 F1000
G01 X0.444196 Y-61.493304 Z10 F1000
G01 X0.444196 Y-61.549107 Z10 F1000
G01 X0.444196 Y-61.604911 Z10 F1000
G01 X0.444196 Y-61.660714 Z10 F1000
G01 X0.444196 Y-61.716518 Z10 F1000
G01 X0.444196 Y-61.772321 Z10 F1000
G01 X25.555804 Y-61.772321 Z10 F1000
G01 X25.611607 Y-61.772321 Z7.72549 F1000
G01 X25.667411 Y-61.772321 Z0.313725 F1000
G01 X25.723214 Y-61.772321 Z0.313725 F1000
G01 X25.779018 Y-61.772321 Z0.156863 F1000
G01 X25.834821 Y-61.772321 Z0.156863 F1000
G01 X25.890625 Y-61.772321 Z0.078431 F1000
G01 X25.946429 Y-61.772321 Z0.117647 F1000
G01 X26.113839 Y-61.772321 Z0.117647 F1000
G01 X26.169643 Y-61.772321 Z0.196078 F1000
G01 X26.225446 Y-61.772321 Z0.313725 F1000
G01 X26.28125 Y-61.772321 Z0.313725 F1000
G01 X26.337054 Y-61.772321 Z0.627451 F1000
G01 X26.448661 Y-61.772321 Z0.627451 F1000
G01 X26.504464 Y-61.772321 Z6.470588 F1000
G01 X26.560268 Y-61.772321 Z10 F1000
G01 X73.491071 Y-61.772321 Z10 F1000
G01 X73.546875 Y-61.772321 Z7.686275 F1000
G01 X73.602679 Y-61.772321 Z3.45098 F1000
G01 X73.658482 Y-61.772321 Z3.45098 F1000
G01 X73.714286 Y-61.772321 Z3.294118 F1000
G01 X73.881696 Y-61.772321 Z3.294118 F1000
G01 X73.9375 Y-61.772321 Z3.137255 F1000
G01 X73.993304 Y-61.772321 Z3.137255 F1000
G01 X74.049107 Y-61.772321 Z3.098039 F1000
G01 X74.104911 Y-61.772321 Z3.137255 F1000
G01 X74.160714 Y-61.772321 Z3.176471 F1000
G01 X74.383929 Y-61.772321 Z3.176471 F1000
G01 X74.439732 Y-61.772321 Z8.509804 F1000
G01 X74.495536 Y-61.772321 Z10 F1000
G01 X99.551339 Y-61.772321 Z10 F1000
G01 X99.551339 Y-61.828125 Z10 F1000
G01 X99.551339 Y-61.883929 Z10 F1000
G01 X99.551339 Y-61.939732 Z10 F1000
G01 X99.551339 Y-61.995536 Z10 F1000
G01 X99.551339 Y-62.051339 Z10 F1000
G01 X99.551339 Y-62.107143 Z10 F1000
G01 X99.551339 Y-62.162946 Z10 F1000
G01 X99.551339 Y-62.21875 Z10 F1000
G01 X99.551339 Y-62.274554 Z10 F1000
G01 X74.551339 Y-62.274554 Z10 F1000
G01 X74.495536 Y-62.274554 Z9.803922 F1000
G01 X74.439732 Y-62.274554 Z6.117647 F1000
G01 X74.383929 Y-62.274554 Z3.607843 F1000
G01 X74.328125 Y-62.274554 Z3.490196 F1000
G01 X74.104911 Y-62.274554 Z3.490196 F1000
G01 X74.049107 Y-62.274554 Z3.372549 F1000
G01 X73.9375 Y-62.274554 Z3.372549 F1000
G01 X73.881696 Y-62.274554 Z3.45098 F1000
G01 X73.714286 Y-62.274554 Z3.45098 F1000
G01 X73.658482 Y-62.274554 Z4.941176 F1000
G01 X73.602679 Y-62.274554 Z10 F1000
G01 X26.448661 Y-62.274554 Z10 F1000
G01 X26.392857 Y-62.274554 Z5.294118 F1000
G01 X26.337054 Y-62.274554 Z0.705882 F1000
G01 X26.225446 Y-62.274554 Z0.705882 F1000
G01 X26.169643 Y-62.274554 Z0.235294 F1000
G01 X26.113839 Y-62.274554 Z0.117647 F1000
G01 X25.834821 Y-62.274554 Z0.117647 F1000
G01 X25.779018 Y-62.274554 Z0.156863 F1000
G01 X25.723214 Y-62.274554 Z0.313725 F1000
G01 X25.667411 Y-62.274554 Z0.313725 F1000
G01 X25.611607 Y-62.274554 Z4.627451 F1000
G01 X25.555804 Y-62.274554 Z9.960784 F1000
G01 X25.5 Y-62.274554 Z10 F1000
G01 X0.444196 Y-62.274554 Z10 F1000
G01 X0.444196 Y-62.330357 Z10 F1000
G01 X0.444196 Y-62.386161 Z10 F1000
G01 X0.444196 Y-62.441964 Z10 F1000
G01 X0.444196 Y-62.497768 Z10 F1000
G01 X0.444196 Y-62.553571 Z10 F1000
G01 X0.444196 Y-62.609375 Z10 F1000
G01 X0.444196 Y-62.665179 Z10 F1000
G01 X0.444196 Y-62.720982 Z10 F1000
G01 X0.444196 Y-62.776786 Z10 F1000
G01 X25.388393 Y-62.776786 Z10 F1000
G01 X25.444196 Y-62.776786 Z9.960784 F1000
G01 X25.5 Y-62.776786 Z7.333333 F1000
G01 X25.555804 Y-62.776786 Z0.509804 F1000
G01 X25.611607 Y-62.776786 Z0.392157 F1000
G01 X25.723214 Y-62.776786 Z0.392157 F1000
G01 X25.779018 Y-62.776786 Z0.117647 F1000
G01 X26.058036 Y-62.776786 Z0.117647 F1000
G01 X26.113839 Y-62.776786 Z0.156863 F1000
G01 X26.169643 Y-62.776786 Z0.313725 F1000
G01 X26.225446 Y-62.776786 Z0.705882 F1000
G01 X26.28125 Y-62.776786 Z5.411765 F1000
G01 X26.337054 Y-62.776786 Z9.764706 F1000
G01 X26.392857 Y-62.776786 Z10 F1000
G01 X73.658482 Y-62.776786 Z10 F1000
G01 X73.714286 Y-62.776786 Z9.882353 F1000
G01 X73.770089 Y-62.776786 Z5.372549 F1000
G01 X73.825893 Y-62.776786 Z3.45098 F1000
G01 X73.881696 Y-62.776786 Z3.45098 F1000
G01 X73.9375 Y-62.776786 Z3.372549 F1000
G01 X74.049107 Y-62.776786 Z3.372549 F1000
G01 X74.104911 Y-62.776786 Z3.490196 F1000
G01 X74.328125 Y-62.776786 Z3.490196 F1000
G01 X74.383929 Y-62.776786 Z3.607843 F1000
G01 X74.495536 Y-62.776786 Z3.607843 F1000
G01 X74.551339 Y-62.776786 Z8.392157 F1000
G01 X74.607143 Y-62.776786 Z10 F1000
G01 X99.551339 Y-62.776786 Z10 F1000
G01 X99.551339 Y-62.832589 Z10 F1000
G01 X99.551339 Y-62.888393 Z10 F1000
G01 X99.551339 Y-62.944196 Z10 F1000
G01 X99.551339 Y-63 Z10 F1000
G01 X99.551339 Y-63.055804 Z10 F1000
G01 X99.551339 Y-63.111607 Z10 F1000
G01 X99.551339 Y-63.167411 Z10 F1000
G01 X99.551339 Y-63.223214 Z10 F1000
G01 X99.551339 Y-63.279018 Z10 F1000
G01 X74.774554 Y-63.279018 Z10 F1000
G01 X74.71875 Y-63.279018 Z9.960784 F1000
G01 X74.662946 Y-63.279018 Z7.803922 F1000
G01 X74.607143 Y-63.279018 Z2.235294 F1000
G01 X73.9375 Y-63.279018 Z2.235294 F1000
G01 X73.881696 Y-63.279018 Z6.117647 F1000
G01 X73.825893 Y-63.279018 Z10 F1000
G01 X26.28125 Y-63.279018 Z10 F1000
G01 X26.225446 Y-63.279018 Z9.960784 F1000
G01 X26.169643 Y-63.279018 Z6.196078 F1000
G01 X26.113839 Y-63.279018 Z0.431373 F1000
G01 X26.002232 Y-63.279018 Z0.431373 F1000
G01 X25.946429 Y-63.279018 Z0.352941 F1000
G01 X25.834821 Y-63.279018 Z0.352941 F1000
G01 X25.779018 Y-63.279018 Z0.196078 F1000
G01 X25.723214 Y-63.279018 Z0.392157 F1000
G01 X25.5 Y-63.279018 Z0.392157 F1000
G01 X25.444196 Y-63.279018 Z0.54902 F1000
G01 X25.388393 Y-63.279018 Z7.843137 F1000
G01 X25.332589 Y-63.279018 Z9.921569 F1000
G01 X25.276786 Y-63.279018 Z10 F1000
G01 X0.444196 Y-63.279018 Z10 F1000
G01 X0.444196 Y-63.334821 Z10 F1000
G01 X0.444196 Y-63.390625 Z10 F1000
G01 X0.444196 Y-63.446429 Z10 F1000
G01 X0.444196 Y-63.502232 Z10 F1000
G01 X0.444196 Y-63.558036 Z10 F1000
G01 X0.444196 Y-63.613839 Z10 F1000
G01 X0.444196 Y-63.669643 Z10 F1000
G01 X0.444196 Y-63.725446 Z10 F1000
G01 X0.444196 Y-63.78125 Z10 F1000
G01 X25.220982 Y-63.78125 Z10 F1000
G01 X25.276786 Y-63.78125 Z6.941176 F1000
G01 X25.332589 Y-63.78125 Z0.196078 F1000
G01 X25.388393 Y-63.78125 Z0.156863 F1000
G01 X25.444196 Y-63.78125 Z0.156863 F1000
G01 X25.5 Y-63.78125 Z0.117647 F1000
G01 X25.611607 Y-63.78125 Z0.117647 F1000
G01 X25.667411 Y-63.78125 Z0.156863 F1000
G01 X25.723214 Y-63.78125 Z0.196078 F1000
G01 X25.779018 Y-63.78125 Z0.666667 F1000
G01 X26.002232 Y-63.78125 Z0.666667 F1000
G01 X26.058036 Y-63.78125 Z6.941176 F1000
G01 X26.113839 Y-63.78125 Z9.921569 F1000
G01 X26.169643 Y-63.78125 Z10 F1000
G01 X73.9375 Y-63.78125 Z10 F1000
G01 X73.993304 Y-63.78125 Z6.705882 F1000
G01 X74.049107 Y-63.78125 Z0.431373 F1000
G01 X74.216518 Y-63.78125 Z0.431373 F1000
G01 X74.272321 Y-63.78125 Z0.156863 F1000
G01 X74.383929 Y-63.78125 Z0.156863 F1000
G01 X74.439732 Y-63.78125 Z0.27451 F1000
G01 X74.662946 Y-63.78125 Z0.27451 F1000
G01 X74.71875 Y-63.78125 Z0.627451 F1000
G01 X74.774554 Y-63.78125 Z6.431373 F1000
G01 X74.830357 Y-63.78125 Z9.921569 F1000
G01 X74.886161 Y-63.78125 Z10 F1000
G01 X99.551339 Y-63.78125 Z10 F1000
G01 X99.551339 Y-63.837054 Z10 F1000
G01 X99.551339 Y-63.892857 Z10 F1000
G01 X99.551339 Y-63.948661 Z10 F1000
G01 X99.551339 Y-64.004464 Z10 F1000
G01 X99.551339 Y-64.060268 Z10 F1000
G01 X99.551339 Y-64.116071 Z10 F1000
G01 X99.551339 Y-64.171875 Z10 F1000
G01 X99.551339 Y-64.227679 Z10 F1000
G01 X99.551339 Y-64.283482 Z10 F1000
G01 X74.941964 Y-64.283482 Z10 F1000
G01 X74.886161 Y-64.283482 Z6.392157 F1000
G01 X74.830357 Y-64.283482 Z0.392157 F1000
G01 X74.774554 Y-64.283482 Z0.235294 F1000
G01 X74.551339 Y-64.283482 Z0.235294 F1000
G01 X74.495536 Y-64.283482 Z0.117647 F1000
G01 X74.439732 Y-64.283482 Z0.117647 F1000
G01 X74.383929 Y-64.283482 Z0.392157 F1000
G01 X74.328125 Y-64.283482 Z0.745098 F1000
G01 X74.160714 Y-64.283482 Z0.745098 F1000
G01 X74.104911 Y-64.283482 Z7.882353 F1000
G01 X74.049107 Y-64.283482 Z10 F1000
G01 X26.058036 Y-64.283482 Z10 F1000
G01 X26.002232 Y-64.283482 Z9.803922 F1000
G01 X25.946429 Y-64.283482 Z7.294118 F1000
G01 X25.890625 Y-64.283482 Z0.666667 F1000
G01 X25.779018 Y-64.283482 Z0.666667 F1000
G01 X25.723214 Y-64.283482 Z0.27451 F1000
G01 X25.667411 Y-64.283482 Z0.117647 F1000
G01 X25.5 Y-64.283482 Z0.117647 F1000
G01 X25.444196 Y-64.283482 Z0.078431 F1000
G01 X25.388393 Y-64.283482 Z0.156863 F1000
G01 X25.332589 Y-64.283482 Z0.196078 F1000
G01 X25.276786 Y-64.283482 Z0.431373 F1000
G01 X25.220982 Y-64.283482 Z0.745098 F1000
G01 X25.165179 Y-64.283482 Z6.666667 F1000
G01 X25.109375 Y-64.283482 Z10 F1000
G01 X0.444196 Y-64.283482 Z10 F1000
G01 X0.444196 Y-64.339286 Z10 F1000
G01 X0.444196 Y-64.395089 Z10 F1000
G01 X0.444196 Y-64.450893 Z10 F1000
G01 X0.444196 Y-64.506696 Z10 F1000
G01 X0.444196 Y-64.5625 Z10 F1000
G01 X0.444196 Y-64.618304 Z10 F1000
G01 X0.444196 Y-64.674107 Z10 F1000
G01 X0.444196 Y-64.729911 Z10 F1000
G01 X0.444196 Y-64.785714 Z10 F1000
G01 X24.941964 Y-64.785714 Z10 F1000
G01 X24.997768 Y-64.785714 Z9.843137 F1000
G01 X25.053571 Y-64.785714 Z5.372549 F1000
G01 X25.109375 Y-64.785714 Z0.627451 F1000
G01 X25.220982 Y-64.785714 Z0.627451 F1000
G01 X25.276786 Y-64.785714 Z0.431373 F1000
G01 X25.332589 Y-64.785714 Z0.156863 F1000
G01 X25.388393 Y-64.785714 Z0.156863 F1000
G01 X25.444196 Y-64.785714 Z0.117647 F1000
G01 X25.5 Y-64.785714 Z0.156863 F1000
G01 X25.667411 Y-64.785714 Z0.156863 F1000
G01 X25.723214 Y-64.785714 Z0.470588 F1000
G01 X25.779018 Y-64.785714 Z0.470588 F1000
G01 X25.834821 Y-64.785714 Z7.529412 F1000
G01 X25.890625 Y-64.785714 Z9.960784 F1000
G01 X25.946429 Y-64.785714 Z10 F1000
G01 X74.160714 Y-64.785714 Z10 F1000
G01 X74.216518 Y-64.785714 Z7.294118 F1000
G01 X74.272321 Y-64.785714 Z0.784314 F1000
G01 X74.328125 Y-64.785714 Z0.784314 F1000
G01 X74.383929 Y-64.785714 Z0.392157 F1000
G01 X74.439732 Y-64.785714 Z0.156863 F1000
G01 X74.495536 Y-64.785714 Z0.156863 F1000
G01 X74.551339 Y-64.785714 Z0.117647 F1000
G01 X74.774554 Y-64.785714 Z0.117647 F1000
G01 X74.830357 Y-64.785714 Z0.27451 F1000
G01 X74.886161 Y-64.785714 Z0.313725 F1000
G01 X74.941964 Y-64.785714 Z0.431373 F1000
G01 X74.997768 Y-64.785714 Z5.72549 F1000
G01 X75.053571 Y-64.785714 Z9.803922 F1000
G01 X75.109375 Y-64.785714 Z10 F1000
G01 X99.551339 Y-64.785714 Z10 F1000
G01 X99.551339 Y-64.841518 Z10 F1000
G01 X99.551339 Y-64.897321 Z10 F1000
G01 X99.551339 Y-64.953125 Z10 F1000
G01 X99.551339 Y-65.008929 Z10 F1000
G01 X99.551339 Y-65.064732 Z10 F1000
G01 X99.551339 Y-65.120536 Z10 F1000
G01 X99.551339 Y-65.176339 Z10 F1000
G01 X99.551339 Y-65.232143 Z10 F1000
G01 X99.551339 Y-65.287946 Z10 F1000
G01 X75.220982 Y-65.287946 Z10 F1000
G01 X75.165179 Y-65.287946 Z9.843137 F1000
G01 X75.109375 Y-65.287946 Z5.803922 F1000
G01 X75.053571 Y-65.287946 Z0.54902 F1000
G01 X74.997768 Y-65.287946 Z0.509804 F1000
G01 X74.941964 Y-65.287946 Z0.27451 F1000
G01 X74.830357 Y-65.287946 Z0.27451 F1000
G01 X74.774554 Y-65.287946 Z0.117647 F1000
G01 X74.71875 Y-65.287946 Z0.117647 F1000
G01 X74.662946 Y-65.287946 Z0.156863 F1000
G01 X74.439732 Y-65.287946 Z0.156863 F1000
G01 X74.383929 Y-65.287946 Z0.313725 F1000
G01 X74.328125 Y-65.287946 Z8.27451 F1000
G01 X74.272321 Y-65.287946 Z9.960784 F1000
G01 X74.216518 Y-65.287946 Z9.960784 F1000
G01 X74.160714 Y-65.287946 Z10 F1000
G01 X25.834821 Y-65.287946 Z10 F1000
G01 X25.779018 Y-65.287946 Z9.960784 F1000
G01 X25.723214 Y-65.287946 Z8.509804 F1000
G01 X25.667411 Y-65.287946 Z0.235294 F1000
G01 X25.611607 Y-65.287946 Z0.196078 F1000
G01 X25.444196 Y-65.287946 Z0.196078 F1000
G01 X25.388393 Y-65.287946 Z0.117647 F1000
G01 X25.332589 Y-65.287946 Z0.117647 F1000
G01 X25.276786 Y-65.287946 Z0.352941 F1000
G01 X25.220982 Y-65.287946 Z0.627451 F1000
G01 X24.997768 Y-65.287946 Z0.627451 F1000
G01 X24.941964 Y-65.287946 Z5.960784 F1000
G01 X24.886161 Y-65.287946 Z9.803922 F1000
G01 X24.830357 Y-65.287946 Z10 F1000
G01 X0.444196 Y-65.287946 Z10 F1000
G01 X0.444196 Y-65.34375 Z10 F1000
G01 X0.444196 Y-65.399554 Z10 F1000
G01 X0.444196 Y-65.455357 Z10 F1000
G01 X0.444196 Y-65.511161 Z10 F1000
G01 X0.444196 Y-65.566964 Z10 F1000
G01 X0.444196 Y-65.622768 Z10 F1000
G01 X0.444196 Y-65.678571 Z10 F1000
G01 X0.444196 Y-65.734375 Z10 F1000
G01 X0.444196 Y-65.790179 Z10 F1000
G01 X24.774554 Y-65.790179 Z10 F1000
G01 X24.830357 Y-65.790179 Z4.392157 F1000
G01 X24.886161 Y-65.790179 Z0.392157 F1000
G01 X24.941964 Y-65.790179 Z0.235294 F1000
G01 X24.997768 Y-65.790179 Z0.156863 F1000
G01 X25.220982 Y-65.790179 Z0.156863 F1000
G01 X25.276786 Y-65.790179 Z0.196078 F1000
G01 X25.332589 Y-65.790179 Z0.392157 F1000
G01 X25.444196 Y-65.790179 Z0.392157 F1000
G01 X25.5 Y-65.790179 Z0.862745 F1000
G01 X25.555804 Y-65.790179 Z0.862745 F1000
G01 X25.611607 Y-65.790179 Z8.588235 F1000
G01 X25.667411 Y-65.790179 Z10 F1000
G01 X74.383929 Y-65.790179 Z10 F1000
G01 X74.439732 Y-65.790179 Z8.509804 F1000
G01 X74.495536 Y-65.790179 Z0.588235 F1000
G01 X74.774554 Y-65.790179 Z0.588235 F1000
G01 X74.830357 Y-65.790179 Z0.078431 F1000
G01 X74.886161 Y-65.790179 Z0.078431 F1000
G01 X74.941964 Y-65.790179 Z0.156863 F1000
G01 X74.997768 Y-65.790179 Z0.156863 F1000
G01 X75.053571 Y-65.790179 Z0.54902 F1000
G01 X75.165179 Y-65.790179 Z0.54902 F1000
G01 X75.220982 Y-65.790179 Z4.313725 F1000
G01 X75.276786 Y-65.790179 Z10 F1000
G01 X99.551339 Y-65.790179 Z10 F1000
G01 X99.551339 Y-65.845982 Z10 F1000
G01 X99.551339 Y-65.901786 Z10 F1000
G01 X99.551339 Y-65.957589 Z10 F1000
G01 X99.551339 Y-66.013393 Z10 F1000
G01 X99.551339 Y-66.069196 Z10 F1000
G01 X99.551339 Y-66.125 Z10 F1000
G01 X99.551339 Y-66.180804 Z10 F1000
G01 X99.551339 Y-66.236607 Z10 F1000
G01 X99.551339 Y-66.292411 Z10 F1000
G01 X75.444196 Y-66.292411 Z10 F1000
G01 X75.388393 Y-66.292411 Z9.882353 F1000
G01 X75.332589 Y-66.292411 Z5.294118 F1000
G01 X75.276786 Y-66.292411 Z0.431373 F1000
G01 X75.220982 Y-66.292411 Z0.156863 F1000
G01 X75.053571 Y-66.292411 Z0.156863 F1000
G01 X74.997768 Y-66.292411 Z0.117647 F1000
G01 X74.886161 Y-66.292411 Z0.117647 F1000
G01 X74.830357 Y-66.292411 Z0.352941 F1000
G01 X74.774554 Y-66.292411 Z0.588235 F1000
G01 X74.607143 Y-66.292411 Z0.588235 F1000
G01 X74.551339 Y-66.292411 Z9.921569 F1000
G01 X74.495536 Y-66.292411 Z10 F1000
G01 X25.555804 Y-66.292411 Z10 F1000
G01 X25.5 Y-66.292411 Z9.843137 F1000
G01 X25.444196 Y-66.292411 Z0.470588 F1000
G01 X25.388393 Y-66.292411 Z0.392157 F1000
G01 X25.332589 Y-66.292411 Z0.392157 F1000
G01 X25.276786 Y-66.292411 Z0.313725 F1000
G01 X25.220982 Y-66.292411 Z0.117647 F1000
G01 X24.997768 Y-66.292411 Z0.117647 F1000
G01 X24.941964 Y-66.292411 Z0.156863 F1000
G01 X24.886161 Y-66.292411 Z0.156863 F1000
G01 X24.830357 Y-66.292411 Z0.352941 F1000
G01 X24.774554 Y-66.292411 Z0.862745 F1000
G01 X24.71875 Y-66.292411 Z4.823529 F1000
G01 X24.662946 Y-66.292411 Z9.921569 F1000
G01 X24.607143 Y-66.292411 Z10 F1000
G01 X0.444196 Y-66.292411 Z10 F1000
G01 X0.444196 Y-66.348214 Z10 F1000
G01 X0.444196 Y-66.404018 Z10 F1000
G01 X0.444196 Y-66.459821 Z10 F1000
G01 X0.444196 Y-66.515625 Z10 F1000
G01 X0.444196 Y-66.571429 Z10 F1000
G01 X0.444196 Y-66.627232 Z10 F1000
G01 X0.444196 Y-66.683036 Z10 F1000
G01 X0.444196 Y-66.738839 Z10 F1000
G01 X0.444196 Y-66.794643 Z10 F1000
G01 X24.551339 Y-66.794643 Z10 F1000
G01 X24.607143 Y-66.794643 Z3.372549 F1000
G01 X24.662946 Y-66.794643 Z0.941176 F1000
G01 X24.71875 Y-66.794643 Z0.784314 F1000
G01 X24.774554 Y-66.794643 Z0.784314 F1000
G01 X24.830357 Y-66.794643 Z0.235294 F1000
G01 X24.886161 Y-66.794643 Z0.156863 F1000
G01 X24.941964 Y-66.794643 Z0.156863 F1000
G01 X24.997768 Y-66.794643 Z0.078431 F1000
G01 X25.053571 Y-66.794643 Z0.156863 F1000
G01 X25.165179 Y-66.794643 Z0.156863 F1000
G01 X25.220982 Y-66.794643 Z0.196078 F1000
G01 X25.276786 Y-66.794643 Z0.313725 F1000
G01 X25.332589 Y-66.794643 Z0.313725 F1000
G01 X25.388393 Y-66.794643 Z8.980392 F1000
G01 X25.444196 Y-66.794643 Z9.960784 F1000
G01 X25.5 Y-66.794643 Z10 F1000
G01 X74.607143 Y-66.794643 Z10 F1000
G01 X74.662946 Y-66.794643 Z8.823529 F1000
G01 X74.71875 Y-66.794643 Z0.705882 F1000
G01 X74.774554 Y-66.794643 Z0.431373 F1000
G01 X74.830357 Y-66.794643 Z0.352941 F1000
G01 X74.886161 Y-66.794643 Z0.117647 F1000
G01 X74.997768 Y-66.794643 Z0.117647 F1000
G01 X75.053571 Y-66.794643 Z0.156863 F1000
G01 X75.220982 Y-66.794643 Z0.156863 F1000
G01 X75.276786 Y-66.794643 Z0.431373 F1000
G01 X75.332589 Y-66.794643 Z0.745098 F1000
G01 X75.388393 Y-66.794643 Z0.784314 F1000
G01 X75.444196 Y-66.794643 Z3.764706 F1000
G01 X75.5 Y-66.794643 Z10 F1000
G01 X99.551339 Y-66.794643 Z10 F1000
G01 X99.551339 Y-66.850446 Z10 F1000
G01 X99.551339 Y-66.90625 Z10 F1000
G01 X99.551339 Y-66.962054 Z10 F1000
G01 X99.551339 Y-67.017857 Z10 F1000
G01 X99.551339 Y-67.073661 Z10 F1000
G01 X99.551339 Y-67.129464 Z10 F1000
G01 X99.551339 Y-67.185268 Z10 F1000
G01 X99.551339 Y-67.241071 Z10 F1000
G01 X99.551339 Y-67.296875 Z10 F1000
G01 X75.667411 Y-67.296875 Z10 F1000
G01 X75.611607 Y-67.296875 Z9.960784 F1000
G01 X75.555804 Y-67.296875 Z3.176471 F1000
G01 X75.5 Y-67.296875 Z0.745098 F1000
G01 X75.444196 Y-67.296875 Z0.54902 F1000
G01 X75.332589 Y-67.296875 Z0.54902 F1000
G01 X75.276786 Y-67.296875 Z0.352941 F1000
G01 X75.220982 Y-67.296875 Z0.156863 F1000
G01 X75.109375 Y-67.296875 Z0.156863 F1000
G01 X75.053571 Y-67.296875 Z0.117647 F1000
G01 X74.997768 Y-67.296875 Z0.156863 F1000
G01 X74.886161 Y-67.296875 Z0.156863 F1000
G01 X74.830357 Y-67.296875 Z0.901961 F1000
G01 X74.774554 Y-67.296875 Z9.411765 F1000
G01 X74.71875 Y-67.296875 Z10 F1000
G01 X25.388393 Y-67.296875 Z10 F1000
G01 X25.332589 Y-67.296875 Z9.960784 F1000
G01 X25.276786 Y-67.296875 Z9.490196 F1000
G01 X25.220982 Y-67.296875 Z0.509804 F1000
G01 X24.997768 Y-67.296875 Z0.509804 F1000
G01 X24.941964 Y-67.296875 Z0.156863 F1000
G01 X24.886161 Y-67.296875 Z0.156863 F1000
G01 X24.830357 Y-67.296875 Z0.235294 F1000
G01 X24.774554 Y-67.296875 Z0.588235 F1000
G01 X24.551339 Y-67.296875 Z0.588235 F1000
G01 X24.495536 Y-67.296875 Z2.862745 F1000
G01 X24.439732 Y-67.296875 Z10 F1000
G01 X0.444196 Y-67.296875 Z10 F1000
G01 X0.444196 Y-67.352679 Z10 F1000
G01 X0.444196 Y-67.408482 Z10 F1000
G01 X0.444196 Y-67.464286 Z10 F1000
G01 X0.444196 Y-67.520089 Z10 F1000
G01 X0.444196 Y-67.575893 Z10 F1000
G01 X0.444196 Y-67.631696 Z10 F1000
G01 X0.444196 Y-67.6875 Z10 F1000
G01 X0.444196 Y-67.743304 Z10 F1000
G01 X0.444196 Y-67.799107 Z10 F1000
G01 X24.216518 Y-67.799107 Z10 F1000
G01 X24.272321 Y-67.799107 Z9.960784 F1000
G01 X24.328125 Y-67.799107 Z9.882353 F1000
G01 X24.383929 Y-67.799107 Z2.392157 F1000
G01 X24.439732 Y-67.799107 Z0.196078 F1000
G01 X24.495536 Y-67.799107 Z0.117647 F1000
G01 X24.551339 Y-67.799107 Z0.117647 F1000
G01 X24.607143 Y-67.799107 Z0.156863 F1000
G01 X24.830357 Y-67.799107 Z0.156863 F1000
G01 X24.886161 Y-67.799107 Z0.352941 F1000
G01 X24.941964 Y-67.799107 Z0.352941 F1000
G01 X24.997768 Y-67.799107 Z0.509804 F1000
G01 X25.053571 Y-67.799107 Z0.509804 F1000
G01 X25.109375 Y-67.799107 Z0.862745 F1000
G01 X25.165179 Y-67.799107 Z9.686275 F1000
G01 X25.220982 Y-67.799107 Z9.921569 F1000
G01 X25.276786 Y-67.799107 Z10 F1000
G01 X74.830357 Y-67.799107 Z10 F1000
G01 X74.886161 Y-67.799107 Z9.960784 F1000
G01 X74.941964 Y-67.799107 Z0.54902 F1000
G01 X74.997768 Y-67.799107 Z0.54902 F1000
G01 X75.053571 Y-67.799107 Z0.156863 F1000
G01 X75.165179 Y-67.799107 Z0.156863 F1000
G01 X75.220982 Y-67.799107 Z0.117647 F1000
G01 X75.276786 Y-67.799107 Z0.196078 F1000
G01 X75.332589 Y-67.799107 Z0.54902 F1000
G01 X75.611607 Y-67.799107 Z0.54902 F1000
G01 X75.667411 Y-67.799107 Z2.313725 F1000
G01 X75.723214 Y-67.799107 Z9.921569 F1000
G01 X75.779018 Y-67.799107 Z10 F1000
G01 X99.551339 Y-67.799107 Z10 F1000
G01 X99.551339 Y-67.854911 Z10 F1000
G01 X99.551339 Y-67.910714 Z10 F1000
G01 X99.551339 Y-67.966518 Z10 F1000
G01 X99.551339 Y-68.022321 Z10 F1000
G01 X99.551339 Y-68.078125 Z10 F1000
G01 X99.551339 Y-68.133929 Z10 F1000
G01 X99.551339 Y-68.189732 Z10 F1000
G01 X99.551339 Y-68.245536 Z10 F1000
G01 X99.551339 Y-68.301339 Z10 F1000
G01 X75.946429 Y-68.301339 Z10 F1000
G01 X75.890625 Y-68.301339 Z9.960784 F1000
G01 X75.834821 Y-68.301339 Z9.960784 F1000
G01 X75.779018 Y-68.301339 Z1.882353 F1000
G01 X75.723214 Y-68.301339 Z0.27451 F1000
G01 X75.667411 Y-68.301339 Z0.196078 F1000
G01 X75.5 Y-68.301339 Z0.196078 F1000
G01 X75.444196 Y-68.301339 Z0.117647 F1000
G01 X75.388393 Y-68.301339 Z0.078431 F1000
G01 X75.332589 Y-68.301339 Z0.078431 F1000
G01 X75.276786 Y-68.301339 Z0.235294 F1000
G01 X75.220982 Y-68.301339 Z0.392157 F1000
G01 X75.165179 Y-68.301339 Z0.392157 F1000
G01 X75.109375 Y-68.301339 Z0.627451 F1000
G01 X75.053571 Y-68.301339 Z0.823529 F1000
G01 X74.997768 Y-68.301339 Z10 F1000
G01 X25.053571 Y-68.301339 Z10 F1000
G01 X24.997768 Y-68.301339 Z0.862745 F1000
G01 X24.941964 Y-68.301339 Z0.392157 F1000
G01 X24.886161 Y-68.301339 Z0.352941 F1000
G01 X24.830357 Y-68.301339 Z0.352941 F1000
G01 X24.774554 Y-68.301339 Z0.156863 F1000
G01 X24.607143 Y-68.301339 Z0.156863 F1000
G01 X24.551339 Y-68.301339 Z0.117647 F1000
G01 X24.495536 Y-68.301339 Z0.117647 F1000
G01 X24.439732 Y-68.301339 Z0.196078 F1000
G01 X24.383929 Y-68.301339 Z0.470588 F1000
G01 X24.328125 Y-68.301339 Z0.54902 F1000
G01 X24.272321 Y-68.301339 Z1.529412 F1000
G01 X24.216518 Y-68.301339 Z9.960784 F1000
G01 X24.160714 Y-68.301339 Z9.960784 F1000
G01 X24.104911 Y-68.301339 Z10 F1000
G01 X0.444196 Y-68.301339 Z10 F1000
G01 X0.444196 Y-68.357143 Z10 F1000
G01 X0.444196 Y-68.412946 Z10 F1000
G01 X0.444196 Y-68.46875 Z10 F1000
G01 X0.444196 Y-68.524554 Z10 F1000
G01 X0.444196 Y-68.580357 Z10 F1000
G01 X0.444196 Y-68.636161 Z10 F1000
G01 X0.444196 Y-68.691964 Z10 F1000
G01 X0.444196 Y-68.747768 Z10 F1000
G01 X0.444196 Y-68.803571 Z10 F1000
G01 X23.993304 Y-68.803571 Z10 F1000
G01 X24.049107 Y-68.803571 Z9.960784 F1000
G01 X24.104911 Y-68.803571 Z9.686275 F1000
G01 X24.160714 Y-68.803571 Z1.490196 F1000
G01 X24.216518 Y-68.803571 Z0.627451 F1000
G01 X24.272321 Y-68.803571 Z0.627451 F1000
G01 X24.328125 Y-68.803571 Z0.470588 F1000
G01 X24.383929 Y-68.803571 Z0.470588 F1000
G01 X24.439732 Y-68.803571 Z0.196078 F1000
G01 X24.495536 Y-68.803571 Z0.156863 F1000
G01 X24.551339 Y-68.803571 Z0.117647 F1000
G01 X24.607143 Y-68.803571 Z0.196078 F1000
G01 X24.774554 Y-68.803571 Z0.196078 F1000
G01 X24.830357 Y-68.803571 Z0.352941 F1000
G01 X24.886161 Y-68.803571 Z1.960784 F1000
G01 X24.941964 Y-68.803571 Z9.45098 F1000
G01 X24.997768 Y-68.803571 Z10 F1000
G01 X75.053571 Y-68.803571 Z10 F1000
G01 X75.109375 Y-68.803571 Z9.490196 F1000
G01 X75.165179 Y-68.803571 Z2.117647 F1000
G01 X75.220982 Y-68.803571 Z0.392157 F1000
G01 X75.276786 Y-68.803571 Z0.235294 F1000
G01 X75.332589 Y-68.803571 Z0.117647 F1000
G01 X75.388393 Y-68.803571 Z0.117647 F1000
G01 X75.444196 Y-68.803571 Z0.156863 F1000
G01 X75.5 Y-68.803571 Z0.235294 F1000
G01 X75.667411 Y-68.803571 Z0.235294 F1000
G01 X75.723214 Y-68.803571 Z0.352941 F1000
G01 X75.779018 Y-68.803571 Z0.901961 F1000
G01 X75.834821 Y-68.803571 Z0.901961 F1000
G01 X75.890625 Y-68.803571 Z1.882353 F1000
G01 X75.946429 Y-68.803571 Z9.607843 F1000
G01 X76.002232 Y-68.803571 Z10 F1000
G01 X99.551339 Y-68.803571 Z10 F1000
G01 X99.551339 Y-68.859375 Z10 F1000
G01 X99.551339 Y-68.915179 Z10 F1000
G01 X99.551339 Y-68.970982 Z10 F1000
G01 X99.551339 Y-69.026786 Z10 F1000
G01 X99.551339 Y-69.082589 Z10 F1000
G01 X99.551339 Y-69.138393 Z10 F1000
G01 X99.551339 Y-69.194196 Z10 F1000
G01 X99.551339 Y-69.25 Z10 F1000
G01 X99.551339 Y-69.305804 Z10 F1000
G01 X76.113839 Y-69.305804 Z10 F1000
G01 X76.058036 Y-69.305804 Z9.568627 F1000
G01 X76.002232 Y-69.305804 Z1.294118 F1000
G01 X75.946429 Y-69.305804 Z0.901961 F1000
G01 X75.779018 Y-69.305804 Z0.901961 F1000
G01 X75.723214 Y-69.305804 Z0.352941 F1000
G01 X75.667411 Y-69.305804 Z0.235294 F1000
G01 X75.5 Y-69.305804 Z0.235294 F1000
G01 X75.444196 Y-69.305804 Z0.156863 F1000
G01 X75.332589 Y-69.305804 Z0.156863 F1000
G01 X75.276786 Y-69.305804 Z2.117647 F1000
G01 X75.220982 Y-69.305804 Z10 F1000
G01 X24.886161 Y-69.305804 Z10 F1000
G01 X24.830357 Y-69.305804 Z9.921569 F1000
G01 X24.774554 Y-69.305804 Z2.078431 F1000
G01 X24.71875 Y-69.305804 Z0.627451 F1000
G01 X24.662946 Y-69.305804 Z0.627451 F1000
G01 X24.607143 Y-69.305804 Z0.470588 F1000
G01 X24.551339 Y-69.305804 Z0.392157 F1000
G01 X24.495536 Y-69.305804 Z0.392157 F1000
G01 X24.439732 Y-69.305804 Z0.352941 F1000
G01 X24.383929 Y-69.305804 Z0.392157 F1000
G01 X24.216518 Y-69.305804 Z0.392157 F1000
G01 X24.160714 Y-69.305804 Z0.509804 F1000
G01 X24.104911 Y-69.305804 Z0.509804 F1000
G01 X24.049107 Y-69.305804 Z1.607843 F1000
G01 X23.993304 Y-69.305804 Z9.45098 F1000
G01 X23.9375 Y-69.305804 Z10 F1000
G01 X0.444196 Y-69.305804 Z10 F1000
G01 X0.444196 Y-69.361607 Z10 F1000
G01 X0.444196 Y-69.417411 Z10 F1000
G01 X0.444196 Y-69.473214 Z10 F1000
G01 X0.444196 Y-69.529018 Z10 F1000
G01 X0.444196 Y-69.584821 Z10 F1000
G01 X0.444196 Y-69.640625 Z10 F1000
G01 X0.444196 Y-69.696429 Z10 F1000
G01 X0.444196 Y-69.752232 Z10 F1000
G01 X0.444196 Y-69.808036 Z10 F1000
G01 X23.770089 Y-69.808036 Z10 F1000
G01 X23.825893 Y-69.808036 Z9.960784 F1000
G01 X23.881696 Y-69.808036 Z9.333333 F1000
G01 X23.9375 Y-69.808036 Z1.215686 F1000
G01 X23.993304 Y-69.808036 Z0.509804 F1000
G01 X24.104911 Y-69.808036 Z0.509804 F1000
G01 X24.160714 Y-69.808036 Z0.196078 F1000
G01 X24.328125 Y-69.808036 Z0.196078 F1000
G01 X24.383929 Y-69.808036 Z0.352941 F1000
G01 X24.439732 Y-69.808036 Z0.352941 F1000
G01 X24.495536 Y-69.808036 Z0.470588 F1000
G01 X24.551339 Y-69.808036 Z0.705882 F1000
G01 X24.607143 Y-69.808036 Z0.705882 F1000
G01 X24.662946 Y-69.808036 Z1.960784 F1000
G01 X24.71875 Y-69.808036 Z9.960784 F1000
G01 X24.774554 Y-69.808036 Z10 F1000
G01 X75.220982 Y-69.808036 Z10 F1000
G01 X75.276786 Y-69.808036 Z9.960784 F1000
G01 X75.332589 Y-69.808036 Z9.843137 F1000
G01 X75.388393 Y-69.808036 Z1.294118 F1000
G01 X75.444196 Y-69.808036 Z0.784314 F1000
G01 X75.5 Y-69.808036 Z0.509804 F1000
G01 X75.555804 Y-69.808036 Z0.509804 F1000
G01 X75.611607 Y-69.808036 Z0.27451 F1000
G01 X75.667411 Y-69.808036 Z0.27451 F1000
G01 X75.723214 Y-69.808036 Z0.235294 F1000
G01 X75.779018 Y-69.808036 Z0.313725 F1000
G01 X75.834821 Y-69.808036 Z0.313725 F1000
G01 X75.890625 Y-69.808036 Z0.470588 F1000
G01 X76.058036 Y-69.808036 Z0.470588 F1000
G01 X76.113839 Y-69.808036 Z0.705882 F1000
G01 X76.169643 Y-69.808036 Z9.411765 F1000
G01 X76.225446 Y-69.808036 Z9.960784 F1000
G01 X76.28125 Y-69.808036 Z10 F1000
G01 X99.551339 Y-69.808036 Z10 F1000
G01 X99.551339 Y-69.863839 Z10 F1000
G01 X99.551339 Y-69.919643 Z10 F1000
G01 X99.551339 Y-69.975446 Z10 F1000
G01 X99.551339 Y-70.03125 Z10 F1000
G01 X99.551339 Y-70.087054 Z10 F1000
G01 X99.551339 Y-70.142857 Z10 F1000
G01 X99.551339 Y-70.198661 Z10 F1000
G01 X99.551339 Y-70.254464 Z10 F1000
G01 X99.551339 Y-70.310268 Z10 F1000
G01 X76.337054 Y-70.310268 Z10 F1000
G01 X76.28125 Y-70.310268 Z9.882353 F1000
G01 X76.225446 Y-70.310268 Z0.627451 F1000
G01 X76.169643 Y-70.310268 Z0.352941 F1000
G01 X76.113839 Y-70.310268 Z0.156863 F1000
G01 X75.946429 Y-70.310268 Z0.156863 F1000
G01 X75.890625 Y-70.310268 Z0.117647 F1000
G01 X75.834821 Y-70.310268 Z0.117647 F1000
G01 X75.779018 Y-70.310268 Z0.196078 F1000
G01 X75.723214 Y-70.310268 Z0.235294 F1000
G01 X75.667411 Y-70.310268 Z0.470588 F1000
G01 X75.611607 Y-70.310268 Z0.627451 F1000
G01 X75.555804 Y-70.310268 Z0.627451 F1000
G01 X75.5 Y-70.310268 Z2.901961 F1000
G01 X75.444196 Y-70.310268 Z10 F1000
G01 X24.662946 Y-70.310268 Z10 F1000
G01 X24.607143 Y-70.310268 Z9.843137 F1000
G01 X24.551339 Y-70.310268 Z3.372549 F1000
G01 X24.495536 Y-70.310268 Z0.470588 F1000
G01 X24.439732 Y-70.310268 Z0.313725 F1000
G01 X24.383929 Y-70.310268 Z0.313725 F1000
G01 X24.328125 Y-70.310268 Z0.117647 F1000
G01 X24.049107 Y-70.310268 Z0.117647 F1000
G01 X23.993304 Y-70.310268 Z0.156863 F1000
G01 X23.9375 Y-70.310268 Z0.54902 F1000
G01 X23.825893 Y-70.310268 Z0.54902 F1000
G01 X23.770089 Y-70.310268 Z9.568627 F1000
G01 X23.714286 Y-70.310268 Z10 F1000
G01 X0.444196 Y-70.310268 Z10 F1000
G01 X0.444196 Y-70.366071 Z10 F1000
G01 X0.444196 Y-70.421875 Z10 F1000
G01 X0.444196 Y-70.477679 Z10 F1000
G01 X0.444196 Y-70.533482 Z10 F1000
G01 X0.444196 Y-70.589286 Z10 F1000
G01 X0.444196 Y-70.645089 Z10 F1000
G01 X0.444196 Y-70.700893 Z10 F1000
G01 X0.444196 Y-70.756696 Z10 F1000
G01 X0.444196 Y-70.8125 Z10 F1000
G01 X23.546875 Y-70.8125 Z10 F1000
G01 X23.602679 Y-70.8125 Z9.960784 F1000
G01 X23.658482 Y-70.8125 Z9.921569 F1000
G01 X23.714286 Y-70.8125 Z0.54902 F1000
G01 X23.9375 Y-70.8125 Z0.54902 F1000
G01 X23.993304 Y-70.8125 Z0.156863 F1000
G01 X24.049107 Y-70.8125 Z0.117647 F1000
G01 X24.104911 Y-70.8125 Z0.117647 F1000
G01 X24.160714 Y-70.8125 Z0.156863 F1000
G01 X24.328125 Y-70.8125 Z0.156863 F1000
G01 X24.383929 Y-70.8125 Z0.313725 F1000
G01 X24.439732 Y-70.8125 Z3.411765 F1000
G01 X24.495536 Y-70.8125 Z10 F1000
G01 X75.444196 Y-70.8125 Z10 F1000
G01 X75.5 Y-70.8125 Z9.960784 F1000
G01 X75.555804 Y-70.8125 Z9.921569 F1000
G01 X75.611607 Y-70.8125 Z3.333333 F1000
G01 X75.667411 Y-70.8125 Z0.470588 F1000
G01 X75.723214 Y-70.8125 Z0.235294 F1000
G01 X75.779018 Y-70.8125 Z0.117647 F1000
G01 X75.890625 Y-70.8125 Z0.117647 F1000
G01 X75.946429 Y-70.8125 Z0.156863 F1000
G01 X76.113839 Y-70.8125 Z0.156863 F1000
G01 X76.169643 Y-70.8125 Z0.27451 F1000
G01 X76.225446 Y-70.8125 Z0.27451 F1000
G01 X76.28125 Y-70.8125 Z0.784314 F1000
G01 X76.337054 Y-70.8125 Z0.784314 F1000
G01 X76.392857 Y-70.8125 Z9.607843 F1000
G01 X76.448661 Y-70.8125 Z10 F1000
G01 X99.551339 Y-70.8125 Z10 F1000
G01 X99.551339 Y-70.868304 Z10 F1000
G01 X99.551339 Y-70.924107 Z10 F1000
G01 X99.551339 Y-70.979911 Z10 F1000
G01 X99.551339 Y-71.035714 Z10 F1000
G01 X99.551339 Y-71.091518 Z10 F1000
G01 X99.551339 Y-71.147321 Z10 F1000
G01 X99.551339 Y-71.203125 Z10 F1000
G01 X99.551339 Y-71.258929 Z10 F1000
G01 X99.551339 Y-71.314732 Z10 F1000
G01 X76.560268 Y-71.314732 Z10 F1000
G01 X76.504464 Y-71.314732 Z9.019608 F1000
G01 X76.448661 Y-71.314732 Z0.784314 F1000
G01 X76.28125 Y-71.314732 Z0.784314 F1000
G01 X76.225446 Y-71.314732 Z0.235294 F1000
G01 X76.113839 Y-71.314732 Z0.235294 F1000
G01 X76.058036 Y-71.314732 Z0.313725 F1000
G01 X75.779018 Y-71.314732 Z0.313725 F1000
G01 X75.723214 Y-71.314732 Z4.117647 F1000
G01 X75.667411 Y-71.314732 Z10 F1000
G01 X24.439732 Y-71.314732 Z10 F1000
G01 X24.383929 Y-71.314732 Z9.960784 F1000
G01 X24.328125 Y-71.314732 Z4.196078 F1000
G01 X24.272321 Y-71.314732 Z0.54902 F1000
G01 X24.216518 Y-71.314732 Z0.54902 F1000
G01 X24.160714 Y-71.314732 Z0.509804 F1000
G01 X23.993304 Y-71.314732 Z0.509804 F1000
G01 X23.9375 Y-71.314732 Z0.156863 F1000
G01 X23.881696 Y-71.314732 Z0.27451 F1000
G01 X23.825893 Y-71.314732 Z0.27451 F1000
G01 X23.770089 Y-71.314732 Z0.352941 F1000
G01 X23.714286 Y-71.314732 Z0.352941 F1000
G01 X23.658482 Y-71.314732 Z0.470588 F1000
G01 X23.602679 Y-71.314732 Z0.627451 F1000
G01 X23.546875 Y-71.314732 Z8.901961 F1000
G01 X23.491071 Y-71.314732 Z10 F1000
G01 X0.444196 Y-71.314732 Z10 F1000
G01 X0.444196 Y-71.370536 Z10 F1000
G01 X0.444196 Y-71.426339 Z10 F1000
G01 X0.444196 Y-71.482143 Z10 F1000
G01 X0.444196 Y-71.537946 Z10 F1000
G01 X0.444196 Y-71.59375 Z10 F1000
G01 X0.444196 Y-71.649554 Z10 F1000
G01 X0.444196 Y-71.705357 Z10 F1000
G01 X0.444196 Y-71.761161 Z10 F1000
G01 X0.444196 Y-71.816964 Z10 F1000
G01 X23.379464 Y-71.816964 Z10 F1000
G01 X23.435268 Y-71.816964 Z8.627451 F1000
G01 X23.491071 Y-71.816964 Z0.392157 F1000
G01 X23.546875 Y-71.816964 Z0.196078 F1000
G01 X23.602679 Y-71.816964 Z0.156863 F1000
G01 X23.881696 Y-71.816964 Z0.156863 F1000
G01 X23.9375 Y-71.816964 Z0.27451 F1000
G01 X23.993304 Y-71.816964 Z0.666667 F1000
G01 X24.104911 Y-71.816964 Z0.666667 F1000
G01 X24.160714 Y-71.816964 Z0.823529 F1000
G01 X24.216518 Y-71.816964 Z3.803922 F1000
G01 X24.272321 Y-71.816964 Z10 F1000
G01 X75.779018 Y-71.816964 Z10 F1000
G01 X75.834821 Y-71.816964 Z4.54902 F1000
G01 X75.890625 Y-71.816964 Z0.588235 F1000
G01 X76.058036 Y-71.816964 Z0.588235 F1000
G01 X76.113839 Y-71.816964 Z0.352941 F1000
G01 X76.169643 Y-71.816964 Z0.352941 F1000
G01 X76.225446 Y-71.816964 Z0.235294 F1000
G01 X76.337054 Y-71.816964 Z0.235294 F1000
G01 X76.392857 Y-71.816964 Z0.352941 F1000
G01 X76.560268 Y-71.816964 Z0.352941 F1000
G01 X76.616071 Y-71.816964 Z8.313725 F1000
G01 X76.671875 Y-71.816964 Z10 F1000
G01 X99.551339 Y-71.816964 Z10 F1000
G01 X99.551339 Y-71.872768 Z10 F1000
G01 X99.551339 Y-71.928571 Z10 F1000
G01 X99.551339 Y-71.984375 Z10 F1000
G01 X99.551339 Y-72.040179 Z10 F1000
G01 X99.551339 Y-72.095982 Z10 F1000
G01 X99.551339 Y-72.151786 Z10 F1000
G01 X99.551339 Y-72.207589 Z10 F1000
G01 X99.551339 Y-72.263393 Z10 F1000
G01 X99.551339 Y-72.319196 Z10 F1000
G01 X76.839286 Y-72.319196 Z10 F1000
G01 X76.783482 Y-72.319196 Z9.921569 F1000
G01 X76.727679 Y-72.319196 Z8.235294 F1000
G01 X76.671875 Y-72.319196 Z0.431373 F1000
G01 X76.616071 Y-72.319196 Z0.235294 F1000
G01 X76.560268 Y-72.319196 Z0.156863 F1000
G01 X76.504464 Y-72.319196 Z0.117647 F1000
G01 X76.392857 Y-72.319196 Z0.117647 F1000
G01 X76.337054 Y-72.319196 Z0.078431 F1000
G01 X76.28125 Y-72.319196 Z0.117647 F1000
G01 X76.225446 Y-72.319196 Z0.156863 F1000
G01 X76.169643 Y-72.319196 Z0.431373 F1000
G01 X76.113839 Y-72.319196 Z0.745098 F1000
G01 X76.058036 Y-72.319196 Z0.862745 F1000
G01 X76.002232 Y-72.319196 Z0.862745 F1000
G01 X75.946429 Y-72.319196 Z4.823529 F1000
G01 X75.890625 Y-72.319196 Z10 F1000
G01 X24.160714 Y-72.319196 Z10 F1000
G01 X24.104911 Y-72.319196 Z4.941176 F1000
G01 X24.049107 Y-72.319196 Z0.666667 F1000
G01 X23.993304 Y-72.319196 Z0.666667 F1000
G01 X23.9375 Y-72.319196 Z0.470588 F1000
G01 X23.881696 Y-72.319196 Z0.156863 F1000
G01 X23.714286 Y-72.319196 Z0.156863 F1000
G01 X23.658482 Y-72.319196 Z0.117647 F1000
G01 X23.602679 Y-72.319196 Z0.117647 F1000
G01 X23.546875 Y-72.319196 Z0.196078 F1000
G01 X23.491071 Y-72.319196 Z0.313725 F1000
G01 X23.435268 Y-72.319196 Z0.470588 F1000
G01 X23.379464 Y-72.319196 Z0.509804 F1000
G01 X23.323661 Y-72.319196 Z8.039216 F1000
G01 X23.267857 Y-72.319196 Z10 F1000
G01 X0.444196 Y-72.319196 Z10 F1000
G01 X0.444196 Y-72.375 Z10 F1000
G01 X0.444196 Y-72.430804 Z10 F1000
G01 X0.444196 Y-72.486607 Z10 F1000
G01 X0.444196 Y-72.542411 Z10 F1000
G01 X0.444196 Y-72.598214 Z10 F1000
G01 X0.444196 Y-72.654018 Z10 F1000
G01 X0.444196 Y-72.709821 Z10 F1000
G01 X0.444196 Y-72.765625 Z10 F1000
G01 X0.444196 Y-72.821429 Z10 F1000
G01 X23.100446 Y-72.821429 Z10 F1000
G01 X23.15625 Y-72.821429 Z9.882353 F1000
G01 X23.212054 Y-72.821429 Z8.392157 F1000
G01 X23.267857 Y-72.821429 Z0.54902 F1000
G01 X23.323661 Y-72.821429 Z0.470588 F1000
G01 X23.435268 Y-72.821429 Z0.470588 F1000
G01 X23.491071 Y-72.821429 Z0.196078 F1000
G01 X23.546875 Y-72.821429 Z0.117647 F1000
G01 X23.658482 Y-72.821429 Z0.117647 F1000
G01 X23.714286 Y-72.821429 Z0.156863 F1000
G01 X23.881696 Y-72.821429 Z0.156863 F1000
G01 X23.9375 Y-72.821429 Z0.470588 F1000
G01 X23.993304 Y-72.821429 Z5.254902 F1000
G01 X24.049107 Y-72.821429 Z10 F1000
G01 X76.002232 Y-72.821429 Z10 F1000
G01 X76.058036 Y-72.821429 Z5.372549 F1000
G01 X76.113839 Y-72.821429 Z0.745098 F1000
G01 X76.169643 Y-72.821429 Z0.509804 F1000
G01 X76.225446 Y-72.821429 Z0.156863 F1000
G01 X76.28125 Y-72.821429 Z0.117647 F1000
G01 X76.337054 Y-72.821429 Z0.078431 F1000
G01 X76.392857 Y-72.821429 Z0.117647 F1000
G01 X76.560268 Y-72.821429 Z0.117647 F1000
G01 X76.616071 Y-72.821429 Z0.235294 F1000
G01 X76.671875 Y-72.821429 Z0.27451 F1000
G01 X76.727679 Y-72.821429 Z0.509804 F1000
G01 X76.783482 Y-72.821429 Z0.509804 F1000
G01 X76.839286 Y-72.821429 Z8.392157 F1000
G01 X76.895089 Y-72.821429 Z9.843137 F1000
G01 X76.950893 Y-72.821429 Z10 F1000
G01 X99.551339 Y-72.821429 Z10 F1000
G01 X99.551339 Y-72.877232 Z10 F1000
G01 X99.551339 Y-72.933036 Z10 F1000
G01 X99.551339 Y-72.988839 Z10 F1000
G01 X99.551339 Y-73.044643 Z10 F1000
G01 X99.551339 Y-73.100446 Z10 F1000
G01 X99.551339 Y-73.15625 Z10 F1000
G01 X99.551339 Y-73.212054 Z10 F1000
G01 X99.551339 Y-73.267857 Z10 F1000
G01 X99.551339 Y-73.323661 Z10 F1000
G01 X77.006696 Y-73.323661 Z10 F1000
G01 X76.950893 Y-73.323661 Z7.490196 F1000
G01 X76.895089 Y-73.323661 Z0.431373 F1000
G01 X76.671875 Y-73.323661 Z0.431373 F1000
G01 X76.616071 Y-73.323661 Z0.156863 F1000
G01 X76.225446 Y-73.323661 Z0.156863 F1000
G01 X76.169643 Y-73.323661 Z6.352941 F1000
G01 X76.113839 Y-73.323661 Z9.960784 F1000
G01 X76.058036 Y-73.323661 Z10 F1000
G01 X23.993304 Y-73.323661 Z10 F1000
G01 X23.9375 Y-73.323661 Z9.960784 F1000
G01 X23.881696 Y-73.323661 Z6.470588 F1000
G01 X23.825893 Y-73.323661 Z0.666667 F1000
G01 X23.546875 Y-73.323661 Z0.666667 F1000
G01 X23.491071 Y-73.323661 Z0.156863 F1000
G01 X23.435268 Y-73.323661 Z0.27451 F1000
G01 X23.379464 Y-73.323661 Z0.352941 F1000
G01 X23.323661 Y-73.323661 Z0.352941 F1000
G01 X23.267857 Y-73.323661 Z0.54902 F1000
G01 X23.15625 Y-73.323661 Z0.54902 F1000
G01 X23.100446 Y-73.323661 Z7.647059 F1000
G01 X23.044643 Y-73.323661 Z10 F1000
G01 X0.444196 Y-73.323661 Z10 F1000
G01 X0.444196 Y-73.379464 Z10 F1000
G01 X0.444196 Y-73.435268 Z10 F1000
G01 X0.444196 Y-73.491071 Z10 F1000
G01 X0.444196 Y-73.546875 Z10 F1000
G01 X0.444196 Y-73.602679 Z10 F1000
G01 X0.444196 Y-73.658482 Z10 F1000
G01 X0.444196 Y-73.714286 Z10 F1000
G01 X0.444196 Y-73.770089 Z10 F1000
G01 X0.444196 Y-73.825893 Z10 F1000
G01 X22.877232 Y-73.825893 Z10 F1000
G01 X22.933036 Y-73.825893 Z9.72549 F1000
G01 X22.988839 Y-73.825893 Z6.745098 F1000
G01 X23.044643 Y-73.825893 Z0.627451 F1000
G01 X23.100446 Y-73.825893 Z0.235294 F1000
G01 X23.15625 Y-73.825893 Z0.235294 F1000
G01 X23.212054 Y-73.825893 Z0.117647 F1000
G01 X23.435268 Y-73.825893 Z0.117647 F1000
G01 X23.491071 Y-73.825893 Z0.27451 F1000
G01 X23.546875 Y-73.825893 Z0.666667 F1000
G01 X23.714286 Y-73.825893 Z0.666667 F1000
G01 X23.770089 Y-73.825893 Z6.823529 F1000
G01 X23.825893 Y-73.825893 Z9.803922 F1000
G01 X23.881696 Y-73.825893 Z10 F1000
G01 X76.169643 Y-73.825893 Z10 F1000
G01 X76.225446 Y-73.825893 Z9.960784 F1000
G01 X76.28125 Y-73.825893 Z6.156863 F1000
G01 X76.337054 Y-73.825893 Z0.588235 F1000
G01 X76.448661 Y-73.825893 Z0.588235 F1000
G01 X76.504464 Y-73.825893 Z0.54902 F1000
G01 X76.560268 Y-73.825893 Z0.431373 F1000
G01 X76.616071 Y-73.825893 Z0.352941 F1000
G01 X76.671875 Y-73.825893 Z0.431373 F1000
G01 X77.006696 Y-73.825893 Z0.431373 F1000
G01 X77.0625 Y-73.825893 Z6.431373 F1000
G01 X77.118304 Y-73.825893 Z9.686275 F1000
G01 X77.174107 Y-73.825893 Z10 F1000
G01 X99.551339 Y-73.825893 Z10 F1000
G01 X99.551339 Y-73.881696 Z10 F1000
G01 X99.551339 Y-73.9375 Z10 F1000
G01 X99.551339 Y-73.993304 Z10 F1000
G01 X99.551339 Y-74.049107 Z10 F1000
G01 X99.551339 Y-74.104911 Z10 F1000
G01 X99.551339 Y-74.160714 Z10 F1000
G01 X99.551339 Y-74.216518 Z10 F1000
G01 X99.551339 Y-74.272321 Z10 F1000
G01 X99.551339 Y-74.328125 Z10 F1000
G01 X77.285714 Y-74.328125 Z10 F1000
G01 X77.229911 Y-74.328125 Z9.647059 F1000
G01 X77.174107 Y-74.328125 Z6.901961 F1000
G01 X77.118304 Y-74.328125 Z0.627451 F1000
G01 X77.0625 Y-74.328125 Z0.627451 F1000
G01 X77.006696 Y-74.328125 Z0.196078 F1000
G01 X76.839286 Y-74.328125 Z0.196078 F1000
G01 X76.783482 Y-74.328125 Z0.117647 F1000
G01 X76.727679 Y-74.328125 Z0.156863 F1000
G01 X76.671875 Y-74.328125 Z0.156863 F1000
G01 X76.616071 Y-74.328125 Z0.431373 F1000
G01 X76.560268 Y-74.328125 Z0.509804 F1000
G01 X76.504464 Y-74.328125 Z0.54902 F1000
G01 X76.448661 Y-74.328125 Z0.784314 F1000
G01 X76.392857 Y-74.328125 Z7.137255 F1000
G01 X76.337054 Y-74.328125 Z9.960784 F1000
G01 X76.28125 Y-74.328125 Z9.960784 F1000
G01 X76.225446 Y-74.328125 Z10 F1000
G01 X23.714286 Y-74.328125 Z10 F1000
G01 X23.658482 Y-74.328125 Z7.098039 F1000
G01 X23.602679 Y-74.328125 Z0.54902 F1000
G01 X23.546875 Y-74.328125 Z0.392157 F1000
G01 X23.491071 Y-74.328125 Z0.392157 F1000
G01 X23.435268 Y-74.328125 Z0.117647 F1000
G01 X23.267857 Y-74.328125 Z0.117647 F1000
G01 X23.212054 Y-74.328125 Z0.156863 F1000
G01 X23.15625 Y-74.328125 Z0.156863 F1000
G01 X23.100446 Y-74.328125 Z0.196078 F1000
G01 X23.044643 Y-74.328125 Z0.627451 F1000
G01 X22.933036 Y-74.328125 Z0.627451 F1000
G01 X22.877232 Y-74.328125 Z5.960784 F1000
G01 X22.821429 Y-74.328125 Z10 F1000
G01 X0.444196 Y-74.328125 Z10 F1000
G01 X0.444196 Y-74.383929 Z10 F1000
G01 X0.444196 Y-74.439732 Z10 F1000
G01 X0.444196 Y-74.495536 Z10 F1000
G01 X0.444196 Y-74.551339 Z10 F1000
G01 X0.444196 Y-74.607143 Z10 F1000
G01 X0.444196 Y-74.662946 Z10 F1000
G01 X0.444196 Y-74.71875 Z10 F1000
G01 X0.444196 Y-74.774554 Z10 F1000
G01 X0.444196 Y-74.830357 Z10 F1000
G01 X22.709821 Y-74.830357 Z10 F1000
G01 X22.765625 Y-74.830357 Z5.137255 F1000
G01 X22.821429 Y-74.830357 Z0.588235 F1000
G01 X22.988839 Y-74.830357 Z0.588235 F1000
G01 X23.044643 Y-74.830357 Z0.313725 F1000
G01 X23.100446 Y-74.830357 Z0.196078 F1000
G01 X23.15625 Y-74.830357 Z0.156863 F1000
G01 X23.267857 Y-74.830357 Z0.156863 F1000
G01 X23.323661 Y-74.830357 Z0.235294 F1000
G01 X23.435268 Y-74.830357 Z0.235294 F1000
G01 X23.491071 Y-74.830357 Z0.392157 F1000
G01 X23.546875 Y-74.830357 Z7.411765 F1000
G01 X23.602679 Y-74.830357 Z10 F1000
G01 X76.448661 Y-74.830357 Z10 F1000
G01 X76.504464 Y-74.830357 Z7.294118 F1000
G01 X76.560268 Y-74.830357 Z0.588235 F1000
G01 X76.616071 Y-74.830357 Z0.431373 F1000
G01 X76.671875 Y-74.830357 Z0.156863 F1000
G01 X76.727679 Y-74.830357 Z0.156863 F1000
G01 X76.783482 Y-74.830357 Z0.117647 F1000
G01 X76.839286 Y-74.830357 Z0.196078 F1000
G01 X77.0625 Y-74.830357 Z0.196078 F1000
G01 X77.118304 Y-74.830357 Z0.392157 F1000
G01 X77.174107 Y-74.830357 Z0.392157 F1000
G01 X77.229911 Y-74.830357 Z0.745098 F1000
G01 X77.285714 Y-74.830357 Z4.627451 F1000
G01 X77.341518 Y-74.830357 Z10 F1000
G01 X99.551339 Y-74.830357 Z10 F1000
G01 X99.551339 Y-74.886161 Z10 F1000
G01 X99.551339 Y-74.941964 Z10 F1000
G01 X99.551339 Y-74.997768 Z10 F1000
G01 X99.551339 Y-75.053571 Z10 F1000
G01 X99.551339 Y-75.109375 Z10 F1000
G01 X99.551339 Y-75.165179 Z10 F1000
G01 X99.551339 Y-75.220982 Z10 F1000
G01 X99.551339 Y-75.276786 Z10 F1000
G01 X99.551339 Y-75.332589 Z10 F1000
G01 X77.508929 Y-75.332589 Z10 F1000
G01 X77.453125 Y-75.332589 Z9.882353 F1000
G01 X77.397321 Y-75.332589 Z5.529412 F1000
G01 X77.341518 Y-75.332589 Z0.745098 F1000
G01 X77.229911 Y-75.332589 Z0.745098 F1000
G01 X77.174107 Y-75.332589 Z0.392157 F1000
G01 X77.118304 Y-75.332589 Z0.392157 F1000
G01 X77.0625 Y-75.332589 Z0.235294 F1000
G01 X77.006696 Y-75.332589 Z0.235294 F1000
G01 X76.950893 Y-75.332589 Z0.27451 F1000
G01 X76.727679 Y-75.332589 Z0.27451 F1000
G01 X76.671875 Y-75.332589 Z0.313725 F1000
G01 X76.616071 Y-75.332589 Z8.235294 F1000
G01 X76.560268 Y-75.332589 Z10 F1000
G01 X23.491071 Y-75.332589 Z10 F1000
G01 X23.435268 Y-75.332589 Z8.235294 F1000
G01 X23.379464 Y-75.332589 Z0.627451 F1000
G01 X23.323661 Y-75.332589 Z0.627451 F1000
G01 X23.267857 Y-75.332589 Z0.352941 F1000
G01 X23.15625 Y-75.332589 Z0.352941 F1000
G01 X23.100446 Y-75.332589 Z0.156863 F1000
G01 X23.044643 Y-75.332589 Z0.196078 F1000
G01 X22.988839 Y-75.332589 Z0.588235 F1000
G01 X22.709821 Y-75.332589 Z0.588235 F1000
G01 X22.654018 Y-75.332589 Z5.294118 F1000
G01 X22.598214 Y-75.332589 Z10 F1000
G01 X0.444196 Y-75.332589 Z10 F1000
G01 X0.444196 Y-75.388393 Z10 F1000
G01 X0.444196 Y-75.444196 Z10 F1000
G01 X0.444196 Y-75.5 Z10 F1000
G01 X0.444196 Y-75.555804 Z10 F1000
G01 X0.444196 Y-75.611607 Z10 F1000
G01 X0.444196 Y-75.667411 Z10 F1000
G01 X0.444196 Y-75.723214 Z10 F1000
G01 X0.444196 Y-75.779018 Z10 F1000
G01 X0.444196 Y-75.834821 Z10 F1000
G01 X22.486607 Y-75.834821 Z10 F1000
G01 X22.542411 Y-75.834821 Z4.117647 F1000
G01 X22.598214 Y-75.834821 Z0.431373 F1000
G01 X22.654018 Y-75.834821 Z0.196078 F1000
G01 X22.709821 Y-75.834821 Z0.196078 F1000
G01 X22.765625 Y-75.834821 Z0.156863 F1000
G01 X22.988839 Y-75.834821 Z0.156863 F1000
G01 X23.044643 Y-75.834821 Z0.196078 F1000
G01 X23.100446 Y-75.834821 Z0.27451 F1000
G01 X23.15625 Y-75.834821 Z0.509804 F1000
G01 X23.267857 Y-75.834821 Z0.509804 F1000
G01 X23.323661 Y-75.834821 Z8.901961 F1000
G01 X23.379464 Y-75.834821 Z10 F1000
G01 X76.671875 Y-75.834821 Z10 F1000
G01 X76.727679 Y-75.834821 Z8.941176 F1000
G01 X76.783482 Y-75.834821 Z0.392157 F1000
G01 X77.006696 Y-75.834821 Z0.392157 F1000
G01 X77.0625 Y-75.834821 Z0.235294 F1000
G01 X77.118304 Y-75.834821 Z0.117647 F1000
G01 X77.174107 Y-75.834821 Z0.117647 F1000
G01 X77.229911 Y-75.834821 Z0.156863 F1000
G01 X77.341518 Y-75.834821 Z0.156863 F1000
G01 X77.397321 Y-75.834821 Z0.235294 F1000
G01 X77.453125 Y-75.834821 Z0.235294 F1000
G01 X77.508929 Y-75.834821 Z4.27451 F1000
G01 X77.564732 Y-75.834821 Z10 F1000
G01 X99.551339 Y-75.834821 Z10 F1000
G01 X99.551339 Y-75.890625 Z10 F1000
G01 X99.551339 Y-75.946429 Z10 F1000
G01 X99.551339 Y-76.002232 Z10 F1000
G01 X99.551339 Y-76.058036 Z10 F1000
G01 X99.551339 Y-76.113839 Z10 F1000
G01 X99.551339 Y-76.169643 Z10 F1000
G01 X99.551339 Y-76.225446 Z10 F1000
G01 X99.551339 Y-76.28125 Z10 F1000
G01 X99.551339 Y-76.337054 Z10 F1000
G01 X77.676339 Y-76.337054 Z10 F1000
G01 X77.620536 Y-76.337054 Z3.764706 F1000
G01 X77.564732 Y-76.337054 Z0.941176 F1000
G01 X77.508929 Y-76.337054 Z0.431373 F1000
G01 X77.453125 Y-76.337054 Z0.156863 F1000
G01 X77.229911 Y-76.337054 Z0.156863 F1000
G01 X77.174107 Y-76.337054 Z0.117647 F1000
G01 X77.118304 Y-76.337054 Z0.117647 F1000
G01 X77.0625 Y-76.337054 Z0.352941 F1000
G01 X77.006696 Y-76.337054 Z0.392157 F1000
G01 X76.950893 Y-76.337054 Z0.54902 F1000
G01 X76.895089 Y-76.337054 Z0.54902 F1000
G01 X76.839286 Y-76.337054 Z9.058824 F1000
G01 X76.783482 Y-76.337054 Z9.960784 F1000
G01 X76.727679 Y-76.337054 Z10 F1000
G01 X23.267857 Y-76.337054 Z10 F1000
G01 X23.212054 Y-76.337054 Z8.627451 F1000
G01 X23.15625 Y-76.337054 Z0.745098 F1000
G01 X23.100446 Y-76.337054 Z0.27451 F1000
G01 X23.044643 Y-76.337054 Z0.235294 F1000
G01 X22.988839 Y-76.337054 Z0.156863 F1000
G01 X22.765625 Y-76.337054 Z0.156863 F1000
G01 X22.709821 Y-76.337054 Z0.196078 F1000
G01 X22.654018 Y-76.337054 Z0.196078 F1000
G01 X22.598214 Y-76.337054 Z0.54902 F1000
G01 X22.542411 Y-76.337054 Z0.666667 F1000
G01 X22.486607 Y-76.337054 Z0.980392 F1000
G01 X22.430804 Y-76.337054 Z4.352941 F1000
G01 X22.375 Y-76.337054 Z9.921569 F1000
G01 X22.319196 Y-76.337054 Z10 F1000
G01 X0.444196 Y-76.337054 Z10 F1000
G01 X0.444196 Y-76.392857 Z10 F1000
G01 X0.444196 Y-76.448661 Z10 F1000
G01 X0.444196 Y-76.504464 Z10 F1000
G01 X0.444196 Y-76.560268 Z10 F1000
G01 X0.444196 Y-76.616071 Z10 F1000
G01 X0.444196 Y-76.671875 Z10 F1000
G01 X0.444196 Y-76.727679 Z10 F1000
G01 X0.444196 Y-76.783482 Z10 F1000
G01 X0.444196 Y-76.839286 Z10 F1000
G01 X22.263393 Y-76.839286 Z10 F1000
G01 X22.319196 Y-76.839286 Z3.098039 F1000
G01 X22.375 Y-76.839286 Z0.980392 F1000
G01 X22.486607 Y-76.839286 Z0.980392 F1000
G01 X22.542411 Y-76.839286 Z0.745098 F1000
G01 X22.598214 Y-76.839286 Z0.54902 F1000
G01 X22.654018 Y-76.839286 Z0.196078 F1000
G01 X22.709821 Y-76.839286 Z0.196078 F1000
G01 X22.765625 Y-76.839286 Z0.117647 F1000
G01 X22.821429 Y-76.839286 Z0.196078 F1000
G01 X22.988839 Y-76.839286 Z0.196078 F1000
G01 X23.044643 Y-76.839286 Z0.313725 F1000
G01 X23.100446 Y-76.839286 Z9.803922 F1000
G01 X23.15625 Y-76.839286 Z10 F1000
G01 X76.839286 Y-76.839286 Z10 F1000
G01 X76.895089 Y-76.839286 Z9.803922 F1000
G01 X76.950893 Y-76.839286 Z9.294118 F1000
G01 X77.006696 Y-76.839286 Z0.784314 F1000
G01 X77.0625 Y-76.839286 Z0.352941 F1000
G01 X77.118304 Y-76.839286 Z0.156863 F1000
G01 X77.174107 Y-76.839286 Z0.117647 F1000
G01 X77.229911 Y-76.839286 Z0.117647 F1000
G01 X77.285714 Y-76.839286 Z0.156863 F1000
G01 X77.453125 Y-76.839286 Z0.156863 F1000
G01 X77.508929 Y-76.839286 Z0.54902 F1000
G01 X77.564732 Y-76.839286 Z0.54902 F1000
G01 X77.620536 Y-76.839286 Z0.666667 F1000
G01 X77.676339 Y-76.839286 Z0.666667 F1000
G01 X77.732143 Y-76.839286 Z3.411765 F1000
G01 X77.787946 Y-76.839286 Z10 F1000
G01 X99.551339 Y-76.839286 Z10 F1000
G01 X99.551339 Y-76.895089 Z10 F1000
G01 X99.551339 Y-76.950893 Z10 F1000
G01 X99.551339 Y-77.006696 Z10 F1000
G01 X99.551339 Y-77.0625 Z10 F1000
G01 X99.551339 Y-77.118304 Z10 F1000
G01 X99.551339 Y-77.174107 Z10 F1000
G01 X99.551339 Y-77.229911 Z10 F1000
G01 X99.551339 Y-77.285714 Z10 F1000
G01 X99.551339 Y-77.341518 Z10 F1000
G01 X77.955357 Y-77.341518 Z10 F1000
G01 X77.899554 Y-77.341518 Z9.490196 F1000
G01 X77.84375 Y-77.341518 Z3.058824 F1000
G01 X77.787946 Y-77.341518 Z0.627451 F1000
G01 X77.732143 Y-77.341518 Z0.627451 F1000
G01 X77.676339 Y-77.341518 Z0.54902 F1000
G01 X77.508929 Y-77.341518 Z0.54902 F1000
G01 X77.453125 Y-77.341518 Z0.196078 F1000
G01 X77.397321 Y-77.341518 Z0.196078 F1000
G01 X77.341518 Y-77.341518 Z0.27451 F1000
G01 X77.285714 Y-77.341518 Z0.352941 F1000
G01 X77.174107 Y-77.341518 Z0.352941 F1000
G01 X77.118304 Y-77.341518 Z0.588235 F1000
G01 X77.0625 Y-77.341518 Z9.45098 F1000
G01 X77.006696 Y-77.341518 Z10 F1000
G01 X51.002232 Y-77.341518 Z10 F1000
G01 X50.946429 Y-77.341518 Z9.411765 F1000
G01 X50.890625 Y-77.341518 Z8.352941 F1000
G01 X50.834821 Y-77.341518 Z6.039216 F1000
G01 X50.779018 Y-77.341518 Z3.764706 F1000
G01 X50.723214 Y-77.341518 Z2 F1000
G01 X50.667411 Y-77.341518 Z0.392157 F1000
G01 X50.611607 Y-77.341518 Z0.352941 F1000
G01 X50.5 Y-77.341518 Z0.352941 F1000
G01 X50.444196 Y-77.341518 Z0.27451 F1000
G01 X50.332589 Y-77.341518 Z0.27451 F1000
G01 X50.276786 Y-77.341518 Z0.392157 F1000
G01 X49.941964 Y-77.341518 Z0.392157 F1000
G01 X49.886161 Y-77.341518 Z0.470588 F1000
G01 X49.439732 Y-77.341518 Z0.470588 F1000
G01 X49.383929 Y-77.341518 Z0.627451 F1000
G01 X49.328125 Y-77.341518 Z1.411765 F1000
G01 X49.272321 Y-77.341518 Z3.803922 F1000
G01 X49.216518 Y-77.341518 Z6.627451 F1000
G01 X49.160714 Y-77.341518 Z8.941176 F1000
G01 X49.104911 Y-77.341518 Z9.960784 F1000
G01 X49.049107 Y-77.341518 Z9.960784 F1000
G01 X48.993304 Y-77.341518 Z10 F1000
G01 X23.044643 Y-77.341518 Z10 F1000
G01 X22.988839 Y-77.341518 Z9.019608 F1000
G01 X22.933036 Y-77.341518 Z0.784314 F1000
G01 X22.877232 Y-77.341518 Z0.470588 F1000
G01 X22.765625 Y-77.341518 Z0.470588 F1000
G01 X22.709821 Y-77.341518 Z0.27451 F1000
G01 X22.654018 Y-77.341518 Z0.27451 F1000
G01 X22.598214 Y-77.341518 Z0.313725 F1000
G01 X22.542411 Y-77.341518 Z0.745098 F1000
G01 X22.263393 Y-77.341518 Z0.745098 F1000
G01 X22.207589 Y-77.341518 Z3.058824 F1000
G01 X22.151786 Y-77.341518 Z9.960784 F1000
G01 X22.095982 Y-77.341518 Z10 F1000
G01 X0.444196 Y-77.341518 Z10 F1000
G01 X0.444196 Y-77.397321 Z10 F1000
G01 X0.444196 Y-77.453125 Z10 F1000
G01 X0.444196 Y-77.508929 Z10 F1000
G01 X0.444196 Y-77.564732 Z10 F1000
G01 X0.444196 Y-77.620536 Z10 F1000
G01 X0.444196 Y-77.676339 Z10 F1000
G01 X0.444196 Y-77.732143 Z10 F1000
G01 X0.444196 Y-77.787946 Z10 F1000
G01 X0.444196 Y-77.84375 Z10 F1000
G01 X22.040179 Y-77.84375 Z10 F1000
G01 X22.095982 Y-77.84375 Z2.156863 F1000
G01 X22.151786 Y-77.84375 Z0.27451 F1000
G01 X22.207589 Y-77.84375 Z0.117647 F1000
G01 X22.263393 Y-77.84375 Z0.117647 F1000
G01 X22.319196 Y-77.84375 Z0.156863 F1000
G01 X22.375 Y-77.84375 Z0.27451 F1000
G01 X22.598214 Y-77.84375 Z0.27451 F1000
G01 X22.654018 Y-77.84375 Z0.54902 F1000
G01 X22.709821 Y-77.84375 Z0.666667 F1000
G01 X22.821429 Y-77.84375 Z0.666667 F1000
G01 X22.877232 Y-77.84375 Z9.960784 F1000
G01 X22.933036 Y-77.84375 Z10 F1000
G01 X47.765625 Y-77.84375 Z10 F1000
G01 X47.821429 Y-77.84375 Z9.882353 F1000
G01 X47.877232 Y-77.84375 Z9.294118 F1000
G01 X47.933036 Y-77.84375 Z7.254902 F1000
G01 X47.988839 Y-77.84375 Z3.72549 F1000
G01 X48.044643 Y-77.84375 Z0.509804 F1000
G01 X48.100446 Y-77.84375 Z0.509804 F1000
G01 X48.15625 Y-77.84375 Z0.431373 F1000
G01 X48.825893 Y-77.84375 Z0.431373 F1000
G01 X48.881696 Y-77.84375 Z0.27451 F1000
G01 X48.9375 Y-77.84375 Z0.27451 F1000
G01 X48.993304 Y-77.84375 Z0.117647 F1000
G01 X50.276786 Y-77.84375 Z0.117647 F1000
G01 X50.332589 Y-77.84375 Z0.156863 F1000
G01 X50.834821 Y-77.84375 Z0.156863 F1000
G01 X50.890625 Y-77.84375 Z0.196078 F1000
G01 X51.113839 Y-77.84375 Z0.196078 F1000
G01 X51.169643 Y-77.84375 Z0.431373 F1000
G01 X51.337054 Y-77.84375 Z0.431373 F1000
G01 X51.392857 Y-77.84375 Z0.509804 F1000
G01 X51.448661 Y-77.84375 Z0.509804 F1000
G01 X51.504464 Y-77.84375 Z0.588235 F1000
G01 X51.560268 Y-77.84375 Z0.901961 F1000
G01 X52.006696 Y-77.84375 Z0.901961 F1000
G01 X52.0625 Y-77.84375 Z3.058824 F1000
G01 X52.118304 Y-77.84375 Z7.176471 F1000
G01 X52.174107 Y-77.84375 Z9.921569 F1000
G01 X52.229911 Y-77.84375 Z9.921569 F1000
G01 X52.285714 Y-77.84375 Z10 F1000
G01 X77.118304 Y-77.84375 Z10 F1000
G01 X77.174107 Y-77.84375 Z9.607843 F1000
G01 X77.229911 Y-77.84375 Z0.54902 F1000
G01 X77.341518 Y-77.84375 Z0.54902 F1000
G01 X77.397321 Y-77.84375 Z0.509804 F1000
G01 X77.453125 Y-77.84375 Z0.509804 F1000
G01 X77.508929 Y-77.84375 Z0.196078 F1000
G01 X77.564732 Y-77.84375 Z0.117647 F1000
G01 X77.676339 Y-77.84375 Z0.117647 F1000
G01 X77.732143 Y-77.84375 Z0.196078 F1000
G01 X77.787946 Y-77.84375 Z0.313725 F1000
G01 X77.899554 Y-77.84375 Z0.313725 F1000
G01 X77.955357 Y-77.84375 Z2.196078 F1000
G01 X78.011161 Y-77.84375 Z9.960784 F1000
G01 X78.066964 Y-77.84375 Z10 F1000
G01 X99.551339 Y-77.84375 Z10 F1000
G01 X99.551339 Y-77.899554 Z10 F1000
G01 X99.551339 Y-77.955357 Z10 F1000
G01 X99.551339 Y-78.011161 Z10 F1000
G01 X99.551339 Y-78.066964 Z10 F1000
G01 X99.551339 Y-78.122768 Z10 F1000
G01 X99.551339 Y-78.178571 Z10 F1000
G01 X99.551339 Y-78.234375 Z10 F1000
G01 X99.551339 Y-78.290179 Z10 F1000
G01 X99.551339 Y-78.345982 Z10 F1000
G01 X78.122768 Y-78.345982 Z10 F1000
G01 X78.066964 Y-78.345982 Z1.960784 F1000
G01 X78.011161 Y-78.345982 Z0.509804 F1000
G01 X77.955357 Y-78.345982 Z0.392157 F1000
G01 X77.899554 Y-78.345982 Z0.156863 F1000
G01 X77.732143 Y-78.345982 Z0.156863 F1000
G01 X77.676339 Y-78.345982 Z0.117647 F1000
G01 X77.564732 Y-78.345982 Z0.117647 F1000
G01 X77.508929 Y-78.345982 Z0.235294 F1000
G01 X77.453125 Y-78.345982 Z0.509804 F1000
G01 X77.397321 Y-78.345982 Z0.509804 F1000
G01 X77.341518 Y-78.345982 Z1.098039 F1000
G01 X77.285714 Y-78.345982 Z9.882353 F1000
G01 X77.229911 Y-78.345982 Z10 F1000
G01 X53.066964 Y-78.345982 Z10 F1000
G01 X53.011161 Y-78.345982 Z9.137255 F1000
G01 X52.955357 Y-78.345982 Z7.686275 F1000
G01 X52.899554 Y-78.345982 Z0.901961 F1000
G01 X52.84375 Y-78.345982 Z0.509804 F1000
G01 X52.341518 Y-78.345982 Z0.509804 F1000
G01 X52.285714 Y-78.345982 Z0.156863 F1000
G01 X52.174107 Y-78.345982 Z0.156863 F1000
G01 X52.118304 Y-78.345982 Z0.392157 F1000
G01 X51.950893 Y-78.345982 Z0.392157 F1000
G01 X51.895089 Y-78.345982 Z0.470588 F1000
G01 X51.839286 Y-78.345982 Z0.470588 F1000
G01 X51.783482 Y-78.345982 Z0.54902 F1000
G01 X51.727679 Y-78.345982 Z3.215686 F1000
G01 X51.671875 Y-78.345982 Z6.54902 F1000
G01 X51.616071 Y-78.345982 Z9.921569 F1000
G01 X51.560268 Y-78.345982 Z10 F1000
G01 X48.491071 Y-78.345982 Z10 F1000
G01 X48.435268 Y-78.345982 Z9.647059 F1000
G01 X48.379464 Y-78.345982 Z7.137255 F1000
G01 X48.323661 Y-78.345982 Z3.921569 F1000
G01 X48.267857 Y-78.345982 Z0.980392 F1000
G01 X48.212054 Y-78.345982 Z0.235294 F1000
G01 X47.765625 Y-78.345982 Z0.235294 F1000
G01 X47.709821 Y-78.345982 Z0.27451 F1000
G01 X47.654018 Y-78.345982 Z0.27451 F1000
G01 X47.598214 Y-78.345982 Z0.509804 F1000
G01 X47.207589 Y-78.345982 Z0.509804 F1000
G01 X47.151786 Y-78.345982 Z1.921569 F1000
G01 X47.095982 Y-78.345982 Z6.470588 F1000
G01 X47.040179 Y-78.345982 Z9.921569 F1000
G01 X46.984375 Y-78.345982 Z10 F1000
G01 X22.765625 Y-78.345982 Z10 F1000
G01 X22.709821 Y-78.345982 Z1.137255 F1000
G01 X22.654018 Y-78.345982 Z0.54902 F1000
G01 X22.598214 Y-78.345982 Z0.196078 F1000
G01 X22.542411 Y-78.345982 Z0.156863 F1000
G01 X22.375 Y-78.345982 Z0.156863 F1000
G01 X22.319196 Y-78.345982 Z0.117647 F1000
G01 X22.207589 Y-78.345982 Z0.117647 F1000
G01 X22.151786 Y-78.345982 Z0.352941 F1000
G01 X22.095982 Y-78.345982 Z0.666667 F1000
G01 X22.040179 Y-78.345982 Z0.666667 F1000
G01 X21.984375 Y-78.345982 Z2.313725 F1000
G01 X21.928571 Y-78.345982 Z9.490196 F1000
G01 X21.872768 Y-78.345982 Z10 F1000
G01 X0.444196 Y-78.345982 Z10 F1000
G01 X0.444196 Y-78.401786 Z10 F1000
G01 X0.444196 Y-78.457589 Z10 F1000
G01 X0.444196 Y-78.513393 Z10 F1000
G01 X0.444196 Y-78.569196 Z10 F1000
G01 X0.444196 Y-78.625 Z10 F1000
G01 X0.444196 Y-78.680804 Z10 F1000
G01 X0.444196 Y-78.736607 Z10 F1000
G01 X0.444196 Y-78.792411 Z10 F1000
G01 X0.444196 Y-78.848214 Z10 F1000
G01 X21.761161 Y-78.848214 Z10 F1000
G01 X21.816964 Y-78.848214 Z9.176471 F1000
G01 X21.872768 Y-78.848214 Z1.843137 F1000
G01 X21.928571 Y-78.848214 Z0.666667 F1000
G01 X22.095982 Y-78.848214 Z0.666667 F1000
G01 X22.151786 Y-78.848214 Z0.352941 F1000
G01 X22.207589 Y-78.848214 Z0.27451 F1000
G01 X22.542411 Y-78.848214 Z0.27451 F1000
G01 X22.598214 Y-78.848214 Z1.490196 F1000
G01 X22.654018 Y-78.848214 Z9.764706 F1000
G01 X22.709821 Y-78.848214 Z9.882353 F1000
G01 X22.765625 Y-78.848214 Z10 F1000
G01 X46.147321 Y-78.848214 Z10 F1000
G01 X46.203125 Y-78.848214 Z9.058824 F1000
G01 X46.258929 Y-78.848214 Z7.058824 F1000
G01 X46.314732 Y-78.848214 Z0.980392 F1000
G01 X46.370536 Y-78.848214 Z0.509804 F1000
G01 X46.426339 Y-78.848214 Z0.235294 F1000
G01 X46.537946 Y-78.848214 Z0.235294 F1000
G01 X46.59375 Y-78.848214 Z0.156863 F1000
G01 X46.649554 Y-78.848214 Z0.196078 F1000
G01 X46.705357 Y-78.848214 Z0.392157 F1000
G01 X46.761161 Y-78.848214 Z0.431373 F1000
G01 X46.816964 Y-78.848214 Z0.666667 F1000
G01 X47.151786 Y-78.848214 Z0.666667 F1000
G01 X47.207589 Y-78.848214 Z1.215686 F1000
G01 X47.319196 Y-78.848214 Z1.215686 F1000
G01 X47.375 Y-78.848214 Z2.039216 F1000
G01 X47.430804 Y-78.848214 Z6.431373 F1000
G01 X47.486607 Y-78.848214 Z9.647059 F1000
G01 X47.542411 Y-78.848214 Z10 F1000
G01 X52.397321 Y-78.848214 Z10 F1000
G01 X52.453125 Y-78.848214 Z9.921569 F1000
G01 X52.564732 Y-78.848214 Z9.921569 F1000
G01 X52.620536 Y-78.848214 Z6.745098 F1000
G01 X52.676339 Y-78.848214 Z2.705882 F1000
G01 X52.732143 Y-78.848214 Z0.431373 F1000
G01 X52.787946 Y-78.848214 Z0.431373 F1000
G01 X52.84375 Y-78.848214 Z0.352941 F1000
G01 X52.899554 Y-78.848214 Z0.352941 F1000
G01 X52.955357 Y-78.848214 Z0.313725 F1000
G01 X53.122768 Y-78.848214 Z0.313725 F1000
G01 X53.178571 Y-78.848214 Z0.392157 F1000
G01 X53.290179 Y-78.848214 Z0.392157 F1000
G01 X53.345982 Y-78.848214 Z1.803922 F1000
G01 X53.401786 Y-78.848214 Z3.019608 F1000
G01 X53.457589 Y-78.848214 Z3.333333 F1000
G01 X53.513393 Y-78.848214 Z3.529412 F1000
G01 X53.680804 Y-78.848214 Z3.529412 F1000
G01 X53.736607 Y-78.848214 Z4.431373 F1000
G01 X53.792411 Y-78.848214 Z7.490196 F1000
G01 X53.848214 Y-78.848214 Z9.764706 F1000
G01 X53.904018 Y-78.848214 Z9.764706 F1000
G01 X53.959821 Y-78.848214 Z10 F1000
G01 X77.285714 Y-78.848214 Z10 F1000
G01 X77.341518 Y-78.848214 Z9.960784 F1000
G01 X77.397321 Y-78.848214 Z9.803922 F1000
G01 X77.453125 Y-78.848214 Z2 F1000
G01 X77.508929 Y-78.848214 Z0.509804 F1000
G01 X77.564732 Y-78.848214 Z0.156863 F1000
G01 X77.620536 Y-78.848214 Z0.156863 F1000
G01 X77.676339 Y-78.848214 Z0.117647 F1000
G01 X77.732143 Y-78.848214 Z0.156863 F1000
G01 X77.899554 Y-78.848214 Z0.156863 F1000
G01 X77.955357 Y-78.848214 Z0.352941 F1000
G01 X78.011161 Y-78.848214 Z0.509804 F1000
G01 X78.066964 Y-78.848214 Z0.509804 F1000
G01 X78.122768 Y-78.848214 Z0.54902 F1000
G01 X78.178571 Y-78.848214 Z2.117647 F1000
G01 X78.234375 Y-78.848214 Z9.647059 F1000
G01 X78.290179 Y-78.848214 Z9.921569 F1000
G01 X78.345982 Y-78.848214 Z10 F1000
G01 X99.551339 Y-78.848214 Z10 F1000
G01 X99.551339 Y-78.904018 Z10 F1000
G01 X99.551339 Y-78.959821 Z10 F1000
G01 X99.551339 Y-79.015625 Z10 F1000
G01 X99.551339 Y-79.071429 Z10 F1000
G01 X99.551339 Y-79.127232 Z10 F1000
G01 X99.551339 Y-79.183036 Z10 F1000
G01 X99.551339 Y-79.238839 Z10 F1000
G01 X99.551339 Y-79.294643 Z10 F1000
G01 X99.551339 Y-79.350446 Z10 F1000
G01 X78.401786 Y-79.350446 Z10 F1000
G01 X78.345982 Y-79.350446 Z9.490196 F1000
G01 X78.290179 Y-79.350446 Z1.372549 F1000
G01 X78.234375 Y-79.350446 Z0.54902 F1000
G01 X78.122768 Y-79.350446 Z0.54902 F1000
G01 X78.066964 Y-79.350446 Z0.313725 F1000
G01 X77.955357 Y-79.350446 Z0.313725 F1000
G01 X77.899554 Y-79.350446 Z0.235294 F1000
G01 X77.84375 Y-79.350446 Z0.235294 F1000
G01 X77.787946 Y-79.350446 Z0.588235 F1000
G01 X77.620536 Y-79.350446 Z0.588235 F1000
G01 X77.564732 Y-79.350446 Z2.156863 F1000
G01 X77.508929 Y-79.350446 Z10 F1000
G01 X54.796875 Y-79.350446 Z10 F1000
G01 X54.741071 Y-79.350446 Z9.960784 F1000
G01 X54.685268 Y-79.350446 Z9.803922 F1000
G01 X54.629464 Y-79.350446 Z5.215686 F1000
G01 X54.573661 Y-79.350446 Z3.921569 F1000
G01 X54.517857 Y-79.350446 Z3.921569 F1000
G01 X54.462054 Y-79.350446 Z3.72549 F1000
G01 X54.350446 Y-79.350446 Z3.72549 F1000
G01 X54.294643 Y-79.350446 Z3.647059 F1000
G01 X54.238839 Y-79.350446 Z3.490196 F1000
G01 X53.569196 Y-79.350446 Z3.490196 F1000
G01 X53.513393 Y-79.350446 Z3.215686 F1000
G01 X53.457589 Y-79.350446 Z7.72549 F1000
G01 X53.401786 Y-79.350446 Z9.45098 F1000
G01 X53.345982 Y-79.350446 Z9.607843 F1000
G01 X53.290179 Y-79.350446 Z10 F1000
G01 X46.816964 Y-79.350446 Z10 F1000
G01 X46.761161 Y-79.350446 Z9.960784 F1000
G01 X46.705357 Y-79.350446 Z9.921569 F1000
G01 X46.649554 Y-79.350446 Z9.921569 F1000
G01 X46.59375 Y-79.350446 Z6.588235 F1000
G01 X46.537946 Y-79.350446 Z2.941176 F1000
G01 X46.482143 Y-79.350446 Z0.862745 F1000
G01 X46.426339 Y-79.350446 Z0.666667 F1000
G01 X46.091518 Y-79.350446 Z0.666667 F1000
G01 X46.035714 Y-79.350446 Z0.470588 F1000
G01 X45.979911 Y-79.350446 Z0.470588 F1000
G01 X45.924107 Y-79.350446 Z0.196078 F1000
G01 X45.868304 Y-79.350446 Z0.196078 F1000
G01 X45.8125 Y-79.350446 Z0.705882 F1000
G01 X45.756696 Y-79.350446 Z0.705882 F1000
G01 X45.700893 Y-79.350446 Z0.823529 F1000
G01 X45.533482 Y-79.350446 Z0.823529 F1000
G01 X45.477679 Y-79.350446 Z1.960784 F1000
G01 X45.421875 Y-79.350446 Z5.411765 F1000
G01 X45.366071 Y-79.350446 Z10 F1000
G01 X22.598214 Y-79.350446 Z10 F1000
G01 X22.542411 Y-79.350446 Z9.803922 F1000
G01 X22.486607 Y-79.350446 Z2.352941 F1000
G01 X22.430804 Y-79.350446 Z0.509804 F1000
G01 X22.375 Y-79.350446 Z0.509804 F1000
G01 X22.319196 Y-79.350446 Z0.392157 F1000
G01 X22.263393 Y-79.350446 Z0.392157 F1000
G01 X22.207589 Y-79.350446 Z0.313725 F1000
G01 X22.151786 Y-79.350446 Z0.313725 F1000
G01 X22.095982 Y-79.350446 Z0.27451 F1000
G01 X21.984375 Y-79.350446 Z0.27451 F1000
G01 X21.928571 Y-79.350446 Z0.352941 F1000
G01 X21.816964 Y-79.350446 Z0.352941 F1000
G01 X21.761161 Y-79.350446 Z1.647059 F1000
G01 X21.705357 Y-79.350446 Z10 F1000
G01 X0.444196 Y-79.350446 Z10 F1000
G01 X0.444196 Y-79.40625 Z10 F1000
G01 X0.444196 Y-79.462054 Z10 F1000
G01 X0.444196 Y-79.517857 Z10 F1000
G01 X0.444196 Y-79.573661 Z10 F1000
G01 X0.444196 Y-79.629464 Z10 F1000
G01 X0.444196 Y-79.685268 Z10 F1000
G01 X0.444196 Y-79.741071 Z10 F1000
G01 X0.444196 Y-79.796875 Z10 F1000
G01 X0.444196 Y-79.852679 Z10 F1000
G01 X21.537946 Y-79.852679 Z10 F1000
G01 X21.59375 Y-79.852679 Z9.803922 F1000
G01 X21.649554 Y-79.852679 Z1.215686 F1000
G01 X21.705357 Y-79.852679 Z0.392157 F1000
G01 X21.761161 Y-79.852679 Z0.196078 F1000
G01 X21.816964 Y-79.852679 Z0.117647 F1000
G01 X21.984375 Y-79.852679 Z0.117647 F1000
G01 X22.040179 Y-79.852679 Z0.156863 F1000
G01 X22.095982 Y-79.852679 Z0.156863 F1000
G01 X22.151786 Y-79.852679 Z0.313725 F1000
G01 X22.207589 Y-79.852679 Z0.54902 F1000
G01 X22.263393 Y-79.852679 Z1.019608 F1000
G01 X22.319196 Y-79.852679 Z1.019608 F1000
G01 X22.375 Y-79.852679 Z1.843137 F1000
G01 X22.430804 Y-79.852679 Z10 F1000
G01 X44.417411 Y-79.852679 Z10 F1000
G01 X44.473214 Y-79.852679 Z9.921569 F1000
G01 X44.529018 Y-79.852679 Z9.921569 F1000
G01 X44.584821 Y-79.852679 Z5.686275 F1000
G01 X44.640625 Y-79.852679 Z1.372549 F1000
G01 X44.696429 Y-79.852679 Z1.098039 F1000
G01 X44.808036 Y-79.852679 Z1.098039 F1000
G01 X44.863839 Y-79.852679 Z0.627451 F1000
G01 X44.919643 Y-79.852679 Z0.27451 F1000
G01 X44.975446 Y-79.852679 Z0.156863 F1000
G01 X45.087054 Y-79.852679 Z0.156863 F1000
G01 X45.142857 Y-79.852679 Z0.196078 F1000
G01 X45.310268 Y-79.852679 Z0.196078 F1000
G01 X45.366071 Y-79.852679 Z0.627451 F1000
G01 X45.477679 Y-79.852679 Z0.627451 F1000
G01 X45.533482 Y-79.852679 Z0.666667 F1000
G01 X45.589286 Y-79.852679 Z1.490196 F1000
G01 X45.645089 Y-79.852679 Z1.490196 F1000
G01 X45.700893 Y-79.852679 Z2.27451 F1000
G01 X45.756696 Y-79.852679 Z8.117647 F1000
G01 X45.8125 Y-79.852679 Z9.372549 F1000
G01 X45.868304 Y-79.852679 Z10 F1000
G01 X54.127232 Y-79.852679 Z10 F1000
G01 X54.183036 Y-79.852679 Z9.921569 F1000
G01 X54.238839 Y-79.852679 Z9.764706 F1000
G01 X54.294643 Y-79.852679 Z8.235294 F1000
G01 X54.350446 Y-79.852679 Z5.137255 F1000
G01 X54.40625 Y-79.852679 Z3.490196 F1000
G01 X54.573661 Y-79.852679 Z3.490196 F1000
G01 X54.629464 Y-79.852679 Z3.372549 F1000
G01 X54.685268 Y-79.852679 Z3.372549 F1000
G01 X54.741071 Y-79.852679 Z3.45098 F1000
G01 X55.131696 Y-79.852679 Z3.45098 F1000
G01 X55.1875 Y-79.852679 Z4.156863 F1000
G01 X55.410714 Y-79.852679 Z4.156863 F1000
G01 X55.466518 Y-79.852679 Z5.568627 F1000
G01 X55.522321 Y-79.852679 Z10 F1000
G01 X77.564732 Y-79.852679 Z10 F1000
G01 X77.620536 Y-79.852679 Z9.843137 F1000
G01 X77.676339 Y-79.852679 Z2.235294 F1000
G01 X77.732143 Y-79.852679 Z0.588235 F1000
G01 X77.787946 Y-79.852679 Z0.588235 F1000
G01 X77.84375 Y-79.852679 Z0.392157 F1000
G01 X77.899554 Y-79.852679 Z0.392157 F1000
G01 X77.955357 Y-79.852679 Z0.27451 F1000
G01 X78.011161 Y-79.852679 Z0.078431 F1000
G01 X78.066964 Y-79.852679 Z0.078431 F1000
G01 X78.122768 Y-79.852679 Z0.117647 F1000
G01 X78.178571 Y-79.852679 Z0.196078 F1000
G01 X78.345982 Y-79.852679 Z0.196078 F1000
G01 X78.401786 Y-79.852679 Z0.980392 F1000
G01 X78.457589 Y-79.852679 Z9.372549 F1000
G01 X78.513393 Y-79.852679 Z10 F1000
G01 X99.551339 Y-79.852679 Z10 F1000
G01 X99.551339 Y-79.908482 Z10 F1000
G01 X99.551339 Y-79.964286 Z10 F1000
G01 X99.551339 Y-80.020089 Z10 F1000
G01 X99.551339 Y-80.075893 Z10 F1000
G01 X99.551339 Y-80.131696 Z10 F1000
G01 X99.551339 Y-80.1875 Z10 F1000
G01 X99.551339 Y-80.243304 Z10 F1000
G01 X99.551339 Y-80.299107 Z10 F1000
G01 X99.551339 Y-80.354911 Z10 F1000
G01 X78.625 Y-80.354911 Z10 F1000
G01 X78.569196 Y-80.354911 Z9.843137 F1000
G01 X78.513393 Y-80.354911 Z0.705882 F1000
G01 X78.457589 Y-80.354911 Z0.705882 F1000
G01 X78.401786 Y-80.354911 Z0.27451 F1000
G01 X78.345982 Y-80.354911 Z0.156863 F1000
G01 X78.290179 Y-80.354911 Z0.156863 F1000
G01 X78.234375 Y-80.354911 Z0.117647 F1000
G01 X78.178571 Y-80.354911 Z0.117647 F1000
G01 X78.122768 Y-80.354911 Z0.156863 F1000
G01 X78.066964 Y-80.354911 Z0.156863 F1000
G01 X78.011161 Y-80.354911 Z0.196078 F1000
G01 X77.955357 Y-80.354911 Z0.392157 F1000
G01 X77.899554 Y-80.354911 Z0.470588 F1000
G01 X77.84375 Y-80.354911 Z0.627451 F1000
G01 X77.787946 Y-80.354911 Z2.509804 F1000
G01 X77.732143 Y-80.354911 Z10 F1000
G01 X56.415179 Y-80.354911 Z10 F1000
G01 X56.359375 Y-80.354911 Z9.372549 F1000
G01 X56.303571 Y-80.354911 Z4.784314 F1000
G01 X56.247768 Y-80.354911 Z3.647059 F1000
G01 X56.191964 Y-80.354911 Z3.72549 F1000
G01 X56.136161 Y-80.354911 Z4.156863 F1000
G01 X55.243304 Y-80.354911 Z4.156863 F1000
G01 X55.1875 Y-80.354911 Z4.941176 F1000
G01 X55.131696 Y-80.354911 Z8.431373 F1000
G01 X55.075893 Y-80.354911 Z10 F1000
G01 X45.142857 Y-80.354911 Z10 F1000
G01 X45.087054 Y-80.354911 Z9.921569 F1000
G01 X45.03125 Y-80.354911 Z9.607843 F1000
G01 X44.975446 Y-80.354911 Z9.176471 F1000
G01 X44.919643 Y-80.354911 Z8.666667 F1000
G01 X44.863839 Y-80.354911 Z2.666667 F1000
G01 X44.808036 Y-80.354911 Z1.137255 F1000
G01 X44.752232 Y-80.354911 Z0.862745 F1000
G01 X44.696429 Y-80.354911 Z0.862745 F1000
G01 X44.640625 Y-80.354911 Z0.627451 F1000
G01 X44.473214 Y-80.354911 Z0.627451 F1000
G01 X44.417411 Y-80.354911 Z0.235294 F1000
G01 X44.194196 Y-80.354911 Z0.235294 F1000
G01 X44.138393 Y-80.354911 Z0.117647 F1000
G01 X44.082589 Y-80.354911 Z0.196078 F1000
G01 X44.026786 Y-80.354911 Z0.509804 F1000
G01 X43.970982 Y-80.354911 Z0.705882 F1000
G01 X43.859375 Y-80.354911 Z0.705882 F1000
G01 X43.803571 Y-80.354911 Z1.607843 F1000
G01 X43.747768 Y-80.354911 Z6.352941 F1000
G01 X43.691964 Y-80.354911 Z9.333333 F1000
G01 X43.636161 Y-80.354911 Z9.764706 F1000
G01 X43.580357 Y-80.354911 Z9.882353 F1000
G01 X43.524554 Y-80.354911 Z9.921569 F1000
G01 X43.46875 Y-80.354911 Z10 F1000
G01 X22.430804 Y-80.354911 Z10 F1000
G01 X22.375 Y-80.354911 Z9.960784 F1000
G01 X22.319196 Y-80.354911 Z9.882353 F1000
G01 X22.263393 Y-80.354911 Z3.098039 F1000
G01 X22.207589 Y-80.354911 Z0.54902 F1000
G01 X22.151786 Y-80.354911 Z0.352941 F1000
G01 X22.095982 Y-80.354911 Z0.156863 F1000
G01 X22.040179 Y-80.354911 Z0.117647 F1000
G01 X21.761161 Y-80.354911 Z0.117647 F1000
G01 X21.705357 Y-80.354911 Z0.392157 F1000
G01 X21.649554 Y-80.354911 Z0.392157 F1000
G01 X21.59375 Y-80.354911 Z0.431373 F1000
G01 X21.537946 Y-80.354911 Z0.431373 F1000
G01 X21.482143 Y-80.354911 Z9.607843 F1000
G01 X21.426339 Y-80.354911 Z9.882353 F1000
G01 X21.370536 Y-80.354911 Z10 F1000
G01 X0.444196 Y-80.354911 Z10 F1000
G01 X0.444196 Y-80.410714 Z10 F1000
G01 X0.444196 Y-80.466518 Z10 F1000
G01 X0.444196 Y-80.522321 Z10 F1000
G01 X0.444196 Y-80.578125 Z10 F1000
G01 X0.444196 Y-80.633929 Z10 F1000
G01 X0.444196 Y-80.689732 Z10 F1000
G01 X0.444196 Y-80.745536 Z10 F1000
G01 X0.444196 Y-80.801339 Z10 F1000
G01 X0.444196 Y-80.857143 Z10 F1000
G01 X21.314732 Y-80.857143 Z10 F1000
G01 X21.370536 Y-80.857143 Z8.901961 F1000
G01 X21.426339 Y-80.857143 Z0.823529 F1000
G01 X21.482143 Y-80.857143 Z0.392157 F1000
G01 X21.649554 Y-80.857143 Z0.392157 F1000
G01 X21.705357 Y-80.857143 Z0.196078 F1000
G01 X21.761161 Y-80.857143 Z0.117647 F1000
G01 X21.816964 Y-80.857143 Z0.078431 F1000
G01 X21.872768 Y-80.857143 Z0.117647 F1000
G01 X22.040179 Y-80.857143 Z0.117647 F1000
G01 X22.095982 Y-80.857143 Z0.196078 F1000
G01 X22.151786 Y-80.857143 Z3.411765 F1000
G01 X22.207589 Y-80.857143 Z10 F1000
G01 X42.799107 Y-80.857143 Z10 F1000
G01 X42.854911 Y-80.857143 Z8.823529 F1000
G01 X42.910714 Y-80.857143 Z4.54902 F1000
G01 X42.966518 Y-80.857143 Z1.098039 F1000
G01 X43.022321 Y-80.857143 Z0.941176 F1000
G01 X43.133929 Y-80.857143 Z0.941176 F1000
G01 X43.189732 Y-80.857143 Z0.862745 F1000
G01 X43.245536 Y-80.857143 Z0.352941 F1000
G01 X43.357143 Y-80.857143 Z0.352941 F1000
G01 X43.412946 Y-80.857143 Z0.313725 F1000
G01 X43.46875 Y-80.857143 Z0.27451 F1000
G01 X43.524554 Y-80.857143 Z0.27451 F1000
G01 X43.580357 Y-80.857143 Z0.352941 F1000
G01 X43.691964 Y-80.857143 Z0.352941 F1000
G01 X43.747768 Y-80.857143 Z0.54902 F1000
G01 X43.803571 Y-80.857143 Z0.54902 F1000
G01 X43.859375 Y-80.857143 Z0.666667 F1000
G01 X43.915179 Y-80.857143 Z0.666667 F1000
G01 X43.970982 Y-80.857143 Z0.705882 F1000
G01 X44.026786 Y-80.857143 Z3.529412 F1000
G01 X44.082589 Y-80.857143 Z9.137255 F1000
G01 X44.138393 Y-80.857143 Z9.411765 F1000
G01 X44.194196 Y-80.857143 Z9.921569 F1000
G01 X44.25 Y-80.857143 Z9.960784 F1000
G01 X44.361607 Y-80.857143 Z9.960784 F1000
G01 X44.417411 Y-80.857143 Z10 F1000
G01 X55.801339 Y-80.857143 Z10 F1000
G01 X55.857143 Y-80.857143 Z9.803922 F1000
G01 X55.912946 Y-80.857143 Z9.529412 F1000
G01 X55.96875 Y-80.857143 Z8.901961 F1000
G01 X56.024554 Y-80.857143 Z6.235294 F1000
G01 X56.080357 Y-80.857143 Z3.647059 F1000
G01 X56.359375 Y-80.857143 Z3.647059 F1000
G01 X56.415179 Y-80.857143 Z3.529412 F1000
G01 X56.861607 Y-80.857143 Z3.529412 F1000
G01 X56.917411 Y-80.857143 Z3.411765 F1000
G01 X57.084821 Y-80.857143 Z3.411765 F1000
G01 X57.140625 Y-80.857143 Z5.372549 F1000
G01 X57.196429 Y-80.857143 Z9.019608 F1000
G01 X57.252232 Y-80.857143 Z9.647059 F1000
G01 X57.308036 Y-80.857143 Z9.843137 F1000
G01 X57.363839 Y-80.857143 Z9.921569 F1000
G01 X57.419643 Y-80.857143 Z10 F1000
G01 X77.84375 Y-80.857143 Z10 F1000
G01 X77.899554 Y-80.857143 Z3.137255 F1000
G01 X77.955357 Y-80.857143 Z0.392157 F1000
G01 X78.011161 Y-80.857143 Z0.196078 F1000
G01 X78.066964 Y-80.857143 Z0.156863 F1000
G01 X78.122768 Y-80.857143 Z0.156863 F1000
G01 X78.178571 Y-80.857143 Z0.117647 F1000
G01 X78.345982 Y-80.857143 Z0.117647 F1000
G01 X78.401786 Y-80.857143 Z0.156863 F1000
G01 X78.457589 Y-80.857143 Z0.470588 F1000
G01 X78.513393 Y-80.857143 Z0.470588 F1000
G01 X78.569196 Y-80.857143 Z0.588235 F1000
G01 X78.625 Y-80.857143 Z0.588235 F1000
G01 X78.680804 Y-80.857143 Z9.294118 F1000
G01 X78.736607 Y-80.857143 Z10 F1000
G01 X99.551339 Y-80.857143 Z10 F1000
G01 X99.551339 Y-80.912946 Z10 F1000
G01 X99.551339 Y-80.96875 Z10 F1000
G01 X99.551339 Y-81.024554 Z10 F1000
G01 X99.551339 Y-81.080357 Z10 F1000
G01 X99.551339 Y-81.136161 Z10 F1000
G01 X99.551339 Y-81.191964 Z10 F1000
G01 X99.551339 Y-81.247768 Z10 F1000
G01 X99.551339 Y-81.303571 Z10 F1000
G01 X99.551339 Y-81.359375 Z10 F1000
G01 X78.848214 Y-81.359375 Z10 F1000
G01 X78.792411 Y-81.359375 Z8.862745 F1000
G01 X78.736607 Y-81.359375 Z0.784314 F1000
G01 X78.680804 Y-81.359375 Z0.588235 F1000
G01 X78.569196 Y-81.359375 Z0.588235 F1000
G01 X78.513393 Y-81.359375 Z0.27451 F1000
G01 X78.457589 Y-81.359375 Z0.27451 F1000
G01 X78.401786 Y-81.359375 Z0.313725 F1000
G01 X78.345982 Y-81.359375 Z0.313725 F1000
G01 X78.290179 Y-81.359375 Z0.470588 F1000
G01 X78.234375 Y-81.359375 Z0.470588 F1000
G01 X78.178571 Y-81.359375 Z0.509804 F1000
G01 X78.066964 Y-81.359375 Z0.509804 F1000
G01 X78.011161 Y-81.359375 Z4.27451 F1000
G01 X77.955357 Y-81.359375 Z10 F1000
G01 X58.256696 Y-81.359375 Z10 F1000
G01 X58.200893 Y-81.359375 Z9.960784 F1000
G01 X58.089286 Y-81.359375 Z9.960784 F1000
G01 X58.033482 Y-81.359375 Z9.45098 F1000
G01 X57.977679 Y-81.359375 Z6.117647 F1000
G01 X57.921875 Y-81.359375 Z4.156863 F1000
G01 X57.587054 Y-81.359375 Z4.156863 F1000
G01 X57.53125 Y-81.359375 Z3.411765 F1000
G01 X56.917411 Y-81.359375 Z3.411765 F1000
G01 X56.861607 Y-81.359375 Z4.313725 F1000
G01 X56.805804 Y-81.359375 Z8.352941 F1000
G01 X56.75 Y-81.359375 Z9.882353 F1000
G01 X56.638393 Y-81.359375 Z9.882353 F1000
G01 X56.582589 Y-81.359375 Z9.921569 F1000
G01 X56.526786 Y-81.359375 Z10 F1000
G01 X43.357143 Y-81.359375 Z10 F1000
G01 X43.301339 Y-81.359375 Z9.72549 F1000
G01 X43.245536 Y-81.359375 Z7.647059 F1000
G01 X43.189732 Y-81.359375 Z3.72549 F1000
G01 X43.133929 Y-81.359375 Z0.392157 F1000
G01 X43.078125 Y-81.359375 Z0.392157 F1000
G01 X43.022321 Y-81.359375 Z0.352941 F1000
G01 X42.854911 Y-81.359375 Z0.352941 F1000
G01 X42.799107 Y-81.359375 Z0.27451 F1000
G01 X42.743304 Y-81.359375 Z0.235294 F1000
G01 X42.6875 Y-81.359375 Z0.784314 F1000
G01 X42.241071 Y-81.359375 Z0.784314 F1000
G01 X42.185268 Y-81.359375 Z0.823529 F1000
G01 X42.129464 Y-81.359375 Z0.823529 F1000
G01 X42.073661 Y-81.359375 Z4.901961 F1000
G01 X42.017857 Y-81.359375 Z8.862745 F1000
G01 X41.962054 Y-81.359375 Z10 F1000
G01 X22.095982 Y-81.359375 Z10 F1000
G01 X22.040179 Y-81.359375 Z4.078431 F1000
G01 X21.984375 Y-81.359375 Z0.705882 F1000
G01 X21.872768 Y-81.359375 Z0.705882 F1000
G01 X21.816964 Y-81.359375 Z0.392157 F1000
G01 X21.761161 Y-81.359375 Z0.27451 F1000
G01 X21.705357 Y-81.359375 Z0.196078 F1000
G01 X21.649554 Y-81.359375 Z0.392157 F1000
G01 X21.426339 Y-81.359375 Z0.392157 F1000
G01 X21.370536 Y-81.359375 Z0.431373 F1000
G01 X21.314732 Y-81.359375 Z0.431373 F1000
G01 X21.258929 Y-81.359375 Z8.901961 F1000
G01 X21.203125 Y-81.359375 Z9.960784 F1000
G01 X21.147321 Y-81.359375 Z10 F1000
G01 X0.444196 Y-81.359375 Z10 F1000
G01 X0.444196 Y-81.415179 Z10 F1000
G01 X0.444196 Y-81.470982 Z10 F1000
G01 X0.444196 Y-81.526786 Z10 F1000
G01 X0.444196 Y-81.582589 Z10 F1000
G01 X0.444196 Y-81.638393 Z10 F1000
G01 X0.444196 Y-81.694196 Z10 F1000
G01 X0.444196 Y-81.75 Z10 F1000
G01 X0.444196 Y-81.805804 Z10 F1000
G01 X0.444196 Y-81.861607 Z10 F1000
G01 X21.035714 Y-81.861607 Z10 F1000
G01 X21.091518 Y-81.861607 Z9.960784 F1000
G01 X21.147321 Y-81.861607 Z8.117647 F1000
G01 X21.203125 Y-81.861607 Z0.509804 F1000
G01 X21.258929 Y-81.861607 Z0.352941 F1000
G01 X21.314732 Y-81.861607 Z0.117647 F1000
G01 X21.649554 Y-81.861607 Z0.117647 F1000
G01 X21.705357 Y-81.861607 Z0.235294 F1000
G01 X21.761161 Y-81.861607 Z0.392157 F1000
G01 X21.816964 Y-81.861607 Z0.509804 F1000
G01 X21.872768 Y-81.861607 Z0.705882 F1000
G01 X21.928571 Y-81.861607 Z5.294118 F1000
G01 X21.984375 Y-81.861607 Z9.960784 F1000
G01 X22.040179 Y-81.861607 Z10 F1000
G01 X41.069196 Y-81.861607 Z10 F1000
G01 X41.125 Y-81.861607 Z9.686275 F1000
G01 X41.180804 Y-81.861607 Z9.45098 F1000
G01 X41.236607 Y-81.861607 Z4.588235 F1000
G01 X41.292411 Y-81.861607 Z0.431373 F1000
G01 X41.515625 Y-81.861607 Z0.431373 F1000
G01 X41.571429 Y-81.861607 Z0.352941 F1000
G01 X41.738839 Y-81.861607 Z0.352941 F1000
G01 X41.794643 Y-81.861607 Z0.27451 F1000
G01 X41.850446 Y-81.861607 Z0.196078 F1000
G01 X42.185268 Y-81.861607 Z0.196078 F1000
G01 X42.241071 Y-81.861607 Z0.352941 F1000
G01 X42.296875 Y-81.861607 Z0.470588 F1000
G01 X42.352679 Y-81.861607 Z3.764706 F1000
G01 X42.408482 Y-81.861607 Z8.27451 F1000
G01 X42.464286 Y-81.861607 Z10 F1000
G01 X57.587054 Y-81.861607 Z10 F1000
G01 X57.642857 Y-81.861607 Z8.980392 F1000
G01 X57.698661 Y-81.861607 Z4.039216 F1000
G01 X57.754464 Y-81.861607 Z3.411765 F1000
G01 X57.810268 Y-81.861607 Z3.411765 F1000
G01 X57.866071 Y-81.861607 Z3.372549 F1000
G01 X58.145089 Y-81.861607 Z3.372549 F1000
G01 X58.200893 Y-81.861607 Z3.490196 F1000
G01 X58.758929 Y-81.861607 Z3.490196 F1000
G01 X58.814732 Y-81.861607 Z4.862745 F1000
G01 X58.870536 Y-81.861607 Z9.058824 F1000
G01 X58.926339 Y-81.861607 Z9.803922 F1000
G01 X58.982143 Y-81.861607 Z9.921569 F1000
G01 X59.037946 Y-81.861607 Z10 F1000
G01 X78.066964 Y-81.861607 Z10 F1000
G01 X78.122768 Y-81.861607 Z4.823529 F1000
G01 X78.178571 Y-81.861607 Z0.588235 F1000
G01 X78.290179 Y-81.861607 Z0.588235 F1000
G01 X78.345982 Y-81.861607 Z0.54902 F1000
G01 X78.401786 Y-81.861607 Z0.431373 F1000
G01 X78.457589 Y-81.861607 Z0.196078 F1000
G01 X78.513393 Y-81.861607 Z0.156863 F1000
G01 X78.569196 Y-81.861607 Z0.156863 F1000
G01 X78.625 Y-81.861607 Z0.196078 F1000
G01 X78.792411 Y-81.861607 Z0.196078 F1000
G01 X78.848214 Y-81.861607 Z0.470588 F1000
G01 X78.904018 Y-81.861607 Z8 F1000
G01 X78.959821 Y-81.861607 Z10 F1000
G01 X99.551339 Y-81.861607 Z10 F1000
G01 X99.551339 Y-81.917411 Z10 F1000
G01 X99.551339 Y-81.973214 Z10 F1000
G01 X99.551339 Y-82.029018 Z10 F1000
G01 X99.551339 Y-82.084821 Z10 F1000
G01 X99.551339 Y-82.140625 Z10 F1000
G01 X99.551339 Y-82.196429 Z10 F1000
G01 X99.551339 Y-82.252232 Z10 F1000
G01 X99.551339 Y-82.308036 Z10 F1000
G01 X99.551339 Y-82.363839 Z10 F1000
G01 X79.127232 Y-82.363839 Z10 F1000
G01 X79.071429 Y-82.363839 Z9.960784 F1000
G01 X79.015625 Y-82.363839 Z8.313725 F1000
G01 X78.959821 Y-82.363839 Z0.470588 F1000
G01 X78.848214 Y-82.363839 Z0.470588 F1000
G01 X78.792411 Y-82.363839 Z0.156863 F1000
G01 X78.569196 Y-82.363839 Z0.156863 F1000
G01 X78.513393 Y-82.363839 Z0.117647 F1000
G01 X78.457589 Y-82.363839 Z0.196078 F1000
G01 X78.401786 Y-82.363839 Z0.431373 F1000
G01 X78.345982 Y-82.363839 Z0.666667 F1000
G01 X78.290179 Y-82.363839 Z0.666667 F1000
G01 X78.234375 Y-82.363839 Z5.058824 F1000
G01 X78.178571 Y-82.363839 Z9.921569 F1000
G01 X78.122768 Y-82.363839 Z10 F1000
G01 X59.763393 Y-82.363839 Z10 F1000
G01 X59.707589 Y-82.363839 Z8.196078 F1000
G01 X59.651786 Y-82.363839 Z4.235294 F1000
G01 X59.595982 Y-82.363839 Z0.941176 F1000
G01 X59.540179 Y-82.363839 Z0.470588 F1000
G01 X59.372768 Y-82.363839 Z0.470588 F1000
G01 X59.316964 Y-82.363839 Z0.431373 F1000
G01 X59.037946 Y-82.363839 Z0.431373 F1000
G01 X58.982143 Y-82.363839 Z0.27451 F1000
G01 X58.814732 Y-82.363839 Z0.27451 F1000
G01 X58.758929 Y-82.363839 Z0.392157 F1000
G01 X58.647321 Y-82.363839 Z0.392157 F1000
G01 X58.591518 Y-82.363839 Z0.745098 F1000
G01 X58.535714 Y-82.363839 Z4.54902 F1000
G01 X58.479911 Y-82.363839 Z8.980392 F1000
G01 X58.424107 Y-82.363839 Z9.921569 F1000
G01 X58.368304 Y-82.363839 Z9.921569 F1000
G01 X58.3125 Y-82.363839 Z10 F1000
G01 X41.627232 Y-82.363839 Z10 F1000
G01 X41.571429 Y-82.363839 Z8.705882 F1000
G01 X41.515625 Y-82.363839 Z4.509804 F1000
G01 X41.459821 Y-82.363839 Z0.941176 F1000
G01 X41.348214 Y-82.363839 Z0.941176 F1000
G01 X41.292411 Y-82.363839 Z0.27451 F1000
G01 X40.957589 Y-82.363839 Z0.27451 F1000
G01 X40.901786 Y-82.363839 Z0.431373 F1000
G01 X40.511161 Y-82.363839 Z0.431373 F1000
G01 X40.455357 Y-82.363839 Z0.627451 F1000
G01 X40.399554 Y-82.363839 Z4.313725 F1000
G01 X40.34375 Y-82.363839 Z8.431373 F1000
G01 X40.287946 Y-82.363839 Z10 F1000
G01 X21.928571 Y-82.363839 Z10 F1000
G01 X21.872768 Y-82.363839 Z9.960784 F1000
G01 X21.816964 Y-82.363839 Z5.686275 F1000
G01 X21.761161 Y-82.363839 Z0.666667 F1000
G01 X21.705357 Y-82.363839 Z0.666667 F1000
G01 X21.649554 Y-82.363839 Z0.156863 F1000
G01 X21.426339 Y-82.363839 Z0.156863 F1000
G01 X21.370536 Y-82.363839 Z0.078431 F1000
G01 X21.314732 Y-82.363839 Z0.117647 F1000
G01 X21.258929 Y-82.363839 Z0.27451 F1000
G01 X21.203125 Y-82.363839 Z0.509804 F1000
G01 X21.091518 Y-82.363839 Z0.509804 F1000
G01 X21.035714 Y-82.363839 Z8.392157 F1000
G01 X20.979911 Y-82.363839 Z10 F1000
G01 X0.444196 Y-82.363839 Z10 F1000
G01 X0.444196 Y-82.419643 Z10 F1000
G01 X0.444196 Y-82.475446 Z10 F1000
G01 X0.444196 Y-82.53125 Z10 F1000
G01 X0.444196 Y-82.587054 Z10 F1000
G01 X0.444196 Y-82.642857 Z10 F1000
G01 X0.444196 Y-82.698661 Z10 F1000
G01 X0.444196 Y-82.754464 Z10 F1000
G01 X0.444196 Y-82.810268 Z10 F1000
G01 X0.444196 Y-82.866071 Z10 F1000
G01 X20.8125 Y-82.866071 Z10 F1000
G01 X20.868304 Y-82.866071 Z9.882353 F1000
G01 X20.924107 Y-82.866071 Z7.803922 F1000
G01 X20.979911 Y-82.866071 Z0.392157 F1000
G01 X21.035714 Y-82.866071 Z0.392157 F1000
G01 X21.091518 Y-82.866071 Z0.313725 F1000
G01 X21.203125 Y-82.866071 Z0.313725 F1000
G01 X21.258929 Y-82.866071 Z0.196078 F1000
G01 X21.314732 Y-82.866071 Z0.196078 F1000
G01 X21.370536 Y-82.866071 Z0.235294 F1000
G01 X21.482143 Y-82.866071 Z0.235294 F1000
G01 X21.537946 Y-82.866071 Z0.392157 F1000
G01 X21.649554 Y-82.866071 Z0.392157 F1000
G01 X21.705357 Y-82.866071 Z5.372549 F1000
G01 X21.761161 Y-82.866071 Z9.960784 F1000
G01 X21.816964 Y-82.866071 Z9.960784 F1000
G01 X21.872768 Y-82.866071 Z10 F1000
G01 X39.450893 Y-82.866071 Z10 F1000
G01 X39.506696 Y-82.866071 Z7.568627 F1000
G01 X39.5625 Y-82.866071 Z3.372549 F1000
G01 X39.618304 Y-82.866071 Z0.156863 F1000
G01 X39.674107 Y-82.866071 Z0.156863 F1000
G01 X39.729911 Y-82.866071 Z0.235294 F1000
G01 X40.008929 Y-82.866071 Z0.235294 F1000
G01 X40.064732 Y-82.866071 Z0.313725 F1000
G01 X40.120536 Y-82.866071 Z0.431373 F1000
G01 X40.176339 Y-82.866071 Z0.588235 F1000
G01 X40.232143 Y-82.866071 Z0.784314 F1000
G01 X40.287946 Y-82.866071 Z0.784314 F1000
G01 X40.34375 Y-82.866071 Z0.941176 F1000
G01 X40.622768 Y-82.866071 Z0.941176 F1000
G01 X40.678571 Y-82.866071 Z4.823529 F1000
G01 X40.734375 Y-82.866071 Z9.333333 F1000
G01 X40.790179 Y-82.866071 Z9.921569 F1000
G01 X40.845982 Y-82.866071 Z10 F1000
G01 X59.149554 Y-82.866071 Z10 F1000
G01 X59.205357 Y-82.866071 Z9.960784 F1000
G01 X59.261161 Y-82.866071 Z9.254902 F1000
G01 X59.316964 Y-82.866071 Z9.137255 F1000
G01 X59.372768 Y-82.866071 Z4.627451 F1000
G01 X59.428571 Y-82.866071 Z0.627451 F1000
G01 X59.484375 Y-82.866071 Z0.627451 F1000
G01 X59.540179 Y-82.866071 Z0.588235 F1000
G01 X59.930804 Y-82.866071 Z0.588235 F1000
G01 X59.986607 Y-82.866071 Z0.352941 F1000
G01 X60.042411 Y-82.866071 Z0.235294 F1000
G01 X60.098214 Y-82.866071 Z0.313725 F1000
G01 X60.209821 Y-82.866071 Z0.313725 F1000
G01 X60.265625 Y-82.866071 Z0.392157 F1000
G01 X60.377232 Y-82.866071 Z0.392157 F1000
G01 X60.433036 Y-82.866071 Z1.098039 F1000
G01 X60.488839 Y-82.866071 Z2.666667 F1000
G01 X60.544643 Y-82.866071 Z8.823529 F1000
G01 X60.600446 Y-82.866071 Z9.647059 F1000
G01 X60.65625 Y-82.866071 Z10 F1000
G01 X78.234375 Y-82.866071 Z10 F1000
G01 X78.290179 Y-82.866071 Z9.921569 F1000
G01 X78.345982 Y-82.866071 Z5.490196 F1000
G01 X78.401786 Y-82.866071 Z0.392157 F1000
G01 X78.457589 Y-82.866071 Z0.156863 F1000
G01 X78.569196 Y-82.866071 Z0.156863 F1000
G01 X78.625 Y-82.866071 Z0.117647 F1000
G01 X78.792411 Y-82.866071 Z0.117647 F1000
G01 X78.848214 Y-82.866071 Z0.235294 F1000
G01 X78.904018 Y-82.866071 Z0.470588 F1000
G01 X79.071429 Y-82.866071 Z0.470588 F1000
G01 X79.127232 Y-82.866071 Z7.294118 F1000
G01 X79.183036 Y-82.866071 Z10 F1000
G01 X99.551339 Y-82.866071 Z10 F1000
G01 X99.551339 Y-82.921875 Z10 F1000
G01 X99.551339 Y-82.977679 Z10 F1000
G01 X99.551339 Y-83.033482 Z10 F1000
G01 X99.551339 Y-83.089286 Z10 F1000
G01 X99.551339 Y-83.145089 Z10 F1000
G01 X99.551339 Y-83.200893 Z10 F1000
G01 X99.551339 Y-83.256696 Z10 F1000
G01 X99.551339 Y-83.3125 Z10 F1000
G01 X99.551339 Y-83.368304 Z10 F1000
G01 X79.294643 Y-83.368304 Z10 F1000
G01 X79.238839 Y-83.368304 Z7.411765 F1000
G01 X79.183036 Y-83.368304 Z0.470588 F1000
G01 X78.904018 Y-83.368304 Z0.470588 F1000
G01 X78.848214 Y-83.368304 Z0.235294 F1000
G01 X78.792411 Y-83.368304 Z0.313725 F1000
G01 X78.680804 Y-83.368304 Z0.313725 F1000
G01 X78.625 Y-83.368304 Z0.392157 F1000
G01 X78.569196 Y-83.368304 Z0.392157 F1000
G01 X78.513393 Y-83.368304 Z0.54902 F1000
G01 X78.457589 Y-83.368304 Z6.392157 F1000
G01 X78.401786 Y-83.368304 Z10 F1000
G01 X61.549107 Y-83.368304 Z10 F1000
G01 X61.493304 Y-83.368304 Z9.764706 F1000
G01 X61.4375 Y-83.368304 Z9.764706 F1000
G01 X61.381696 Y-83.368304 Z7.568627 F1000
G01 X61.325893 Y-83.368304 Z3.333333 F1000
G01 X61.270089 Y-83.368304 Z0.823529 F1000
G01 X60.991071 Y-83.368304 Z0.823529 F1000
G01 X60.935268 Y-83.368304 Z0.352941 F1000
G01 X60.65625 Y-83.368304 Z0.352941 F1000
G01 X60.600446 Y-83.368304 Z0.431373 F1000
G01 X60.321429 Y-83.368304 Z0.431373 F1000
G01 X60.265625 Y-83.368304 Z1.058824 F1000
G01 X60.209821 Y-83.368304 Z5.215686 F1000
G01 X60.154018 Y-83.368304 Z9.686275 F1000
G01 X60.098214 Y-83.368304 Z10 F1000
G01 X39.953125 Y-83.368304 Z10 F1000
G01 X39.897321 Y-83.368304 Z9.607843 F1000
G01 X39.841518 Y-83.368304 Z4.980392 F1000
G01 X39.785714 Y-83.368304 Z0.745098 F1000
G01 X39.729911 Y-83.368304 Z0.588235 F1000
G01 X39.506696 Y-83.368304 Z0.588235 F1000
G01 X39.450893 Y-83.368304 Z1.529412 F1000
G01 X39.395089 Y-83.368304 Z3.411765 F1000
G01 X38.892857 Y-83.368304 Z3.411765 F1000
G01 X38.837054 Y-83.368304 Z3.45098 F1000
G01 X38.78125 Y-83.368304 Z3.607843 F1000
G01 X38.725446 Y-83.368304 Z4.705882 F1000
G01 X38.669643 Y-83.368304 Z8.980392 F1000
G01 X38.613839 Y-83.368304 Z9.490196 F1000
G01 X38.558036 Y-83.368304 Z10 F1000
G01 X21.705357 Y-83.368304 Z10 F1000
G01 X21.649554 Y-83.368304 Z9.960784 F1000
G01 X21.59375 Y-83.368304 Z6.627451 F1000
G01 X21.537946 Y-83.368304 Z0.470588 F1000
G01 X21.314732 Y-83.368304 Z0.470588 F1000
G01 X21.258929 Y-83.368304 Z0.196078 F1000
G01 X21.203125 Y-83.368304 Z0.156863 F1000
G01 X20.979911 Y-83.368304 Z0.156863 F1000
G01 X20.924107 Y-83.368304 Z0.196078 F1000
G01 X20.868304 Y-83.368304 Z0.196078 F1000
G01 X20.8125 Y-83.368304 Z7.019608 F1000
G01 X20.756696 Y-83.368304 Z10 F1000
G01 X0.444196 Y-83.368304 Z10 F1000
G01 X0.444196 Y-83.424107 Z10 F1000
G01 X0.444196 Y-83.479911 Z10 F1000
G01 X0.444196 Y-83.535714 Z10 F1000
G01 X0.444196 Y-83.591518 Z10 F1000
G01 X0.444196 Y-83.647321 Z10 F1000
G01 X0.444196 Y-83.703125 Z10 F1000
G01 X0.444196 Y-83.758929 Z10 F1000
G01 X0.444196 Y-83.814732 Z10 F1000
G01 X0.444196 Y-83.870536 Z10 F1000
G01 X20.645089 Y-83.870536 Z10 F1000
G01 X20.700893 Y-83.870536 Z7.098039 F1000
G01 X20.756696 Y-83.870536 Z0.823529 F1000
G01 X20.8125 Y-83.870536 Z0.470588 F1000
G01 X20.868304 Y-83.870536 Z0.196078 F1000
G01 X20.924107 Y-83.870536 Z0.117647 F1000
G01 X20.979911 Y-83.870536 Z0.117647 F1000
G01 X21.035714 Y-83.870536 Z0.078431 F1000
G01 X21.091518 Y-83.870536 Z0.078431 F1000
G01 X21.147321 Y-83.870536 Z0.156863 F1000
G01 X21.203125 Y-83.870536 Z0.156863 F1000
G01 X21.258929 Y-83.870536 Z0.196078 F1000
G01 X21.314732 Y-83.870536 Z0.470588 F1000
G01 X21.426339 Y-83.870536 Z0.470588 F1000
G01 X21.482143 Y-83.870536 Z6.784314 F1000
G01 X21.537946 Y-83.870536 Z10 F1000
G01 X37.720982 Y-83.870536 Z10 F1000
G01 X37.776786 Y-83.870536 Z9.764706 F1000
G01 X37.832589 Y-83.870536 Z7.686275 F1000
G01 X37.888393 Y-83.870536 Z5.254902 F1000
G01 X37.944196 Y-83.870536 Z3.490196 F1000
G01 X38 Y-83.870536 Z3.490196 F1000
G01 X38.055804 Y-83.870536 Z3.372549 F1000
G01 X38.111607 Y-83.870536 Z3.294118 F1000
G01 X38.223214 Y-83.870536 Z3.294118 F1000
G01 X38.279018 Y-83.870536 Z3.333333 F1000
G01 X38.948661 Y-83.870536 Z3.333333 F1000
G01 X39.004464 Y-83.870536 Z4.862745 F1000
G01 X39.060268 Y-83.870536 Z9.254902 F1000
G01 X39.116071 Y-83.870536 Z9.803922 F1000
G01 X39.171875 Y-83.870536 Z9.882353 F1000
G01 X39.227679 Y-83.870536 Z10 F1000
G01 X60.767857 Y-83.870536 Z10 F1000
G01 X60.823661 Y-83.870536 Z9.921569 F1000
G01 X60.879464 Y-83.870536 Z9.921569 F1000
G01 X60.935268 Y-83.870536 Z9.882353 F1000
G01 X60.991071 Y-83.870536 Z9.882353 F1000
G01 X61.046875 Y-83.870536 Z5.254902 F1000
G01 X61.102679 Y-83.870536 Z3.058824 F1000
G01 X61.158482 Y-83.870536 Z3.058824 F1000
G01 X61.214286 Y-83.870536 Z2.666667 F1000
G01 X61.270089 Y-83.870536 Z2.352941 F1000
G01 X61.325893 Y-83.870536 Z2 F1000
G01 X61.381696 Y-83.870536 Z1.333333 F1000
G01 X61.4375 Y-83.870536 Z0.823529 F1000
G01 X61.493304 Y-83.870536 Z0.313725 F1000
G01 X61.549107 Y-83.870536 Z0.313725 F1000
G01 X61.604911 Y-83.870536 Z0.392157 F1000
G01 X61.660714 Y-83.870536 Z2.588235 F1000
G01 X61.716518 Y-83.870536 Z3.019608 F1000
G01 X61.772321 Y-83.870536 Z3.372549 F1000
G01 X61.939732 Y-83.870536 Z3.372549 F1000
G01 X61.995536 Y-83.870536 Z3.529412 F1000
G01 X62.107143 Y-83.870536 Z3.529412 F1000
G01 X62.162946 Y-83.870536 Z5.137255 F1000
G01 X62.21875 Y-83.870536 Z7.647059 F1000
G01 X62.274554 Y-83.870536 Z9.607843 F1000
G01 X62.330357 Y-83.870536 Z9.921569 F1000
G01 X62.386161 Y-83.870536 Z9.960784 F1000
G01 X62.441964 Y-83.870536 Z9.960784 F1000
G01 X62.497768 Y-83.870536 Z10 F1000
G01 X78.513393 Y-83.870536 Z10 F1000
G01 X78.569196 Y-83.870536 Z6.705882 F1000
G01 X78.625 Y-83.870536 Z0.431373 F1000
G01 X78.680804 Y-83.870536 Z0.431373 F1000
G01 X78.736607 Y-83.870536 Z0.313725 F1000
G01 X78.792411 Y-83.870536 Z0.313725 F1000
G01 X78.848214 Y-83.870536 Z0.196078 F1000
G01 X78.904018 Y-83.870536 Z0.117647 F1000
G01 X79.015625 Y-83.870536 Z0.117647 F1000
G01 X79.071429 Y-83.870536 Z0.156863 F1000
G01 X79.183036 Y-83.870536 Z0.156863 F1000
G01 X79.238839 Y-83.870536 Z0.196078 F1000
G01 X79.294643 Y-83.870536 Z0.509804 F1000
G01 X79.350446 Y-83.870536 Z6.313725 F1000
G01 X79.40625 Y-83.870536 Z10 F1000
G01 X99.551339 Y-83.870536 Z10 F1000
G01 X99.551339 Y-83.926339 Z10 F1000
G01 X99.551339 Y-83.982143 Z10 F1000
G01 X99.551339 Y-84.037946 Z10 F1000
G01 X99.551339 Y-84.09375 Z10 F1000
G01 X99.551339 Y-84.149554 Z10 F1000
G01 X99.551339 Y-84.205357 Z10 F1000
G01 X99.551339 Y-84.261161 Z10 F1000
G01 X99.551339 Y-84.316964 Z10 F1000
G01 X99.551339 Y-84.372768 Z10 F1000
G01 X79.573661 Y-84.372768 Z10 F1000
G01 X79.517857 Y-84.372768 Z9.921569 F1000
G01 X79.462054 Y-84.372768 Z6.078431 F1000
G01 X79.40625 Y-84.372768 Z0.54902 F1000
G01 X79.350446 Y-84.372768 Z0.54902 F1000
G01 X79.294643 Y-84.372768 Z0.156863 F1000
G01 X79.071429 Y-84.372768 Z0.156863 F1000
G01 X79.015625 Y-84.372768 Z0.078431 F1000
G01 X78.959821 Y-84.372768 Z0.156863 F1000
G01 X78.904018 Y-84.372768 Z0.156863 F1000
G01 X78.848214 Y-84.372768 Z0.196078 F1000
G01 X78.792411 Y-84.372768 Z0.431373 F1000
G01 X78.736607 Y-84.372768 Z0.431373 F1000
G01 X78.680804 Y-84.372768 Z8.039216 F1000
G01 X78.625 Y-84.372768 Z10 F1000
G01 X63.334821 Y-84.372768 Z10 F1000
G01 X63.279018 Y-84.372768 Z9.960784 F1000
G01 X63.223214 Y-84.372768 Z9.882353 F1000
G01 X63.111607 Y-84.372768 Z9.882353 F1000
G01 X63.055804 Y-84.372768 Z8.078431 F1000
G01 X63 Y-84.372768 Z4.941176 F1000
G01 X62.944196 Y-84.372768 Z3.372549 F1000
G01 X62.888393 Y-84.372768 Z3.372549 F1000
G01 X62.832589 Y-84.372768 Z3.333333 F1000
G01 X62.776786 Y-84.372768 Z3.254902 F1000
G01 X62.720982 Y-84.372768 Z3.372549 F1000
G01 X62.609375 Y-84.372768 Z3.372549 F1000
G01 X62.553571 Y-84.372768 Z3.529412 F1000
G01 X61.939732 Y-84.372768 Z3.529412 F1000
G01 X61.883929 Y-84.372768 Z6.196078 F1000
G01 X61.828125 Y-84.372768 Z8.784314 F1000
G01 X61.772321 Y-84.372768 Z9.803922 F1000
G01 X61.716518 Y-84.372768 Z9.921569 F1000
G01 X61.660714 Y-84.372768 Z9.921569 F1000
G01 X61.604911 Y-84.372768 Z10 F1000
G01 X38.223214 Y-84.372768 Z10 F1000
G01 X38.167411 Y-84.372768 Z6.078431 F1000
G01 X38.111607 Y-84.372768 Z3.72549 F1000
G01 X37.832589 Y-84.372768 Z3.72549 F1000
G01 X37.776786 Y-84.372768 Z3.647059 F1000
G01 X37.720982 Y-84.372768 Z3.176471 F1000
G01 X37.665179 Y-84.372768 Z3.176471 F1000
G01 X37.609375 Y-84.372768 Z3.137255 F1000
G01 X37.330357 Y-84.372768 Z3.137255 F1000
G01 X37.274554 Y-84.372768 Z3.294118 F1000
G01 X37.21875 Y-84.372768 Z3.529412 F1000
G01 X37.107143 Y-84.372768 Z3.529412 F1000
G01 X37.051339 Y-84.372768 Z4.862745 F1000
G01 X36.995536 Y-84.372768 Z7.490196 F1000
G01 X36.939732 Y-84.372768 Z9.921569 F1000
G01 X36.883929 Y-84.372768 Z10 F1000
G01 X21.426339 Y-84.372768 Z10 F1000
G01 X21.370536 Y-84.372768 Z7.333333 F1000
G01 X21.314732 Y-84.372768 Z0.431373 F1000
G01 X21.258929 Y-84.372768 Z0.431373 F1000
G01 X21.203125 Y-84.372768 Z0.196078 F1000
G01 X21.035714 Y-84.372768 Z0.196078 F1000
G01 X20.979911 Y-84.372768 Z0.117647 F1000
G01 X20.868304 Y-84.372768 Z0.117647 F1000
G01 X20.8125 Y-84.372768 Z0.470588 F1000
G01 X20.756696 Y-84.372768 Z0.470588 F1000
G01 X20.700893 Y-84.372768 Z0.705882 F1000
G01 X20.645089 Y-84.372768 Z0.745098 F1000
G01 X20.589286 Y-84.372768 Z6.862745 F1000
G01 X20.533482 Y-84.372768 Z10 F1000
G01 X0.444196 Y-84.372768 Z10 F1000
G01 X0.444196 Y-84.428571 Z10 F1000
G01 X0.444196 Y-84.484375 Z10 F1000
G01 X0.444196 Y-84.540179 Z10 F1000
G01 X0.444196 Y-84.595982 Z10 F1000
G01 X0.444196 Y-84.651786 Z10 F1000
G01 X0.444196 Y-84.707589 Z10 F1000
G01 X0.444196 Y-84.763393 Z10 F1000
G01 X0.444196 Y-84.819196 Z10 F1000
G01 X0.444196 Y-84.875 Z10 F1000
G01 X20.421875 Y-84.875 Z10 F1000
G01 X20.477679 Y-84.875 Z5.372549 F1000
G01 X20.533482 Y-84.875 Z0.588235 F1000
G01 X20.700893 Y-84.875 Z0.588235 F1000
G01 X20.756696 Y-84.875 Z0.470588 F1000
G01 X20.8125 Y-84.875 Z0.470588 F1000
G01 X20.868304 Y-84.875 Z0.235294 F1000
G01 X20.924107 Y-84.875 Z0.235294 F1000
G01 X20.979911 Y-84.875 Z0.352941 F1000
G01 X21.203125 Y-84.875 Z0.352941 F1000
G01 X21.258929 Y-84.875 Z7.803922 F1000
G01 X21.314732 Y-84.875 Z10 F1000
G01 X35.935268 Y-84.875 Z10 F1000
G01 X35.991071 Y-84.875 Z9.960784 F1000
G01 X36.046875 Y-84.875 Z9.882353 F1000
G01 X36.102679 Y-84.875 Z9.882353 F1000
G01 X36.158482 Y-84.875 Z7.960784 F1000
G01 X36.214286 Y-84.875 Z3.921569 F1000
G01 X36.270089 Y-84.875 Z3.411765 F1000
G01 X36.604911 Y-84.875 Z3.411765 F1000
G01 X36.660714 Y-84.875 Z3.254902 F1000
G01 X36.939732 Y-84.875 Z3.254902 F1000
G01 X36.995536 Y-84.875 Z3.333333 F1000
G01 X37.051339 Y-84.875 Z3.333333 F1000
G01 X37.107143 Y-84.875 Z3.490196 F1000
G01 X37.21875 Y-84.875 Z3.490196 F1000
G01 X37.274554 Y-84.875 Z4.156863 F1000
G01 X37.330357 Y-84.875 Z8.117647 F1000
G01 X37.386161 Y-84.875 Z8.941176 F1000
G01 X37.441964 Y-84.875 Z9.411765 F1000
G01 X37.497768 Y-84.875 Z9.921569 F1000
G01 X37.553571 Y-84.875 Z9.960784 F1000
G01 X37.609375 Y-84.875 Z9.960784 F1000
G01 X37.665179 Y-84.875 Z10 F1000
G01 X62.441964 Y-84.875 Z10 F1000
G01 X62.497768 Y-84.875 Z9.960784 F1000
G01 X62.553571 Y-84.875 Z9.960784 F1000
G01 X62.609375 Y-84.875 Z9.843137 F1000
G01 X62.665179 Y-84.875 Z9.72549 F1000
G01 X62.720982 Y-84.875 Z7.098039 F1000
G01 X62.776786 Y-84.875 Z4.156863 F1000
G01 X62.832589 Y-84.875 Z3.333333 F1000
G01 X63.055804 Y-84.875 Z3.333333 F1000
G01 X63.111607 Y-84.875 Z3.215686 F1000
G01 X63.167411 Y-84.875 Z3.215686 F1000
G01 X63.223214 Y-84.875 Z3.490196 F1000
G01 X63.78125 Y-84.875 Z3.490196 F1000
G01 X63.837054 Y-84.875 Z3.882353 F1000
G01 X63.892857 Y-84.875 Z8.313725 F1000
G01 X63.948661 Y-84.875 Z9.803922 F1000
G01 X64.004464 Y-84.875 Z9.803922 F1000
G01 X64.060268 Y-84.875 Z9.921569 F1000
G01 X64.116071 Y-84.875 Z9.960784 F1000
G01 X64.171875 Y-84.875 Z10 F1000
G01 X78.736607 Y-84.875 Z10 F1000
G01 X78.792411 Y-84.875 Z7.686275 F1000
G01 X78.848214 Y-84.875 Z0.431373 F1000
G01 X78.904018 Y-84.875 Z0.196078 F1000
G01 X79.015625 Y-84.875 Z0.196078 F1000
G01 X79.071429 Y-84.875 Z0.156863 F1000
G01 X79.127232 Y-84.875 Z0.156863 F1000
G01 X79.183036 Y-84.875 Z0.117647 F1000
G01 X79.294643 Y-84.875 Z0.117647 F1000
G01 X79.350446 Y-84.875 Z0.313725 F1000
G01 X79.40625 Y-84.875 Z0.54902 F1000
G01 X79.462054 Y-84.875 Z0.666667 F1000
G01 X79.517857 Y-84.875 Z0.666667 F1000
G01 X79.573661 Y-84.875 Z5.529412 F1000
G01 X79.629464 Y-84.875 Z10 F1000
G01 X99.551339 Y-84.875 Z10 F1000
G01 X99.551339 Y-84.930804 Z10 F1000
G01 X99.551339 Y-84.986607 Z10 F1000
G01 X99.551339 Y-85.042411 Z10 F1000
G01 X99.551339 Y-85.098214 Z10 F1000
G01 X99.551339 Y-85.154018 Z10 F1000
G01 X99.551339 Y-85.209821 Z10 F1000
G01 X99.551339 Y-85.265625 Z10 F1000
G01 X99.551339 Y-85.321429 Z10 F1000
G01 X99.551339 Y-85.377232 Z10 F1000
G01 X79.741071 Y-85.377232 Z10 F1000
G01 X79.685268 Y-85.377232 Z5.411765 F1000
G01 X79.629464 Y-85.377232 Z0.509804 F1000
G01 X79.462054 Y-85.377232 Z0.509804 F1000
G01 X79.40625 Y-85.377232 Z0.313725 F1000
G01 X79.350446 Y-85.377232 Z0.313725 F1000
G01 X79.294643 Y-85.377232 Z0.156863 F1000
G01 X79.238839 Y-85.377232 Z0.392157 F1000
G01 X79.015625 Y-85.377232 Z0.392157 F1000
G01 X78.959821 Y-85.377232 Z0.509804 F1000
G01 X78.904018 Y-85.377232 Z8.196078 F1000
G01 X78.848214 Y-85.377232 Z9.960784 F1000
G01 X78.792411 Y-85.377232 Z10 F1000
G01 X65.008929 Y-85.377232 Z10 F1000
G01 X64.953125 Y-85.377232 Z9.960784 F1000
G01 X64.785714 Y-85.377232 Z9.960784 F1000
G01 X64.729911 Y-85.377232 Z8.156863 F1000
G01 X64.674107 Y-85.377232 Z4.156863 F1000
G01 X64.618304 Y-85.377232 Z3.45098 F1000
G01 X64.5625 Y-85.377232 Z3.411765 F1000
G01 X64.227679 Y-85.377232 Z3.411765 F1000
G01 X64.171875 Y-85.377232 Z3.176471 F1000
G01 X64.116071 Y-85.377232 Z3.176471 F1000
G01 X64.060268 Y-85.377232 Z3.098039 F1000
G01 X64.004464 Y-85.377232 Z3.137255 F1000
G01 X63.892857 Y-85.377232 Z3.137255 F1000
G01 X63.837054 Y-85.377232 Z3.176471 F1000
G01 X63.725446 Y-85.377232 Z3.176471 F1000
G01 X63.669643 Y-85.377232 Z4 F1000
G01 X63.613839 Y-85.377232 Z4 F1000
G01 X63.558036 Y-85.377232 Z7.411765 F1000
G01 X63.502232 Y-85.377232 Z9.882353 F1000
G01 X63.390625 Y-85.377232 Z9.882353 F1000
G01 X63.334821 Y-85.377232 Z10 F1000
G01 X36.772321 Y-85.377232 Z10 F1000
G01 X36.716518 Y-85.377232 Z9.921569 F1000
G01 X36.549107 Y-85.377232 Z9.921569 F1000
G01 X36.493304 Y-85.377232 Z7.686275 F1000
G01 X36.4375 Y-85.377232 Z3.803922 F1000
G01 X36.381696 Y-85.377232 Z3.45098 F1000
G01 X36.325893 Y-85.377232 Z3.45098 F1000
G01 X36.270089 Y-85.377232 Z3.411765 F1000
G01 X36.046875 Y-85.377232 Z3.411765 F1000
G01 X35.991071 Y-85.377232 Z3.490196 F1000
G01 X35.65625 Y-85.377232 Z3.490196 F1000
G01 X35.600446 Y-85.377232 Z3.568627 F1000
G01 X35.433036 Y-85.377232 Z3.568627 F1000
G01 X35.377232 Y-85.377232 Z4.588235 F1000
G01 X35.321429 Y-85.377232 Z7.568627 F1000
G01 X35.265625 Y-85.377232 Z9.843137 F1000
G01 X35.209821 Y-85.377232 Z9.960784 F1000
G01 X35.154018 Y-85.377232 Z9.960784 F1000
G01 X35.098214 Y-85.377232 Z10 F1000
G01 X21.258929 Y-85.377232 Z10 F1000
G01 X21.203125 Y-85.377232 Z9.921569 F1000
G01 X21.147321 Y-85.377232 Z7.921569 F1000
G01 X21.091518 Y-85.377232 Z0.54902 F1000
G01 X20.868304 Y-85.377232 Z0.54902 F1000
G01 X20.8125 Y-85.377232 Z0.27451 F1000
G01 X20.756696 Y-85.377232 Z0.27451 F1000
G01 X20.700893 Y-85.377232 Z0.509804 F1000
G01 X20.421875 Y-85.377232 Z0.509804 F1000
G01 X20.366071 Y-85.377232 Z5.137255 F1000
G01 X20.310268 Y-85.377232 Z10 F1000
G01 X0.444196 Y-85.377232 Z10 F1000
G01 X0.444196 Y-85.433036 Z10 F1000
G01 X0.444196 Y-85.488839 Z10 F1000
G01 X0.444196 Y-85.544643 Z10 F1000
G01 X0.444196 Y-85.600446 Z10 F1000
G01 X0.444196 Y-85.65625 Z10 F1000
G01 X0.444196 Y-85.712054 Z10 F1000
G01 X0.444196 Y-85.767857 Z10 F1000
G01 X0.444196 Y-85.823661 Z10 F1000
G01 X0.444196 Y-85.879464 Z10 F1000
G01 X20.142857 Y-85.879464 Z10 F1000
G01 X20.198661 Y-85.879464 Z9.960784 F1000
G01 X20.254464 Y-85.879464 Z4.196078 F1000
G01 X20.310268 Y-85.879464 Z0.509804 F1000
G01 X20.366071 Y-85.879464 Z0.352941 F1000
G01 X20.421875 Y-85.879464 Z0.235294 F1000
G01 X20.477679 Y-85.879464 Z0.235294 F1000
G01 X20.533482 Y-85.879464 Z0.156863 F1000
G01 X20.589286 Y-85.879464 Z0.117647 F1000
G01 X20.700893 Y-85.879464 Z0.117647 F1000
G01 X20.756696 Y-85.879464 Z0.156863 F1000
G01 X20.8125 Y-85.879464 Z0.156863 F1000
G01 X20.868304 Y-85.879464 Z0.54902 F1000
G01 X20.979911 Y-85.879464 Z0.54902 F1000
G01 X21.035714 Y-85.879464 Z8.823529 F1000
G01 X21.091518 Y-85.879464 Z10 F1000
G01 X34.316964 Y-85.879464 Z10 F1000
G01 X34.372768 Y-85.879464 Z9.803922 F1000
G01 X34.428571 Y-85.879464 Z9.686275 F1000
G01 X34.484375 Y-85.879464 Z7.294118 F1000
G01 X34.540179 Y-85.879464 Z3.843137 F1000
G01 X34.595982 Y-85.879464 Z3.490196 F1000
G01 X34.651786 Y-85.879464 Z3.45098 F1000
G01 X34.707589 Y-85.879464 Z3.45098 F1000
G01 X34.763393 Y-85.879464 Z3.294118 F1000
G01 X35.098214 Y-85.879464 Z3.294118 F1000
G01 X35.154018 Y-85.879464 Z3.176471 F1000
G01 X35.488839 Y-85.879464 Z3.176471 F1000
G01 X35.544643 Y-85.879464 Z3.607843 F1000
G01 X35.600446 Y-85.879464 Z5.215686 F1000
G01 X35.65625 Y-85.879464 Z8 F1000
G01 X35.712054 Y-85.879464 Z9.607843 F1000
G01 X35.767857 Y-85.879464 Z9.960784 F1000
G01 X35.823661 Y-85.879464 Z10 F1000
G01 X64.227679 Y-85.879464 Z10 F1000
G01 X64.283482 Y-85.879464 Z9.843137 F1000
G01 X64.339286 Y-85.879464 Z9.843137 F1000
G01 X64.395089 Y-85.879464 Z7.960784 F1000
G01 X64.450893 Y-85.879464 Z4.470588 F1000
G01 X64.506696 Y-85.879464 Z3.490196 F1000
G01 X64.5625 Y-85.879464 Z3.411765 F1000
G01 X64.618304 Y-85.879464 Z3.176471 F1000
G01 X64.953125 Y-85.879464 Z3.176471 F1000
G01 X65.008929 Y-85.879464 Z3.294118 F1000
G01 X65.399554 Y-85.879464 Z3.294118 F1000
G01 X65.455357 Y-85.879464 Z3.568627 F1000
G01 X65.511161 Y-85.879464 Z4.352941 F1000
G01 X65.566964 Y-85.879464 Z7.372549 F1000
G01 X65.622768 Y-85.879464 Z9.490196 F1000
G01 X65.678571 Y-85.879464 Z9.960784 F1000
G01 X65.734375 Y-85.879464 Z9.960784 F1000
G01 X65.790179 Y-85.879464 Z10 F1000
G01 X78.959821 Y-85.879464 Z10 F1000
G01 X79.015625 Y-85.879464 Z8.470588 F1000
G01 X79.071429 Y-85.879464 Z0.54902 F1000
G01 X79.183036 Y-85.879464 Z0.54902 F1000
G01 X79.238839 Y-85.879464 Z0.392157 F1000
G01 X79.294643 Y-85.879464 Z0.196078 F1000
G01 X79.350446 Y-85.879464 Z0.156863 F1000
G01 X79.40625 Y-85.879464 Z0.156863 F1000
G01 X79.462054 Y-85.879464 Z0.117647 F1000
G01 X79.517857 Y-85.879464 Z0.156863 F1000
G01 X79.685268 Y-85.879464 Z0.156863 F1000
G01 X79.741071 Y-85.879464 Z0.470588 F1000
G01 X79.796875 Y-85.879464 Z4.117647 F1000
G01 X79.852679 Y-85.879464 Z10 F1000
G01 X99.551339 Y-85.879464 Z10 F1000
G01 X99.551339 Y-85.935268 Z10 F1000
G01 X99.551339 Y-85.991071 Z10 F1000
G01 X99.551339 Y-86.046875 Z10 F1000
G01 X99.551339 Y-86.102679 Z10 F1000
G01 X99.551339 Y-86.158482 Z10 F1000
G01 X99.551339 Y-86.214286 Z10 F1000
G01 X99.551339 Y-86.270089 Z10 F1000
G01 X99.551339 Y-86.325893 Z10 F1000
G01 X99.551339 Y-86.381696 Z10 F1000
G01 X80.020089 Y-86.381696 Z10 F1000
G01 X79.964286 Y-86.381696 Z9.529412 F1000
G01 X79.908482 Y-86.381696 Z4.941176 F1000
G01 X79.852679 Y-86.381696 Z1.058824 F1000
G01 X79.796875 Y-86.381696 Z0.588235 F1000
G01 X79.741071 Y-86.381696 Z0.313725 F1000
G01 X79.685268 Y-86.381696 Z0.156863 F1000
G01 X79.517857 Y-86.381696 Z0.156863 F1000
G01 X79.462054 Y-86.381696 Z0.196078 F1000
G01 X79.350446 Y-86.381696 Z0.196078 F1000
G01 X79.294643 Y-86.381696 Z0.235294 F1000
G01 X79.238839 Y-86.381696 Z0.352941 F1000
G01 X79.183036 Y-86.381696 Z0.54902 F1000
G01 X79.127232 Y-86.381696 Z9.647059 F1000
G01 X79.071429 Y-86.381696 Z9.921569 F1000
G01 X79.015625 Y-86.381696 Z10 F1000
G01 X66.515625 Y-86.381696 Z10 F1000
G01 X66.459821 Y-86.381696 Z9.254902 F1000
G01 X66.404018 Y-86.381696 Z6.823529 F1000
G01 X66.348214 Y-86.381696 Z3.843137 F1000
G01 X66.292411 Y-86.381696 Z3.45098 F1000
G01 X66.125 Y-86.381696 Z3.45098 F1000
G01 X66.069196 Y-86.381696 Z3.294118 F1000
G01 X65.957589 Y-86.381696 Z3.294118 F1000
G01 X65.901786 Y-86.381696 Z3.254902 F1000
G01 X65.511161 Y-86.381696 Z3.254902 F1000
G01 X65.455357 Y-86.381696 Z3.529412 F1000
G01 X65.34375 Y-86.381696 Z3.529412 F1000
G01 X65.287946 Y-86.381696 Z5.098039 F1000
G01 X65.232143 Y-86.381696 Z8.313725 F1000
G01 X65.176339 Y-86.381696 Z10 F1000
G01 X34.986607 Y-86.381696 Z10 F1000
G01 X34.930804 Y-86.381696 Z9.921569 F1000
G01 X34.875 Y-86.381696 Z9.921569 F1000
G01 X34.819196 Y-86.381696 Z8.431373 F1000
G01 X34.763393 Y-86.381696 Z5.215686 F1000
G01 X34.707589 Y-86.381696 Z3.529412 F1000
G01 X34.595982 Y-86.381696 Z3.529412 F1000
G01 X34.540179 Y-86.381696 Z3.372549 F1000
G01 X33.870536 Y-86.381696 Z3.372549 F1000
G01 X33.814732 Y-86.381696 Z3.254902 F1000
G01 X33.758929 Y-86.381696 Z3.411765 F1000
G01 X33.703125 Y-86.381696 Z4.235294 F1000
G01 X33.647321 Y-86.381696 Z7.254902 F1000
G01 X33.591518 Y-86.381696 Z9.176471 F1000
G01 X33.535714 Y-86.381696 Z9.921569 F1000
G01 X33.479911 Y-86.381696 Z9.960784 F1000
G01 X33.424107 Y-86.381696 Z10 F1000
G01 X20.979911 Y-86.381696 Z10 F1000
G01 X20.924107 Y-86.381696 Z9.607843 F1000
G01 X20.868304 Y-86.381696 Z0.509804 F1000
G01 X20.8125 Y-86.381696 Z0.313725 F1000
G01 X20.756696 Y-86.381696 Z0.156863 F1000
G01 X20.533482 Y-86.381696 Z0.156863 F1000
G01 X20.477679 Y-86.381696 Z0.117647 F1000
G01 X20.421875 Y-86.381696 Z0.156863 F1000
G01 X20.366071 Y-86.381696 Z0.352941 F1000
G01 X20.310268 Y-86.381696 Z0.509804 F1000
G01 X20.254464 Y-86.381696 Z0.823529 F1000
G01 X20.198661 Y-86.381696 Z0.823529 F1000
G01 X20.142857 Y-86.381696 Z4.392157 F1000
G01 X20.087054 Y-86.381696 Z10 F1000
G01 X0.444196 Y-86.381696 Z10 F1000
G01 X0.444196 Y-86.4375 Z10 F1000
G01 X0.444196 Y-86.493304 Z10 F1000
G01 X0.444196 Y-86.549107 Z10 F1000
G01 X0.444196 Y-86.604911 Z10 F1000
G01 X0.444196 Y-86.660714 Z10 F1000
G01 X0.444196 Y-86.716518 Z10 F1000
G01 X0.444196 Y-86.772321 Z10 F1000
G01 X0.444196 Y-86.828125 Z10 F1000
G01 X0.444196 Y-86.883929 Z10 F1000
G01 X19.975446 Y-86.883929 Z10 F1000
G01 X20.03125 Y-86.883929 Z3.058824 F1000
G01 X20.087054 Y-86.883929 Z0.705882 F1000
G01 X20.198661 Y-86.883929 Z0.705882 F1000
G01 X20.254464 Y-86.883929 Z0.313725 F1000
G01 X20.366071 Y-86.883929 Z0.313725 F1000
G01 X20.421875 Y-86.883929 Z0.156863 F1000
G01 X20.477679 Y-86.883929 Z0.156863 F1000
G01 X20.533482 Y-86.883929 Z0.627451 F1000
G01 X20.645089 Y-86.883929 Z0.627451 F1000
G01 X20.700893 Y-86.883929 Z0.862745 F1000
G01 X20.756696 Y-86.883929 Z0.862745 F1000
G01 X20.8125 Y-86.883929 Z9.176471 F1000
G01 X20.868304 Y-86.883929 Z10 F1000
G01 X32.642857 Y-86.883929 Z10 F1000
G01 X32.698661 Y-86.883929 Z9.72549 F1000
G01 X32.754464 Y-86.883929 Z9.72549 F1000
G01 X32.810268 Y-86.883929 Z6.627451 F1000
G01 X32.866071 Y-86.883929 Z3.490196 F1000
G01 X32.921875 Y-86.883929 Z3.215686 F1000
G01 X32.977679 Y-86.883929 Z3.215686 F1000
G01 X33.033482 Y-86.883929 Z3.176471 F1000
G01 X33.3125 Y-86.883929 Z3.176471 F1000
G01 X33.368304 Y-86.883929 Z3.215686 F1000
G01 X33.535714 Y-86.883929 Z3.215686 F1000
G01 X33.591518 Y-86.883929 Z3.372549 F1000
G01 X33.758929 Y-86.883929 Z3.372549 F1000
G01 X33.814732 Y-86.883929 Z3.607843 F1000
G01 X33.870536 Y-86.883929 Z3.607843 F1000
G01 X33.926339 Y-86.883929 Z5.411765 F1000
G01 X33.982143 Y-86.883929 Z8 F1000
G01 X34.037946 Y-86.883929 Z9.882353 F1000
G01 X34.09375 Y-86.883929 Z10 F1000
G01 X65.901786 Y-86.883929 Z10 F1000
G01 X65.957589 Y-86.883929 Z9.960784 F1000
G01 X66.013393 Y-86.883929 Z9.960784 F1000
G01 X66.069196 Y-86.883929 Z8.666667 F1000
G01 X66.125 Y-86.883929 Z4.509804 F1000
G01 X66.180804 Y-86.883929 Z3.568627 F1000
G01 X66.292411 Y-86.883929 Z3.568627 F1000
G01 X66.348214 Y-86.883929 Z3.45098 F1000
G01 X67.073661 Y-86.883929 Z3.45098 F1000
G01 X67.129464 Y-86.883929 Z3.333333 F1000
G01 X67.185268 Y-86.883929 Z3.333333 F1000
G01 X67.241071 Y-86.883929 Z5.098039 F1000
G01 X67.296875 Y-86.883929 Z9.098039 F1000
G01 X67.352679 Y-86.883929 Z9.882353 F1000
G01 X67.408482 Y-86.883929 Z10 F1000
G01 X79.127232 Y-86.883929 Z10 F1000
G01 X79.183036 Y-86.883929 Z9.921569 F1000
G01 X79.238839 Y-86.883929 Z9.411765 F1000
G01 X79.294643 Y-86.883929 Z0.509804 F1000
G01 X79.350446 Y-86.883929 Z0.235294 F1000
G01 X79.40625 Y-86.883929 Z0.196078 F1000
G01 X79.462054 Y-86.883929 Z0.196078 F1000
G01 X79.517857 Y-86.883929 Z0.156863 F1000
G01 X79.685268 Y-86.883929 Z0.156863 F1000
G01 X79.741071 Y-86.883929 Z0.392157 F1000
G01 X79.796875 Y-86.883929 Z0.54902 F1000
G01 X79.852679 Y-86.883929 Z1.058824 F1000
G01 X79.964286 Y-86.883929 Z1.058824 F1000
G01 X80.020089 Y-86.883929 Z2.823529 F1000
G01 X80.075893 Y-86.883929 Z10 F1000
G01 X99.551339 Y-86.883929 Z10 F1000
G01 X99.551339 Y-86.939732 Z10 F1000
G01 X99.551339 Y-86.995536 Z10 F1000
G01 X99.551339 Y-87.051339 Z10 F1000
G01 X99.551339 Y-87.107143 Z10 F1000
G01 X99.551339 Y-87.162946 Z10 F1000
G01 X99.551339 Y-87.21875 Z10 F1000
G01 X99.551339 Y-87.274554 Z10 F1000
G01 X99.551339 Y-87.330357 Z10 F1000
G01 X99.551339 Y-87.386161 Z10 F1000
G01 X80.1875 Y-87.386161 Z10 F1000
G01 X80.131696 Y-87.386161 Z3.098039 F1000
G01 X80.075893 Y-87.386161 Z0.392157 F1000
G01 X79.741071 Y-87.386161 Z0.392157 F1000
G01 X79.685268 Y-87.386161 Z0.666667 F1000
G01 X79.40625 Y-87.386161 Z0.666667 F1000
G01 X79.350446 Y-87.386161 Z9.921569 F1000
G01 X79.294643 Y-87.386161 Z10 F1000
G01 X68.245536 Y-87.386161 Z10 F1000
G01 X68.189732 Y-87.386161 Z9.921569 F1000
G01 X68.133929 Y-87.386161 Z9.921569 F1000
G01 X68.078125 Y-87.386161 Z4.313725 F1000
G01 X68.022321 Y-87.386161 Z1.686275 F1000
G01 X67.966518 Y-87.386161 Z0.941176 F1000
G01 X67.6875 Y-87.386161 Z0.941176 F1000
G01 X67.631696 Y-87.386161 Z0.235294 F1000
G01 X67.575893 Y-87.386161 Z0.27451 F1000
G01 X67.520089 Y-87.386161 Z0.392157 F1000
G01 X67.464286 Y-87.386161 Z0.392157 F1000
G01 X67.408482 Y-87.386161 Z0.666667 F1000
G01 X67.185268 Y-87.386161 Z0.666667 F1000
G01 X67.129464 Y-87.386161 Z0.745098 F1000
G01 X67.017857 Y-87.386161 Z0.745098 F1000
G01 X66.962054 Y-87.386161 Z3.843137 F1000
G01 X66.90625 Y-87.386161 Z8.196078 F1000
G01 X66.850446 Y-87.386161 Z8.980392 F1000
G01 X66.794643 Y-87.386161 Z10 F1000
G01 X33.200893 Y-87.386161 Z10 F1000
G01 X33.145089 Y-87.386161 Z8.980392 F1000
G01 X33.089286 Y-87.386161 Z4.980392 F1000
G01 X33.033482 Y-87.386161 Z3.686275 F1000
G01 X32.866071 Y-87.386161 Z3.686275 F1000
G01 X32.810268 Y-87.386161 Z3.607843 F1000
G01 X32.698661 Y-87.386161 Z3.607843 F1000
G01 X32.642857 Y-87.386161 Z3.411765 F1000
G01 X32.587054 Y-87.386161 Z3.254902 F1000
G01 X32.53125 Y-87.386161 Z3.254902 F1000
G01 X32.475446 Y-87.386161 Z3.215686 F1000
G01 X32.419643 Y-87.386161 Z3.490196 F1000
G01 X32.084821 Y-87.386161 Z3.490196 F1000
G01 X32.029018 Y-87.386161 Z4 F1000
G01 X31.973214 Y-87.386161 Z6.54902 F1000
G01 X31.917411 Y-87.386161 Z10 F1000
G01 X20.756696 Y-87.386161 Z10 F1000
G01 X20.700893 Y-87.386161 Z9.137255 F1000
G01 X20.645089 Y-87.386161 Z0.901961 F1000
G01 X20.589286 Y-87.386161 Z0.901961 F1000
G01 X20.533482 Y-87.386161 Z0.627451 F1000
G01 X20.477679 Y-87.386161 Z0.509804 F1000
G01 X20.421875 Y-87.386161 Z0.509804 F1000
G01 X20.366071 Y-87.386161 Z0.27451 F1000
G01 X20.310268 Y-87.386161 Z0.156863 F1000
G01 X20.087054 Y-87.386161 Z0.156863 F1000
G01 X20.03125 Y-87.386161 Z0.196078 F1000
G01 X19.975446 Y-87.386161 Z0.196078 F1000
G01 X19.919643 Y-87.386161 Z3.098039 F1000
G01 X19.863839 Y-87.386161 Z10 F1000
G01 X0.444196 Y-87.386161 Z10 F1000
G01 X0.444196 Y-87.441964 Z10 F1000
G01 X0.444196 Y-87.497768 Z10 F1000
G01 X0.444196 Y-87.553571 Z10 F1000
G01 X0.444196 Y-87.609375 Z10 F1000
G01 X0.444196 Y-87.665179 Z10 F1000
G01 X0.444196 Y-87.720982 Z10 F1000
G01 X0.444196 Y-87.776786 Z10 F1000
G01 X0.444196 Y-87.832589 Z10 F1000
G01 X0.444196 Y-87.888393 Z10 F1000
G01 X19.752232 Y-87.888393 Z10 F1000
G01 X19.808036 Y-87.888393 Z2.666667 F1000
G01 X19.863839 Y-87.888393 Z0.666667 F1000
G01 X19.919643 Y-87.888393 Z0.235294 F1000
G01 X19.975446 Y-87.888393 Z0.117647 F1000
G01 X20.03125 Y-87.888393 Z0.117647 F1000
G01 X20.087054 Y-87.888393 Z0.078431 F1000
G01 X20.142857 Y-87.888393 Z0.196078 F1000
G01 X20.310268 Y-87.888393 Z0.196078 F1000
G01 X20.366071 Y-87.888393 Z0.431373 F1000
G01 X20.421875 Y-87.888393 Z0.588235 F1000
G01 X20.477679 Y-87.888393 Z0.588235 F1000
G01 X20.533482 Y-87.888393 Z1.019608 F1000
G01 X20.589286 Y-87.888393 Z9.607843 F1000
G01 X20.645089 Y-87.888393 Z10 F1000
G01 X30.912946 Y-87.888393 Z10 F1000
G01 X30.96875 Y-87.888393 Z9.960784 F1000
G01 X31.024554 Y-87.888393 Z9.411765 F1000
G01 X31.080357 Y-87.888393 Z9.411765 F1000
G01 X31.136161 Y-87.888393 Z6.470588 F1000
G01 X31.191964 Y-87.888393 Z4.117647 F1000
G01 X31.247768 Y-87.888393 Z3.45098 F1000
G01 X31.470982 Y-87.888393 Z3.45098 F1000
G01 X31.526786 Y-87.888393 Z3.490196 F1000
G01 X31.917411 Y-87.888393 Z3.490196 F1000
G01 X31.973214 Y-87.888393 Z3.882353 F1000
G01 X32.196429 Y-87.888393 Z3.882353 F1000
G01 X32.252232 Y-87.888393 Z5.921569 F1000
G01 X32.308036 Y-87.888393 Z9.372549 F1000
G01 X32.363839 Y-87.888393 Z9.372549 F1000
G01 X32.419643 Y-87.888393 Z10 F1000
G01 X67.6875 Y-87.888393 Z10 F1000
G01 X67.743304 Y-87.888393 Z8.352941 F1000
G01 X67.799107 Y-87.888393 Z3.686275 F1000
G01 X67.854911 Y-87.888393 Z0.941176 F1000
G01 X67.910714 Y-87.888393 Z0.470588 F1000
G01 X67.966518 Y-87.888393 Z0.470588 F1000
G01 X68.022321 Y-87.888393 Z0.352941 F1000
G01 X68.078125 Y-87.888393 Z0.352941 F1000
G01 X68.133929 Y-87.888393 Z0.27451 F1000
G01 X68.524554 Y-87.888393 Z0.27451 F1000
G01 X68.580357 Y-87.888393 Z0.627451 F1000
G01 X68.747768 Y-87.888393 Z0.627451 F1000
G01 X68.803571 Y-87.888393 Z0.666667 F1000
G01 X68.859375 Y-87.888393 Z0.705882 F1000
G01 X68.915179 Y-87.888393 Z4.509804 F1000
G01 X68.970982 Y-87.888393 Z9.058824 F1000
G01 X69.026786 Y-87.888393 Z9.647059 F1000
G01 X69.082589 Y-87.888393 Z9.843137 F1000
G01 X69.138393 Y-87.888393 Z10 F1000
G01 X79.350446 Y-87.888393 Z10 F1000
G01 X79.40625 Y-87.888393 Z9.960784 F1000
G01 X79.462054 Y-87.888393 Z9.215686 F1000
G01 X79.517857 Y-87.888393 Z1.294118 F1000
G01 X79.573661 Y-87.888393 Z0.666667 F1000
G01 X79.685268 Y-87.888393 Z0.666667 F1000
G01 X79.741071 Y-87.888393 Z0.313725 F1000
G01 X79.796875 Y-87.888393 Z0.156863 F1000
G01 X79.852679 Y-87.888393 Z0.117647 F1000
G01 X79.908482 Y-87.888393 Z0.078431 F1000
G01 X79.964286 Y-87.888393 Z0.117647 F1000
G01 X80.131696 Y-87.888393 Z0.117647 F1000
G01 X80.1875 Y-87.888393 Z0.196078 F1000
G01 X80.243304 Y-87.888393 Z2.862745 F1000
G01 X80.299107 Y-87.888393 Z9.568627 F1000
G01 X80.354911 Y-87.888393 Z10 F1000
G01 X99.551339 Y-87.888393 Z10 F1000
G01 X99.551339 Y-87.944196 Z10 F1000
G01 X99.551339 Y-88 Z10 F1000
G01 X99.551339 Y-88.055804 Z10 F1000
G01 X99.551339 Y-88.111607 Z10 F1000
G01 X99.551339 Y-88.167411 Z10 F1000
G01 X99.551339 Y-88.223214 Z10 F1000
G01 X99.551339 Y-88.279018 Z10 F1000
G01 X99.551339 Y-88.334821 Z10 F1000
G01 X99.551339 Y-88.390625 Z10 F1000
G01 X80.522321 Y-88.390625 Z10 F1000
G01 X80.466518 Y-88.390625 Z9.960784 F1000
G01 X80.410714 Y-88.390625 Z9.921569 F1000
G01 X80.354911 Y-88.390625 Z1.686275 F1000
G01 X80.299107 Y-88.390625 Z0.666667 F1000
G01 X80.243304 Y-88.390625 Z0.470588 F1000
G01 X80.1875 Y-88.390625 Z0.196078 F1000
G01 X79.964286 Y-88.390625 Z0.196078 F1000
G01 X79.908482 Y-88.390625 Z0.117647 F1000
G01 X79.796875 Y-88.390625 Z0.117647 F1000
G01 X79.741071 Y-88.390625 Z0.313725 F1000
G01 X79.685268 Y-88.390625 Z0.313725 F1000
G01 X79.629464 Y-88.390625 Z0.980392 F1000
G01 X79.573661 Y-88.390625 Z10 F1000
G01 X70.142857 Y-88.390625 Z10 F1000
G01 X70.087054 Y-88.390625 Z9.960784 F1000
G01 X69.919643 Y-88.390625 Z9.960784 F1000
G01 X69.863839 Y-88.390625 Z9.333333 F1000
G01 X69.808036 Y-88.390625 Z9.294118 F1000
G01 X69.752232 Y-88.390625 Z4.54902 F1000
G01 X69.696429 Y-88.390625 Z1.607843 F1000
G01 X69.473214 Y-88.390625 Z1.607843 F1000
G01 X69.417411 Y-88.390625 Z0.156863 F1000
G01 X69.082589 Y-88.390625 Z0.156863 F1000
G01 X69.026786 Y-88.390625 Z0.235294 F1000
G01 X68.970982 Y-88.390625 Z0.666667 F1000
G01 X68.747768 Y-88.390625 Z0.666667 F1000
G01 X68.691964 Y-88.390625 Z1.098039 F1000
G01 X68.636161 Y-88.390625 Z4.352941 F1000
G01 X68.580357 Y-88.390625 Z9.568627 F1000
G01 X68.524554 Y-88.390625 Z9.568627 F1000
G01 X68.46875 Y-88.390625 Z9.882353 F1000
G01 X68.412946 Y-88.390625 Z10 F1000
G01 X31.526786 Y-88.390625 Z10 F1000
G01 X31.470982 Y-88.390625 Z8.901961 F1000
G01 X31.415179 Y-88.390625 Z5.333333 F1000
G01 X31.359375 Y-88.390625 Z3.607843 F1000
G01 X31.247768 Y-88.390625 Z3.607843 F1000
G01 X31.191964 Y-88.390625 Z3.45098 F1000
G01 X31.080357 Y-88.390625 Z3.45098 F1000
G01 X31.024554 Y-88.390625 Z3.176471 F1000
G01 X30.801339 Y-88.390625 Z3.176471 F1000
G01 X30.745536 Y-88.390625 Z3.137255 F1000
G01 X30.689732 Y-88.390625 Z3.176471 F1000
G01 X30.633929 Y-88.390625 Z3.568627 F1000
G01 X30.578125 Y-88.390625 Z3.568627 F1000
G01 X30.522321 Y-88.390625 Z3.686275 F1000
G01 X30.354911 Y-88.390625 Z3.686275 F1000
G01 X30.299107 Y-88.390625 Z5.490196 F1000
G01 X30.243304 Y-88.390625 Z8.666667 F1000
G01 X30.1875 Y-88.390625 Z10 F1000
G01 X20.533482 Y-88.390625 Z10 F1000
G01 X20.477679 Y-88.390625 Z9.960784 F1000
G01 X20.421875 Y-88.390625 Z1.098039 F1000
G01 X20.366071 Y-88.390625 Z0.431373 F1000
G01 X20.310268 Y-88.390625 Z0.196078 F1000
G01 X20.142857 Y-88.390625 Z0.196078 F1000
G01 X20.087054 Y-88.390625 Z0.117647 F1000
G01 X19.975446 Y-88.390625 Z0.117647 F1000
G01 X19.919643 Y-88.390625 Z0.156863 F1000
G01 X19.863839 Y-88.390625 Z0.588235 F1000
G01 X19.752232 Y-88.390625 Z0.588235 F1000
G01 X19.696429 Y-88.390625 Z1.45098 F1000
G01 X19.640625 Y-88.390625 Z10 F1000
G01 X0.444196 Y-88.390625 Z10 F1000
G01 X0.444196 Y-88.446429 Z10 F1000
G01 X0.444196 Y-88.502232 Z10 F1000
G01 X0.444196 Y-88.558036 Z10 F1000
G01 X0.444196 Y-88.613839 Z10 F1000
G01 X0.444196 Y-88.669643 Z10 F1000
G01 X0.444196 Y-88.725446 Z10 F1000
G01 X0.444196 Y-88.78125 Z10 F1000
G01 X0.444196 Y-88.837054 Z10 F1000
G01 X0.444196 Y-88.892857 Z10 F1000
G01 X19.473214 Y-88.892857 Z10 F1000
G01 X19.529018 Y-88.892857 Z9.960784 F1000
G01 X19.584821 Y-88.892857 Z1.45098 F1000
G01 X19.640625 Y-88.892857 Z0.588235 F1000
G01 X19.752232 Y-88.892857 Z0.588235 F1000
G01 X19.808036 Y-88.892857 Z0.352941 F1000
G01 X19.863839 Y-88.892857 Z0.352941 F1000
G01 X19.919643 Y-88.892857 Z0.156863 F1000
G01 X19.975446 Y-88.892857 Z0.196078 F1000
G01 X20.087054 Y-88.892857 Z0.196078 F1000
G01 X20.142857 Y-88.892857 Z0.431373 F1000
G01 X20.254464 Y-88.892857 Z0.431373 F1000
G01 X20.310268 Y-88.892857 Z1.647059 F1000
G01 X20.366071 Y-88.892857 Z10 F1000
G01 X29.183036 Y-88.892857 Z10 F1000
G01 X29.238839 Y-88.892857 Z9.843137 F1000
G01 X29.294643 Y-88.892857 Z9.843137 F1000
G01 X29.350446 Y-88.892857 Z9.490196 F1000
G01 X29.40625 Y-88.892857 Z9.490196 F1000
G01 X29.462054 Y-88.892857 Z6.352941 F1000
G01 X29.517857 Y-88.892857 Z3.72549 F1000
G01 X29.741071 Y-88.892857 Z3.72549 F1000
G01 X29.796875 Y-88.892857 Z3.411765 F1000
G01 X30.020089 Y-88.892857 Z3.411765 F1000
G01 X30.075893 Y-88.892857 Z3.372549 F1000
G01 X30.410714 Y-88.892857 Z3.372549 F1000
G01 X30.466518 Y-88.892857 Z3.490196 F1000
G01 X30.522321 Y-88.892857 Z3.72549 F1000
G01 X30.578125 Y-88.892857 Z5.882353 F1000
G01 X30.633929 Y-88.892857 Z9.294118 F1000
G01 X30.689732 Y-88.892857 Z9.294118 F1000
G01 X30.745536 Y-88.892857 Z9.960784 F1000
G01 X30.801339 Y-88.892857 Z10 F1000
G01 X69.25 Y-88.892857 Z10 F1000
G01 X69.305804 Y-88.892857 Z9.960784 F1000
G01 X69.361607 Y-88.892857 Z9.960784 F1000
G01 X69.417411 Y-88.892857 Z9.137255 F1000
G01 X69.473214 Y-88.892857 Z4.27451 F1000
G01 X69.529018 Y-88.892857 Z1.058824 F1000
G01 X69.584821 Y-88.892857 Z1.019608 F1000
G01 X69.640625 Y-88.892857 Z1.019608 F1000
G01 X69.696429 Y-88.892857 Z0.313725 F1000
G01 X69.752232 Y-88.892857 Z0.235294 F1000
G01 X69.863839 Y-88.892857 Z0.235294 F1000
G01 X69.919643 Y-88.892857 Z0.196078 F1000
G01 X69.975446 Y-88.892857 Z0.27451 F1000
G01 X70.03125 Y-88.892857 Z0.313725 F1000
G01 X70.310268 Y-88.892857 Z0.313725 F1000
G01 X70.366071 Y-88.892857 Z0.627451 F1000
G01 X70.477679 Y-88.892857 Z0.627451 F1000
G01 X70.533482 Y-88.892857 Z0.666667 F1000
G01 X70.589286 Y-88.892857 Z4.470588 F1000
G01 X70.645089 Y-88.892857 Z8.705882 F1000
G01 X70.700893 Y-88.892857 Z10 F1000
G01 X79.573661 Y-88.892857 Z10 F1000
G01 X79.629464 Y-88.892857 Z9.960784 F1000
G01 X79.685268 Y-88.892857 Z9.960784 F1000
G01 X79.741071 Y-88.892857 Z1.647059 F1000
G01 X79.796875 Y-88.892857 Z0.196078 F1000
G01 X80.1875 Y-88.892857 Z0.196078 F1000
G01 X80.243304 Y-88.892857 Z0.470588 F1000
G01 X80.354911 Y-88.892857 Z0.470588 F1000
G01 X80.410714 Y-88.892857 Z0.509804 F1000
G01 X80.466518 Y-88.892857 Z1.058824 F1000
G01 X80.522321 Y-88.892857 Z9.882353 F1000
G01 X80.578125 Y-88.892857 Z10 F1000
G01 X99.551339 Y-88.892857 Z10 F1000
G01 X99.551339 Y-88.948661 Z10 F1000
G01 X99.551339 Y-89.004464 Z10 F1000
G01 X99.551339 Y-89.060268 Z10 F1000
G01 X99.551339 Y-89.116071 Z10 F1000
G01 X99.551339 Y-89.171875 Z10 F1000
G01 X99.551339 Y-89.227679 Z10 F1000
G01 X99.551339 Y-89.283482 Z10 F1000
G01 X99.551339 Y-89.339286 Z10 F1000
G01 X99.551339 Y-89.395089 Z10 F1000
G01 X80.633929 Y-89.395089 Z10 F1000
G01 X80.578125 Y-89.395089 Z1.058824 F1000
G01 X80.522321 Y-89.395089 Z0.352941 F1000
G01 X80.354911 Y-89.395089 Z0.352941 F1000
G01 X80.299107 Y-89.395089 Z0.196078 F1000
G01 X80.243304 Y-89.395089 Z0.196078 F1000
G01 X80.1875 Y-89.395089 Z0.313725 F1000
G01 X80.131696 Y-89.395089 Z0.627451 F1000
G01 X79.908482 Y-89.395089 Z0.627451 F1000
G01 X79.852679 Y-89.395089 Z2.54902 F1000
G01 X79.796875 Y-89.395089 Z10 F1000
G01 X71.537946 Y-89.395089 Z10 F1000
G01 X71.482143 Y-89.395089 Z9.254902 F1000
G01 X71.426339 Y-89.395089 Z2.705882 F1000
G01 X71.370536 Y-89.395089 Z0.745098 F1000
G01 X71.314732 Y-89.395089 Z0.745098 F1000
G01 X71.258929 Y-89.395089 Z0.627451 F1000
G01 X71.091518 Y-89.395089 Z0.627451 F1000
G01 X71.035714 Y-89.395089 Z0.54902 F1000
G01 X70.979911 Y-89.395089 Z0.54902 F1000
G01 X70.924107 Y-89.395089 Z0.313725 F1000
G01 X70.868304 Y-89.395089 Z0.235294 F1000
G01 X70.8125 Y-89.395089 Z0.196078 F1000
G01 X70.700893 Y-89.395089 Z0.196078 F1000
G01 X70.645089 Y-89.395089 Z0.352941 F1000
G01 X70.477679 Y-89.395089 Z0.352941 F1000
G01 X70.421875 Y-89.395089 Z0.666667 F1000
G01 X70.366071 Y-89.395089 Z0.666667 F1000
G01 X70.310268 Y-89.395089 Z5.137255 F1000
G01 X70.254464 Y-89.395089 Z9.254902 F1000
G01 X70.198661 Y-89.395089 Z9.607843 F1000
G01 X70.142857 Y-89.395089 Z10 F1000
G01 X29.908482 Y-89.395089 Z10 F1000
G01 X29.852679 Y-89.395089 Z9.960784 F1000
G01 X29.796875 Y-89.395089 Z9.372549 F1000
G01 X29.741071 Y-89.395089 Z6 F1000
G01 X29.685268 Y-89.395089 Z3.686275 F1000
G01 X29.629464 Y-89.395089 Z3.411765 F1000
G01 X29.573661 Y-89.395089 Z3.372549 F1000
G01 X29.350446 Y-89.395089 Z3.372549 F1000
G01 X29.294643 Y-89.395089 Z3.254902 F1000
G01 X29.238839 Y-89.395089 Z3.215686 F1000
G01 X29.183036 Y-89.395089 Z3.294118 F1000
G01 X29.127232 Y-89.395089 Z3.294118 F1000
G01 X29.071429 Y-89.395089 Z3.411765 F1000
G01 X29.015625 Y-89.395089 Z3.647059 F1000
G01 X28.904018 Y-89.395089 Z3.647059 F1000
G01 X28.848214 Y-89.395089 Z3.686275 F1000
G01 X28.680804 Y-89.395089 Z3.686275 F1000
G01 X28.625 Y-89.395089 Z5.215686 F1000
G01 X28.569196 Y-89.395089 Z9.058824 F1000
G01 X28.513393 Y-89.395089 Z9.960784 F1000
G01 X28.401786 Y-89.395089 Z9.960784 F1000
G01 X28.345982 Y-89.395089 Z10 F1000
G01 X20.310268 Y-89.395089 Z10 F1000
G01 X20.254464 Y-89.395089 Z9.803922 F1000
G01 X20.198661 Y-89.395089 Z2.588235 F1000
G01 X20.142857 Y-89.395089 Z0.666667 F1000
G01 X19.919643 Y-89.395089 Z0.666667 F1000
G01 X19.863839 Y-89.395089 Z0.156863 F1000
G01 X19.584821 Y-89.395089 Z0.156863 F1000
G01 X19.529018 Y-89.395089 Z0.27451 F1000
G01 X19.473214 Y-89.395089 Z1.333333 F1000
G01 X19.417411 Y-89.395089 Z9.294118 F1000
G01 X19.361607 Y-89.395089 Z10 F1000
G01 X0.444196 Y-89.395089 Z10 F1000
G01 X0.444196 Y-89.450893 Z10 F1000
G01 X0.444196 Y-89.506696 Z10 F1000
G01 X0.444196 Y-89.5625 Z10 F1000
G01 X0.444196 Y-89.618304 Z10 F1000
G01 X0.444196 Y-89.674107 Z10 F1000
G01 X0.444196 Y-89.729911 Z10 F1000
G01 X0.444196 Y-89.785714 Z10 F1000
G01 X0.444196 Y-89.841518 Z10 F1000
G01 X0.444196 Y-89.897321 Z10 F1000
G01 X19.194196 Y-89.897321 Z10 F1000
G01 X19.25 Y-89.897321 Z9.921569 F1000
G01 X19.305804 Y-89.897321 Z9.411765 F1000
G01 X19.361607 Y-89.897321 Z0.862745 F1000
G01 X19.417411 Y-89.897321 Z0.431373 F1000
G01 X19.473214 Y-89.897321 Z0.431373 F1000
G01 X19.529018 Y-89.897321 Z0.156863 F1000
G01 X19.863839 Y-89.897321 Z0.156863 F1000
G01 X19.919643 Y-89.897321 Z0.666667 F1000
G01 X19.975446 Y-89.897321 Z1.019608 F1000
G01 X20.03125 Y-89.897321 Z1.019608 F1000
G01 X20.087054 Y-89.897321 Z2.431373 F1000
G01 X20.142857 Y-89.897321 Z9.921569 F1000
G01 X20.198661 Y-89.897321 Z10 F1000
G01 X27.620536 Y-89.897321 Z10 F1000
G01 X27.676339 Y-89.897321 Z9.803922 F1000
G01 X27.732143 Y-89.897321 Z8 F1000
G01 X27.787946 Y-89.897321 Z5.490196 F1000
G01 X27.84375 Y-89.897321 Z3.45098 F1000
G01 X28.625 Y-89.897321 Z3.45098 F1000
G01 X28.680804 Y-89.897321 Z3.254902 F1000
G01 X28.792411 Y-89.897321 Z3.254902 F1000
G01 X28.848214 Y-89.897321 Z3.568627 F1000
G01 X28.904018 Y-89.897321 Z6.666667 F1000
G01 X28.959821 Y-89.897321 Z9.45098 F1000
G01 X29.015625 Y-89.897321 Z9.803922 F1000
G01 X29.071429 Y-89.897321 Z9.882353 F1000
G01 X29.127232 Y-89.897321 Z9.882353 F1000
G01 X29.183036 Y-89.897321 Z10 F1000
G01 X70.924107 Y-89.897321 Z10 F1000
G01 X70.979911 Y-89.897321 Z9.960784 F1000
G01 X71.035714 Y-89.897321 Z9.960784 F1000
G01 X71.091518 Y-89.897321 Z9.411765 F1000
G01 X71.147321 Y-89.897321 Z4.901961 F1000
G01 X71.203125 Y-89.897321 Z0.862745 F1000
G01 X71.258929 Y-89.897321 Z0.862745 F1000
G01 X71.314732 Y-89.897321 Z0.27451 F1000
G01 X71.370536 Y-89.897321 Z0.235294 F1000
G01 X71.705357 Y-89.897321 Z0.235294 F1000
G01 X71.761161 Y-89.897321 Z0.313725 F1000
G01 X71.872768 Y-89.897321 Z0.313725 F1000
G01 X71.928571 Y-89.897321 Z0.431373 F1000
G01 X72.151786 Y-89.897321 Z0.431373 F1000
G01 X72.207589 Y-89.897321 Z0.901961 F1000
G01 X72.263393 Y-89.897321 Z2.392157 F1000
G01 X72.319196 Y-89.897321 Z7.098039 F1000
G01 X72.375 Y-89.897321 Z9.843137 F1000
G01 X72.430804 Y-89.897321 Z9.882353 F1000
G01 X72.486607 Y-89.897321 Z10 F1000
G01 X79.852679 Y-89.897321 Z10 F1000
G01 X79.908482 Y-89.897321 Z9.960784 F1000
G01 X79.964286 Y-89.897321 Z2.196078 F1000
G01 X80.020089 Y-89.897321 Z0.901961 F1000
G01 X80.075893 Y-89.897321 Z0.901961 F1000
G01 X80.131696 Y-89.897321 Z0.705882 F1000
G01 X80.1875 Y-89.897321 Z0.705882 F1000
G01 X80.243304 Y-89.897321 Z0.196078 F1000
G01 X80.299107 Y-89.897321 Z0.196078 F1000
G01 X80.354911 Y-89.897321 Z0.078431 F1000
G01 X80.410714 Y-89.897321 Z0.117647 F1000
G01 X80.522321 Y-89.897321 Z0.117647 F1000
G01 X80.578125 Y-89.897321 Z0.196078 F1000
G01 X80.633929 Y-89.897321 Z0.352941 F1000
G01 X80.689732 Y-89.897321 Z0.54902 F1000
G01 X80.745536 Y-89.897321 Z9.607843 F1000
G01 X80.801339 Y-89.897321 Z10 F1000
G01 X99.551339 Y-89.897321 Z10 F1000
G01 X99.551339 Y-89.953125 Z10 F1000
G01 X99.551339 Y-90.008929 Z10 F1000
G01 X99.551339 Y-90.064732 Z10 F1000
G01 X99.551339 Y-90.120536 Z10 F1000
G01 X99.551339 Y-90.176339 Z10 F1000
G01 X99.551339 Y-90.232143 Z10 F1000
G01 X99.551339 Y-90.287946 Z10 F1000
G01 X99.551339 Y-90.34375 Z10 F1000
G01 X99.551339 Y-90.399554 Z10 F1000
G01 X80.912946 Y-90.399554 Z10 F1000
G01 X80.857143 Y-90.399554 Z9.921569 F1000
G01 X80.801339 Y-90.399554 Z0.627451 F1000
G01 X80.745536 Y-90.399554 Z0.627451 F1000
G01 X80.689732 Y-90.399554 Z0.431373 F1000
G01 X80.633929 Y-90.399554 Z0.352941 F1000
G01 X80.578125 Y-90.399554 Z0.196078 F1000
G01 X80.410714 Y-90.399554 Z0.196078 F1000
G01 X80.354911 Y-90.399554 Z0.078431 F1000
G01 X80.299107 Y-90.399554 Z0.196078 F1000
G01 X80.243304 Y-90.399554 Z0.196078 F1000
G01 X80.1875 Y-90.399554 Z0.705882 F1000
G01 X80.131696 Y-90.399554 Z0.705882 F1000
G01 X80.075893 Y-90.399554 Z0.901961 F1000
G01 X80.020089 Y-90.399554 Z7.333333 F1000
G01 X79.964286 Y-90.399554 Z10 F1000
G01 X73.323661 Y-90.399554 Z10 F1000
G01 X73.267857 Y-90.399554 Z9.921569 F1000
G01 X73.212054 Y-90.399554 Z9.921569 F1000
G01 X73.15625 Y-90.399554 Z7.764706 F1000
G01 X73.100446 Y-90.399554 Z3.764706 F1000
G01 X73.044643 Y-90.399554 Z0.823529 F1000
G01 X72.988839 Y-90.399554 Z0.352941 F1000
G01 X72.877232 Y-90.399554 Z0.352941 F1000
G01 X72.821429 Y-90.399554 Z0.392157 F1000
G01 X72.263393 Y-90.399554 Z0.392157 F1000
G01 X72.207589 Y-90.399554 Z0.431373 F1000
G01 X72.151786 Y-90.399554 Z1.254902 F1000
G01 X72.040179 Y-90.399554 Z1.254902 F1000
G01 X71.984375 Y-90.399554 Z5.333333 F1000
G01 X71.928571 Y-90.399554 Z9.568627 F1000
G01 X71.872768 Y-90.399554 Z10 F1000
G01 X28.234375 Y-90.399554 Z10 F1000
G01 X28.178571 Y-90.399554 Z9.960784 F1000
G01 X28.122768 Y-90.399554 Z9.098039 F1000
G01 X28.066964 Y-90.399554 Z5.098039 F1000
G01 X28.011161 Y-90.399554 Z3.45098 F1000
G01 X27.676339 Y-90.399554 Z3.45098 F1000
G01 X27.620536 Y-90.399554 Z3.372549 F1000
G01 X27.229911 Y-90.399554 Z3.372549 F1000
G01 X27.174107 Y-90.399554 Z3.294118 F1000
G01 X27.118304 Y-90.399554 Z3.019608 F1000
G01 X27.0625 Y-90.399554 Z3.019608 F1000
G01 X27.006696 Y-90.399554 Z2 F1000
G01 X26.950893 Y-90.399554 Z3.058824 F1000
G01 X26.895089 Y-90.399554 Z7.45098 F1000
G01 X26.839286 Y-90.399554 Z9.882353 F1000
G01 X26.727679 Y-90.399554 Z9.882353 F1000
G01 X26.671875 Y-90.399554 Z10 F1000
G01 X20.142857 Y-90.399554 Z10 F1000
G01 X20.087054 Y-90.399554 Z9.960784 F1000
G01 X20.03125 Y-90.399554 Z7.529412 F1000
G01 X19.975446 Y-90.399554 Z1.019608 F1000
G01 X19.919643 Y-90.399554 Z0.313725 F1000
G01 X19.863839 Y-90.399554 Z0.156863 F1000
G01 X19.808036 Y-90.399554 Z0.156863 F1000
G01 X19.752232 Y-90.399554 Z0.117647 F1000
G01 X19.529018 Y-90.399554 Z0.117647 F1000
G01 X19.473214 Y-90.399554 Z0.235294 F1000
G01 X19.417411 Y-90.399554 Z0.431373 F1000
G01 X19.361607 Y-90.399554 Z0.431373 F1000
G01 X19.305804 Y-90.399554 Z0.470588 F1000
G01 X19.25 Y-90.399554 Z0.470588 F1000
G01 X19.194196 Y-90.399554 Z9.882353 F1000
G01 X19.138393 Y-90.399554 Z10 F1000
G01 X0.444196 Y-90.399554 Z10 F1000
G01 X0.444196 Y-90.455357 Z10 F1000
G01 X0.444196 Y-90.511161 Z10 F1000
G01 X0.444196 Y-90.566964 Z10 F1000
G01 X0.444196 Y-90.622768 Z10 F1000
G01 X0.444196 Y-90.678571 Z10 F1000
G01 X0.444196 Y-90.734375 Z10 F1000
G01 X0.444196 Y-90.790179 Z10 F1000
G01 X0.444196 Y-90.845982 Z10 F1000
G01 X0.444196 Y-90.901786 Z10 F1000
G01 X19.082589 Y-90.901786 Z10 F1000
G01 X19.138393 Y-90.901786 Z3.490196 F1000
G01 X19.194196 Y-90.901786 Z0.784314 F1000
G01 X19.25 Y-90.901786 Z0.470588 F1000
G01 X19.305804 Y-90.901786 Z0.392157 F1000
G01 X19.417411 Y-90.901786 Z0.392157 F1000
G01 X19.473214 Y-90.901786 Z0.196078 F1000
G01 X19.529018 Y-90.901786 Z0.117647 F1000
G01 X19.584821 Y-90.901786 Z0.117647 F1000
G01 X19.640625 Y-90.901786 Z0.156863 F1000
G01 X19.863839 Y-90.901786 Z0.156863 F1000
G01 X19.919643 Y-90.901786 Z0.313725 F1000
G01 X19.975446 Y-90.901786 Z0.392157 F1000
G01 X20.03125 Y-90.901786 Z7.529412 F1000
G01 X20.087054 Y-90.901786 Z9.960784 F1000
G01 X20.142857 Y-90.901786 Z10 F1000
G01 X25.890625 Y-90.901786 Z10 F1000
G01 X25.946429 Y-90.901786 Z9.843137 F1000
G01 X26.002232 Y-90.901786 Z9.843137 F1000
G01 X26.058036 Y-90.901786 Z7.058824 F1000
G01 X26.113839 Y-90.901786 Z2.313725 F1000
G01 X26.169643 Y-90.901786 Z0.313725 F1000
G01 X26.225446 Y-90.901786 Z0.235294 F1000
G01 X26.28125 Y-90.901786 Z0.235294 F1000
G01 X26.337054 Y-90.901786 Z0.156863 F1000
G01 X26.392857 Y-90.901786 Z0.196078 F1000
G01 X26.560268 Y-90.901786 Z0.196078 F1000
G01 X26.616071 Y-90.901786 Z0.352941 F1000
G01 X26.671875 Y-90.901786 Z0.470588 F1000
G01 X27.0625 Y-90.901786 Z0.470588 F1000
G01 X27.118304 Y-90.901786 Z0.705882 F1000
G01 X27.174107 Y-90.901786 Z1.490196 F1000
G01 X27.229911 Y-90.901786 Z5.921569 F1000
G01 X27.285714 Y-90.901786 Z9.058824 F1000
G01 X27.341518 Y-90.901786 Z10 F1000
G01 X72.765625 Y-90.901786 Z10 F1000
G01 X72.821429 Y-90.901786 Z6.392157 F1000
G01 X72.877232 Y-90.901786 Z1.137255 F1000
G01 X72.988839 Y-90.901786 Z1.137255 F1000
G01 X73.044643 Y-90.901786 Z0.823529 F1000
G01 X73.379464 Y-90.901786 Z0.823529 F1000
G01 X73.435268 Y-90.901786 Z0.705882 F1000
G01 X73.491071 Y-90.901786 Z0.392157 F1000
G01 X73.546875 Y-90.901786 Z0.196078 F1000
G01 X73.881696 Y-90.901786 Z0.196078 F1000
G01 X73.9375 Y-90.901786 Z2.627451 F1000
G01 X73.993304 Y-90.901786 Z6.666667 F1000
G01 X74.049107 Y-90.901786 Z9.803922 F1000
G01 X74.104911 Y-90.901786 Z10 F1000
G01 X79.964286 Y-90.901786 Z10 F1000
G01 X80.020089 Y-90.901786 Z7.333333 F1000
G01 X80.075893 Y-90.901786 Z0.588235 F1000
G01 X80.131696 Y-90.901786 Z0.588235 F1000
G01 X80.1875 Y-90.901786 Z0.313725 F1000
G01 X80.243304 Y-90.901786 Z0.117647 F1000
G01 X80.354911 Y-90.901786 Z0.117647 F1000
G01 X80.410714 Y-90.901786 Z0.196078 F1000
G01 X80.578125 Y-90.901786 Z0.196078 F1000
G01 X80.633929 Y-90.901786 Z0.352941 F1000
G01 X80.689732 Y-90.901786 Z0.431373 F1000
G01 X80.745536 Y-90.901786 Z0.627451 F1000
G01 X80.857143 Y-90.901786 Z0.627451 F1000
G01 X80.912946 Y-90.901786 Z3.490196 F1000
G01 X80.96875 Y-90.901786 Z10 F1000
G01 X99.551339 Y-90.901786 Z10 F1000
G01 X99.551339 Y-90.957589 Z10 F1000
G01 X99.551339 Y-91.013393 Z10 F1000
G01 X99.551339 Y-91.069196 Z10 F1000
G01 X99.551339 Y-91.125 Z10 F1000
G01 X99.551339 Y-91.180804 Z10 F1000
G01 X99.551339 Y-91.236607 Z10 F1000
G01 X99.551339 Y-91.292411 Z10 F1000
G01 X99.551339 Y-91.348214 Z10 F1000
G01 X99.551339 Y-91.404018 Z10 F1000
G01 X80.912946 Y-91.404018 Z10 F1000
G01 X80.857143 Y-91.404018 Z9.568627 F1000
G01 X80.801339 Y-91.404018 Z4.470588 F1000
G01 X80.745536 Y-91.404018 Z0.745098 F1000
G01 X80.689732 Y-91.404018 Z0.313725 F1000
G01 X80.633929 Y-91.404018 Z0.235294 F1000
G01 X80.578125 Y-91.404018 Z0.156863 F1000
G01 X80.466518 Y-91.404018 Z0.156863 F1000
G01 X80.410714 Y-91.404018 Z0.117647 F1000
G01 X80.299107 Y-91.404018 Z0.117647 F1000
G01 X80.243304 Y-91.404018 Z0.156863 F1000
G01 X80.1875 Y-91.404018 Z0.235294 F1000
G01 X80.131696 Y-91.404018 Z0.588235 F1000
G01 X80.075893 Y-91.404018 Z0.705882 F1000
G01 X80.020089 Y-91.404018 Z6.980392 F1000
G01 X79.964286 Y-91.404018 Z9.921569 F1000
G01 X79.908482 Y-91.404018 Z10 F1000
G01 X74.941964 Y-91.404018 Z10 F1000
G01 X74.886161 Y-91.404018 Z9.176471 F1000
G01 X74.830357 Y-91.404018 Z8 F1000
G01 X74.774554 Y-91.404018 Z1.294118 F1000
G01 X74.71875 Y-91.404018 Z0.470588 F1000
G01 X74.383929 Y-91.404018 Z0.470588 F1000
G01 X74.328125 Y-91.404018 Z0.54902 F1000
G01 X74.272321 Y-91.404018 Z0.823529 F1000
G01 X73.9375 Y-91.404018 Z0.823529 F1000
G01 X73.881696 Y-91.404018 Z0.862745 F1000
G01 X73.770089 Y-91.404018 Z0.862745 F1000
G01 X73.714286 Y-91.404018 Z2.235294 F1000
G01 X73.658482 Y-91.404018 Z7.372549 F1000
G01 X73.602679 Y-91.404018 Z9.72549 F1000
G01 X73.546875 Y-91.404018 Z9.843137 F1000
G01 X73.491071 Y-91.404018 Z9.960784 F1000
G01 X73.379464 Y-91.404018 Z9.960784 F1000
G01 X73.323661 Y-91.404018 Z10 F1000
G01 X26.448661 Y-91.404018 Z10 F1000
G01 X26.392857 Y-91.404018 Z6.627451 F1000
G01 X26.337054 Y-91.404018 Z1.882353 F1000
G01 X26.225446 Y-91.404018 Z1.882353 F1000
G01 X26.169643 Y-91.404018 Z1.176471 F1000
G01 X25.946429 Y-91.404018 Z1.176471 F1000
G01 X25.890625 Y-91.404018 Z0.313725 F1000
G01 X25.779018 Y-91.404018 Z0.313725 F1000
G01 X25.723214 Y-91.404018 Z0.27451 F1000
G01 X25.667411 Y-91.404018 Z0.392157 F1000
G01 X25.555804 Y-91.404018 Z0.392157 F1000
G01 X25.5 Y-91.404018 Z0.431373 F1000
G01 X25.388393 Y-91.404018 Z0.431373 F1000
G01 X25.332589 Y-91.404018 Z1.019608 F1000
G01 X25.276786 Y-91.404018 Z2.352941 F1000
G01 X25.220982 Y-91.404018 Z6.745098 F1000
G01 X25.165179 Y-91.404018 Z9.882353 F1000
G01 X25.109375 Y-91.404018 Z9.921569 F1000
G01 X25.053571 Y-91.404018 Z9.960784 F1000
G01 X24.997768 Y-91.404018 Z10 F1000
G01 X20.142857 Y-91.404018 Z10 F1000
G01 X20.087054 Y-91.404018 Z9.921569 F1000
G01 X20.03125 Y-91.404018 Z6.980392 F1000
G01 X19.975446 Y-91.404018 Z0.627451 F1000
G01 X19.919643 Y-91.404018 Z0.313725 F1000
G01 X19.863839 Y-91.404018 Z0.156863 F1000
G01 X19.640625 Y-91.404018 Z0.156863 F1000
G01 X19.584821 Y-91.404018 Z0.117647 F1000
G01 X19.529018 Y-91.404018 Z0.156863 F1000
G01 X19.473214 Y-91.404018 Z0.470588 F1000
G01 X19.417411 Y-91.404018 Z0.509804 F1000
G01 X19.361607 Y-91.404018 Z0.666667 F1000
G01 X19.305804 Y-91.404018 Z0.666667 F1000
G01 X19.25 Y-91.404018 Z4.862745 F1000
G01 X19.194196 Y-91.404018 Z9.960784 F1000
G01 X19.138393 Y-91.404018 Z10 F1000
G01 X0.444196 Y-91.404018 Z10 F1000
G01 X0.444196 Y-91.459821 Z10 F1000
G01 X0.444196 Y-91.515625 Z10 F1000
G01 X0.444196 Y-91.571429 Z10 F1000
G01 X0.444196 Y-91.627232 Z10 F1000
G01 X0.444196 Y-91.683036 Z10 F1000
G01 X0.444196 Y-91.738839 Z10 F1000
G01 X0.444196 Y-91.794643 Z10 F1000
G01 X0.444196 Y-91.850446 Z10 F1000
G01 X0.444196 Y-91.90625 Z10 F1000
G01 X19.361607 Y-91.90625 Z10 F1000
G01 X19.417411 Y-91.90625 Z8.745098 F1000
G01 X19.473214 Y-91.90625 Z2.509804 F1000
G01 X19.529018 Y-91.90625 Z0.588235 F1000
G01 X19.640625 Y-91.90625 Z0.588235 F1000
G01 X19.696429 Y-91.90625 Z0.313725 F1000
G01 X19.808036 Y-91.90625 Z0.313725 F1000
G01 X19.863839 Y-91.90625 Z0.156863 F1000
G01 X19.919643 Y-91.90625 Z0.196078 F1000
G01 X19.975446 Y-91.90625 Z0.627451 F1000
G01 X20.03125 Y-91.90625 Z0.666667 F1000
G01 X20.087054 Y-91.90625 Z0.745098 F1000
G01 X20.142857 Y-91.90625 Z6.470588 F1000
G01 X20.198661 Y-91.90625 Z10 F1000
G01 X24.160714 Y-91.90625 Z10 F1000
G01 X24.216518 Y-91.90625 Z9.921569 F1000
G01 X24.272321 Y-91.90625 Z9.686275 F1000
G01 X24.328125 Y-91.90625 Z8.901961 F1000
G01 X24.383929 Y-91.90625 Z7.137255 F1000
G01 X24.439732 Y-91.90625 Z1.294118 F1000
G01 X24.495536 Y-91.90625 Z0.862745 F1000
G01 X24.662946 Y-91.90625 Z0.862745 F1000
G01 X24.71875 Y-91.90625 Z0.745098 F1000
G01 X24.830357 Y-91.90625 Z0.745098 F1000
G01 X24.886161 Y-91.90625 Z0.313725 F1000
G01 X24.941964 Y-91.90625 Z0.313725 F1000
G01 X24.997768 Y-91.90625 Z0.392157 F1000
G01 X25.053571 Y-91.90625 Z0.392157 F1000
G01 X25.109375 Y-91.90625 Z0.54902 F1000
G01 X25.276786 Y-91.90625 Z0.54902 F1000
G01 X25.332589 Y-91.90625 Z0.588235 F1000
G01 X25.444196 Y-91.90625 Z0.588235 F1000
G01 X25.5 Y-91.90625 Z2.470588 F1000
G01 X25.555804 Y-91.90625 Z7.098039 F1000
G01 X25.611607 Y-91.90625 Z9.647059 F1000
G01 X25.667411 Y-91.90625 Z9.960784 F1000
G01 X25.779018 Y-91.90625 Z9.960784 F1000
G01 X25.834821 Y-91.90625 Z10 F1000
G01 X74.383929 Y-91.90625 Z10 F1000
G01 X74.439732 Y-91.90625 Z9.921569 F1000
G01 X74.495536 Y-91.90625 Z5.843137 F1000
G01 X74.551339 Y-91.90625 Z2.078431 F1000
G01 X74.607143 Y-91.90625 Z0.588235 F1000
G01 X74.830357 Y-91.90625 Z0.588235 F1000
G01 X74.886161 Y-91.90625 Z0.352941 F1000
G01 X74.997768 Y-91.90625 Z0.352941 F1000
G01 X75.053571 Y-91.90625 Z0.313725 F1000
G01 X75.220982 Y-91.90625 Z0.313725 F1000
G01 X75.276786 Y-91.90625 Z0.431373 F1000
G01 X75.444196 Y-91.90625 Z0.431373 F1000
G01 X75.5 Y-91.90625 Z1.215686 F1000
G01 X75.555804 Y-91.90625 Z1.215686 F1000
G01 X75.611607 Y-91.90625 Z1.72549 F1000
G01 X75.667411 Y-91.90625 Z6.27451 F1000
G01 X75.723214 Y-91.90625 Z9.882353 F1000
G01 X75.779018 Y-91.90625 Z9.921569 F1000
G01 X75.890625 Y-91.90625 Z9.921569 F1000
G01 X75.946429 Y-91.90625 Z10 F1000
G01 X79.796875 Y-91.90625 Z10 F1000
G01 X79.852679 Y-91.90625 Z9.72549 F1000
G01 X79.908482 Y-91.90625 Z6.392157 F1000
G01 X79.964286 Y-91.90625 Z0.705882 F1000
G01 X80.075893 Y-91.90625 Z0.705882 F1000
G01 X80.131696 Y-91.90625 Z0.509804 F1000
G01 X80.1875 Y-91.90625 Z0.235294 F1000
G01 X80.243304 Y-91.90625 Z0.196078 F1000
G01 X80.299107 Y-91.90625 Z0.392157 F1000
G01 X80.466518 Y-91.90625 Z0.392157 F1000
G01 X80.522321 Y-91.90625 Z0.666667 F1000
G01 X80.578125 Y-91.90625 Z2.313725 F1000
G01 X80.633929 Y-91.90625 Z9.019608 F1000
G01 X80.689732 Y-91.90625 Z10 F1000
G01 X99.551339 Y-91.90625 Z10 F1000
G01 X99.551339 Y-91.962054 Z10 F1000
G01 X99.551339 Y-92.017857 Z10 F1000
G01 X99.551339 Y-92.073661 Z10 F1000
G01 X99.551339 Y-92.129464 Z10 F1000
G01 X99.551339 Y-92.185268 Z10 F1000
G01 X99.551339 Y-92.241071 Z10 F1000
G01 X99.551339 Y-92.296875 Z10 F1000
G01 X99.551339 Y-92.352679 Z10 F1000
G01 X99.551339 Y-92.408482 Z10 F1000
G01 X80.466518 Y-92.408482 Z10 F1000
G01 X80.410714 Y-92.408482 Z9.921569 F1000
G01 X80.354911 Y-92.408482 Z9.921569 F1000
G01 X80.299107 Y-92.408482 Z8.235294 F1000
G01 X80.243304 Y-92.408482 Z0.941176 F1000
G01 X80.1875 Y-92.408482 Z0.54902 F1000
G01 X80.020089 Y-92.408482 Z0.54902 F1000
G01 X79.964286 Y-92.408482 Z0.470588 F1000
G01 X79.908482 Y-92.408482 Z0.352941 F1000
G01 X79.796875 Y-92.408482 Z0.352941 F1000
G01 X79.741071 Y-92.408482 Z0.392157 F1000
G01 X79.685268 Y-92.408482 Z0.705882 F1000
G01 X79.629464 Y-92.408482 Z0.705882 F1000
G01 X79.573661 Y-92.408482 Z2.54902 F1000
G01 X79.517857 Y-92.408482 Z8.431373 F1000
G01 X79.462054 Y-92.408482 Z10 F1000
G01 X76.616071 Y-92.408482 Z10 F1000
G01 X76.560268 Y-92.408482 Z9.803922 F1000
G01 X76.504464 Y-92.408482 Z5.058824 F1000
G01 X76.448661 Y-92.408482 Z0.705882 F1000
G01 X76.392857 Y-92.408482 Z0.470588 F1000
G01 X76.169643 Y-92.408482 Z0.470588 F1000
G01 X76.113839 Y-92.408482 Z0.196078 F1000
G01 X75.946429 Y-92.408482 Z0.196078 F1000
G01 X75.890625 Y-92.408482 Z0.117647 F1000
G01 X75.834821 Y-92.408482 Z0.117647 F1000
G01 X75.779018 Y-92.408482 Z0.156863 F1000
G01 X75.723214 Y-92.408482 Z0.431373 F1000
G01 X75.667411 Y-92.408482 Z0.941176 F1000
G01 X75.555804 Y-92.408482 Z0.941176 F1000
G01 X75.5 Y-92.408482 Z1.215686 F1000
G01 X75.444196 Y-92.408482 Z1.215686 F1000
G01 X75.388393 Y-92.408482 Z1.294118 F1000
G01 X75.332589 Y-92.408482 Z7.764706 F1000
G01 X75.276786 Y-92.408482 Z10 F1000
G01 X25.053571 Y-92.408482 Z10 F1000
G01 X24.997768 Y-92.408482 Z9.960784 F1000
G01 X24.941964 Y-92.408482 Z9.960784 F1000
G01 X24.886161 Y-92.408482 Z9.921569 F1000
G01 X24.830357 Y-92.408482 Z9.882353 F1000
G01 X24.774554 Y-92.408482 Z9.803922 F1000
G01 X24.71875 Y-92.408482 Z6.431373 F1000
G01 X24.662946 Y-92.408482 Z2.235294 F1000
G01 X24.607143 Y-92.408482 Z0.862745 F1000
G01 X24.495536 Y-92.408482 Z0.862745 F1000
G01 X24.439732 Y-92.408482 Z0.666667 F1000
G01 X24.383929 Y-92.408482 Z0.235294 F1000
G01 X24.328125 Y-92.408482 Z0.156863 F1000
G01 X24.049107 Y-92.408482 Z0.156863 F1000
G01 X23.993304 Y-92.408482 Z0.196078 F1000
G01 X23.9375 Y-92.408482 Z0.431373 F1000
G01 X23.881696 Y-92.408482 Z1.45098 F1000
G01 X23.602679 Y-92.408482 Z1.45098 F1000
G01 X23.546875 Y-92.408482 Z7.019608 F1000
G01 X23.491071 Y-92.408482 Z9.960784 F1000
G01 X23.379464 Y-92.408482 Z9.960784 F1000
G01 X23.323661 Y-92.408482 Z10 F1000
G01 X20.700893 Y-92.408482 Z10 F1000
G01 X20.645089 Y-92.408482 Z9.921569 F1000
G01 X20.589286 Y-92.408482 Z9.921569 F1000
G01 X20.533482 Y-92.408482 Z8.784314 F1000
G01 X20.477679 Y-92.408482 Z2.862745 F1000
G01 X20.421875 Y-92.408482 Z0.666667 F1000
G01 X20.366071 Y-92.408482 Z0.666667 F1000
G01 X20.310268 Y-92.408482 Z0.196078 F1000
G01 X19.975446 Y-92.408482 Z0.196078 F1000
G01 X19.919643 Y-92.408482 Z0.392157 F1000
G01 X19.863839 Y-92.408482 Z0.431373 F1000
G01 X19.808036 Y-92.408482 Z0.784314 F1000
G01 X19.752232 Y-92.408482 Z7.686275 F1000
G01 X19.696429 Y-92.408482 Z9.490196 F1000
G01 X19.640625 Y-92.408482 Z10 F1000
G01 X0.444196 Y-92.408482 Z10 F1000
G01 X0.444196 Y-92.464286 Z10 F1000
G01 X0.444196 Y-92.520089 Z10 F1000
G01 X0.444196 Y-92.575893 Z10 F1000
G01 X0.444196 Y-92.631696 Z10 F1000
G01 X0.444196 Y-92.6875 Z10 F1000
G01 X0.444196 Y-92.743304 Z10 F1000
G01 X0.444196 Y-92.799107 Z10 F1000
G01 X0.444196 Y-92.854911 Z10 F1000
G01 X0.444196 Y-92.910714 Z10 F1000
G01 X20.142857 Y-92.910714 Z10 F1000
G01 X20.198661 Y-92.910714 Z9.45098 F1000
G01 X20.254464 Y-92.910714 Z3.72549 F1000
G01 X20.310268 Y-92.910714 Z0.705882 F1000
G01 X20.366071 Y-92.910714 Z0.431373 F1000
G01 X20.421875 Y-92.910714 Z0.235294 F1000
G01 X20.756696 Y-92.910714 Z0.235294 F1000
G01 X20.8125 Y-92.910714 Z0.666667 F1000
G01 X21.035714 Y-92.910714 Z0.666667 F1000
G01 X21.091518 Y-92.910714 Z0.745098 F1000
G01 X22.040179 Y-92.910714 Z0.745098 F1000
G01 X22.095982 Y-92.910714 Z0.588235 F1000
G01 X22.263393 Y-92.910714 Z0.588235 F1000
G01 X22.319196 Y-92.910714 Z0.431373 F1000
G01 X22.598214 Y-92.910714 Z0.431373 F1000
G01 X22.654018 Y-92.910714 Z0.313725 F1000
G01 X22.709821 Y-92.910714 Z0.235294 F1000
G01 X23.435268 Y-92.910714 Z0.235294 F1000
G01 X23.491071 Y-92.910714 Z0.901961 F1000
G01 X23.602679 Y-92.910714 Z0.901961 F1000
G01 X23.658482 Y-92.910714 Z0.941176 F1000
G01 X23.770089 Y-92.910714 Z0.941176 F1000
G01 X23.825893 Y-92.910714 Z2.901961 F1000
G01 X23.881696 Y-92.910714 Z7.647059 F1000
G01 X23.9375 Y-92.910714 Z9.686275 F1000
G01 X23.993304 Y-92.910714 Z9.960784 F1000
G01 X24.049107 Y-92.910714 Z10 F1000
G01 X76.002232 Y-92.910714 Z10 F1000
G01 X76.058036 Y-92.910714 Z9.960784 F1000
G01 X76.113839 Y-92.910714 Z8.901961 F1000
G01 X76.169643 Y-92.910714 Z7.764706 F1000
G01 X76.225446 Y-92.910714 Z3.098039 F1000
G01 X76.28125 Y-92.910714 Z0.941176 F1000
G01 X76.337054 Y-92.910714 Z0.941176 F1000
G01 X76.392857 Y-92.910714 Z0.627451 F1000
G01 X76.448661 Y-92.910714 Z0.588235 F1000
G01 X76.560268 Y-92.910714 Z0.588235 F1000
G01 X76.616071 Y-92.910714 Z0.313725 F1000
G01 X76.839286 Y-92.910714 Z0.313725 F1000
G01 X76.895089 Y-92.910714 Z0.470588 F1000
G01 X76.950893 Y-92.910714 Z0.54902 F1000
G01 X77.006696 Y-92.910714 Z0.705882 F1000
G01 X77.955357 Y-92.910714 Z0.705882 F1000
G01 X78.011161 Y-92.910714 Z0.392157 F1000
G01 X78.066964 Y-92.910714 Z0.431373 F1000
G01 X78.178571 Y-92.910714 Z0.431373 F1000
G01 X78.234375 Y-92.910714 Z0.470588 F1000
G01 X79.183036 Y-92.910714 Z0.470588 F1000
G01 X79.238839 Y-92.910714 Z0.392157 F1000
G01 X79.294643 Y-92.910714 Z0.392157 F1000
G01 X79.350446 Y-92.910714 Z0.54902 F1000
G01 X79.629464 Y-92.910714 Z0.54902 F1000
G01 X79.685268 Y-92.910714 Z0.784314 F1000
G01 X79.741071 Y-92.910714 Z0.941176 F1000
G01 X79.796875 Y-92.910714 Z3.294118 F1000
G01 X79.852679 Y-92.910714 Z9.372549 F1000
G01 X79.908482 Y-92.910714 Z10 F1000
G01 X99.551339 Y-92.910714 Z10 F1000
G01 X99.551339 Y-92.966518 Z10 F1000
G01 X99.551339 Y-93.022321 Z10 F1000
G01 X99.551339 Y-93.078125 Z10 F1000
G01 X99.551339 Y-93.133929 Z10 F1000
G01 X99.551339 Y-93.189732 Z10 F1000
G01 X99.551339 Y-93.245536 Z10 F1000
G01 X99.551339 Y-93.301339 Z10 F1000
G01 X99.551339 Y-93.357143 Z10 F1000
G01 X99.551339 Y-93.412946 Z10 F1000
G01 X79.294643 Y-93.412946 Z10 F1000
G01 X79.238839 Y-93.412946 Z9.960784 F1000
G01 X79.183036 Y-93.412946 Z9.843137 F1000
G01 X79.127232 Y-93.412946 Z9.45098 F1000
G01 X79.071429 Y-93.412946 Z6.666667 F1000
G01 X79.015625 Y-93.412946 Z2.980392 F1000
G01 X78.959821 Y-93.412946 Z0.54902 F1000
G01 X78.904018 Y-93.412946 Z0.509804 F1000
G01 X78.848214 Y-93.412946 Z0.470588 F1000
G01 X78.792411 Y-93.412946 Z0.196078 F1000
G01 X78.625 Y-93.412946 Z0.196078 F1000
G01 X78.569196 Y-93.412946 Z0.156863 F1000
G01 X78.122768 Y-93.412946 Z0.156863 F1000
G01 X78.066964 Y-93.412946 Z0.117647 F1000
G01 X77.787946 Y-93.412946 Z0.117647 F1000
G01 X77.732143 Y-93.412946 Z0.196078 F1000
G01 X77.564732 Y-93.412946 Z0.196078 F1000
G01 X77.508929 Y-93.412946 Z0.431373 F1000
G01 X77.397321 Y-93.412946 Z0.431373 F1000
G01 X77.341518 Y-93.412946 Z0.588235 F1000
G01 X77.174107 Y-93.412946 Z0.588235 F1000
G01 X77.118304 Y-93.412946 Z1.019608 F1000
G01 X77.0625 Y-93.412946 Z5.019608 F1000
G01 X77.006696 Y-93.412946 Z8.156863 F1000
G01 X76.950893 Y-93.412946 Z9.647059 F1000
G01 X76.895089 Y-93.412946 Z9.843137 F1000
G01 X76.839286 Y-93.412946 Z9.960784 F1000
G01 X76.783482 Y-93.412946 Z10 F1000
G01 X23.212054 Y-93.412946 Z10 F1000
G01 X23.15625 Y-93.412946 Z9.921569 F1000
G01 X23.100446 Y-93.412946 Z9.843137 F1000
G01 X23.044643 Y-93.412946 Z8.745098 F1000
G01 X22.988839 Y-93.412946 Z4.627451 F1000
G01 X22.933036 Y-93.412946 Z1.764706 F1000
G01 X22.877232 Y-93.412946 Z0.823529 F1000
G01 X22.821429 Y-93.412946 Z0.705882 F1000
G01 X22.709821 Y-93.412946 Z0.705882 F1000
G01 X22.654018 Y-93.412946 Z0.54902 F1000
G01 X22.598214 Y-93.412946 Z0.470588 F1000
G01 X22.542411 Y-93.412946 Z0.27451 F1000
G01 X21.928571 Y-93.412946 Z0.27451 F1000
G01 X21.872768 Y-93.412946 Z0.117647 F1000
G01 X21.705357 Y-93.412946 Z0.117647 F1000
G01 X21.649554 Y-93.412946 Z0.156863 F1000
G01 X21.370536 Y-93.412946 Z0.156863 F1000
G01 X21.314732 Y-93.412946 Z0.196078 F1000
G01 X21.258929 Y-93.412946 Z0.54902 F1000
G01 X21.203125 Y-93.412946 Z0.666667 F1000
G01 X21.147321 Y-93.412946 Z0.666667 F1000
G01 X21.091518 Y-93.412946 Z1.058824 F1000
G01 X21.035714 Y-93.412946 Z2.705882 F1000
G01 X20.979911 Y-93.412946 Z7.490196 F1000
G01 X20.924107 Y-93.412946 Z9.764706 F1000
G01 X20.868304 Y-93.412946 Z9.882353 F1000
G01 X20.8125 Y-93.412946 Z9.960784 F1000
G01 X20.756696 Y-93.412946 Z10 F1000
G01 X0.444196 Y-93.412946 Z10 F1000
G01 X0.444196 Y-93.46875 Z10 F1000
G01 X0.444196 Y-93.524554 Z10 F1000
G01 X0.444196 Y-93.580357 Z10 F1000
G01 X0.444196 Y-93.636161 Z10 F1000
G01 X0.444196 Y-93.691964 Z10 F1000
G01 X0.444196 Y-93.747768 Z10 F1000
G01 X0.444196 Y-93.803571 Z10 F1000
G01 X0.444196 Y-93.859375 Z10 F1000
G01 X0.444196 Y-93.915179 Z10 F1000
G01 X99.551339 Y-93.915179 Z10 F1000
G01 X99.551339 Y-93.970982 Z10 F1000
G01 X99.551339 Y-94.026786 Z10 F1000
G01 X99.551339 Y-94.082589 Z10 F1000
G01 X99.551339 Y-94.138393 Z10 F1000
G01 X99.551339 Y-94.194196 Z10 F1000
G01 X99.551339 Y-94.25 Z10 F1000
G01 X99.551339 Y-94.305804 Z10 F1000
G01 X99.551339 Y-94.361607 Z10 F1000
G01 X99.551339 Y-94.417411 Z10 F1000
G01 X0.444196 Y-94.417411 Z10 F1000
G01 X0.444196 Y-94.473214 Z10 F1000
G01 X0.444196 Y-94.529018 Z10 F1000
G01 X0.444196 Y-94.584821 Z10 F1000
G01 X0.444196 Y-94.640625 Z10 F1000
G01 X0.444196 Y-94.696429 Z10 F1000
G01 X0.444196 Y-94.752232 Z10 F1000
G01 X0.444196 Y-94.808036 Z10 F1000
G01 X0.444196 Y-94.863839 Z10 F1000
G01 X0.444196 Y-94.919643 Z10 F1000
G01 X99.551339 Y-94.919643 Z10 F1000
G01 X99.551339 Y-94.975446 Z10 F1000
G01 X99.551339 Y-95.03125 Z10 F1000
G01 X99.551339 Y-95.087054 Z10 F1000
G01 X99.551339 Y-95.142857 Z10 F1000
G01 X99.551339 Y-95.198661 Z10 F1000
G01 X99.551339 Y-95.254464 Z10 F1000
G01 X99.551339 Y-95.310268 Z10 F1000
G01 X99.551339 Y-95.366071 Z10 F1000
G01 X99.551339 Y-95.421875 Z10 F1000
G01 X0.444196 Y-95.421875 Z10 F1000
G01 X0.444196 Y-95.477679 Z10 F1000
G01 X0.444196 Y-95.533482 Z10 F1000
G01 X0.444196 Y-95.589286 Z10 F1000
G01 X0.444196 Y-95.645089 Z10 F1000
G01 X0.444196 Y-95.700893 Z10 F1000
G01 X0.444196 Y-95.756696 Z10 F1000
G01 X0.444196 Y-95.8125 Z10 F1000
G01 X0.444196 Y-95.868304 Z10 F1000

G00 Z10 (EOP take Z up)
G00 X0 Y0 (Move to home)
(Generated in 25.28 sec.)
