G21 (Programming in millimeters)
G90 (Absolute programming)
G92 X0 Y0 Z10 (Tell the machine it is at 0, 0, 10)
G00 X0 Y-0.5 Z10 (Starting position)

G01 X0.67762 Y-0.5 Z10 F1000
G01 X99.611901 Y-0.5 Z10 F1000
G01 X99.611901 Y-0.67762 Z10 F1000
G01 X99.611901 Y-0.85524 Z10 F1000
G01 X99.611901 Y-1.03286 Z10 F1000
G01 X0.32238 Y-1.03286 Z10 F1000
G01 X0.32238 Y-1.21048 Z10 F1000
G01 X0.32238 Y-1.388099 Z10 F1000
G01 X0.32238 Y-1.565719 Z10 F1000
G01 X99.611901 Y-1.565719 Z10 F1000
G01 X99.611901 Y-1.743339 Z10 F1000
G01 X99.611901 Y-1.920959 Z10 F1000
G01 X99.611901 Y-2.098579 Z10 F1000
G01 X0.32238 Y-2.098579 Z10 F1000
G01 X0.32238 Y-2.276199 Z10 F1000
G01 X0.32238 Y-2.453819 Z10 F1000
G01 X0.32238 Y-2.631439 Z10 F1000
G01 X99.611901 Y-2.631439 Z10 F1000
G01 X99.611901 Y-2.809059 Z10 F1000
G01 X99.611901 Y-2.986679 Z10 F1000
G01 X99.611901 Y-3.164298 Z10 F1000
G01 X0.32238 Y-3.164298 Z10 F1000
G01 X0.32238 Y-3.341918 Z10 F1000
G01 X0.32238 Y-3.519538 Z10 F1000
G01 X0.32238 Y-3.697158 Z10 F1000
G01 X99.611901 Y-3.697158 Z10 F1000
G01 X99.611901 Y-3.874778 Z10 F1000
G01 X99.611901 Y-4.052398 Z10 F1000
G01 X99.611901 Y-4.230018 Z10 F1000
G01 X0.32238 Y-4.230018 Z10 F1000
G01 X0.32238 Y-4.407638 Z10 F1000
G01 X0.32238 Y-4.585258 Z10 F1000
G01 X0.32238 Y-4.762877 Z10 F1000
G01 X99.611901 Y-4.762877 Z10 F1000
G01 X99.611901 Y-4.940497 Z10 F1000
G01 X99.611901 Y-5.118117 Z10 F1000
G01 X99.611901 Y-5.295737 Z10 F1000
G01 X0.32238 Y-5.295737 Z10 F1000
G01 X0.32238 Y-5.473357 Z10 F1000
G01 X0.32238 Y-5.650977 Z10 F1000
G01 X0.32238 Y-5.828597 Z10 F1000
G01 X49.87833 Y-5.828597 Z10 F1000
G01 X50.05595 Y-5.828597 Z9.45098 F1000
G01 X50.23357 Y-5.828597 Z9.960784 F1000
G01 X50.41119 Y-5.828597 Z9.960784 F1000
G01 X50.58881 Y-5.828597 Z10 F1000
G01 X99.611901 Y-5.828597 Z10 F1000
G01 X99.611901 Y-6.006217 Z10 F1000
G01 X99.611901 Y-6.183837 Z10 F1000
G01 X99.611901 Y-6.361456 Z10 F1000
G01 X50.58881 Y-6.361456 Z10 F1000
G01 X50.41119 Y-6.361456 Z8.235294 F1000
G01 X50.23357 Y-6.361456 Z2.313725 F1000
G01 X50.05595 Y-6.361456 Z0.666667 F1000
G01 X49.87833 Y-6.361456 Z2.352941 F1000
G01 X49.70071 Y-6.361456 Z8.156863 F1000
G01 X49.523091 Y-6.361456 Z9.960784 F1000
G01 X49.345471 Y-6.361456 Z10 F1000
G01 X0.32238 Y-6.361456 Z10 F1000
G01 X0.32238 Y-6.539076 Z10 F1000
G01 X0.32238 Y-6.716696 Z10 F1000
G01 X0.32238 Y-6.894316 Z10 F1000
G01 X48.990231 Y-6.894316 Z10 F1000
G01 X49.167851 Y-6.894316 Z9.921569 F1000
G01 X49.345471 Y-6.894316 Z9.529412 F1000
G01 X49.523091 Y-6.894316 Z4.156863 F1000
G01 X49.70071 Y-6.894316 Z0.745098 F1000
G01 X49.87833 Y-6.894316 Z0.431373 F1000
G01 X50.05595 Y-6.894316 Z0.431373 F1000
G01 X50.23357 Y-6.894316 Z0.54902 F1000
G01 X50.41119 Y-6.894316 Z0.54902 F1000
G01 X50.58881 Y-6.894316 Z4 F1000
G01 X50.76643 Y-6.894316 Z9.607843 F1000
G01 X50.94405 Y-6.894316 Z9.803922 F1000
G01 X51.12167 Y-6.894316 Z10 F1000
G01 X99.611901 Y-6.894316 Z10 F1000
G01 X99.611901 Y-7.071936 Z10 F1000
G01 X99.611901 Y-7.249556 Z10 F1000
G01 X99.611901 Y-7.427176 Z10 F1000
G01 X51.29929 Y-7.427176 Z10 F1000
G01 X51.12167 Y-7.427176 Z9.882353 F1000
G01 X50.94405 Y-7.427176 Z5.647059 F1000
G01 X50.76643 Y-7.427176 Z0.588235 F1000
G01 X50.58881 Y-7.427176 Z2.156863 F1000
G01 X49.70071 Y-7.427176 Z2.156863 F1000
G01 X49.523091 Y-7.427176 Z1.843137 F1000
G01 X49.345471 Y-7.427176 Z0.666667 F1000
G01 X49.167851 Y-7.427176 Z5.294118 F1000
G01 X48.990231 Y-7.427176 Z9.843137 F1000
G01 X48.812611 Y-7.427176 Z10 F1000
G01 X0.32238 Y-7.427176 Z10 F1000
G01 X0.32238 Y-7.604796 Z10 F1000
G01 X0.32238 Y-7.782416 Z10 F1000
G01 X0.32238 Y-7.960036 Z10 F1000
G01 X48.457371 Y-7.960036 Z10 F1000
G01 X48.634991 Y-7.960036 Z9.921569 F1000
G01 X48.812611 Y-7.960036 Z7.372549 F1000
G01 X48.990231 Y-7.960036 Z1.333333 F1000
G01 X49.167851 Y-7.960036 Z1.294118 F1000
G01 X49.345471 Y-7.960036 Z8.078431 F1000
G01 X49.523091 Y-7.960036 Z9.333333 F1000
G01 X49.70071 Y-7.960036 Z9.960784 F1000
G01 X50.58881 Y-7.960036 Z9.960784 F1000
G01 X50.76643 Y-7.960036 Z7.529412 F1000
G01 X50.94405 Y-7.960036 Z1.058824 F1000
G01 X51.12167 Y-7.960036 Z0.901961 F1000
G01 X51.29929 Y-7.960036 Z7.098039 F1000
G01 X51.476909 Y-7.960036 Z10 F1000
G01 X99.611901 Y-7.960036 Z10 F1000
G01 X99.611901 Y-8.137655 Z10 F1000
G01 X99.611901 Y-8.315275 Z10 F1000
G01 X99.611901 Y-8.492895 Z10 F1000
G01 X52.187389 Y-8.492895 Z10 F1000
G01 X52.009769 Y-8.492895 Z9.882353 F1000
G01 X51.832149 Y-8.492895 Z9.882353 F1000
G01 X51.654529 Y-8.492895 Z8.431373 F1000
G01 X51.476909 Y-8.492895 Z2.980392 F1000
G01 X51.29929 Y-8.492895 Z0.509804 F1000
G01 X51.12167 Y-8.492895 Z5.686275 F1000
G01 X50.94405 Y-8.492895 Z10 F1000
G01 X50.05595 Y-8.492895 Z10 F1000
G01 X49.87833 Y-8.492895 Z9.960784 F1000
G01 X49.70071 Y-8.492895 Z9.960784 F1000
G01 X49.523091 Y-8.492895 Z9.764706 F1000
G01 X49.345471 Y-8.492895 Z9.764706 F1000
G01 X49.167851 Y-8.492895 Z9.72549 F1000
G01 X48.990231 Y-8.492895 Z5.764706 F1000
G01 X48.812611 Y-8.492895 Z0.823529 F1000
G01 X48.634991 Y-8.492895 Z2.352941 F1000
G01 X48.457371 Y-8.492895 Z8.588235 F1000
G01 X48.279751 Y-8.492895 Z9.882353 F1000
G01 X48.102131 Y-8.492895 Z10 F1000
G01 X0.32238 Y-8.492895 Z10 F1000
G01 X0.32238 Y-8.670515 Z10 F1000
G01 X0.32238 Y-8.848135 Z10 F1000
G01 X0.32238 Y-9.025755 Z10 F1000
G01 X47.746892 Y-9.025755 Z10 F1000
G01 X47.924512 Y-9.025755 Z9.921569 F1000
G01 X48.102131 Y-9.025755 Z9.019608 F1000
G01 X48.279751 Y-9.025755 Z4.54902 F1000
G01 X48.457371 Y-9.025755 Z0.627451 F1000
G01 X48.634991 Y-9.025755 Z3.647059 F1000
G01 X48.812611 Y-9.025755 Z9.490196 F1000
G01 X48.990231 Y-9.025755 Z9.921569 F1000
G01 X49.167851 Y-9.025755 Z9.921569 F1000
G01 X49.345471 Y-9.025755 Z10 F1000
G01 X51.12167 Y-9.025755 Z10 F1000
G01 X51.29929 Y-9.025755 Z8.705882 F1000
G01 X51.476909 Y-9.025755 Z4.431373 F1000
G01 X51.654529 Y-9.025755 Z0.823529 F1000
G01 X51.832149 Y-9.025755 Z4.235294 F1000
G01 X52.009769 Y-9.025755 Z9.568627 F1000
G01 X52.187389 Y-9.025755 Z10 F1000
G01 X99.611901 Y-9.025755 Z10 F1000
G01 X99.611901 Y-9.203375 Z10 F1000
G01 X99.611901 Y-9.380995 Z10 F1000
G01 X99.611901 Y-9.558615 Z10 F1000
G01 X52.542629 Y-9.558615 Z10 F1000
G01 X52.365009 Y-9.558615 Z9.411765 F1000
G01 X52.187389 Y-9.558615 Z5.843137 F1000
G01 X52.009769 Y-9.558615 Z0.54902 F1000
G01 X51.832149 Y-9.558615 Z2.745098 F1000
G01 X51.654529 Y-9.558615 Z8.27451 F1000
G01 X51.476909 Y-9.558615 Z9.960784 F1000
G01 X51.29929 Y-9.558615 Z9.960784 F1000
G01 X51.12167 Y-9.558615 Z10 F1000
G01 X49.167851 Y-9.558615 Z10 F1000
G01 X48.990231 Y-9.558615 Z9.960784 F1000
G01 X48.634991 Y-9.558615 Z9.960784 F1000
G01 X48.457371 Y-9.558615 Z8.431373 F1000
G01 X48.279751 Y-9.558615 Z2.54902 F1000
G01 X48.102131 Y-9.558615 Z1.058824 F1000
G01 X47.924512 Y-9.558615 Z5.843137 F1000
G01 X47.746892 Y-9.558615 Z9.137255 F1000
G01 X47.569272 Y-9.558615 Z10 F1000
G01 X0.32238 Y-9.558615 Z10 F1000
G01 X0.32238 Y-9.736234 Z10 F1000
G01 X0.32238 Y-9.913854 Z10 F1000
G01 X0.32238 Y-10.091474 Z10 F1000
G01 X47.036412 Y-10.091474 Z10 F1000
G01 X47.214032 Y-10.091474 Z9.960784 F1000
G01 X47.391652 Y-10.091474 Z9.960784 F1000
G01 X47.569272 Y-10.091474 Z7.333333 F1000
G01 X47.746892 Y-10.091474 Z2.196078 F1000
G01 X47.924512 Y-10.091474 Z1.568627 F1000
G01 X48.102131 Y-10.091474 Z6.862745 F1000
G01 X48.279751 Y-10.091474 Z10 F1000
G01 X51.654529 Y-10.091474 Z10 F1000
G01 X51.832149 Y-10.091474 Z9.921569 F1000
G01 X52.009769 Y-10.091474 Z6.941176 F1000
G01 X52.187389 Y-10.091474 Z1.647059 F1000
G01 X52.365009 Y-10.091474 Z1.882353 F1000
G01 X52.542629 Y-10.091474 Z7.686275 F1000
G01 X52.720249 Y-10.091474 Z9.647059 F1000
G01 X52.897869 Y-10.091474 Z10 F1000
G01 X99.611901 Y-10.091474 Z10 F1000
G01 X99.611901 Y-10.269094 Z10 F1000
G01 X99.611901 Y-10.446714 Z10 F1000
G01 X99.611901 Y-10.624334 Z10 F1000
G01 X53.253108 Y-10.624334 Z10 F1000
G01 X53.075488 Y-10.624334 Z9.843137 F1000
G01 X52.897869 Y-10.624334 Z8.941176 F1000
G01 X52.720249 Y-10.624334 Z2.980392 F1000
G01 X52.542629 Y-10.624334 Z0.627451 F1000
G01 X52.365009 Y-10.624334 Z5.529412 F1000
G01 X52.187389 Y-10.624334 Z9.176471 F1000
G01 X52.009769 Y-10.624334 Z9.960784 F1000
G01 X51.832149 Y-10.624334 Z10 F1000
G01 X48.279751 Y-10.624334 Z10 F1000
G01 X48.102131 Y-10.624334 Z9.843137 F1000
G01 X47.924512 Y-10.624334 Z9.254902 F1000
G01 X47.746892 Y-10.624334 Z5.294118 F1000
G01 X47.569272 Y-10.624334 Z0.627451 F1000
G01 X47.391652 Y-10.624334 Z3.058824 F1000
G01 X47.214032 Y-10.624334 Z8.862745 F1000
G01 X47.036412 Y-10.624334 Z9.764706 F1000
G01 X46.858792 Y-10.624334 Z10 F1000
G01 X0.32238 Y-10.624334 Z10 F1000
G01 X0.32238 Y-10.801954 Z10 F1000
G01 X0.32238 Y-10.979574 Z10 F1000
G01 X0.32238 Y-11.157194 Z10 F1000
G01 X46.503552 Y-11.157194 Z10 F1000
G01 X46.681172 Y-11.157194 Z9.843137 F1000
G01 X46.858792 Y-11.157194 Z9.137255 F1000
G01 X47.036412 Y-11.157194 Z5.372549 F1000
G01 X47.214032 Y-11.157194 Z0.470588 F1000
G01 X47.391652 Y-11.157194 Z3.372549 F1000
G01 X47.569272 Y-11.157194 Z9.176471 F1000
G01 X47.746892 Y-11.157194 Z9.882353 F1000
G01 X47.924512 Y-11.157194 Z9.960784 F1000
G01 X48.102131 Y-11.157194 Z10 F1000
G01 X52.009769 Y-11.157194 Z10 F1000
G01 X52.187389 Y-11.157194 Z9.960784 F1000
G01 X52.365009 Y-11.157194 Z9.764706 F1000
G01 X52.542629 Y-11.157194 Z9.254902 F1000
G01 X52.720249 Y-11.157194 Z3.137255 F1000
G01 X52.897869 Y-11.157194 Z0.509804 F1000
G01 X53.075488 Y-11.157194 Z4.901961 F1000
G01 X53.253108 Y-11.157194 Z9.607843 F1000
G01 X53.430728 Y-11.157194 Z9.607843 F1000
G01 X53.608348 Y-11.157194 Z9.764706 F1000
G01 X53.785968 Y-11.157194 Z9.882353 F1000
G01 X53.963588 Y-11.157194 Z10 F1000
G01 X99.611901 Y-11.157194 Z10 F1000
G01 X99.611901 Y-11.334813 Z10 F1000
G01 X99.611901 Y-11.512433 Z10 F1000
G01 X99.611901 Y-11.690053 Z10 F1000
G01 X53.963588 Y-11.690053 Z10 F1000
G01 X53.785968 Y-11.690053 Z9.843137 F1000
G01 X53.608348 Y-11.690053 Z9.764706 F1000
G01 X53.430728 Y-11.690053 Z6.784314 F1000
G01 X53.253108 Y-11.690053 Z0.666667 F1000
G01 X53.075488 Y-11.690053 Z1.764706 F1000
G01 X52.897869 Y-11.690053 Z7.921569 F1000
G01 X52.720249 Y-11.690053 Z9.843137 F1000
G01 X52.542629 Y-11.690053 Z10 F1000
G01 X47.391652 Y-11.690053 Z10 F1000
G01 X47.214032 Y-11.690053 Z8.196078 F1000
G01 X47.036412 Y-11.690053 Z1.45098 F1000
G01 X46.858792 Y-11.690053 Z0.823529 F1000
G01 X46.681172 Y-11.690053 Z7.098039 F1000
G01 X46.503552 Y-11.690053 Z9.529412 F1000
G01 X46.325933 Y-11.690053 Z9.803922 F1000
G01 X46.148313 Y-11.690053 Z10 F1000
G01 X0.32238 Y-11.690053 Z10 F1000
G01 X0.32238 Y-11.867673 Z10 F1000
G01 X0.32238 Y-12.045293 Z10 F1000
G01 X0.32238 Y-12.222913 Z10 F1000
G01 X45.260213 Y-12.222913 Z10 F1000
G01 X45.437833 Y-12.222913 Z9.960784 F1000
G01 X45.970693 Y-12.222913 Z9.960784 F1000
G01 X46.148313 Y-12.222913 Z9.921569 F1000
G01 X46.325933 Y-12.222913 Z8.156863 F1000
G01 X46.503552 Y-12.222913 Z2 F1000
G01 X46.681172 Y-12.222913 Z1.137255 F1000
G01 X46.858792 Y-12.222913 Z6.156863 F1000
G01 X47.036412 Y-12.222913 Z9.921569 F1000
G01 X47.214032 Y-12.222913 Z10 F1000
G01 X53.075488 Y-12.222913 Z10 F1000
G01 X53.253108 Y-12.222913 Z6.509804 F1000
G01 X53.430728 Y-12.222913 Z0.666667 F1000
G01 X53.608348 Y-12.222913 Z1.529412 F1000
G01 X53.785968 Y-12.222913 Z8.509804 F1000
G01 X53.963588 Y-12.222913 Z9.882353 F1000
G01 X54.141208 Y-12.222913 Z9.921569 F1000
G01 X54.318828 Y-12.222913 Z9.921569 F1000
G01 X54.496448 Y-12.222913 Z10 F1000
G01 X99.611901 Y-12.222913 Z10 F1000
G01 X99.611901 Y-12.400533 Z10 F1000
G01 X99.611901 Y-12.578153 Z10 F1000
G01 X99.611901 Y-12.755773 Z10 F1000
G01 X54.496448 Y-12.755773 Z10 F1000
G01 X54.318828 Y-12.755773 Z9.921569 F1000
G01 X54.141208 Y-12.755773 Z9.333333 F1000
G01 X53.963588 Y-12.755773 Z3.411765 F1000
G01 X53.785968 Y-12.755773 Z0.745098 F1000
G01 X53.608348 Y-12.755773 Z4.862745 F1000
G01 X53.430728 Y-12.755773 Z9.764706 F1000
G01 X53.253108 Y-12.755773 Z9.843137 F1000
G01 X53.075488 Y-12.755773 Z10 F1000
G01 X47.036412 Y-12.755773 Z10 F1000
G01 X46.858792 Y-12.755773 Z9.921569 F1000
G01 X46.681172 Y-12.755773 Z9.411765 F1000
G01 X46.503552 Y-12.755773 Z5.098039 F1000
G01 X46.325933 Y-12.755773 Z0.509804 F1000
G01 X46.148313 Y-12.755773 Z2.509804 F1000
G01 X45.970693 Y-12.755773 Z9.803922 F1000
G01 X45.793073 Y-12.755773 Z9.960784 F1000
G01 X45.437833 Y-12.755773 Z9.960784 F1000
G01 X45.260213 Y-12.755773 Z10 F1000
G01 X0.32238 Y-12.755773 Z10 F1000
G01 X0.32238 Y-12.933393 Z10 F1000
G01 X0.32238 Y-13.111012 Z10 F1000
G01 X0.32238 Y-13.288632 Z10 F1000
G01 X45.260213 Y-13.288632 Z10 F1000
G01 X45.437833 Y-13.288632 Z9.921569 F1000
G01 X45.615453 Y-13.288632 Z9.568627 F1000
G01 X45.793073 Y-13.288632 Z5.137255 F1000
G01 X45.970693 Y-13.288632 Z0.54902 F1000
G01 X46.148313 Y-13.288632 Z2.901961 F1000
G01 X46.325933 Y-13.288632 Z9.137255 F1000
G01 X46.503552 Y-13.288632 Z9.960784 F1000
G01 X46.681172 Y-13.288632 Z9.960784 F1000
G01 X46.858792 Y-13.288632 Z10 F1000
G01 X53.430728 Y-13.288632 Z10 F1000
G01 X53.608348 Y-13.288632 Z9.882353 F1000
G01 X53.785968 Y-13.288632 Z9.333333 F1000
G01 X53.963588 Y-13.288632 Z3.019608 F1000
G01 X54.141208 Y-13.288632 Z0.745098 F1000
G01 X54.318828 Y-13.288632 Z5.137255 F1000
G01 X54.496448 Y-13.288632 Z9.960784 F1000
G01 X54.674067 Y-13.288632 Z9.960784 F1000
G01 X54.851687 Y-13.288632 Z10 F1000
G01 X99.611901 Y-13.288632 Z10 F1000
G01 X99.611901 Y-13.466252 Z10 F1000
G01 X99.611901 Y-13.643872 Z10 F1000
G01 X99.611901 Y-13.821492 Z10 F1000
G01 X55.384547 Y-13.821492 Z10 F1000
G01 X55.206927 Y-13.821492 Z9.921569 F1000
G01 X55.029307 Y-13.821492 Z9.921569 F1000
G01 X54.851687 Y-13.821492 Z9.882353 F1000
G01 X54.674067 Y-13.821492 Z6.862745 F1000
G01 X54.496448 Y-13.821492 Z1.019608 F1000
G01 X54.318828 Y-13.821492 Z1.960784 F1000
G01 X54.141208 Y-13.821492 Z7.294118 F1000
G01 X53.963588 Y-13.821492 Z10 F1000
G01 X46.858792 Y-13.821492 Z10 F1000
G01 X46.681172 Y-13.821492 Z9.960784 F1000
G01 X46.503552 Y-13.821492 Z9.960784 F1000
G01 X46.325933 Y-13.821492 Z9.843137 F1000
G01 X46.148313 Y-13.821492 Z9.529412 F1000
G01 X45.970693 Y-13.821492 Z8.235294 F1000
G01 X45.793073 Y-13.821492 Z1.45098 F1000
G01 X45.615453 Y-13.821492 Z1.372549 F1000
G01 X45.437833 Y-13.821492 Z6.666667 F1000
G01 X45.260213 Y-13.821492 Z9.607843 F1000
G01 X45.082593 Y-13.821492 Z9.843137 F1000
G01 X44.904973 Y-13.821492 Z10 F1000
G01 X0.32238 Y-13.821492 Z10 F1000
G01 X0.32238 Y-13.999112 Z10 F1000
G01 X0.32238 Y-14.176732 Z10 F1000
G01 X0.32238 Y-14.354352 Z10 F1000
G01 X44.904973 Y-14.354352 Z10 F1000
G01 X45.082593 Y-14.354352 Z8.196078 F1000
G01 X45.260213 Y-14.354352 Z2.470588 F1000
G01 X45.437833 Y-14.354352 Z1.215686 F1000
G01 X45.615453 Y-14.354352 Z5.803922 F1000
G01 X45.793073 Y-14.354352 Z10 F1000
G01 X54.141208 Y-14.354352 Z10 F1000
G01 X54.318828 Y-14.354352 Z9.882353 F1000
G01 X54.496448 Y-14.354352 Z6.156863 F1000
G01 X54.674067 Y-14.354352 Z1.019608 F1000
G01 X54.851687 Y-14.354352 Z2.509804 F1000
G01 X55.029307 Y-14.354352 Z8.392157 F1000
G01 X55.206927 Y-14.354352 Z9.882353 F1000
G01 X55.384547 Y-14.354352 Z10 F1000
G01 X99.611901 Y-14.354352 Z10 F1000
G01 X99.611901 Y-14.531972 Z10 F1000
G01 X99.611901 Y-14.709591 Z10 F1000
G01 X99.611901 Y-14.887211 Z10 F1000
G01 X55.562167 Y-14.887211 Z10 F1000
G01 X55.384547 Y-14.887211 Z9.058824 F1000
G01 X55.206927 Y-14.887211 Z4.078431 F1000
G01 X55.029307 Y-14.887211 Z0.666667 F1000
G01 X54.851687 Y-14.887211 Z4.352941 F1000
G01 X54.674067 Y-14.887211 Z9.058824 F1000
G01 X54.496448 Y-14.887211 Z10 F1000
G01 X45.615453 Y-14.887211 Z10 F1000
G01 X45.437833 Y-14.887211 Z9.098039 F1000
G01 X45.260213 Y-14.887211 Z4.705882 F1000
G01 X45.082593 Y-14.887211 Z0.941176 F1000
G01 X44.904973 Y-14.887211 Z3.921569 F1000
G01 X44.727353 Y-14.887211 Z9.294118 F1000
G01 X44.549734 Y-14.887211 Z10 F1000
G01 X0.32238 Y-14.887211 Z10 F1000
G01 X0.32238 Y-15.064831 Z10 F1000
G01 X0.32238 Y-15.242451 Z10 F1000
G01 X0.32238 Y-15.420071 Z10 F1000
G01 X44.016874 Y-15.420071 Z10 F1000
G01 X44.194494 Y-15.420071 Z9.843137 F1000
G01 X44.372114 Y-15.420071 Z9.843137 F1000
G01 X44.549734 Y-15.420071 Z5.764706 F1000
G01 X44.727353 Y-15.420071 Z0.784314 F1000
G01 X44.904973 Y-15.420071 Z2.941176 F1000
G01 X45.082593 Y-15.420071 Z8.941176 F1000
G01 X45.260213 Y-15.420071 Z9.882353 F1000
G01 X45.437833 Y-15.420071 Z10 F1000
G01 X54.674067 Y-15.420071 Z10 F1000
G01 X54.851687 Y-15.420071 Z9.921569 F1000
G01 X55.029307 Y-15.420071 Z8.901961 F1000
G01 X55.206927 Y-15.420071 Z2.392157 F1000
G01 X55.384547 Y-15.420071 Z0.627451 F1000
G01 X55.562167 Y-15.420071 Z6 F1000
G01 X55.739787 Y-15.420071 Z10 F1000
G01 X99.611901 Y-15.420071 Z10 F1000
G01 X99.611901 Y-15.597691 Z10 F1000
G01 X99.611901 Y-15.775311 Z10 F1000
G01 X99.611901 Y-15.952931 Z10 F1000
G01 X56.450266 Y-15.952931 Z10 F1000
G01 X56.272647 Y-15.952931 Z9.921569 F1000
G01 X56.095027 Y-15.952931 Z9.843137 F1000
G01 X55.917407 Y-15.952931 Z7.882353 F1000
G01 X55.739787 Y-15.952931 Z0.941176 F1000
G01 X55.562167 Y-15.952931 Z0.941176 F1000
G01 X55.384547 Y-15.952931 Z7.45098 F1000
G01 X55.206927 Y-15.952931 Z9.607843 F1000
G01 X55.029307 Y-15.952931 Z9.882353 F1000
G01 X54.851687 Y-15.952931 Z10 F1000
G01 X45.437833 Y-15.952931 Z10 F1000
G01 X45.260213 Y-15.952931 Z9.960784 F1000
G01 X45.082593 Y-15.952931 Z9.882353 F1000
G01 X44.904973 Y-15.952931 Z9.686275 F1000
G01 X44.727353 Y-15.952931 Z7.529412 F1000
G01 X44.549734 Y-15.952931 Z1.254902 F1000
G01 X44.372114 Y-15.952931 Z1.529412 F1000
G01 X44.194494 Y-15.952931 Z7.215686 F1000
G01 X44.016874 Y-15.952931 Z10 F1000
G01 X0.32238 Y-15.952931 Z10 F1000
G01 X0.32238 Y-16.130551 Z10 F1000
G01 X0.32238 Y-16.308171 Z10 F1000
G01 X0.32238 Y-16.48579 Z10 F1000
G01 X43.128774 Y-16.48579 Z10 F1000
G01 X43.306394 Y-16.48579 Z9.960784 F1000
G01 X43.484014 Y-16.48579 Z9.960784 F1000
G01 X43.661634 Y-16.48579 Z9.607843 F1000
G01 X43.839254 Y-16.48579 Z8.941176 F1000
G01 X44.016874 Y-16.48579 Z2.509804 F1000
G01 X44.194494 Y-16.48579 Z0.627451 F1000
G01 X44.372114 Y-16.48579 Z5.803922 F1000
G01 X44.549734 Y-16.48579 Z9.921569 F1000
G01 X44.727353 Y-16.48579 Z9.960784 F1000
G01 X45.260213 Y-16.48579 Z9.960784 F1000
G01 X45.437833 Y-16.48579 Z10 F1000
G01 X55.384547 Y-16.48579 Z10 F1000
G01 X55.562167 Y-16.48579 Z9.215686 F1000
G01 X55.739787 Y-16.48579 Z5.882353 F1000
G01 X55.917407 Y-16.48579 Z0.627451 F1000
G01 X56.095027 Y-16.48579 Z2.54902 F1000
G01 X56.272647 Y-16.48579 Z8.588235 F1000
G01 X56.450266 Y-16.48579 Z9.882353 F1000
G01 X56.627886 Y-16.48579 Z9.960784 F1000
G01 X56.805506 Y-16.48579 Z10 F1000
G01 X99.611901 Y-16.48579 Z10 F1000
G01 X99.611901 Y-16.66341 Z10 F1000
G01 X99.611901 Y-16.84103 Z10 F1000
G01 X99.611901 Y-17.01865 Z10 F1000
G01 X56.805506 Y-17.01865 Z10 F1000
G01 X56.627886 Y-17.01865 Z9.372549 F1000
G01 X56.450266 Y-17.01865 Z4.156863 F1000
G01 X56.272647 Y-17.01865 Z0.470588 F1000
G01 X56.095027 Y-17.01865 Z3.764706 F1000
G01 X55.917407 Y-17.01865 Z9.490196 F1000
G01 X55.739787 Y-17.01865 Z9.647059 F1000
G01 X55.562167 Y-17.01865 Z10 F1000
G01 X44.727353 Y-17.01865 Z10 F1000
G01 X44.549734 Y-17.01865 Z9.960784 F1000
G01 X44.372114 Y-17.01865 Z9.921569 F1000
G01 X44.194494 Y-17.01865 Z9.45098 F1000
G01 X44.016874 Y-17.01865 Z3.45098 F1000
G01 X43.839254 Y-17.01865 Z0.588235 F1000
G01 X43.661634 Y-17.01865 Z3.921569 F1000
G01 X43.484014 Y-17.01865 Z9.607843 F1000
G01 X43.306394 Y-17.01865 Z9.882353 F1000
G01 X43.128774 Y-17.01865 Z10 F1000
G01 X0.32238 Y-17.01865 Z10 F1000
G01 X0.32238 Y-17.19627 Z10 F1000
G01 X0.32238 Y-17.37389 Z10 F1000
G01 X0.32238 Y-17.55151 Z10 F1000
G01 X42.773535 Y-17.55151 Z10 F1000
G01 X42.951155 Y-17.55151 Z9.803922 F1000
G01 X43.128774 Y-17.55151 Z9.764706 F1000
G01 X43.306394 Y-17.55151 Z6.470588 F1000
G01 X43.484014 Y-17.55151 Z0.705882 F1000
G01 X43.661634 Y-17.55151 Z2.27451 F1000
G01 X43.839254 Y-17.55151 Z8.54902 F1000
G01 X44.016874 Y-17.55151 Z9.921569 F1000
G01 X44.194494 Y-17.55151 Z9.921569 F1000
G01 X44.372114 Y-17.55151 Z10 F1000
G01 X55.917407 Y-17.55151 Z10 F1000
G01 X56.095027 Y-17.55151 Z9.960784 F1000
G01 X56.272647 Y-17.55151 Z8.392157 F1000
G01 X56.450266 Y-17.55151 Z2.039216 F1000
G01 X56.627886 Y-17.55151 Z0.862745 F1000
G01 X56.805506 Y-17.55151 Z5.960784 F1000
G01 X56.983126 Y-17.55151 Z10 F1000
G01 X99.611901 Y-17.55151 Z10 F1000
G01 X99.611901 Y-17.72913 Z10 F1000
G01 X99.611901 Y-17.90675 Z10 F1000
G01 X99.611901 Y-18.084369 Z10 F1000
G01 X57.693606 Y-18.084369 Z10 F1000
G01 X57.515986 Y-18.084369 Z9.960784 F1000
G01 X57.338366 Y-18.084369 Z9.607843 F1000
G01 X57.160746 Y-18.084369 Z7.764706 F1000
G01 X56.983126 Y-18.084369 Z1.72549 F1000
G01 X56.805506 Y-18.084369 Z1.254902 F1000
G01 X56.627886 Y-18.084369 Z6.54902 F1000
G01 X56.450266 Y-18.084369 Z9.843137 F1000
G01 X56.272647 Y-18.084369 Z9.882353 F1000
G01 X56.095027 Y-18.084369 Z9.960784 F1000
G01 X55.917407 Y-18.084369 Z10 F1000
G01 X43.839254 Y-18.084369 Z10 F1000
G01 X43.661634 Y-18.084369 Z9.843137 F1000
G01 X43.484014 Y-18.084369 Z6.980392 F1000
G01 X43.306394 Y-18.084369 Z1.019608 F1000
G01 X43.128774 Y-18.084369 Z1.764706 F1000
G01 X42.951155 Y-18.084369 Z7.568627 F1000
G01 X42.773535 Y-18.084369 Z9.921569 F1000
G01 X42.595915 Y-18.084369 Z10 F1000
G01 X0.32238 Y-18.084369 Z10 F1000
G01 X0.32238 Y-18.261989 Z10 F1000
G01 X0.32238 Y-18.439609 Z10 F1000
G01 X0.32238 Y-18.617229 Z10 F1000
G01 X42.240675 Y-18.617229 Z10 F1000
G01 X42.418295 Y-18.617229 Z9.960784 F1000
G01 X42.595915 Y-18.617229 Z8.823529 F1000
G01 X42.773535 Y-18.617229 Z3.333333 F1000
G01 X42.951155 Y-18.617229 Z0.666667 F1000
G01 X43.128774 Y-18.617229 Z5.294118 F1000
G01 X43.306394 Y-18.617229 Z9.921569 F1000
G01 X43.661634 Y-18.617229 Z9.921569 F1000
G01 X43.839254 Y-18.617229 Z10 F1000
G01 X56.095027 Y-18.617229 Z10 F1000
G01 X56.272647 Y-18.617229 Z9.960784 F1000
G01 X56.450266 Y-18.617229 Z9.882353 F1000
G01 X56.627886 Y-18.617229 Z9.764706 F1000
G01 X56.805506 Y-18.617229 Z9.647059 F1000
G01 X56.983126 Y-18.617229 Z5.215686 F1000
G01 X57.160746 Y-18.617229 Z0.588235 F1000
G01 X57.338366 Y-18.617229 Z3.254902 F1000
G01 X57.515986 Y-18.617229 Z8.823529 F1000
G01 X57.693606 Y-18.617229 Z10 F1000
G01 X99.611901 Y-18.617229 Z10 F1000
G01 X99.611901 Y-18.794849 Z10 F1000
G01 X99.611901 Y-18.972469 Z10 F1000
G01 X99.611901 Y-19.150089 Z10 F1000
G01 X58.226465 Y-19.150089 Z10 F1000
G01 X58.048845 Y-19.150089 Z9.882353 F1000
G01 X57.871226 Y-19.150089 Z9.803922 F1000
G01 X57.693606 Y-19.150089 Z4.862745 F1000
G01 X57.515986 Y-19.150089 Z0.980392 F1000
G01 X57.338366 Y-19.150089 Z3.764706 F1000
G01 X57.160746 Y-19.150089 Z8.862745 F1000
G01 X56.983126 Y-19.150089 Z10 F1000
G01 X43.128774 Y-19.150089 Z10 F1000
G01 X42.951155 Y-19.150089 Z8.980392 F1000
G01 X42.773535 Y-19.150089 Z3.568627 F1000
G01 X42.595915 Y-19.150089 Z0.823529 F1000
G01 X42.418295 Y-19.150089 Z5.098039 F1000
G01 X42.240675 Y-19.150089 Z9.529412 F1000
G01 X42.063055 Y-19.150089 Z9.803922 F1000
G01 X41.885435 Y-19.150089 Z10 F1000
G01 X0.32238 Y-19.150089 Z10 F1000
G01 X0.32238 Y-19.327709 Z10 F1000
G01 X0.32238 Y-19.505329 Z10 F1000
G01 X0.32238 Y-19.682948 Z10 F1000
G01 X41.885435 Y-19.682948 Z10 F1000
G01 X42.063055 Y-19.682948 Z6.745098 F1000
G01 X42.240675 Y-19.682948 Z0.823529 F1000
G01 X42.418295 Y-19.682948 Z1.411765 F1000
G01 X42.595915 Y-19.682948 Z8.352941 F1000
G01 X42.773535 Y-19.682948 Z9.960784 F1000
G01 X42.951155 Y-19.682948 Z10 F1000
G01 X56.983126 Y-19.682948 Z10 F1000
G01 X57.160746 Y-19.682948 Z9.764706 F1000
G01 X57.338366 Y-19.682948 Z9.72549 F1000
G01 X57.515986 Y-19.682948 Z8.039216 F1000
G01 X57.693606 Y-19.682948 Z1.882353 F1000
G01 X57.871226 Y-19.682948 Z0.980392 F1000
G01 X58.048845 Y-19.682948 Z7.254902 F1000
G01 X58.226465 Y-19.682948 Z9.372549 F1000
G01 X58.404085 Y-19.682948 Z10 F1000
G01 X99.611901 Y-19.682948 Z10 F1000
G01 X99.611901 Y-19.860568 Z10 F1000
G01 X99.611901 Y-20.038188 Z10 F1000
G01 X99.611901 Y-20.215808 Z10 F1000
G01 X58.581705 Y-20.215808 Z10 F1000
G01 X58.404085 Y-20.215808 Z8.156863 F1000
G01 X58.226465 Y-20.215808 Z1.803922 F1000
G01 X58.048845 Y-20.215808 Z0.588235 F1000
G01 X57.871226 Y-20.215808 Z6 F1000
G01 X57.693606 Y-20.215808 Z9.843137 F1000
G01 X57.515986 Y-20.215808 Z9.960784 F1000
G01 X57.160746 Y-20.215808 Z9.960784 F1000
G01 X56.983126 Y-20.215808 Z10 F1000
G01 X42.595915 Y-20.215808 Z10 F1000
G01 X42.418295 Y-20.215808 Z9.882353 F1000
G01 X42.240675 Y-20.215808 Z6.705882 F1000
G01 X42.063055 Y-20.215808 Z0.745098 F1000
G01 X41.885435 Y-20.215808 Z1.764706 F1000
G01 X41.707815 Y-20.215808 Z8.313725 F1000
G01 X41.530195 Y-20.215808 Z10 F1000
G01 X0.32238 Y-20.215808 Z10 F1000
G01 X0.32238 Y-20.393428 Z10 F1000
G01 X0.32238 Y-20.571048 Z10 F1000
G01 X0.32238 Y-20.748668 Z10 F1000
G01 X41.174956 Y-20.748668 Z10 F1000
G01 X41.352575 Y-20.748668 Z9.019608 F1000
G01 X41.530195 Y-20.748668 Z3.607843 F1000
G01 X41.707815 Y-20.748668 Z0.470588 F1000
G01 X41.885435 Y-20.748668 Z4.509804 F1000
G01 X42.063055 Y-20.748668 Z9.686275 F1000
G01 X42.240675 Y-20.748668 Z9.686275 F1000
G01 X42.418295 Y-20.748668 Z9.882353 F1000
G01 X42.595915 Y-20.748668 Z10 F1000
G01 X57.693606 Y-20.748668 Z10 F1000
G01 X57.871226 Y-20.748668 Z9.686275 F1000
G01 X58.048845 Y-20.748668 Z9.529412 F1000
G01 X58.226465 Y-20.748668 Z5.058824 F1000
G01 X58.404085 Y-20.748668 Z0.509804 F1000
G01 X58.581705 Y-20.748668 Z3.372549 F1000
G01 X58.759325 Y-20.748668 Z9.45098 F1000
G01 X58.936945 Y-20.748668 Z9.960784 F1000
G01 X59.114565 Y-20.748668 Z9.960784 F1000
G01 X59.292185 Y-20.748668 Z10 F1000
G01 X99.611901 Y-20.748668 Z10 F1000
G01 X99.611901 Y-20.926288 Z10 F1000
G01 X99.611901 Y-21.103908 Z10 F1000
G01 X99.611901 Y-21.281528 Z10 F1000
G01 X59.469805 Y-21.281528 Z10 F1000
G01 X59.292185 Y-21.281528 Z9.921569 F1000
G01 X59.114565 Y-21.281528 Z9.921569 F1000
G01 X58.936945 Y-21.281528 Z4.941176 F1000
G01 X58.759325 Y-21.281528 Z0.431373 F1000
G01 X58.581705 Y-21.281528 Z3.098039 F1000
G01 X58.404085 Y-21.281528 Z8.705882 F1000
G01 X58.226465 Y-21.281528 Z10 F1000
G01 X42.595915 Y-21.281528 Z10 F1000
G01 X42.418295 Y-21.281528 Z9.921569 F1000
G01 X42.240675 Y-21.281528 Z9.882353 F1000
G01 X42.063055 Y-21.281528 Z9.882353 F1000
G01 X41.885435 Y-21.281528 Z9.843137 F1000
G01 X41.707815 Y-21.281528 Z9.215686 F1000
G01 X41.530195 Y-21.281528 Z2.901961 F1000
G01 X41.352575 Y-21.281528 Z0.862745 F1000
G01 X41.174956 Y-21.281528 Z5.137255 F1000
G01 X40.997336 Y-21.281528 Z9.764706 F1000
G01 X40.819716 Y-21.281528 Z9.960784 F1000
G01 X40.642096 Y-21.281528 Z9.960784 F1000
G01 X40.464476 Y-21.281528 Z10 F1000
G01 X0.32238 Y-21.281528 Z10 F1000
G01 X0.32238 Y-21.459147 Z10 F1000
G01 X0.32238 Y-21.636767 Z10 F1000
G01 X0.32238 Y-21.814387 Z10 F1000
G01 X40.464476 Y-21.814387 Z10 F1000
G01 X40.642096 Y-21.814387 Z9.764706 F1000
G01 X40.819716 Y-21.814387 Z7.215686 F1000
G01 X40.997336 Y-21.814387 Z1.254902 F1000
G01 X41.174956 Y-21.814387 Z1.803922 F1000
G01 X41.352575 Y-21.814387 Z7.529412 F1000
G01 X41.530195 Y-21.814387 Z9.960784 F1000
G01 X41.707815 Y-21.814387 Z10 F1000
G01 X58.404085 Y-21.814387 Z10 F1000
G01 X58.581705 Y-21.814387 Z9.882353 F1000
G01 X58.759325 Y-21.814387 Z8 F1000
G01 X58.936945 Y-21.814387 Z1.137255 F1000
G01 X59.114565 Y-21.814387 Z1.294118 F1000
G01 X59.292185 Y-21.814387 Z7.294118 F1000
G01 X59.469805 Y-21.814387 Z10 F1000
G01 X99.611901 Y-21.814387 Z10 F1000
G01 X99.611901 Y-21.992007 Z10 F1000
G01 X99.611901 Y-22.169627 Z10 F1000
G01 X99.611901 Y-22.347247 Z10 F1000
G01 X59.825044 Y-22.347247 Z10 F1000
G01 X59.647425 Y-22.347247 Z8.235294 F1000
G01 X59.469805 Y-22.347247 Z2.666667 F1000
G01 X59.292185 Y-22.347247 Z0.627451 F1000
G01 X59.114565 Y-22.347247 Z5.686275 F1000
G01 X58.936945 Y-22.347247 Z10 F1000
G01 X41.530195 Y-22.347247 Z10 F1000
G01 X41.352575 Y-22.347247 Z9.960784 F1000
G01 X41.174956 Y-22.347247 Z9.960784 F1000
G01 X40.997336 Y-22.347247 Z5.490196 F1000
G01 X40.819716 Y-22.347247 Z0.823529 F1000
G01 X40.642096 Y-22.347247 Z2.352941 F1000
G01 X40.464476 Y-22.347247 Z8.392157 F1000
G01 X40.286856 Y-22.347247 Z10 F1000
G01 X0.32238 Y-22.347247 Z10 F1000
G01 X0.32238 Y-22.524867 Z10 F1000
G01 X0.32238 Y-22.702487 Z10 F1000
G01 X0.32238 Y-22.880107 Z10 F1000
G01 X39.576377 Y-22.880107 Z10 F1000
G01 X39.753996 Y-22.880107 Z9.960784 F1000
G01 X39.931616 Y-22.880107 Z9.843137 F1000
G01 X40.109236 Y-22.880107 Z9.568627 F1000
G01 X40.286856 Y-22.880107 Z3.882353 F1000
G01 X40.464476 Y-22.880107 Z0.470588 F1000
G01 X40.642096 Y-22.880107 Z4.078431 F1000
G01 X40.819716 Y-22.880107 Z9.333333 F1000
G01 X40.997336 Y-22.880107 Z10 F1000
G01 X58.936945 Y-22.880107 Z10 F1000
G01 X59.114565 Y-22.880107 Z9.921569 F1000
G01 X59.292185 Y-22.880107 Z8.862745 F1000
G01 X59.469805 Y-22.880107 Z4.235294 F1000
G01 X59.647425 Y-22.880107 Z0.901961 F1000
G01 X59.825044 Y-22.880107 Z3.921569 F1000
G01 X60.002664 Y-22.880107 Z8.666667 F1000
G01 X60.180284 Y-22.880107 Z10 F1000
G01 X99.611901 Y-22.880107 Z10 F1000
G01 X99.611901 Y-23.057726 Z10 F1000
G01 X99.611901 Y-23.235346 Z10 F1000
G01 X99.611901 Y-23.412966 Z10 F1000
G01 X60.535524 Y-23.412966 Z10 F1000
G01 X60.357904 Y-23.412966 Z9.529412 F1000
G01 X60.180284 Y-23.412966 Z5.607843 F1000
G01 X60.002664 Y-23.412966 Z0.941176 F1000
G01 X59.825044 Y-23.412966 Z2.901961 F1000
G01 X59.647425 Y-23.412966 Z8.431373 F1000
G01 X59.469805 Y-23.412966 Z9.843137 F1000
G01 X59.292185 Y-23.412966 Z9.843137 F1000
G01 X59.114565 Y-23.412966 Z10 F1000
G01 X40.997336 Y-23.412966 Z10 F1000
G01 X40.819716 Y-23.412966 Z9.921569 F1000
G01 X40.642096 Y-23.412966 Z9.803922 F1000
G01 X40.464476 Y-23.412966 Z8.470588 F1000
G01 X40.286856 Y-23.412966 Z2.588235 F1000
G01 X40.109236 Y-23.412966 Z0.705882 F1000
G01 X39.931616 Y-23.412966 Z5.607843 F1000
G01 X39.753996 Y-23.412966 Z9.921569 F1000
G01 X39.576377 Y-23.412966 Z10 F1000
G01 X0.32238 Y-23.412966 Z10 F1000
G01 X0.32238 Y-23.590586 Z10 F1000
G01 X0.32238 Y-23.768206 Z10 F1000
G01 X0.32238 Y-23.945826 Z10 F1000
G01 X39.398757 Y-23.945826 Z10 F1000
G01 X39.576377 Y-23.945826 Z7.294118 F1000
G01 X39.753996 Y-23.945826 Z1.607843 F1000
G01 X39.931616 Y-23.945826 Z0.941176 F1000
G01 X40.109236 Y-23.945826 Z7.254902 F1000
G01 X40.286856 Y-23.945826 Z9.960784 F1000
G01 X40.464476 Y-23.945826 Z9.960784 F1000
G01 X40.642096 Y-23.945826 Z10 F1000
G01 X59.647425 Y-23.945826 Z10 F1000
G01 X59.825044 Y-23.945826 Z9.921569 F1000
G01 X60.002664 Y-23.945826 Z7.176471 F1000
G01 X60.180284 Y-23.945826 Z1.294118 F1000
G01 X60.357904 Y-23.945826 Z1.607843 F1000
G01 X60.535524 Y-23.945826 Z7.607843 F1000
G01 X60.713144 Y-23.945826 Z9.960784 F1000
G01 X60.890764 Y-23.945826 Z9.960784 F1000
G01 X61.068384 Y-23.945826 Z10 F1000
G01 X99.611901 Y-23.945826 Z10 F1000
G01 X99.611901 Y-24.123446 Z10 F1000
G01 X99.611901 Y-24.301066 Z10 F1000
G01 X99.611901 Y-24.478686 Z10 F1000
G01 X61.246004 Y-24.478686 Z10 F1000
G01 X61.068384 Y-24.478686 Z9.882353 F1000
G01 X60.890764 Y-24.478686 Z9.490196 F1000
G01 X60.713144 Y-24.478686 Z2.470588 F1000
G01 X60.535524 Y-24.478686 Z0.784314 F1000
G01 X60.357904 Y-24.478686 Z5.215686 F1000
G01 X60.180284 Y-24.478686 Z9.960784 F1000
G01 X60.002664 Y-24.478686 Z9.960784 F1000
G01 X59.825044 Y-24.478686 Z10 F1000
G01 X40.464476 Y-24.478686 Z10 F1000
G01 X40.286856 Y-24.478686 Z9.960784 F1000
G01 X40.109236 Y-24.478686 Z9.921569 F1000
G01 X39.931616 Y-24.478686 Z9.921569 F1000
G01 X39.753996 Y-24.478686 Z5.607843 F1000
G01 X39.576377 Y-24.478686 Z0.705882 F1000
G01 X39.398757 Y-24.478686 Z2.862745 F1000
G01 X39.221137 Y-24.478686 Z9.019608 F1000
G01 X39.043517 Y-24.478686 Z9.921569 F1000
G01 X38.865897 Y-24.478686 Z10 F1000
G01 X0.32238 Y-24.478686 Z10 F1000
G01 X0.32238 Y-24.656306 Z10 F1000
G01 X0.32238 Y-24.833925 Z10 F1000
G01 X0.32238 Y-25.011545 Z10 F1000
G01 X38.333037 Y-25.011545 Z10 F1000
G01 X38.510657 Y-25.011545 Z9.921569 F1000
G01 X38.688277 Y-25.011545 Z9.882353 F1000
G01 X38.865897 Y-25.011545 Z9.686275 F1000
G01 X39.043517 Y-25.011545 Z4.54902 F1000
G01 X39.221137 Y-25.011545 Z0.666667 F1000
G01 X39.398757 Y-25.011545 Z3.803922 F1000
G01 X39.576377 Y-25.011545 Z9.411765 F1000
G01 X39.753996 Y-25.011545 Z9.882353 F1000
G01 X39.931616 Y-25.011545 Z9.921569 F1000
G01 X40.109236 Y-25.011545 Z9.921569 F1000
G01 X40.286856 Y-25.011545 Z10 F1000
G01 X60.357904 Y-25.011545 Z10 F1000
G01 X60.535524 Y-25.011545 Z9.294118 F1000
G01 X60.713144 Y-25.011545 Z3.72549 F1000
G01 X60.890764 Y-25.011545 Z0.54902 F1000
G01 X61.068384 Y-25.011545 Z4.54902 F1000
G01 X61.246004 Y-25.011545 Z9.960784 F1000
G01 X61.423623 Y-25.011545 Z9.960784 F1000
G01 X61.601243 Y-25.011545 Z10 F1000
G01 X99.611901 Y-25.011545 Z10 F1000
G01 X99.611901 Y-25.189165 Z10 F1000
G01 X99.611901 Y-25.366785 Z10 F1000
G01 X99.611901 Y-25.544405 Z10 F1000
G01 X62.134103 Y-25.544405 Z10 F1000
G01 X61.956483 Y-25.544405 Z9.921569 F1000
G01 X61.778863 Y-25.544405 Z9.882353 F1000
G01 X61.601243 Y-25.544405 Z9.882353 F1000
G01 X61.423623 Y-25.544405 Z5.921569 F1000
G01 X61.246004 Y-25.544405 Z0.627451 F1000
G01 X61.068384 Y-25.544405 Z2.313725 F1000
G01 X60.890764 Y-25.544405 Z8.431373 F1000
G01 X60.713144 Y-25.544405 Z9.803922 F1000
G01 X60.535524 Y-25.544405 Z10 F1000
G01 X39.576377 Y-25.544405 Z10 F1000
G01 X39.398757 Y-25.544405 Z9.921569 F1000
G01 X39.221137 Y-25.544405 Z8.54902 F1000
G01 X39.043517 Y-25.544405 Z1.803922 F1000
G01 X38.865897 Y-25.544405 Z0.627451 F1000
G01 X38.688277 Y-25.544405 Z6.509804 F1000
G01 X38.510657 Y-25.544405 Z9.333333 F1000
G01 X38.333037 Y-25.544405 Z10 F1000
G01 X0.32238 Y-25.544405 Z10 F1000
G01 X0.32238 Y-25.722025 Z10 F1000
G01 X0.32238 Y-25.899645 Z10 F1000
G01 X0.32238 Y-26.077265 Z10 F1000
G01 X38.155417 Y-26.077265 Z10 F1000
G01 X38.333037 Y-26.077265 Z8.078431 F1000
G01 X38.510657 Y-26.077265 Z1.529412 F1000
G01 X38.688277 Y-26.077265 Z0.666667 F1000
G01 X38.865897 Y-26.077265 Z7.058824 F1000
G01 X39.043517 Y-26.077265 Z10 F1000
G01 X60.890764 Y-26.077265 Z10 F1000
G01 X61.068384 Y-26.077265 Z9.686275 F1000
G01 X61.246004 Y-26.077265 Z7.333333 F1000
G01 X61.423623 Y-26.077265 Z0.784314 F1000
G01 X61.601243 Y-26.077265 Z1.764706 F1000
G01 X61.778863 Y-26.077265 Z7.803922 F1000
G01 X61.956483 Y-26.077265 Z9.921569 F1000
G01 X62.134103 Y-26.077265 Z10 F1000
G01 X99.611901 Y-26.077265 Z10 F1000
G01 X99.611901 Y-26.254885 Z10 F1000
G01 X99.611901 Y-26.432504 Z10 F1000
G01 X99.611901 Y-26.610124 Z10 F1000
G01 X62.489343 Y-26.610124 Z10 F1000
G01 X62.311723 Y-26.610124 Z9.921569 F1000
G01 X62.134103 Y-26.610124 Z8.627451 F1000
G01 X61.956483 Y-26.610124 Z3.372549 F1000
G01 X61.778863 Y-26.610124 Z0.784314 F1000
G01 X61.601243 Y-26.610124 Z4.901961 F1000
G01 X61.423623 Y-26.610124 Z9.647059 F1000
G01 X61.246004 Y-26.610124 Z9.960784 F1000
G01 X61.068384 Y-26.610124 Z10 F1000
G01 X39.043517 Y-26.610124 Z10 F1000
G01 X38.865897 Y-26.610124 Z9.882353 F1000
G01 X38.688277 Y-26.610124 Z9.607843 F1000
G01 X38.510657 Y-26.610124 Z5.058824 F1000
G01 X38.333037 Y-26.610124 Z0.745098 F1000
G01 X38.155417 Y-26.610124 Z3.647059 F1000
G01 X37.977798 Y-26.610124 Z8.705882 F1000
G01 X37.800178 Y-26.610124 Z9.921569 F1000
G01 X37.622558 Y-26.610124 Z9.960784 F1000
G01 X37.444938 Y-26.610124 Z10 F1000
G01 X0.32238 Y-26.610124 Z10 F1000
G01 X0.32238 Y-26.787744 Z10 F1000
G01 X0.32238 Y-26.965364 Z10 F1000
G01 X0.32238 Y-27.142984 Z10 F1000
G01 X37.267318 Y-27.142984 Z10 F1000
G01 X37.444938 Y-27.142984 Z9.960784 F1000
G01 X37.622558 Y-27.142984 Z9.960784 F1000
G01 X37.800178 Y-27.142984 Z5.019608 F1000
G01 X37.977798 Y-27.142984 Z0.823529 F1000
G01 X38.155417 Y-27.142984 Z3.294118 F1000
G01 X38.333037 Y-27.142984 Z8.901961 F1000
G01 X38.510657 Y-27.142984 Z9.960784 F1000
G01 X38.865897 Y-27.142984 Z9.960784 F1000
G01 X39.043517 Y-27.142984 Z10 F1000
G01 X61.423623 Y-27.142984 Z10 F1000
G01 X61.601243 Y-27.142984 Z9.843137 F1000
G01 X61.778863 Y-27.142984 Z8.784314 F1000
G01 X61.956483 Y-27.142984 Z3.294118 F1000
G01 X62.134103 Y-27.142984 Z0.666667 F1000
G01 X62.311723 Y-27.142984 Z4.941176 F1000
G01 X62.489343 Y-27.142984 Z9.490196 F1000
G01 X62.666963 Y-27.142984 Z9.960784 F1000
G01 X62.844583 Y-27.142984 Z10 F1000
G01 X99.611901 Y-27.142984 Z10 F1000
G01 X99.611901 Y-27.320604 Z10 F1000
G01 X99.611901 Y-27.498224 Z10 F1000
G01 X99.611901 Y-27.675844 Z10 F1000
G01 X63.022202 Y-27.675844 Z10 F1000
G01 X62.844583 Y-27.675844 Z9.647059 F1000
G01 X62.666963 Y-27.675844 Z6.470588 F1000
G01 X62.489343 Y-27.675844 Z1.098039 F1000
G01 X62.311723 Y-27.675844 Z2 F1000
G01 X62.134103 Y-27.675844 Z7.803922 F1000
G01 X61.956483 Y-27.675844 Z9.72549 F1000
G01 X61.778863 Y-27.675844 Z9.960784 F1000
G01 X61.601243 Y-27.675844 Z9.960784 F1000
G01 X61.423623 Y-27.675844 Z10 F1000
G01 X38.333037 Y-27.675844 Z10 F1000
G01 X38.155417 Y-27.675844 Z9.72549 F1000
G01 X37.977798 Y-27.675844 Z7.607843 F1000
G01 X37.800178 Y-27.675844 Z1.803922 F1000
G01 X37.622558 Y-27.675844 Z0.941176 F1000
G01 X37.444938 Y-27.675844 Z6.862745 F1000
G01 X37.267318 Y-27.675844 Z9.72549 F1000
G01 X37.089698 Y-27.675844 Z10 F1000
G01 X0.32238 Y-27.675844 Z10 F1000
G01 X0.32238 Y-27.853464 Z10 F1000
G01 X0.32238 Y-28.031083 Z10 F1000
G01 X0.32238 Y-28.208703 Z10 F1000
G01 X36.734458 Y-28.208703 Z10 F1000
G01 X36.912078 Y-28.208703 Z9.921569 F1000
G01 X37.089698 Y-28.208703 Z8.235294 F1000
G01 X37.267318 Y-28.208703 Z1.803922 F1000
G01 X37.444938 Y-28.208703 Z1.176471 F1000
G01 X37.622558 Y-28.208703 Z6.078431 F1000
G01 X37.800178 Y-28.208703 Z10 F1000
G01 X62.134103 Y-28.208703 Z10 F1000
G01 X62.311723 Y-28.208703 Z9.843137 F1000
G01 X62.489343 Y-28.208703 Z6.235294 F1000
G01 X62.666963 Y-28.208703 Z1.019608 F1000
G01 X62.844583 Y-28.208703 Z2.392157 F1000
G01 X63.022202 Y-28.208703 Z8.392157 F1000
G01 X63.199822 Y-28.208703 Z9.921569 F1000
G01 X63.377442 Y-28.208703 Z9.921569 F1000
G01 X63.555062 Y-28.208703 Z10 F1000
G01 X99.611901 Y-28.208703 Z10 F1000
G01 X99.611901 Y-28.386323 Z10 F1000
G01 X99.611901 Y-28.563943 Z10 F1000
G01 X99.611901 Y-28.741563 Z10 F1000
G01 X63.555062 Y-28.741563 Z10 F1000
G01 X63.377442 Y-28.741563 Z9.607843 F1000
G01 X63.199822 Y-28.741563 Z3.686275 F1000
G01 X63.022202 Y-28.741563 Z0.588235 F1000
G01 X62.844583 Y-28.741563 Z4.470588 F1000
G01 X62.666963 Y-28.741563 Z9.647059 F1000
G01 X62.489343 Y-28.741563 Z10 F1000
G01 X37.622558 Y-28.741563 Z10 F1000
G01 X37.444938 Y-28.741563 Z9.686275 F1000
G01 X37.267318 Y-28.741563 Z4.313725 F1000
G01 X37.089698 Y-28.741563 Z0.901961 F1000
G01 X36.912078 Y-28.741563 Z3.568627 F1000
G01 X36.734458 Y-28.741563 Z9.215686 F1000
G01 X36.556838 Y-28.741563 Z10 F1000
G01 X0.32238 Y-28.741563 Z10 F1000
G01 X0.32238 Y-28.919183 Z10 F1000
G01 X0.32238 Y-29.096803 Z10 F1000
G01 X0.32238 Y-29.274423 Z10 F1000
G01 X36.023979 Y-29.274423 Z10 F1000
G01 X36.201599 Y-29.274423 Z9.764706 F1000
G01 X36.379218 Y-29.274423 Z9.686275 F1000
G01 X36.556838 Y-29.274423 Z5.607843 F1000
G01 X36.734458 Y-29.274423 Z0.588235 F1000
G01 X36.912078 Y-29.274423 Z2.627451 F1000
G01 X37.089698 Y-29.274423 Z9.176471 F1000
G01 X37.267318 Y-29.274423 Z9.921569 F1000
G01 X37.444938 Y-29.274423 Z10 F1000
G01 X62.666963 Y-29.274423 Z10 F1000
G01 X62.844583 Y-29.274423 Z9.921569 F1000
G01 X63.022202 Y-29.274423 Z8.784314 F1000
G01 X63.199822 Y-29.274423 Z2.941176 F1000
G01 X63.377442 Y-29.274423 Z0.470588 F1000
G01 X63.555062 Y-29.274423 Z5.882353 F1000
G01 X63.732682 Y-29.274423 Z9.137255 F1000
G01 X63.910302 Y-29.274423 Z10 F1000
G01 X99.611901 Y-29.274423 Z10 F1000
G01 X99.611901 Y-29.452043 Z10 F1000
G01 X99.611901 Y-29.629663 Z10 F1000
G01 X99.611901 Y-29.807282 Z10 F1000
G01 X64.265542 Y-29.807282 Z10 F1000
G01 X64.087922 Y-29.807282 Z9.960784 F1000
G01 X63.910302 Y-29.807282 Z7.098039 F1000
G01 X63.732682 Y-29.807282 Z1.333333 F1000
G01 X63.555062 Y-29.807282 Z0.823529 F1000
G01 X63.377442 Y-29.807282 Z7.921569 F1000
G01 X63.199822 Y-29.807282 Z9.764706 F1000
G01 X63.022202 Y-29.807282 Z9.764706 F1000
G01 X62.844583 Y-29.807282 Z9.921569 F1000
G01 X62.666963 Y-29.807282 Z10 F1000
G01 X36.912078 Y-29.807282 Z10 F1000
G01 X36.734458 Y-29.807282 Z7.254902 F1000
G01 X36.556838 Y-29.807282 Z1.490196 F1000
G01 X36.379218 Y-29.807282 Z1.647059 F1000
G01 X36.201599 Y-29.807282 Z7.215686 F1000
G01 X36.023979 Y-29.807282 Z9.764706 F1000
G01 X35.846359 Y-29.807282 Z10 F1000
G01 X0.32238 Y-29.807282 Z10 F1000
G01 X0.32238 Y-29.984902 Z10 F1000
G01 X0.32238 Y-30.162522 Z10 F1000
G01 X0.32238 Y-30.340142 Z10 F1000
G01 X35.313499 Y-30.340142 Z10 F1000
G01 X35.491119 Y-30.340142 Z9.960784 F1000
G01 X35.668739 Y-30.340142 Z9.960784 F1000
G01 X35.846359 Y-30.340142 Z8.784314 F1000
G01 X36.023979 Y-30.340142 Z2.588235 F1000
G01 X36.201599 Y-30.340142 Z0.901961 F1000
G01 X36.379218 Y-30.340142 Z5.72549 F1000
G01 X36.556838 Y-30.340142 Z9.921569 F1000
G01 X36.734458 Y-30.340142 Z10 F1000
G01 X63.022202 Y-30.340142 Z10 F1000
G01 X63.199822 Y-30.340142 Z9.960784 F1000
G01 X63.377442 Y-30.340142 Z9.960784 F1000
G01 X63.555062 Y-30.340142 Z9.607843 F1000
G01 X63.732682 Y-30.340142 Z6.156863 F1000
G01 X63.910302 Y-30.340142 Z0.784314 F1000
G01 X64.087922 Y-30.340142 Z2.313725 F1000
G01 X64.265542 Y-30.340142 Z8.823529 F1000
G01 X64.443162 Y-30.340142 Z9.960784 F1000
G01 X64.620782 Y-30.340142 Z9.960784 F1000
G01 X64.798401 Y-30.340142 Z10 F1000
G01 X99.611901 Y-30.340142 Z10 F1000
G01 X99.611901 Y-30.517762 Z10 F1000
G01 X99.611901 Y-30.695382 Z10 F1000
G01 X99.611901 Y-30.873002 Z10 F1000
G01 X64.798401 Y-30.873002 Z10 F1000
G01 X64.620782 Y-30.873002 Z8.980392 F1000
G01 X64.443162 Y-30.873002 Z4.509804 F1000
G01 X64.265542 Y-30.873002 Z0.54902 F1000
G01 X64.087922 Y-30.873002 Z4.431373 F1000
G01 X63.910302 Y-30.873002 Z9.568627 F1000
G01 X63.732682 Y-30.873002 Z9.921569 F1000
G01 X63.555062 Y-30.873002 Z10 F1000
G01 X36.734458 Y-30.873002 Z10 F1000
G01 X36.556838 Y-30.873002 Z9.960784 F1000
G01 X36.379218 Y-30.873002 Z9.960784 F1000
G01 X36.201599 Y-30.873002 Z9.254902 F1000
G01 X36.023979 Y-30.873002 Z4.27451 F1000
G01 X35.846359 Y-30.873002 Z0.666667 F1000
G01 X35.668739 Y-30.873002 Z4.470588 F1000
G01 X35.491119 Y-30.873002 Z9.058824 F1000
G01 X35.313499 Y-30.873002 Z10 F1000
G01 X0.32238 Y-30.873002 Z10 F1000
G01 X0.32238 Y-31.050622 Z10 F1000
G01 X0.32238 Y-31.228242 Z10 F1000
G01 X0.32238 Y-31.405861 Z10 F1000
G01 X34.780639 Y-31.405861 Z10 F1000
G01 X34.958259 Y-31.405861 Z9.882353 F1000
G01 X35.135879 Y-31.405861 Z9.843137 F1000
G01 X35.313499 Y-31.405861 Z5.607843 F1000
G01 X35.491119 Y-31.405861 Z1.098039 F1000
G01 X35.668739 Y-31.405861 Z2.392157 F1000
G01 X35.846359 Y-31.405861 Z8.509804 F1000
G01 X36.023979 Y-31.405861 Z9.843137 F1000
G01 X36.201599 Y-31.405861 Z10 F1000
G01 X63.732682 Y-31.405861 Z10 F1000
G01 X63.910302 Y-31.405861 Z9.921569 F1000
G01 X64.087922 Y-31.405861 Z9.921569 F1000
G01 X64.265542 Y-31.405861 Z8.431373 F1000
G01 X64.443162 Y-31.405861 Z2.784314 F1000
G01 X64.620782 Y-31.405861 Z0.745098 F1000
G01 X64.798401 Y-31.405861 Z5.72549 F1000
G01 X64.976021 Y-31.405861 Z9.764706 F1000
G01 X65.153641 Y-31.405861 Z9.882353 F1000
G01 X65.331261 Y-31.405861 Z10 F1000
G01 X99.611901 Y-31.405861 Z10 F1000
G01 X99.611901 Y-31.583481 Z10 F1000
G01 X99.611901 Y-31.761101 Z10 F1000
G01 X99.611901 Y-31.938721 Z10 F1000
G01 X65.331261 Y-31.938721 Z10 F1000
G01 X65.153641 Y-31.938721 Z7.215686 F1000
G01 X64.976021 Y-31.938721 Z1.72549 F1000
G01 X64.798401 Y-31.938721 Z1.607843 F1000
G01 X64.620782 Y-31.938721 Z6.980392 F1000
G01 X64.443162 Y-31.938721 Z9.764706 F1000
G01 X64.265542 Y-31.938721 Z9.960784 F1000
G01 X64.087922 Y-31.938721 Z10 F1000
G01 X35.846359 Y-31.938721 Z10 F1000
G01 X35.668739 Y-31.938721 Z9.333333 F1000
G01 X35.491119 Y-31.938721 Z7.137255 F1000
G01 X35.313499 Y-31.938721 Z1.568627 F1000
G01 X35.135879 Y-31.938721 Z1.215686 F1000
G01 X34.958259 Y-31.938721 Z7.960784 F1000
G01 X34.780639 Y-31.938721 Z9.411765 F1000
G01 X34.60302 Y-31.938721 Z9.843137 F1000
G01 X34.4254 Y-31.938721 Z10 F1000
G01 X0.32238 Y-31.938721 Z10 F1000
G01 X0.32238 Y-32.116341 Z10 F1000
G01 X0.32238 Y-32.293961 Z10 F1000
G01 X0.32238 Y-32.471581 Z10 F1000
G01 X34.4254 Y-32.471581 Z10 F1000
G01 X34.60302 Y-32.471581 Z9.098039 F1000
G01 X34.780639 Y-32.471581 Z2.901961 F1000
G01 X34.958259 Y-32.471581 Z0.823529 F1000
G01 X35.135879 Y-32.471581 Z5.529412 F1000
G01 X35.313499 Y-32.471581 Z9.607843 F1000
G01 X35.491119 Y-32.471581 Z9.882353 F1000
G01 X35.668739 Y-32.471581 Z9.960784 F1000
G01 X35.846359 Y-32.471581 Z10 F1000
G01 X64.087922 Y-32.471581 Z10 F1000
G01 X64.265542 Y-32.471581 Z9.960784 F1000
G01 X64.443162 Y-32.471581 Z9.882353 F1000
G01 X64.798401 Y-32.471581 Z9.882353 F1000
G01 X64.976021 Y-32.471581 Z5.45098 F1000
G01 X65.153641 Y-32.471581 Z0.705882 F1000
G01 X65.331261 Y-32.471581 Z2.627451 F1000
G01 X65.508881 Y-32.471581 Z9.45098 F1000
G01 X65.686501 Y-32.471581 Z9.843137 F1000
G01 X65.864121 Y-32.471581 Z9.843137 F1000
G01 X66.041741 Y-32.471581 Z10 F1000
G01 X99.611901 Y-32.471581 Z10 F1000
G01 X99.611901 Y-32.649201 Z10 F1000
G01 X99.611901 Y-32.826821 Z10 F1000
G01 X99.611901 Y-33.00444 Z10 F1000
G01 X66.219361 Y-33.00444 Z10 F1000
G01 X66.041741 Y-33.00444 Z9.921569 F1000
G01 X65.864121 Y-33.00444 Z9.411765 F1000
G01 X65.686501 Y-33.00444 Z5.215686 F1000
G01 X65.508881 Y-33.00444 Z0.54902 F1000
G01 X65.331261 Y-33.00444 Z3.333333 F1000
G01 X65.153641 Y-33.00444 Z9.529412 F1000
G01 X64.976021 Y-33.00444 Z9.686275 F1000
G01 X64.798401 Y-33.00444 Z9.960784 F1000
G01 X64.087922 Y-33.00444 Z9.960784 F1000
G01 X63.910302 Y-33.00444 Z10 F1000
G01 X35.491119 Y-33.00444 Z10 F1000
G01 X35.313499 Y-33.00444 Z9.960784 F1000
G01 X35.135879 Y-33.00444 Z9.960784 F1000
G01 X34.958259 Y-33.00444 Z9.647059 F1000
G01 X34.780639 Y-33.00444 Z3.019608 F1000
G01 X34.60302 Y-33.00444 Z0.470588 F1000
G01 X34.4254 Y-33.00444 Z4.784314 F1000
G01 X34.24778 Y-33.00444 Z9.529412 F1000
G01 X34.07016 Y-33.00444 Z9.960784 F1000
G01 X33.89254 Y-33.00444 Z9.960784 F1000
G01 X33.71492 Y-33.00444 Z10 F1000
G01 X0.32238 Y-33.00444 Z10 F1000
G01 X0.32238 Y-33.18206 Z10 F1000
G01 X0.32238 Y-33.35968 Z10 F1000
G01 X0.32238 Y-33.5373 Z10 F1000
G01 X33.71492 Y-33.5373 Z10 F1000
G01 X33.89254 Y-33.5373 Z9.882353 F1000
G01 X34.07016 Y-33.5373 Z6.078431 F1000
G01 X34.24778 Y-33.5373 Z1.294118 F1000
G01 X34.4254 Y-33.5373 Z1.921569 F1000
G01 X34.60302 Y-33.5373 Z7.803922 F1000
G01 X34.780639 Y-33.5373 Z10 F1000
G01 X65.331261 Y-33.5373 Z10 F1000
G01 X65.508881 Y-33.5373 Z8.235294 F1000
G01 X65.686501 Y-33.5373 Z1.72549 F1000
G01 X65.864121 Y-33.5373 Z0.941176 F1000
G01 X66.041741 Y-33.5373 Z6.588235 F1000
G01 X66.219361 Y-33.5373 Z10 F1000
G01 X99.611901 Y-33.5373 Z10 F1000
G01 X99.611901 Y-33.71492 Z10 F1000
G01 X99.611901 Y-33.89254 Z10 F1000
G01 X99.611901 Y-34.07016 Z10 F1000
G01 X67.10746 Y-34.07016 Z10 F1000
G01 X66.92984 Y-34.07016 Z9.960784 F1000
G01 X66.75222 Y-34.07016 Z9.960784 F1000
G01 X66.5746 Y-34.07016 Z9.843137 F1000
G01 X66.39698 Y-34.07016 Z8.156863 F1000
G01 X66.219361 Y-34.07016 Z1.921569 F1000
G01 X66.041741 Y-34.07016 Z0.705882 F1000
G01 X65.864121 Y-34.07016 Z6.901961 F1000
G01 X65.686501 Y-34.07016 Z10 F1000
G01 X34.60302 Y-34.07016 Z10 F1000
G01 X34.4254 Y-34.07016 Z9.72549 F1000
G01 X34.24778 Y-34.07016 Z6.980392 F1000
G01 X34.07016 Y-34.07016 Z1.098039 F1000
G01 X33.89254 Y-34.07016 Z1.333333 F1000
G01 X33.71492 Y-34.07016 Z8.313725 F1000
G01 X33.5373 Y-34.07016 Z10 F1000
G01 X0.32238 Y-34.07016 Z10 F1000
G01 X0.32238 Y-34.24778 Z10 F1000
G01 X0.32238 Y-34.4254 Z10 F1000
G01 X0.32238 Y-34.60302 Z10 F1000
G01 X32.826821 Y-34.60302 Z10 F1000
G01 X33.00444 Y-34.60302 Z9.921569 F1000
G01 X33.18206 Y-34.60302 Z9.803922 F1000
G01 X33.35968 Y-34.60302 Z9.411765 F1000
G01 X33.5373 Y-34.60302 Z3.294118 F1000
G01 X33.71492 Y-34.60302 Z0.666667 F1000
G01 X33.89254 Y-34.60302 Z5.647059 F1000
G01 X34.07016 Y-34.60302 Z9.686275 F1000
G01 X34.24778 Y-34.60302 Z9.803922 F1000
G01 X34.4254 Y-34.60302 Z10 F1000
G01 X65.686501 Y-34.60302 Z10 F1000
G01 X65.864121 Y-34.60302 Z9.921569 F1000
G01 X66.041741 Y-34.60302 Z9.45098 F1000
G01 X66.219361 Y-34.60302 Z5.137255 F1000
G01 X66.39698 Y-34.60302 Z0.54902 F1000
G01 X66.5746 Y-34.60302 Z3.215686 F1000
G01 X66.75222 Y-34.60302 Z9.490196 F1000
G01 X66.92984 Y-34.60302 Z9.686275 F1000
G01 X67.10746 Y-34.60302 Z10 F1000
G01 X99.611901 Y-34.60302 Z10 F1000
G01 X99.611901 Y-34.780639 Z10 F1000
G01 X99.611901 Y-34.958259 Z10 F1000
G01 X99.611901 Y-35.135879 Z10 F1000
G01 X67.28508 Y-35.135879 Z10 F1000
G01 X67.10746 Y-35.135879 Z9.254902 F1000
G01 X66.92984 Y-35.135879 Z5.529412 F1000
G01 X66.75222 Y-35.135879 Z0.509804 F1000
G01 X66.5746 Y-35.135879 Z3.137255 F1000
G01 X66.39698 Y-35.135879 Z9.411765 F1000
G01 X66.219361 Y-35.135879 Z9.568627 F1000
G01 X66.041741 Y-35.135879 Z10 F1000
G01 X34.07016 Y-35.135879 Z10 F1000
G01 X33.89254 Y-35.135879 Z9.882353 F1000
G01 X33.71492 Y-35.135879 Z8.941176 F1000
G01 X33.5373 Y-35.135879 Z2.980392 F1000
G01 X33.35968 Y-35.135879 Z0.666667 F1000
G01 X33.18206 Y-35.135879 Z4.941176 F1000
G01 X33.00444 Y-35.135879 Z9.098039 F1000
G01 X32.826821 Y-35.135879 Z9.921569 F1000
G01 X32.649201 Y-35.135879 Z10 F1000
G01 X0.32238 Y-35.135879 Z10 F1000
G01 X0.32238 Y-35.313499 Z10 F1000
G01 X0.32238 Y-35.491119 Z10 F1000
G01 X0.32238 Y-35.668739 Z10 F1000
G01 X32.649201 Y-35.668739 Z10 F1000
G01 X32.826821 Y-35.668739 Z6.627451 F1000
G01 X33.00444 Y-35.668739 Z1.45098 F1000
G01 X33.18206 Y-35.668739 Z2.313725 F1000
G01 X33.35968 Y-35.668739 Z7.058824 F1000
G01 X33.5373 Y-35.668739 Z10 F1000
G01 X66.39698 Y-35.668739 Z10 F1000
G01 X66.5746 Y-35.668739 Z9.372549 F1000
G01 X66.75222 Y-35.668739 Z7.803922 F1000
G01 X66.92984 Y-35.668739 Z1.960784 F1000
G01 X67.10746 Y-35.668739 Z1.568627 F1000
G01 X67.28508 Y-35.668739 Z6.823529 F1000
G01 X67.4627 Y-35.668739 Z10 F1000
G01 X99.611901 Y-35.668739 Z10 F1000
G01 X99.611901 Y-35.846359 Z10 F1000
G01 X99.611901 Y-36.023979 Z10 F1000
G01 X99.611901 Y-36.201599 Z10 F1000
G01 X67.99556 Y-36.201599 Z10 F1000
G01 X67.81794 Y-36.201599 Z9.921569 F1000
G01 X67.64032 Y-36.201599 Z8.156863 F1000
G01 X67.4627 Y-36.201599 Z2.509804 F1000
G01 X67.28508 Y-36.201599 Z0.784314 F1000
G01 X67.10746 Y-36.201599 Z6.078431 F1000
G01 X66.92984 Y-36.201599 Z9.647059 F1000
G01 X66.75222 Y-36.201599 Z9.960784 F1000
G01 X66.5746 Y-36.201599 Z9.960784 F1000
G01 X66.39698 Y-36.201599 Z10 F1000
G01 X33.35968 Y-36.201599 Z10 F1000
G01 X33.18206 Y-36.201599 Z9.254902 F1000
G01 X33.00444 Y-36.201599 Z6.156863 F1000
G01 X32.826821 Y-36.201599 Z1.215686 F1000
G01 X32.649201 Y-36.201599 Z2.313725 F1000
G01 X32.471581 Y-36.201599 Z8.27451 F1000
G01 X32.293961 Y-36.201599 Z9.921569 F1000
G01 X32.116341 Y-36.201599 Z9.921569 F1000
G01 X31.938721 Y-36.201599 Z10 F1000
G01 X0.32238 Y-36.201599 Z10 F1000
G01 X0.32238 Y-36.379218 Z10 F1000
G01 X0.32238 Y-36.556838 Z10 F1000
G01 X0.32238 Y-36.734458 Z10 F1000
G01 X31.938721 Y-36.734458 Z10 F1000
G01 X32.116341 Y-36.734458 Z9.254902 F1000
G01 X32.293961 Y-36.734458 Z3.568627 F1000
G01 X32.471581 Y-36.734458 Z0.745098 F1000
G01 X32.649201 Y-36.734458 Z4.588235 F1000
G01 X32.826821 Y-36.734458 Z9.098039 F1000
G01 X33.00444 Y-36.734458 Z9.960784 F1000
G01 X33.18206 Y-36.734458 Z10 F1000
G01 X67.10746 Y-36.734458 Z10 F1000
G01 X67.28508 Y-36.734458 Z9.843137 F1000
G01 X67.4627 Y-36.734458 Z4.352941 F1000
G01 X67.64032 Y-36.734458 Z0.588235 F1000
G01 X67.81794 Y-36.734458 Z3.764706 F1000
G01 X67.99556 Y-36.734458 Z8.901961 F1000
G01 X68.173179 Y-36.734458 Z10 F1000
G01 X99.611901 Y-36.734458 Z10 F1000
G01 X99.611901 Y-36.912078 Z10 F1000
G01 X99.611901 Y-37.089698 Z10 F1000
G01 X99.611901 Y-37.267318 Z10 F1000
G01 X68.528419 Y-37.267318 Z10 F1000
G01 X68.350799 Y-37.267318 Z9.921569 F1000
G01 X68.173179 Y-37.267318 Z5.490196 F1000
G01 X67.99556 Y-37.267318 Z0.627451 F1000
G01 X67.81794 Y-37.267318 Z3.019608 F1000
G01 X67.64032 Y-37.267318 Z8.784314 F1000
G01 X67.4627 Y-37.267318 Z9.647059 F1000
G01 X67.28508 Y-37.267318 Z9.843137 F1000
G01 X67.10746 Y-37.267318 Z10 F1000
G01 X32.826821 Y-37.267318 Z10 F1000
G01 X32.649201 Y-37.267318 Z9.921569 F1000
G01 X32.471581 Y-37.267318 Z8.666667 F1000
G01 X32.293961 Y-37.267318 Z2.745098 F1000
G01 X32.116341 Y-37.267318 Z0.745098 F1000
G01 X31.938721 Y-37.267318 Z5.411765 F1000
G01 X31.761101 Y-37.267318 Z10 F1000
G01 X0.32238 Y-37.267318 Z10 F1000
G01 X0.32238 Y-37.444938 Z10 F1000
G01 X0.32238 Y-37.622558 Z10 F1000
G01 X0.32238 Y-37.800178 Z10 F1000
G01 X31.228242 Y-37.800178 Z10 F1000
G01 X31.405861 Y-37.800178 Z9.843137 F1000
G01 X31.583481 Y-37.800178 Z7.45098 F1000
G01 X31.761101 Y-37.800178 Z1.058824 F1000
G01 X31.938721 Y-37.800178 Z1.137255 F1000
G01 X32.116341 Y-37.800178 Z7.372549 F1000
G01 X32.293961 Y-37.800178 Z10 F1000
G01 X67.81794 Y-37.800178 Z10 F1000
G01 X67.99556 Y-37.800178 Z7.372549 F1000
G01 X68.173179 Y-37.800178 Z1.098039 F1000
G01 X68.350799 Y-37.800178 Z1.333333 F1000
G01 X68.528419 Y-37.800178 Z7.607843 F1000
G01 X68.706039 Y-37.800178 Z10 F1000
G01 X99.611901 Y-37.800178 Z10 F1000
G01 X99.611901 Y-37.977798 Z10 F1000
G01 X99.611901 Y-38.155417 Z10 F1000
G01 X99.611901 Y-38.333037 Z10 F1000
G01 X69.594139 Y-38.333037 Z10 F1000
G01 X69.416519 Y-38.333037 Z9.960784 F1000
G01 X69.238899 Y-38.333037 Z9.960784 F1000
G01 X69.061279 Y-38.333037 Z9.843137 F1000
G01 X68.883659 Y-38.333037 Z8.509804 F1000
G01 X68.706039 Y-38.333037 Z2.54902 F1000
G01 X68.528419 Y-38.333037 Z0.627451 F1000
G01 X68.350799 Y-38.333037 Z5.607843 F1000
G01 X68.173179 Y-38.333037 Z10 F1000
G01 X32.293961 Y-38.333037 Z10 F1000
G01 X32.116341 Y-38.333037 Z9.960784 F1000
G01 X31.938721 Y-38.333037 Z9.45098 F1000
G01 X31.761101 Y-38.333037 Z5.647059 F1000
G01 X31.583481 Y-38.333037 Z0.705882 F1000
G01 X31.405861 Y-38.333037 Z2.901961 F1000
G01 X31.228242 Y-38.333037 Z8.431373 F1000
G01 X31.050622 Y-38.333037 Z10 F1000
G01 X0.32238 Y-38.333037 Z10 F1000
G01 X0.32238 Y-38.510657 Z10 F1000
G01 X0.32238 Y-38.688277 Z10 F1000
G01 X0.32238 Y-38.865897 Z10 F1000
G01 X30.695382 Y-38.865897 Z10 F1000
G01 X30.873002 Y-38.865897 Z9.960784 F1000
G01 X31.050622 Y-38.865897 Z3.960784 F1000
G01 X31.228242 Y-38.865897 Z0.54902 F1000
G01 X31.405861 Y-38.865897 Z4.196078 F1000
G01 X31.583481 Y-38.865897 Z9.647059 F1000
G01 X31.761101 Y-38.865897 Z10 F1000
G01 X68.173179 Y-38.865897 Z10 F1000
G01 X68.350799 Y-38.865897 Z9.764706 F1000
G01 X68.528419 Y-38.865897 Z9.490196 F1000
G01 X68.706039 Y-38.865897 Z3.764706 F1000
G01 X68.883659 Y-38.865897 Z0.901961 F1000
G01 X69.061279 Y-38.865897 Z3.960784 F1000
G01 X69.238899 Y-38.865897 Z9.45098 F1000
G01 X69.416519 Y-38.865897 Z9.960784 F1000
G01 X69.594139 Y-38.865897 Z10 F1000
G01 X99.611901 Y-38.865897 Z10 F1000
G01 X99.611901 Y-39.043517 Z10 F1000
G01 X99.611901 Y-39.221137 Z10 F1000
G01 X99.611901 Y-39.398757 Z10 F1000
G01 X70.126998 Y-39.398757 Z10 F1000
G01 X69.949378 Y-39.398757 Z9.960784 F1000
G01 X69.771758 Y-39.398757 Z9.960784 F1000
G01 X69.594139 Y-39.398757 Z9.45098 F1000
G01 X69.416519 Y-39.398757 Z5.529412 F1000
G01 X69.238899 Y-39.398757 Z0.784314 F1000
G01 X69.061279 Y-39.398757 Z2.196078 F1000
G01 X68.883659 Y-39.398757 Z8.54902 F1000
G01 X68.706039 Y-39.398757 Z9.921569 F1000
G01 X68.528419 Y-39.398757 Z10 F1000
G01 X31.405861 Y-39.398757 Z10 F1000
G01 X31.228242 Y-39.398757 Z8.196078 F1000
G01 X31.050622 Y-39.398757 Z2.392157 F1000
G01 X30.873002 Y-39.398757 Z0.54902 F1000
G01 X30.695382 Y-39.398757 Z6.039216 F1000
G01 X30.517762 Y-39.398757 Z9.72549 F1000
G01 X30.340142 Y-39.398757 Z9.921569 F1000
G01 X30.162522 Y-39.398757 Z10 F1000
G01 X0.32238 Y-39.398757 Z10 F1000
G01 X0.32238 Y-39.576377 Z10 F1000
G01 X0.32238 Y-39.753996 Z10 F1000
G01 X0.32238 Y-39.931616 Z10 F1000
G01 X29.807282 Y-39.931616 Z10 F1000
G01 X29.984902 Y-39.931616 Z9.921569 F1000
G01 X30.162522 Y-39.931616 Z9.803922 F1000
G01 X30.340142 Y-39.931616 Z7.254902 F1000
G01 X30.517762 Y-39.931616 Z2 F1000
G01 X30.695382 Y-39.931616 Z1.372549 F1000
G01 X30.873002 Y-39.931616 Z6.705882 F1000
G01 X31.050622 Y-39.931616 Z10 F1000
G01 X69.061279 Y-39.931616 Z10 F1000
G01 X69.238899 Y-39.931616 Z6.54902 F1000
G01 X69.416519 Y-39.931616 Z1.529412 F1000
G01 X69.594139 Y-39.931616 Z1.764706 F1000
G01 X69.771758 Y-39.931616 Z7.764706 F1000
G01 X69.949378 Y-39.931616 Z9.686275 F1000
G01 X70.126998 Y-39.931616 Z10 F1000
G01 X99.611901 Y-39.931616 Z10 F1000
G01 X99.611901 Y-40.109236 Z10 F1000
G01 X99.611901 Y-40.286856 Z10 F1000
G01 X99.611901 Y-40.464476 Z10 F1000
G01 X70.659858 Y-40.464476 Z10 F1000
G01 X70.482238 Y-40.464476 Z9.843137 F1000
G01 X70.304618 Y-40.464476 Z9.686275 F1000
G01 X70.126998 Y-40.464476 Z9.215686 F1000
G01 X69.949378 Y-40.464476 Z2.54902 F1000
G01 X69.771758 Y-40.464476 Z0.705882 F1000
G01 X69.594139 Y-40.464476 Z5.568627 F1000
G01 X69.416519 Y-40.464476 Z9.686275 F1000
G01 X69.238899 Y-40.464476 Z10 F1000
G01 X31.050622 Y-40.464476 Z10 F1000
G01 X30.873002 Y-40.464476 Z9.921569 F1000
G01 X30.695382 Y-40.464476 Z9.294118 F1000
G01 X30.517762 Y-40.464476 Z5.568627 F1000
G01 X30.340142 Y-40.464476 Z0.470588 F1000
G01 X30.162522 Y-40.464476 Z2.862745 F1000
G01 X29.984902 Y-40.464476 Z8.862745 F1000
G01 X29.807282 Y-40.464476 Z10 F1000
G01 X0.32238 Y-40.464476 Z10 F1000
G01 X0.32238 Y-40.642096 Z10 F1000
G01 X0.32238 Y-40.819716 Z10 F1000
G01 X0.32238 Y-40.997336 Z10 F1000
G01 X29.274423 Y-40.997336 Z10 F1000
G01 X29.452043 Y-40.997336 Z9.882353 F1000
G01 X29.629663 Y-40.997336 Z9.686275 F1000
G01 X29.807282 Y-40.997336 Z5.254902 F1000
G01 X29.984902 Y-40.997336 Z0.705882 F1000
G01 X30.162522 Y-40.997336 Z3.764706 F1000
G01 X30.340142 Y-40.997336 Z9.411765 F1000
G01 X30.517762 Y-40.997336 Z9.647059 F1000
G01 X30.695382 Y-40.997336 Z9.960784 F1000
G01 X30.873002 Y-40.997336 Z10 F1000
G01 X69.594139 Y-40.997336 Z10 F1000
G01 X69.771758 Y-40.997336 Z9.803922 F1000
G01 X69.949378 Y-40.997336 Z3.294118 F1000
G01 X70.126998 Y-40.997336 Z0.705882 F1000
G01 X70.304618 Y-40.997336 Z4.705882 F1000
G01 X70.482238 Y-40.997336 Z9.607843 F1000
G01 X70.659858 Y-40.997336 Z10 F1000
G01 X99.611901 Y-40.997336 Z10 F1000
G01 X99.611901 Y-41.174956 Z10 F1000
G01 X99.611901 Y-41.352575 Z10 F1000
G01 X99.611901 Y-41.530195 Z10 F1000
G01 X71.192718 Y-41.530195 Z10 F1000
G01 X71.015098 Y-41.530195 Z9.960784 F1000
G01 X70.837478 Y-41.530195 Z9.843137 F1000
G01 X70.659858 Y-41.530195 Z7.176471 F1000
G01 X70.482238 Y-41.530195 Z0.941176 F1000
G01 X70.304618 Y-41.530195 Z2.117647 F1000
G01 X70.126998 Y-41.530195 Z8.039216 F1000
G01 X69.949378 Y-41.530195 Z10 F1000
G01 X30.162522 Y-41.530195 Z10 F1000
G01 X29.984902 Y-41.530195 Z7.960784 F1000
G01 X29.807282 Y-41.530195 Z2.156863 F1000
G01 X29.629663 Y-41.530195 Z0.901961 F1000
G01 X29.452043 Y-41.530195 Z6.54902 F1000
G01 X29.274423 Y-41.530195 Z10 F1000
G01 X0.32238 Y-41.530195 Z10 F1000
G01 X0.32238 Y-41.707815 Z10 F1000
G01 X0.32238 Y-41.885435 Z10 F1000
G01 X0.32238 Y-42.063055 Z10 F1000
G01 X28.741563 Y-42.063055 Z10 F1000
G01 X28.919183 Y-42.063055 Z9.960784 F1000
G01 X29.096803 Y-42.063055 Z7.803922 F1000
G01 X29.274423 Y-42.063055 Z2.196078 F1000
G01 X29.452043 Y-42.063055 Z0.784314 F1000
G01 X29.629663 Y-42.063055 Z6.745098 F1000
G01 X29.807282 Y-42.063055 Z9.921569 F1000
G01 X29.984902 Y-42.063055 Z10 F1000
G01 X70.126998 Y-42.063055 Z10 F1000
G01 X70.304618 Y-42.063055 Z9.529412 F1000
G01 X70.482238 Y-42.063055 Z6.588235 F1000
G01 X70.659858 Y-42.063055 Z0.862745 F1000
G01 X70.837478 Y-42.063055 Z1.607843 F1000
G01 X71.015098 Y-42.063055 Z8.039216 F1000
G01 X71.192718 Y-42.063055 Z10 F1000
G01 X99.611901 Y-42.063055 Z10 F1000
G01 X99.611901 Y-42.240675 Z10 F1000
G01 X99.611901 Y-42.418295 Z10 F1000
G01 X99.611901 Y-42.595915 Z10 F1000
G01 X71.547957 Y-42.595915 Z10 F1000
G01 X71.370337 Y-42.595915 Z9.254902 F1000
G01 X71.192718 Y-42.595915 Z3.294118 F1000
G01 X71.015098 Y-42.595915 Z0.627451 F1000
G01 X70.837478 Y-42.595915 Z4.27451 F1000
G01 X70.659858 Y-42.595915 Z9.921569 F1000
G01 X70.482238 Y-42.595915 Z9.960784 F1000
G01 X70.304618 Y-42.595915 Z9.960784 F1000
G01 X70.126998 Y-42.595915 Z10 F1000
G01 X29.984902 Y-42.595915 Z10 F1000
G01 X29.807282 Y-42.595915 Z9.960784 F1000
G01 X29.629663 Y-42.595915 Z9.921569 F1000
G01 X29.452043 Y-42.595915 Z9.568627 F1000
G01 X29.274423 Y-42.595915 Z4.745098 F1000
G01 X29.096803 Y-42.595915 Z0.627451 F1000
G01 X28.919183 Y-42.595915 Z3.411765 F1000
G01 X28.741563 Y-42.595915 Z9.294118 F1000
G01 X28.563943 Y-42.595915 Z9.960784 F1000
G01 X28.386323 Y-42.595915 Z10 F1000
G01 X0.32238 Y-42.595915 Z10 F1000
G01 X0.32238 Y-42.773535 Z10 F1000
G01 X0.32238 Y-42.951155 Z10 F1000
G01 X0.32238 Y-43.128774 Z10 F1000
G01 X28.031083 Y-43.128774 Z10 F1000
G01 X28.208703 Y-43.128774 Z9.960784 F1000
G01 X28.386323 Y-43.128774 Z9.960784 F1000
G01 X28.563943 Y-43.128774 Z4.666667 F1000
G01 X28.741563 Y-43.128774 Z0.901961 F1000
G01 X28.919183 Y-43.128774 Z3.411765 F1000
G01 X29.096803 Y-43.128774 Z8.941176 F1000
G01 X29.274423 Y-43.128774 Z9.882353 F1000
G01 X29.452043 Y-43.128774 Z10 F1000
G01 X70.837478 Y-43.128774 Z10 F1000
G01 X71.015098 Y-43.128774 Z8.980392 F1000
G01 X71.192718 Y-43.128774 Z3.019608 F1000
G01 X71.370337 Y-43.128774 Z0.862745 F1000
G01 X71.547957 Y-43.128774 Z4.784314 F1000
G01 X71.725577 Y-43.128774 Z9.921569 F1000
G01 X71.903197 Y-43.128774 Z10 F1000
G01 X99.611901 Y-43.128774 Z10 F1000
G01 X99.611901 Y-43.306394 Z10 F1000
G01 X99.611901 Y-43.484014 Z10 F1000
G01 X99.611901 Y-43.661634 Z10 F1000
G01 X72.436057 Y-43.661634 Z10 F1000
G01 X72.258437 Y-43.661634 Z9.686275 F1000
G01 X72.080817 Y-43.661634 Z9.686275 F1000
G01 X71.903197 Y-43.661634 Z6.745098 F1000
G01 X71.725577 Y-43.661634 Z1.098039 F1000
G01 X71.547957 Y-43.661634 Z1.411765 F1000
G01 X71.370337 Y-43.661634 Z7.72549 F1000
G01 X71.192718 Y-43.661634 Z9.960784 F1000
G01 X71.015098 Y-43.661634 Z10 F1000
G01 X29.096803 Y-43.661634 Z10 F1000
G01 X28.919183 Y-43.661634 Z9.960784 F1000
G01 X28.741563 Y-43.661634 Z7.843137 F1000
G01 X28.563943 Y-43.661634 Z1.294118 F1000
G01 X28.386323 Y-43.661634 Z0.901961 F1000
G01 X28.208703 Y-43.661634 Z6.823529 F1000
G01 X28.031083 Y-43.661634 Z9.333333 F1000
G01 X27.853464 Y-43.661634 Z9.921569 F1000
G01 X27.675844 Y-43.661634 Z9.960784 F1000
G01 X27.498224 Y-43.661634 Z10 F1000
G01 X0.32238 Y-43.661634 Z10 F1000
G01 X0.32238 Y-43.839254 Z10 F1000
G01 X0.32238 Y-44.016874 Z10 F1000
G01 X0.32238 Y-44.194494 Z10 F1000
G01 X27.142984 Y-44.194494 Z10 F1000
G01 X27.320604 Y-44.194494 Z9.960784 F1000
G01 X27.498224 Y-44.194494 Z9.882353 F1000
G01 X27.675844 Y-44.194494 Z9.72549 F1000
G01 X27.853464 Y-44.194494 Z8.235294 F1000
G01 X28.031083 Y-44.194494 Z2.745098 F1000
G01 X28.208703 Y-44.194494 Z1.176471 F1000
G01 X28.386323 Y-44.194494 Z5.607843 F1000
G01 X28.563943 Y-44.194494 Z10 F1000
G01 X71.370337 Y-44.194494 Z10 F1000
G01 X71.547957 Y-44.194494 Z9.960784 F1000
G01 X71.725577 Y-44.194494 Z5.529412 F1000
G01 X71.903197 Y-44.194494 Z1.176471 F1000
G01 X72.080817 Y-44.194494 Z2.745098 F1000
G01 X72.258437 Y-44.194494 Z7.882353 F1000
G01 X72.436057 Y-44.194494 Z10 F1000
G01 X99.611901 Y-44.194494 Z10 F1000
G01 X99.611901 Y-44.372114 Z10 F1000
G01 X99.611901 Y-44.549734 Z10 F1000
G01 X99.611901 Y-44.727353 Z10 F1000
G01 X72.791297 Y-44.727353 Z10 F1000
G01 X72.613677 Y-44.727353 Z9.490196 F1000
G01 X72.436057 Y-44.727353 Z3.921569 F1000
G01 X72.258437 Y-44.727353 Z0.666667 F1000
G01 X72.080817 Y-44.727353 Z4.588235 F1000
G01 X71.903197 Y-44.727353 Z8.901961 F1000
G01 X71.725577 Y-44.727353 Z10 F1000
G01 X28.563943 Y-44.727353 Z10 F1000
G01 X28.386323 Y-44.727353 Z9.803922 F1000
G01 X28.208703 Y-44.727353 Z8.901961 F1000
G01 X28.031083 Y-44.727353 Z4.431373 F1000
G01 X27.853464 Y-44.727353 Z0.823529 F1000
G01 X27.675844 Y-44.727353 Z4.078431 F1000
G01 X27.498224 Y-44.727353 Z9.45098 F1000
G01 X27.320604 Y-44.727353 Z9.960784 F1000
G01 X27.142984 Y-44.727353 Z10 F1000
G01 X0.32238 Y-44.727353 Z10 F1000
G01 X0.32238 Y-44.904973 Z10 F1000
G01 X0.32238 Y-45.082593 Z10 F1000
G01 X0.32238 Y-45.260213 Z10 F1000
G01 X26.787744 Y-45.260213 Z10 F1000
G01 X26.965364 Y-45.260213 Z9.921569 F1000
G01 X27.142984 Y-45.260213 Z9.372549 F1000
G01 X27.320604 Y-45.260213 Z6.313725 F1000
G01 X27.498224 Y-45.260213 Z0.823529 F1000
G01 X27.675844 Y-45.260213 Z2.588235 F1000
G01 X27.853464 Y-45.260213 Z8.588235 F1000
G01 X28.031083 Y-45.260213 Z9.843137 F1000
G01 X28.208703 Y-45.260213 Z9.921569 F1000
G01 X28.386323 Y-45.260213 Z10 F1000
G01 X71.725577 Y-45.260213 Z10 F1000
G01 X71.903197 Y-45.260213 Z9.882353 F1000
G01 X72.080817 Y-45.260213 Z9.843137 F1000
G01 X72.258437 Y-45.260213 Z8.941176 F1000
G01 X72.436057 Y-45.260213 Z2.078431 F1000
G01 X72.613677 Y-45.260213 Z0.666667 F1000
G01 X72.791297 Y-45.260213 Z5.764706 F1000
G01 X72.968917 Y-45.260213 Z9.843137 F1000
G01 X73.146536 Y-45.260213 Z10 F1000
G01 X99.611901 Y-45.260213 Z10 F1000
G01 X99.611901 Y-45.437833 Z10 F1000
G01 X99.611901 Y-45.615453 Z10 F1000
G01 X99.611901 Y-45.793073 Z10 F1000
G01 X73.501776 Y-45.793073 Z10 F1000
G01 X73.324156 Y-45.793073 Z9.764706 F1000
G01 X73.146536 Y-45.793073 Z7.647059 F1000
G01 X72.968917 Y-45.793073 Z1.215686 F1000
G01 X72.791297 Y-45.793073 Z1.45098 F1000
G01 X72.613677 Y-45.793073 Z7.490196 F1000
G01 X72.436057 Y-45.793073 Z9.921569 F1000
G01 X72.258437 Y-45.793073 Z10 F1000
G01 X27.853464 Y-45.793073 Z10 F1000
G01 X27.675844 Y-45.793073 Z9.529412 F1000
G01 X27.498224 Y-45.793073 Z7.568627 F1000
G01 X27.320604 Y-45.793073 Z1.294118 F1000
G01 X27.142984 Y-45.793073 Z0.901961 F1000
G01 X26.965364 Y-45.793073 Z7.882353 F1000
G01 X26.787744 Y-45.793073 Z10 F1000
G01 X0.32238 Y-45.793073 Z10 F1000
G01 X0.32238 Y-45.970693 Z10 F1000
G01 X0.32238 Y-46.148313 Z10 F1000
G01 X0.32238 Y-46.325933 Z10 F1000
G01 X26.077265 Y-46.325933 Z10 F1000
G01 X26.254885 Y-46.325933 Z9.960784 F1000
G01 X26.432504 Y-46.325933 Z9.843137 F1000
G01 X26.610124 Y-46.325933 Z8.901961 F1000
G01 X26.787744 Y-46.325933 Z2.54902 F1000
G01 X26.965364 Y-46.325933 Z0.54902 F1000
G01 X27.142984 Y-46.325933 Z6 F1000
G01 X27.320604 Y-46.325933 Z9.686275 F1000
G01 X27.498224 Y-46.325933 Z10 F1000
G01 X72.436057 Y-46.325933 Z10 F1000
G01 X72.613677 Y-46.325933 Z9.960784 F1000
G01 X72.791297 Y-46.325933 Z9.686275 F1000
G01 X72.968917 Y-46.325933 Z5.333333 F1000
G01 X73.146536 Y-46.325933 Z0.784314 F1000
G01 X73.324156 Y-46.325933 Z2.470588 F1000
G01 X73.501776 Y-46.325933 Z8.901961 F1000
G01 X73.679396 Y-46.325933 Z9.882353 F1000
G01 X73.857016 Y-46.325933 Z9.882353 F1000
G01 X74.034636 Y-46.325933 Z9.921569 F1000
G01 X74.212256 Y-46.325933 Z10 F1000
G01 X99.611901 Y-46.325933 Z10 F1000
G01 X99.611901 Y-46.503552 Z10 F1000
G01 X99.611901 Y-46.681172 Z10 F1000
G01 X99.611901 Y-46.858792 Z10 F1000
G01 X74.212256 Y-46.858792 Z10 F1000
G01 X74.034636 Y-46.858792 Z9.921569 F1000
G01 X73.857016 Y-46.858792 Z9.529412 F1000
G01 X73.679396 Y-46.858792 Z4.27451 F1000
G01 X73.501776 Y-46.858792 Z0.509804 F1000
G01 X73.324156 Y-46.858792 Z3.843137 F1000
G01 X73.146536 Y-46.858792 Z9.058824 F1000
G01 X72.968917 Y-46.858792 Z10 F1000
G01 X27.320604 Y-46.858792 Z10 F1000
G01 X27.142984 Y-46.858792 Z9.686275 F1000
G01 X26.965364 Y-46.858792 Z9.490196 F1000
G01 X26.787744 Y-46.858792 Z4.039216 F1000
G01 X26.610124 Y-46.858792 Z0.588235 F1000
G01 X26.432504 Y-46.858792 Z4.235294 F1000
G01 X26.254885 Y-46.858792 Z9.764706 F1000
G01 X26.077265 Y-46.858792 Z10 F1000
G01 X0.32238 Y-46.858792 Z10 F1000
G01 X0.32238 Y-47.036412 Z10 F1000
G01 X0.32238 Y-47.214032 Z10 F1000
G01 X0.32238 Y-47.391652 Z10 F1000
G01 X25.899645 Y-47.391652 Z10 F1000
G01 X26.077265 Y-47.391652 Z5.803922 F1000
G01 X26.254885 Y-47.391652 Z0.941176 F1000
G01 X26.432504 Y-47.391652 Z2.156863 F1000
G01 X26.610124 Y-47.391652 Z8.941176 F1000
G01 X26.787744 Y-47.391652 Z9.294118 F1000
G01 X26.965364 Y-47.391652 Z9.803922 F1000
G01 X27.142984 Y-47.391652 Z10 F1000
G01 X72.968917 Y-47.391652 Z10 F1000
G01 X73.146536 Y-47.391652 Z9.843137 F1000
G01 X73.324156 Y-47.391652 Z9.843137 F1000
G01 X73.501776 Y-47.391652 Z8.666667 F1000
G01 X73.679396 Y-47.391652 Z1.843137 F1000
G01 X73.857016 Y-47.391652 Z0.901961 F1000
G01 X74.034636 Y-47.391652 Z6.784314 F1000
G01 X74.212256 Y-47.391652 Z9.647059 F1000
G01 X74.389876 Y-47.391652 Z10 F1000
G01 X99.611901 Y-47.391652 Z10 F1000
G01 X99.611901 Y-47.569272 Z10 F1000
G01 X99.611901 Y-47.746892 Z10 F1000
G01 X99.611901 Y-47.924512 Z10 F1000
G01 X74.745115 Y-47.924512 Z10 F1000
G01 X74.567496 Y-47.924512 Z9.72549 F1000
G01 X74.389876 Y-47.924512 Z7.882353 F1000
G01 X74.212256 Y-47.924512 Z1.529412 F1000
G01 X74.034636 Y-47.924512 Z0.941176 F1000
G01 X73.857016 Y-47.924512 Z6.745098 F1000
G01 X73.679396 Y-47.924512 Z9.882353 F1000
G01 X73.501776 Y-47.924512 Z10 F1000
G01 X26.432504 Y-47.924512 Z10 F1000
G01 X26.254885 Y-47.924512 Z6.901961 F1000
G01 X26.077265 Y-47.924512 Z0.941176 F1000
G01 X25.899645 Y-47.924512 Z1.843137 F1000
G01 X25.722025 Y-47.924512 Z7.529412 F1000
G01 X25.544405 Y-47.924512 Z10 F1000
G01 X0.32238 Y-47.924512 Z10 F1000
G01 X0.32238 Y-48.102131 Z10 F1000
G01 X0.32238 Y-48.279751 Z10 F1000
G01 X0.32238 Y-48.457371 Z10 F1000
G01 X24.833925 Y-48.457371 Z10 F1000
G01 X25.011545 Y-48.457371 Z9.960784 F1000
G01 X25.189165 Y-48.457371 Z9.647059 F1000
G01 X25.366785 Y-48.457371 Z8.941176 F1000
G01 X25.544405 Y-48.457371 Z3.568627 F1000
G01 X25.722025 Y-48.457371 Z0.980392 F1000
G01 X25.899645 Y-48.457371 Z4.862745 F1000
G01 X26.077265 Y-48.457371 Z9.882353 F1000
G01 X26.254885 Y-48.457371 Z9.882353 F1000
G01 X26.432504 Y-48.457371 Z10 F1000
G01 X73.857016 Y-48.457371 Z10 F1000
G01 X74.034636 Y-48.457371 Z9.843137 F1000
G01 X74.212256 Y-48.457371 Z5.294118 F1000
G01 X74.389876 Y-48.457371 Z0.666667 F1000
G01 X74.567496 Y-48.457371 Z3.098039 F1000
G01 X74.745115 Y-48.457371 Z9.215686 F1000
G01 X74.922735 Y-48.457371 Z9.843137 F1000
G01 X75.100355 Y-48.457371 Z9.960784 F1000
G01 X75.277975 Y-48.457371 Z10 F1000
G01 X99.611901 Y-48.457371 Z10 F1000
G01 X99.611901 Y-48.634991 Z10 F1000
G01 X99.611901 Y-48.812611 Z10 F1000
G01 X99.611901 Y-48.990231 Z10 F1000
G01 X75.277975 Y-48.990231 Z10 F1000
G01 X75.100355 Y-48.990231 Z9.333333 F1000
G01 X74.922735 Y-48.990231 Z5.098039 F1000
G01 X74.745115 Y-48.990231 Z0.588235 F1000
G01 X74.567496 Y-48.990231 Z3.529412 F1000
G01 X74.389876 Y-48.990231 Z8.666667 F1000
G01 X74.212256 Y-48.990231 Z9.72549 F1000
G01 X74.034636 Y-48.990231 Z9.960784 F1000
G01 X73.857016 Y-48.990231 Z10 F1000
G01 X26.077265 Y-48.990231 Z10 F1000
G01 X25.899645 Y-48.990231 Z9.843137 F1000
G01 X25.722025 Y-48.990231 Z8.352941 F1000
G01 X25.544405 Y-48.990231 Z3.529412 F1000
G01 X25.366785 Y-48.990231 Z0.509804 F1000
G01 X25.189165 Y-48.990231 Z5.137255 F1000
G01 X25.011545 Y-48.990231 Z9.176471 F1000
G01 X24.833925 Y-48.990231 Z10 F1000
G01 X0.32238 Y-48.990231 Z10 F1000
G01 X0.32238 Y-49.167851 Z10 F1000
G01 X0.32238 Y-49.345471 Z10 F1000
G01 X0.32238 Y-49.523091 Z10 F1000
G01 X24.301066 Y-49.523091 Z10 F1000
G01 X24.478686 Y-49.523091 Z9.960784 F1000
G01 X24.656306 Y-49.523091 Z9.960784 F1000
G01 X24.833925 Y-49.523091 Z6.196078 F1000
G01 X25.011545 Y-49.523091 Z1.294118 F1000
G01 X25.189165 Y-49.523091 Z2 F1000
G01 X25.366785 Y-49.523091 Z7.764706 F1000
G01 X25.544405 Y-49.523091 Z9.960784 F1000
G01 X25.722025 Y-49.523091 Z10 F1000
G01 X74.389876 Y-49.523091 Z10 F1000
G01 X74.567496 Y-49.523091 Z9.960784 F1000
G01 X74.745115 Y-49.523091 Z7.803922 F1000
G01 X74.922735 Y-49.523091 Z2.078431 F1000
G01 X75.100355 Y-49.523091 Z1.176471 F1000
G01 X75.277975 Y-49.523091 Z6.313725 F1000
G01 X75.455595 Y-49.523091 Z9.921569 F1000
G01 X75.633215 Y-49.523091 Z9.960784 F1000
G01 X75.810835 Y-49.523091 Z10 F1000
G01 X99.611901 Y-49.523091 Z10 F1000
G01 X99.611901 Y-49.70071 Z10 F1000
G01 X99.611901 Y-49.87833 Z10 F1000
G01 X99.611901 Y-50.05595 Z10 F1000
G01 X75.988455 Y-50.05595 Z10 F1000
G01 X75.810835 Y-50.05595 Z9.843137 F1000
G01 X75.633215 Y-50.05595 Z8.27451 F1000
G01 X75.455595 Y-50.05595 Z1.921569 F1000
G01 X75.277975 Y-50.05595 Z1.058824 F1000
G01 X75.100355 Y-50.05595 Z6.54902 F1000
G01 X74.922735 Y-50.05595 Z9.490196 F1000
G01 X74.745115 Y-50.05595 Z10 F1000
G01 X25.722025 Y-50.05595 Z10 F1000
G01 X25.544405 Y-50.05595 Z9.960784 F1000
G01 X25.366785 Y-50.05595 Z9.921569 F1000
G01 X25.189165 Y-50.05595 Z9.882353 F1000
G01 X25.011545 Y-50.05595 Z6.392157 F1000
G01 X24.833925 Y-50.05595 Z0.980392 F1000
G01 X24.656306 Y-50.05595 Z1.764706 F1000
G01 X24.478686 Y-50.05595 Z8.588235 F1000
G01 X24.301066 Y-50.05595 Z9.764706 F1000
G01 X24.123446 Y-50.05595 Z9.882353 F1000
G01 X23.945826 Y-50.05595 Z9.960784 F1000
G01 X23.768206 Y-50.05595 Z10 F1000
G01 X0.32238 Y-50.05595 Z10 F1000
G01 X0.32238 Y-50.23357 Z10 F1000
G01 X0.32238 Y-50.41119 Z10 F1000
G01 X0.32238 Y-50.58881 Z10 F1000
G01 X23.768206 Y-50.58881 Z10 F1000
G01 X23.945826 Y-50.58881 Z9.882353 F1000
G01 X24.123446 Y-50.58881 Z9.882353 F1000
G01 X24.301066 Y-50.58881 Z3.137255 F1000
G01 X24.478686 Y-50.58881 Z0.509804 F1000
G01 X24.656306 Y-50.58881 Z4.901961 F1000
G01 X24.833925 Y-50.58881 Z9.607843 F1000
G01 X25.011545 Y-50.58881 Z10 F1000
G01 X74.922735 Y-50.58881 Z10 F1000
G01 X75.100355 Y-50.58881 Z9.960784 F1000
G01 X75.277975 Y-50.58881 Z9.647059 F1000
G01 X75.455595 Y-50.58881 Z4.941176 F1000
G01 X75.633215 Y-50.58881 Z0.666667 F1000
G01 X75.810835 Y-50.58881 Z2.980392 F1000
G01 X75.988455 Y-50.58881 Z9.843137 F1000
G01 X76.343694 Y-50.58881 Z9.843137 F1000
G01 X76.521314 Y-50.58881 Z10 F1000
G01 X99.611901 Y-50.58881 Z10 F1000
G01 X99.611901 Y-50.76643 Z10 F1000
G01 X99.611901 Y-50.94405 Z10 F1000
G01 X99.611901 Y-51.12167 Z10 F1000
G01 X76.521314 Y-51.12167 Z10 F1000
G01 X76.343694 Y-51.12167 Z9.490196 F1000
G01 X76.166075 Y-51.12167 Z5.215686 F1000
G01 X75.988455 Y-51.12167 Z0.980392 F1000
G01 X75.810835 Y-51.12167 Z3.019608 F1000
G01 X75.633215 Y-51.12167 Z9.215686 F1000
G01 X75.455595 Y-51.12167 Z9.72549 F1000
G01 X75.277975 Y-51.12167 Z10 F1000
G01 X25.011545 Y-51.12167 Z10 F1000
G01 X24.833925 Y-51.12167 Z9.72549 F1000
G01 X24.656306 Y-51.12167 Z9.72549 F1000
G01 X24.478686 Y-51.12167 Z9.215686 F1000
G01 X24.301066 Y-51.12167 Z2.666667 F1000
G01 X24.123446 Y-51.12167 Z0.705882 F1000
G01 X23.945826 Y-51.12167 Z5.294118 F1000
G01 X23.768206 Y-51.12167 Z9.843137 F1000
G01 X23.590586 Y-51.12167 Z10 F1000
G01 X0.32238 Y-51.12167 Z10 F1000
G01 X0.32238 Y-51.29929 Z10 F1000
G01 X0.32238 Y-51.476909 Z10 F1000
G01 X0.32238 Y-51.654529 Z10 F1000
G01 X23.412966 Y-51.654529 Z10 F1000
G01 X23.590586 Y-51.654529 Z6.862745 F1000
G01 X23.768206 Y-51.654529 Z1.254902 F1000
G01 X23.945826 Y-51.654529 Z1.372549 F1000
G01 X24.123446 Y-51.654529 Z7.843137 F1000
G01 X24.301066 Y-51.654529 Z9.882353 F1000
G01 X24.478686 Y-51.654529 Z10 F1000
G01 X75.810835 Y-51.654529 Z10 F1000
G01 X75.988455 Y-51.654529 Z7.529412 F1000
G01 X76.166075 Y-51.654529 Z1.411765 F1000
G01 X76.343694 Y-51.654529 Z1.254902 F1000
G01 X76.521314 Y-51.654529 Z7.019608 F1000
G01 X76.698934 Y-51.654529 Z9.843137 F1000
G01 X76.876554 Y-51.654529 Z9.960784 F1000
G01 X77.054174 Y-51.654529 Z10 F1000
G01 X99.611901 Y-51.654529 Z10 F1000
G01 X99.611901 Y-51.832149 Z10 F1000
G01 X99.611901 Y-52.009769 Z10 F1000
G01 X99.611901 Y-52.187389 Z10 F1000
G01 X77.054174 Y-52.187389 Z10 F1000
G01 X76.876554 Y-52.187389 Z7.686275 F1000
G01 X76.698934 Y-52.187389 Z2.745098 F1000
G01 X76.521314 Y-52.187389 Z0.627451 F1000
G01 X76.343694 Y-52.187389 Z6.235294 F1000
G01 X76.166075 Y-52.187389 Z9.529412 F1000
G01 X75.988455 Y-52.187389 Z10 F1000
G01 X23.945826 Y-52.187389 Z10 F1000
G01 X23.768206 Y-52.187389 Z6.039216 F1000
G01 X23.590586 Y-52.187389 Z0.705882 F1000
G01 X23.412966 Y-52.187389 Z2.588235 F1000
G01 X23.235346 Y-52.187389 Z8.313725 F1000
G01 X23.057726 Y-52.187389 Z9.803922 F1000
G01 X22.880107 Y-52.187389 Z9.882353 F1000
G01 X22.702487 Y-52.187389 Z10 F1000
G01 X0.32238 Y-52.187389 Z10 F1000
G01 X0.32238 Y-52.365009 Z10 F1000
G01 X0.32238 Y-52.542629 Z10 F1000
G01 X0.32238 Y-52.720249 Z10 F1000
G01 X22.702487 Y-52.720249 Z10 F1000
G01 X22.880107 Y-52.720249 Z9.058824 F1000
G01 X23.057726 Y-52.720249 Z4.352941 F1000
G01 X23.235346 Y-52.720249 Z0.705882 F1000
G01 X23.412966 Y-52.720249 Z4.54902 F1000
G01 X23.590586 Y-52.720249 Z9.490196 F1000
G01 X23.768206 Y-52.720249 Z9.960784 F1000
G01 X23.945826 Y-52.720249 Z10 F1000
G01 X76.166075 Y-52.720249 Z10 F1000
G01 X76.343694 Y-52.720249 Z9.647059 F1000
G01 X76.521314 Y-52.720249 Z9.647059 F1000
G01 X76.698934 Y-52.720249 Z4.588235 F1000
G01 X76.876554 Y-52.720249 Z0.666667 F1000
G01 X77.054174 Y-52.720249 Z3.960784 F1000
G01 X77.231794 Y-52.720249 Z9.686275 F1000
G01 X77.409414 Y-52.720249 Z9.686275 F1000
G01 X77.587034 Y-52.720249 Z9.960784 F1000
G01 X77.764654 Y-52.720249 Z10 F1000
G01 X99.611901 Y-52.720249 Z10 F1000
G01 X99.611901 Y-52.897869 Z10 F1000
G01 X99.611901 Y-53.075488 Z10 F1000
G01 X99.611901 Y-53.253108 Z10 F1000
G01 X77.764654 Y-53.253108 Z10 F1000
G01 X77.587034 Y-53.253108 Z9.568627 F1000
G01 X77.409414 Y-53.253108 Z6.392157 F1000
G01 X77.231794 Y-53.253108 Z0.666667 F1000
G01 X77.054174 Y-53.253108 Z3.058824 F1000
G01 X76.876554 Y-53.253108 Z7.686275 F1000
G01 X76.698934 Y-53.253108 Z9.960784 F1000
G01 X76.521314 Y-53.253108 Z10 F1000
G01 X23.590586 Y-53.253108 Z10 F1000
G01 X23.412966 Y-53.253108 Z9.882353 F1000
G01 X23.235346 Y-53.253108 Z8.392157 F1000
G01 X23.057726 Y-53.253108 Z2.784314 F1000
G01 X22.880107 Y-53.253108 Z0.509804 F1000
G01 X22.702487 Y-53.253108 Z6.27451 F1000
G01 X22.524867 Y-53.253108 Z9.45098 F1000
G01 X22.347247 Y-53.253108 Z9.921569 F1000
G01 X22.169627 Y-53.253108 Z10 F1000
G01 X0.32238 Y-53.253108 Z10 F1000
G01 X0.32238 Y-53.430728 Z10 F1000
G01 X0.32238 Y-53.608348 Z10 F1000
G01 X0.32238 Y-53.785968 Z10 F1000
G01 X21.636767 Y-53.785968 Z10 F1000
G01 X21.814387 Y-53.785968 Z9.960784 F1000
G01 X21.992007 Y-53.785968 Z9.921569 F1000
G01 X22.169627 Y-53.785968 Z9.843137 F1000
G01 X22.347247 Y-53.785968 Z8.196078 F1000
G01 X22.524867 Y-53.785968 Z1.058824 F1000
G01 X22.702487 Y-53.785968 Z1.019608 F1000
G01 X22.880107 Y-53.785968 Z7.607843 F1000
G01 X23.057726 Y-53.785968 Z9.411765 F1000
G01 X23.235346 Y-53.785968 Z9.843137 F1000
G01 X23.412966 Y-53.785968 Z9.960784 F1000
G01 X23.590586 Y-53.785968 Z10 F1000
G01 X76.876554 Y-53.785968 Z10 F1000
G01 X77.054174 Y-53.785968 Z9.529412 F1000
G01 X77.231794 Y-53.785968 Z7.019608 F1000
G01 X77.409414 Y-53.785968 Z1.764706 F1000
G01 X77.587034 Y-53.785968 Z1.45098 F1000
G01 X77.764654 Y-53.785968 Z8.156863 F1000
G01 X77.942274 Y-53.785968 Z9.529412 F1000
G01 X78.119893 Y-53.785968 Z10 F1000
G01 X99.611901 Y-53.785968 Z10 F1000
G01 X99.611901 Y-53.963588 Z10 F1000
G01 X99.611901 Y-54.141208 Z10 F1000
G01 X99.611901 Y-54.318828 Z10 F1000
G01 X78.297513 Y-54.318828 Z10 F1000
G01 X78.119893 Y-54.318828 Z8.745098 F1000
G01 X77.942274 Y-54.318828 Z2.509804 F1000
G01 X77.764654 Y-54.318828 Z0.705882 F1000
G01 X77.587034 Y-54.318828 Z4.627451 F1000
G01 X77.409414 Y-54.318828 Z9.960784 F1000
G01 X77.231794 Y-54.318828 Z10 F1000
G01 X22.880107 Y-54.318828 Z10 F1000
G01 X22.702487 Y-54.318828 Z9.411765 F1000
G01 X22.524867 Y-54.318828 Z5.921569 F1000
G01 X22.347247 Y-54.318828 Z0.745098 F1000
G01 X22.169627 Y-54.318828 Z2.980392 F1000
G01 X21.992007 Y-54.318828 Z8.627451 F1000
G01 X21.814387 Y-54.318828 Z9.764706 F1000
G01 X21.636767 Y-54.318828 Z9.764706 F1000
G01 X21.459147 Y-54.318828 Z10 F1000
G01 X0.32238 Y-54.318828 Z10 F1000
G01 X0.32238 Y-54.496448 Z10 F1000
G01 X0.32238 Y-54.674067 Z10 F1000
G01 X0.32238 Y-54.851687 Z10 F1000
G01 X21.459147 Y-54.851687 Z10 F1000
G01 X21.636767 Y-54.851687 Z9.372549 F1000
G01 X21.814387 Y-54.851687 Z4.509804 F1000
G01 X21.992007 Y-54.851687 Z0.54902 F1000
G01 X22.169627 Y-54.851687 Z3.333333 F1000
G01 X22.347247 Y-54.851687 Z9.254902 F1000
G01 X22.524867 Y-54.851687 Z10 F1000
G01 X77.409414 Y-54.851687 Z10 F1000
G01 X77.587034 Y-54.851687 Z9.647059 F1000
G01 X77.764654 Y-54.851687 Z9.215686 F1000
G01 X77.942274 Y-54.851687 Z4 F1000
G01 X78.119893 Y-54.851687 Z0.588235 F1000
G01 X78.297513 Y-54.851687 Z4.588235 F1000
G01 X78.475133 Y-54.851687 Z9.529412 F1000
G01 X78.652753 Y-54.851687 Z10 F1000
G01 X99.611901 Y-54.851687 Z10 F1000
G01 X99.611901 Y-55.029307 Z10 F1000
G01 X99.611901 Y-55.206927 Z10 F1000
G01 X99.611901 Y-55.384547 Z10 F1000
G01 X78.830373 Y-55.384547 Z10 F1000
G01 X78.652753 Y-55.384547 Z6.196078 F1000
G01 X78.475133 Y-55.384547 Z0.745098 F1000
G01 X78.297513 Y-55.384547 Z2.196078 F1000
G01 X78.119893 Y-55.384547 Z8.117647 F1000
G01 X77.942274 Y-55.384547 Z10 F1000
G01 X22.524867 Y-55.384547 Z10 F1000
G01 X22.347247 Y-55.384547 Z9.921569 F1000
G01 X22.169627 Y-55.384547 Z9.803922 F1000
G01 X21.992007 Y-55.384547 Z8.627451 F1000
G01 X21.814387 Y-55.384547 Z2.196078 F1000
G01 X21.636767 Y-55.384547 Z0.901961 F1000
G01 X21.459147 Y-55.384547 Z6.470588 F1000
G01 X21.281528 Y-55.384547 Z9.960784 F1000
G01 X21.103908 Y-55.384547 Z9.960784 F1000
G01 X20.926288 Y-55.384547 Z10 F1000
G01 X0.32238 Y-55.384547 Z10 F1000
G01 X0.32238 Y-55.562167 Z10 F1000
G01 X0.32238 Y-55.739787 Z10 F1000
G01 X0.32238 Y-55.917407 Z10 F1000
G01 X20.926288 Y-55.917407 Z10 F1000
G01 X21.103908 Y-55.917407 Z8.156863 F1000
G01 X21.281528 Y-55.917407 Z1.333333 F1000
G01 X21.459147 Y-55.917407 Z1.254902 F1000
G01 X21.636767 Y-55.917407 Z6.941176 F1000
G01 X21.814387 Y-55.917407 Z9.843137 F1000
G01 X21.992007 Y-55.917407 Z10 F1000
G01 X78.119893 Y-55.917407 Z10 F1000
G01 X78.297513 Y-55.917407 Z9.137255 F1000
G01 X78.475133 Y-55.917407 Z7.686275 F1000
G01 X78.652753 Y-55.917407 Z1.058824 F1000
G01 X78.830373 Y-55.917407 Z1.647059 F1000
G01 X79.007993 Y-55.917407 Z8.117647 F1000
G01 X79.185613 Y-55.917407 Z9.607843 F1000
G01 X79.363233 Y-55.917407 Z10 F1000
G01 X99.611901 Y-55.917407 Z10 F1000
G01 X99.611901 Y-56.095027 Z10 F1000
G01 X99.611901 Y-56.272647 Z10 F1000
G01 X99.611901 Y-56.450266 Z10 F1000
G01 X79.540853 Y-56.450266 Z10 F1000
G01 X79.363233 Y-56.450266 Z8.431373 F1000
G01 X79.185613 Y-56.450266 Z3.647059 F1000
G01 X79.007993 Y-56.450266 Z0.666667 F1000
G01 X78.830373 Y-56.450266 Z5.372549 F1000
G01 X78.652753 Y-56.450266 Z9.254902 F1000
G01 X78.475133 Y-56.450266 Z10 F1000
G01 X21.459147 Y-56.450266 Z10 F1000
G01 X21.281528 Y-56.450266 Z5.019608 F1000
G01 X21.103908 Y-56.450266 Z0.54902 F1000
G01 X20.926288 Y-56.450266 Z3.254902 F1000
G01 X20.748668 Y-56.450266 Z9.019608 F1000
G01 X20.571048 Y-56.450266 Z9.960784 F1000
G01 X20.393428 Y-56.450266 Z10 F1000
G01 X0.32238 Y-56.450266 Z10 F1000
G01 X0.32238 Y-56.627886 Z10 F1000
G01 X0.32238 Y-56.805506 Z10 F1000
G01 X0.32238 Y-56.983126 Z10 F1000
G01 X20.038188 Y-56.983126 Z10 F1000
G01 X20.215808 Y-56.983126 Z9.843137 F1000
G01 X20.393428 Y-56.983126 Z9.333333 F1000
G01 X20.571048 Y-56.983126 Z5.215686 F1000
G01 X20.748668 Y-56.983126 Z0.627451 F1000
G01 X20.926288 Y-56.983126 Z3.254902 F1000
G01 X21.103908 Y-56.983126 Z8.901961 F1000
G01 X21.281528 Y-56.983126 Z10 F1000
G01 X78.652753 Y-56.983126 Z10 F1000
G01 X78.830373 Y-56.983126 Z9.45098 F1000
G01 X79.007993 Y-56.983126 Z8.941176 F1000
G01 X79.185613 Y-56.983126 Z3.176471 F1000
G01 X79.363233 Y-56.983126 Z0.823529 F1000
G01 X79.540853 Y-56.983126 Z4.823529 F1000
G01 X79.718472 Y-56.983126 Z9.568627 F1000
G01 X79.896092 Y-56.983126 Z9.921569 F1000
G01 X80.073712 Y-56.983126 Z10 F1000
G01 X99.611901 Y-56.983126 Z10 F1000
G01 X99.611901 Y-57.160746 Z10 F1000
G01 X99.611901 Y-57.338366 Z10 F1000
G01 X99.611901 Y-57.515986 Z10 F1000
G01 X80.073712 Y-57.515986 Z10 F1000
G01 X79.896092 Y-57.515986 Z6.784314 F1000
G01 X79.718472 Y-57.515986 Z0.784314 F1000
G01 X79.540853 Y-57.515986 Z1.921569 F1000
G01 X79.363233 Y-57.515986 Z7.647059 F1000
G01 X79.185613 Y-57.515986 Z9.72549 F1000
G01 X79.007993 Y-57.515986 Z9.803922 F1000
G01 X78.830373 Y-57.515986 Z10 F1000
G01 X21.281528 Y-57.515986 Z10 F1000
G01 X21.103908 Y-57.515986 Z9.843137 F1000
G01 X20.926288 Y-57.515986 Z9.764706 F1000
G01 X20.748668 Y-57.515986 Z7.72549 F1000
G01 X20.571048 Y-57.515986 Z2.27451 F1000
G01 X20.393428 Y-57.515986 Z0.941176 F1000
G01 X20.215808 Y-57.515986 Z6.666667 F1000
G01 X20.038188 Y-57.515986 Z10 F1000
G01 X0.32238 Y-57.515986 Z10 F1000
G01 X0.32238 Y-57.693606 Z10 F1000
G01 X0.32238 Y-57.871226 Z10 F1000
G01 X0.32238 Y-58.048845 Z10 F1000
G01 X19.682948 Y-58.048845 Z10 F1000
G01 X19.860568 Y-58.048845 Z8.078431 F1000
G01 X20.038188 Y-58.048845 Z2.117647 F1000
G01 X20.215808 Y-58.048845 Z0.745098 F1000
G01 X20.393428 Y-58.048845 Z6.235294 F1000
G01 X20.571048 Y-58.048845 Z9.803922 F1000
G01 X20.748668 Y-58.048845 Z9.960784 F1000
G01 X21.103908 Y-58.048845 Z9.960784 F1000
G01 X21.281528 Y-58.048845 Z10 F1000
G01 X79.007993 Y-58.048845 Z10 F1000
G01 X79.185613 Y-58.048845 Z9.960784 F1000
G01 X79.363233 Y-58.048845 Z9.960784 F1000
G01 X79.540853 Y-58.048845 Z9.921569 F1000
G01 X79.718472 Y-58.048845 Z5.960784 F1000
G01 X79.896092 Y-58.048845 Z0.901961 F1000
G01 X80.073712 Y-58.048845 Z2.627451 F1000
G01 X80.251332 Y-58.048845 Z7.882353 F1000
G01 X80.428952 Y-58.048845 Z10 F1000
G01 X99.611901 Y-58.048845 Z10 F1000
G01 X99.611901 Y-58.226465 Z10 F1000
G01 X99.611901 Y-58.404085 Z10 F1000
G01 X99.611901 Y-58.581705 Z10 F1000
G01 X80.784192 Y-58.581705 Z10 F1000
G01 X80.606572 Y-58.581705 Z9.45098 F1000
G01 X80.428952 Y-58.581705 Z3.686275 F1000
G01 X80.251332 Y-58.581705 Z0.54902 F1000
G01 X80.073712 Y-58.581705 Z4.235294 F1000
G01 X79.896092 Y-58.581705 Z9.607843 F1000
G01 X79.718472 Y-58.581705 Z9.960784 F1000
G01 X79.540853 Y-58.581705 Z9.960784 F1000
G01 X79.363233 Y-58.581705 Z10 F1000
G01 X20.393428 Y-58.581705 Z10 F1000
G01 X20.215808 Y-58.581705 Z9.607843 F1000
G01 X20.038188 Y-58.581705 Z4.54902 F1000
G01 X19.860568 Y-58.581705 Z0.745098 F1000
G01 X19.682948 Y-58.581705 Z3.803922 F1000
G01 X19.505329 Y-58.581705 Z9.176471 F1000
G01 X19.327709 Y-58.581705 Z10 F1000
G01 X0.32238 Y-58.581705 Z10 F1000
G01 X0.32238 Y-58.759325 Z10 F1000
G01 X0.32238 Y-58.936945 Z10 F1000
G01 X0.32238 Y-59.114565 Z10 F1000
G01 X18.972469 Y-59.114565 Z10 F1000
G01 X19.150089 Y-59.114565 Z9.72549 F1000
G01 X19.327709 Y-59.114565 Z5.607843 F1000
G01 X19.505329 Y-59.114565 Z0.745098 F1000
G01 X19.682948 Y-59.114565 Z2.54902 F1000
G01 X19.860568 Y-59.114565 Z9.176471 F1000
G01 X20.038188 Y-59.114565 Z9.803922 F1000
G01 X20.215808 Y-59.114565 Z10 F1000
G01 X79.363233 Y-59.114565 Z10 F1000
G01 X79.540853 Y-59.114565 Z9.960784 F1000
G01 X79.718472 Y-59.114565 Z9.960784 F1000
G01 X79.896092 Y-59.114565 Z9.882353 F1000
G01 X80.073712 Y-59.114565 Z9.72549 F1000
G01 X80.251332 Y-59.114565 Z9.529412 F1000
G01 X80.428952 Y-59.114565 Z2.392157 F1000
G01 X80.606572 Y-59.114565 Z0.54902 F1000
G01 X80.784192 Y-59.114565 Z5.72549 F1000
G01 X80.961812 Y-59.114565 Z9.764706 F1000
G01 X81.139432 Y-59.114565 Z10 F1000
G01 X99.611901 Y-59.114565 Z10 F1000
G01 X99.611901 Y-59.292185 Z10 F1000
G01 X99.611901 Y-59.469805 Z10 F1000
G01 X99.611901 Y-59.647425 Z10 F1000
G01 X81.494671 Y-59.647425 Z10 F1000
G01 X81.317052 Y-59.647425 Z9.803922 F1000
G01 X81.139432 Y-59.647425 Z7.215686 F1000
G01 X80.961812 Y-59.647425 Z1.254902 F1000
G01 X80.784192 Y-59.647425 Z1.411765 F1000
G01 X80.606572 Y-59.647425 Z7.372549 F1000
G01 X80.428952 Y-59.647425 Z9.843137 F1000
G01 X80.251332 Y-59.647425 Z10 F1000
G01 X20.038188 Y-59.647425 Z10 F1000
G01 X19.860568 Y-59.647425 Z9.882353 F1000
G01 X19.682948 Y-59.647425 Z9.372549 F1000
G01 X19.505329 Y-59.647425 Z7.960784 F1000
G01 X19.327709 Y-59.647425 Z1.607843 F1000
G01 X19.150089 Y-59.647425 Z1.45098 F1000
G01 X18.972469 Y-59.647425 Z7.058824 F1000
G01 X18.794849 Y-59.647425 Z10 F1000
G01 X0.32238 Y-59.647425 Z10 F1000
G01 X0.32238 Y-59.825044 Z10 F1000
G01 X0.32238 Y-60.002664 Z10 F1000
G01 X0.32238 Y-60.180284 Z10 F1000
G01 X18.439609 Y-60.180284 Z10 F1000
G01 X18.617229 Y-60.180284 Z8.313725 F1000
G01 X18.794849 Y-60.180284 Z2.54902 F1000
G01 X18.972469 Y-60.180284 Z1.176471 F1000
G01 X19.150089 Y-60.180284 Z5.803922 F1000
G01 X19.327709 Y-60.180284 Z9.647059 F1000
G01 X19.505329 Y-60.180284 Z9.843137 F1000
G01 X19.682948 Y-60.180284 Z10 F1000
G01 X80.784192 Y-60.180284 Z10 F1000
G01 X80.961812 Y-60.180284 Z6.117647 F1000
G01 X81.139432 Y-60.180284 Z0.666667 F1000
G01 X81.317052 Y-60.180284 Z2.705882 F1000
G01 X81.494671 Y-60.180284 Z8.588235 F1000
G01 X81.672291 Y-60.180284 Z9.960784 F1000
G01 X81.849911 Y-60.180284 Z9.960784 F1000
G01 X82.027531 Y-60.180284 Z10 F1000
G01 X99.611901 Y-60.180284 Z10 F1000
G01 X99.611901 Y-60.357904 Z10 F1000
G01 X99.611901 Y-60.535524 Z10 F1000
G01 X99.611901 Y-60.713144 Z10 F1000
G01 X82.382771 Y-60.713144 Z10 F1000
G01 X82.205151 Y-60.713144 Z9.960784 F1000
G01 X82.027531 Y-60.713144 Z9.803922 F1000
G01 X81.849911 Y-60.713144 Z9.019608 F1000
G01 X81.672291 Y-60.713144 Z4.313725 F1000
G01 X81.494671 Y-60.713144 Z0.745098 F1000
G01 X81.317052 Y-60.713144 Z4.392157 F1000
G01 X81.139432 Y-60.713144 Z9.333333 F1000
G01 X80.961812 Y-60.713144 Z10 F1000
G01 X19.150089 Y-60.713144 Z10 F1000
G01 X18.972469 Y-60.713144 Z9.72549 F1000
G01 X18.794849 Y-60.713144 Z3.686275 F1000
G01 X18.617229 Y-60.713144 Z0.509804 F1000
G01 X18.439609 Y-60.713144 Z4.392157 F1000
G01 X18.261989 Y-60.713144 Z8.980392 F1000
G01 X18.084369 Y-60.713144 Z10 F1000
G01 X0.32238 Y-60.713144 Z10 F1000
G01 X0.32238 Y-60.890764 Z10 F1000
G01 X0.32238 Y-61.068384 Z10 F1000
G01 X0.32238 Y-61.246004 Z10 F1000
G01 X17.90675 Y-61.246004 Z10 F1000
G01 X18.084369 Y-61.246004 Z5.960784 F1000
G01 X18.261989 Y-61.246004 Z0.901961 F1000
G01 X18.439609 Y-61.246004 Z2.823529 F1000
G01 X18.617229 Y-61.246004 Z8.117647 F1000
G01 X18.794849 Y-61.246004 Z9.960784 F1000
G01 X18.972469 Y-61.246004 Z9.960784 F1000
G01 X19.150089 Y-61.246004 Z10 F1000
G01 X80.961812 Y-61.246004 Z10 F1000
G01 X81.139432 Y-61.246004 Z9.960784 F1000
G01 X81.317052 Y-61.246004 Z9.921569 F1000
G01 X81.494671 Y-61.246004 Z8.313725 F1000
G01 X81.672291 Y-61.246004 Z2.627451 F1000
G01 X81.849911 Y-61.246004 Z1.058824 F1000
G01 X82.027531 Y-61.246004 Z5.72549 F1000
G01 X82.205151 Y-61.246004 Z9.803922 F1000
G01 X82.382771 Y-61.246004 Z10 F1000
G01 X99.611901 Y-61.246004 Z10 F1000
G01 X99.611901 Y-61.423623 Z10 F1000
G01 X99.611901 Y-61.601243 Z10 F1000
G01 X99.611901 Y-61.778863 Z10 F1000
G01 X82.738011 Y-61.778863 Z10 F1000
G01 X82.560391 Y-61.778863 Z9.921569 F1000
G01 X82.382771 Y-61.778863 Z7.372549 F1000
G01 X82.205151 Y-61.778863 Z1.607843 F1000
G01 X82.027531 Y-61.778863 Z1.529412 F1000
G01 X81.849911 Y-61.778863 Z6.509804 F1000
G01 X81.672291 Y-61.778863 Z10 F1000
G01 X18.617229 Y-61.778863 Z10 F1000
G01 X18.439609 Y-61.778863 Z9.882353 F1000
G01 X18.261989 Y-61.778863 Z6.823529 F1000
G01 X18.084369 Y-61.778863 Z1.215686 F1000
G01 X17.90675 Y-61.778863 Z1.098039 F1000
G01 X17.72913 Y-61.778863 Z7.764706 F1000
G01 X17.55151 Y-61.778863 Z10 F1000
G01 X0.32238 Y-61.778863 Z10 F1000
G01 X0.32238 Y-61.956483 Z10 F1000
G01 X0.32238 Y-62.134103 Z10 F1000
G01 X0.32238 Y-62.311723 Z10 F1000
G01 X17.01865 Y-62.311723 Z10 F1000
G01 X17.19627 Y-62.311723 Z9.686275 F1000
G01 X17.37389 Y-62.311723 Z9.176471 F1000
G01 X17.55151 Y-62.311723 Z2.901961 F1000
G01 X17.72913 Y-62.311723 Z0.666667 F1000
G01 X17.90675 Y-62.311723 Z5.215686 F1000
G01 X18.084369 Y-62.311723 Z9.960784 F1000
G01 X18.261989 Y-62.311723 Z9.960784 F1000
G01 X18.439609 Y-62.311723 Z10 F1000
G01 X81.672291 Y-62.311723 Z10 F1000
G01 X81.849911 Y-62.311723 Z9.960784 F1000
G01 X82.027531 Y-62.311723 Z9.921569 F1000
G01 X82.205151 Y-62.311723 Z5.333333 F1000
G01 X82.382771 Y-62.311723 Z0.705882 F1000
G01 X82.560391 Y-62.311723 Z3.215686 F1000
G01 X82.738011 Y-62.311723 Z8.941176 F1000
G01 X82.915631 Y-62.311723 Z10 F1000
G01 X99.611901 Y-62.311723 Z10 F1000
G01 X99.611901 Y-62.489343 Z10 F1000
G01 X99.611901 Y-62.666963 Z10 F1000
G01 X99.611901 Y-62.844583 Z10 F1000
G01 X83.27087 Y-62.844583 Z10 F1000
G01 X83.09325 Y-62.844583 Z9.45098 F1000
G01 X82.915631 Y-62.844583 Z4.980392 F1000
G01 X82.738011 Y-62.844583 Z0.705882 F1000
G01 X82.560391 Y-62.844583 Z3.803922 F1000
G01 X82.382771 Y-62.844583 Z9.294118 F1000
G01 X82.205151 Y-62.844583 Z10 F1000
G01 X17.90675 Y-62.844583 Z10 F1000
G01 X17.72913 Y-62.844583 Z9.294118 F1000
G01 X17.55151 Y-62.844583 Z3.294118 F1000
G01 X17.37389 Y-62.844583 Z0.588235 F1000
G01 X17.19627 Y-62.844583 Z4.705882 F1000
G01 X17.01865 Y-62.844583 Z9.686275 F1000
G01 X16.84103 Y-62.844583 Z9.803922 F1000
G01 X16.66341 Y-62.844583 Z10 F1000
G01 X0.32238 Y-62.844583 Z10 F1000
G01 X0.32238 Y-63.022202 Z10 F1000
G01 X0.32238 Y-63.199822 Z10 F1000
G01 X0.32238 Y-63.377442 Z10 F1000
G01 X16.48579 Y-63.377442 Z10 F1000
G01 X16.66341 Y-63.377442 Z9.803922 F1000
G01 X16.84103 Y-63.377442 Z6.588235 F1000
G01 X17.01865 Y-63.377442 Z0.745098 F1000
G01 X17.19627 Y-63.377442 Z2.117647 F1000
G01 X17.37389 Y-63.377442 Z8.196078 F1000
G01 X17.55151 Y-63.377442 Z10 F1000
G01 X82.382771 Y-63.377442 Z10 F1000
G01 X82.560391 Y-63.377442 Z9.686275 F1000
G01 X82.738011 Y-63.377442 Z8.352941 F1000
G01 X82.915631 Y-63.377442 Z1.921569 F1000
G01 X83.09325 Y-63.377442 Z0.862745 F1000
G01 X83.27087 Y-63.377442 Z6.196078 F1000
G01 X83.44849 Y-63.377442 Z9.843137 F1000
G01 X83.62611 Y-63.377442 Z10 F1000
G01 X99.611901 Y-63.377442 Z10 F1000
G01 X99.611901 Y-63.555062 Z10 F1000
G01 X99.611901 Y-63.732682 Z10 F1000
G01 X99.611901 Y-63.910302 Z10 F1000
G01 X84.51421 Y-63.910302 Z10 F1000
G01 X84.33659 Y-63.910302 Z9.960784 F1000
G01 X84.15897 Y-63.910302 Z9.921569 F1000
G01 X83.98135 Y-63.910302 Z9.921569 F1000
G01 X83.80373 Y-63.910302 Z9.411765 F1000
G01 X83.62611 Y-63.910302 Z8.784314 F1000
G01 X83.44849 Y-63.910302 Z1.490196 F1000
G01 X83.27087 Y-63.910302 Z0.627451 F1000
G01 X83.09325 Y-63.910302 Z6.862745 F1000
G01 X82.915631 Y-63.910302 Z9.72549 F1000
G01 X82.738011 Y-63.910302 Z9.960784 F1000
G01 X82.560391 Y-63.910302 Z9.960784 F1000
G01 X82.382771 Y-63.910302 Z10 F1000
G01 X17.37389 Y-63.910302 Z10 F1000
G01 X17.19627 Y-63.910302 Z9.843137 F1000
G01 X17.01865 Y-63.910302 Z6.784314 F1000
G01 X16.84103 Y-63.910302 Z1.098039 F1000
G01 X16.66341 Y-63.910302 Z1.686275 F1000
G01 X16.48579 Y-63.910302 Z8.078431 F1000
G01 X16.308171 Y-63.910302 Z9.372549 F1000
G01 X16.130551 Y-63.910302 Z9.921569 F1000
G01 X15.775311 Y-63.910302 Z9.921569 F1000
G01 X15.597691 Y-63.910302 Z10 F1000
G01 X0.32238 Y-63.910302 Z10 F1000
G01 X0.32238 Y-64.087922 Z10 F1000
G01 X0.32238 Y-64.265542 Z10 F1000
G01 X0.32238 Y-64.443162 Z10 F1000
G01 X15.597691 Y-64.443162 Z10 F1000
G01 X15.775311 Y-64.443162 Z9.882353 F1000
G01 X15.952931 Y-64.443162 Z9.882353 F1000
G01 X16.130551 Y-64.443162 Z8.980392 F1000
G01 X16.308171 Y-64.443162 Z3.333333 F1000
G01 X16.48579 Y-64.443162 Z0.627451 F1000
G01 X16.66341 Y-64.443162 Z5.411765 F1000
G01 X16.84103 Y-64.443162 Z9.176471 F1000
G01 X17.01865 Y-64.443162 Z9.960784 F1000
G01 X17.19627 Y-64.443162 Z9.960784 F1000
G01 X17.37389 Y-64.443162 Z10 F1000
G01 X83.09325 Y-64.443162 Z10 F1000
G01 X83.27087 Y-64.443162 Z9.843137 F1000
G01 X83.44849 Y-64.443162 Z5.137255 F1000
G01 X83.62611 Y-64.443162 Z0.666667 F1000
G01 X83.80373 Y-64.443162 Z3.529412 F1000
G01 X83.98135 Y-64.443162 Z9.058824 F1000
G01 X84.15897 Y-64.443162 Z9.647059 F1000
G01 X84.33659 Y-64.443162 Z9.921569 F1000
G01 X84.51421 Y-64.443162 Z10 F1000
G01 X99.611901 Y-64.443162 Z10 F1000
G01 X99.611901 Y-64.620782 Z10 F1000
G01 X99.611901 Y-64.798401 Z10 F1000
G01 X99.611901 Y-64.976021 Z10 F1000
G01 X84.51421 Y-64.976021 Z10 F1000
G01 X84.33659 Y-64.976021 Z9.215686 F1000
G01 X84.15897 Y-64.976021 Z5.254902 F1000
G01 X83.98135 Y-64.976021 Z0.588235 F1000
G01 X83.80373 Y-64.976021 Z3.058824 F1000
G01 X83.62611 Y-64.976021 Z9.254902 F1000
G01 X83.44849 Y-64.976021 Z9.72549 F1000
G01 X83.27087 Y-64.976021 Z9.882353 F1000
G01 X83.09325 Y-64.976021 Z10 F1000
G01 X16.84103 Y-64.976021 Z10 F1000
G01 X16.66341 Y-64.976021 Z9.843137 F1000
G01 X16.48579 Y-64.976021 Z8.901961 F1000
G01 X16.308171 Y-64.976021 Z2.980392 F1000
G01 X16.130551 Y-64.976021 Z0.627451 F1000
G01 X15.952931 Y-64.976021 Z5.215686 F1000
G01 X15.775311 Y-64.976021 Z9.254902 F1000
G01 X15.597691 Y-64.976021 Z10 F1000
G01 X0.32238 Y-64.976021 Z10 F1000
G01 X0.32238 Y-65.153641 Z10 F1000
G01 X0.32238 Y-65.331261 Z10 F1000
G01 X0.32238 Y-65.508881 Z10 F1000
G01 X15.242451 Y-65.508881 Z10 F1000
G01 X15.420071 Y-65.508881 Z9.372549 F1000
G01 X15.597691 Y-65.508881 Z7.019608 F1000
G01 X15.775311 Y-65.508881 Z1.294118 F1000
G01 X15.952931 Y-65.508881 Z2.313725 F1000
G01 X16.130551 Y-65.508881 Z7.686275 F1000
G01 X16.308171 Y-65.508881 Z9.882353 F1000
G01 X16.48579 Y-65.508881 Z10 F1000
G01 X83.44849 Y-65.508881 Z10 F1000
G01 X83.62611 Y-65.508881 Z9.960784 F1000
G01 X83.80373 Y-65.508881 Z9.960784 F1000
G01 X83.98135 Y-65.508881 Z7.607843 F1000
G01 X84.15897 Y-65.508881 Z2.117647 F1000
G01 X84.33659 Y-65.508881 Z1.490196 F1000
G01 X84.51421 Y-65.508881 Z6.313725 F1000
G01 X84.691829 Y-65.508881 Z9.960784 F1000
G01 X85.047069 Y-65.508881 Z9.960784 F1000
G01 X85.224689 Y-65.508881 Z10 F1000
G01 X99.611901 Y-65.508881 Z10 F1000
G01 X99.611901 Y-65.686501 Z10 F1000
G01 X99.611901 Y-65.864121 Z10 F1000
G01 X99.611901 Y-66.041741 Z10 F1000
G01 X85.224689 Y-66.041741 Z10 F1000
G01 X85.047069 Y-66.041741 Z9.960784 F1000
G01 X84.869449 Y-66.041741 Z8.27451 F1000
G01 X84.691829 Y-66.041741 Z2.078431 F1000
G01 X84.51421 Y-66.041741 Z1.098039 F1000
G01 X84.33659 Y-66.041741 Z5.921569 F1000
G01 X84.15897 Y-66.041741 Z9.490196 F1000
G01 X83.98135 Y-66.041741 Z9.686275 F1000
G01 X83.80373 Y-66.041741 Z9.960784 F1000
G01 X83.62611 Y-66.041741 Z10 F1000
G01 X16.130551 Y-66.041741 Z10 F1000
G01 X15.952931 Y-66.041741 Z9.647059 F1000
G01 X15.775311 Y-66.041741 Z6.352941 F1000
G01 X15.597691 Y-66.041741 Z1.098039 F1000
G01 X15.420071 Y-66.041741 Z2.27451 F1000
G01 X15.242451 Y-66.041741 Z8.313725 F1000
G01 X15.064831 Y-66.041741 Z9.764706 F1000
G01 X14.887211 Y-66.041741 Z10 F1000
G01 X0.32238 Y-66.041741 Z10 F1000
G01 X0.32238 Y-66.219361 Z10 F1000
G01 X0.32238 Y-66.39698 Z10 F1000
G01 X0.32238 Y-66.5746 Z10 F1000
G01 X14.887211 Y-66.5746 Z10 F1000
G01 X15.064831 Y-66.5746 Z3.647059 F1000
G01 X15.242451 Y-66.5746 Z0.784314 F1000
G01 X15.420071 Y-66.5746 Z4.078431 F1000
G01 X15.597691 Y-66.5746 Z9.843137 F1000
G01 X15.775311 Y-66.5746 Z10 F1000
G01 X84.33659 Y-66.5746 Z10 F1000
G01 X84.51421 Y-66.5746 Z9.568627 F1000
G01 X84.691829 Y-66.5746 Z4.196078 F1000
G01 X84.869449 Y-66.5746 Z0.705882 F1000
G01 X85.047069 Y-66.5746 Z4.352941 F1000
G01 X85.224689 Y-66.5746 Z9.215686 F1000
G01 X85.402309 Y-66.5746 Z10 F1000
G01 X99.611901 Y-66.5746 Z10 F1000
G01 X99.611901 Y-66.75222 Z10 F1000
G01 X99.611901 Y-66.92984 Z10 F1000
G01 X99.611901 Y-67.10746 Z10 F1000
G01 X85.757549 Y-67.10746 Z10 F1000
G01 X85.579929 Y-67.10746 Z9.372549 F1000
G01 X85.402309 Y-67.10746 Z6.156863 F1000
G01 X85.224689 Y-67.10746 Z0.705882 F1000
G01 X85.047069 Y-67.10746 Z2.27451 F1000
G01 X84.869449 Y-67.10746 Z8.54902 F1000
G01 X84.691829 Y-67.10746 Z10 F1000
G01 X15.597691 Y-67.10746 Z10 F1000
G01 X15.420071 Y-67.10746 Z9.960784 F1000
G01 X15.242451 Y-67.10746 Z8.705882 F1000
G01 X15.064831 Y-67.10746 Z2.705882 F1000
G01 X14.887211 Y-67.10746 Z0.784314 F1000
G01 X14.709591 Y-67.10746 Z5.882353 F1000
G01 X14.531972 Y-67.10746 Z9.764706 F1000
G01 X14.354352 Y-67.10746 Z9.882353 F1000
G01 X14.176732 Y-67.10746 Z10 F1000
G01 X0.32238 Y-67.10746 Z10 F1000
G01 X0.32238 Y-67.28508 Z10 F1000
G01 X0.32238 Y-67.4627 Z10 F1000
G01 X0.32238 Y-67.64032 Z10 F1000
G01 X13.999112 Y-67.64032 Z10 F1000
G01 X14.176732 Y-67.64032 Z9.882353 F1000
G01 X14.354352 Y-67.64032 Z7.333333 F1000
G01 X14.531972 Y-67.64032 Z1.176471 F1000
G01 X14.709591 Y-67.64032 Z1.45098 F1000
G01 X14.887211 Y-67.64032 Z7.137255 F1000
G01 X15.064831 Y-67.64032 Z10 F1000
G01 X85.047069 Y-67.64032 Z10 F1000
G01 X85.224689 Y-67.64032 Z7.333333 F1000
G01 X85.402309 Y-67.64032 Z1.372549 F1000
G01 X85.579929 Y-67.64032 Z0.941176 F1000
G01 X85.757549 Y-67.64032 Z7.490196 F1000
G01 X85.935169 Y-67.64032 Z9.843137 F1000
G01 X86.112789 Y-67.64032 Z10 F1000
G01 X99.611901 Y-67.64032 Z10 F1000
G01 X99.611901 Y-67.81794 Z10 F1000
G01 X99.611901 Y-67.99556 Z10 F1000
G01 X99.611901 Y-68.173179 Z10 F1000
G01 X86.468028 Y-68.173179 Z10 F1000
G01 X86.290409 Y-68.173179 Z9.803922 F1000
G01 X86.112789 Y-68.173179 Z9.058824 F1000
G01 X85.935169 Y-68.173179 Z2.392157 F1000
G01 X85.757549 Y-68.173179 Z0.862745 F1000
G01 X85.579929 Y-68.173179 Z6 F1000
G01 X85.402309 Y-68.173179 Z9.490196 F1000
G01 X85.224689 Y-68.173179 Z9.882353 F1000
G01 X85.047069 Y-68.173179 Z10 F1000
G01 X14.887211 Y-68.173179 Z10 F1000
G01 X14.709591 Y-68.173179 Z9.882353 F1000
G01 X14.531972 Y-68.173179 Z6.039216 F1000
G01 X14.354352 Y-68.173179 Z0.588235 F1000
G01 X14.176732 Y-68.173179 Z2.27451 F1000
G01 X13.999112 Y-68.173179 Z8.862745 F1000
G01 X13.821492 Y-68.173179 Z9.686275 F1000
G01 X13.643872 Y-68.173179 Z10 F1000
G01 X0.32238 Y-68.173179 Z10 F1000
G01 X0.32238 Y-68.350799 Z10 F1000
G01 X0.32238 Y-68.528419 Z10 F1000
G01 X0.32238 Y-68.706039 Z10 F1000
G01 X12.755773 Y-68.706039 Z10 F1000
G01 X12.933393 Y-68.706039 Z9.960784 F1000
G01 X13.111012 Y-68.706039 Z9.960784 F1000
G01 X13.288632 Y-68.706039 Z9.882353 F1000
G01 X13.466252 Y-68.706039 Z9.72549 F1000
G01 X13.643872 Y-68.706039 Z9.72549 F1000
G01 X13.821492 Y-68.706039 Z4.235294 F1000
G01 X13.999112 Y-68.706039 Z0.588235 F1000
G01 X14.176732 Y-68.706039 Z3.921569 F1000
G01 X14.354352 Y-68.706039 Z9.568627 F1000
G01 X14.531972 Y-68.706039 Z9.960784 F1000
G01 X14.709591 Y-68.706039 Z10 F1000
G01 X85.224689 Y-68.706039 Z10 F1000
G01 X85.402309 Y-68.706039 Z9.803922 F1000
G01 X85.579929 Y-68.706039 Z9.803922 F1000
G01 X85.757549 Y-68.706039 Z9.490196 F1000
G01 X85.935169 Y-68.706039 Z3.764706 F1000
G01 X86.112789 Y-68.706039 Z0.431373 F1000
G01 X86.290409 Y-68.706039 Z3.960784 F1000
G01 X86.468028 Y-68.706039 Z10 F1000
G01 X99.611901 Y-68.706039 Z10 F1000
G01 X99.611901 Y-68.883659 Z10 F1000
G01 X99.611901 Y-69.061279 Z10 F1000
G01 X99.611901 Y-69.238899 Z10 F1000
G01 X87.356128 Y-69.238899 Z10 F1000
G01 X87.178508 Y-69.238899 Z9.960784 F1000
G01 X87.000888 Y-69.238899 Z9.960784 F1000
G01 X86.823268 Y-69.238899 Z9.490196 F1000
G01 X86.645648 Y-69.238899 Z6.196078 F1000
G01 X86.468028 Y-69.238899 Z0.627451 F1000
G01 X86.290409 Y-69.238899 Z1.960784 F1000
G01 X86.112789 Y-69.238899 Z8.627451 F1000
G01 X85.935169 Y-69.238899 Z9.686275 F1000
G01 X85.757549 Y-69.238899 Z10 F1000
G01 X14.354352 Y-69.238899 Z10 F1000
G01 X14.176732 Y-69.238899 Z9.921569 F1000
G01 X13.999112 Y-69.238899 Z8.509804 F1000
G01 X13.821492 Y-69.238899 Z2.196078 F1000
G01 X13.643872 Y-69.238899 Z0.627451 F1000
G01 X13.466252 Y-69.238899 Z6.27451 F1000
G01 X13.288632 Y-69.238899 Z9.411765 F1000
G01 X13.111012 Y-69.238899 Z9.803922 F1000
G01 X12.933393 Y-69.238899 Z9.921569 F1000
G01 X12.755773 Y-69.238899 Z10 F1000
G01 X0.32238 Y-69.238899 Z10 F1000
G01 X0.32238 Y-69.416519 Z10 F1000
G01 X0.32238 Y-69.594139 Z10 F1000
G01 X0.32238 Y-69.771758 Z10 F1000
G01 X12.755773 Y-69.771758 Z10 F1000
G01 X12.933393 Y-69.771758 Z9.764706 F1000
G01 X13.111012 Y-69.771758 Z7.490196 F1000
G01 X13.288632 Y-69.771758 Z1.764706 F1000
G01 X13.466252 Y-69.771758 Z1.607843 F1000
G01 X13.643872 Y-69.771758 Z6.823529 F1000
G01 X13.821492 Y-69.771758 Z9.960784 F1000
G01 X13.999112 Y-69.771758 Z9.960784 F1000
G01 X14.176732 Y-69.771758 Z10 F1000
G01 X85.757549 Y-69.771758 Z10 F1000
G01 X85.935169 Y-69.771758 Z9.843137 F1000
G01 X86.112789 Y-69.771758 Z9.843137 F1000
G01 X86.290409 Y-69.771758 Z9.72549 F1000
G01 X86.468028 Y-69.771758 Z7.176471 F1000
G01 X86.645648 Y-69.771758 Z1.294118 F1000
G01 X86.823268 Y-69.771758 Z1.647059 F1000
G01 X87.000888 Y-69.771758 Z7.686275 F1000
G01 X87.178508 Y-69.771758 Z9.647059 F1000
G01 X87.356128 Y-69.771758 Z9.803922 F1000
G01 X87.533748 Y-69.771758 Z10 F1000
G01 X99.611901 Y-69.771758 Z10 F1000
G01 X99.611901 Y-69.949378 Z10 F1000
G01 X99.611901 Y-70.126998 Z10 F1000
G01 X99.611901 Y-70.304618 Z10 F1000
G01 X87.533748 Y-70.304618 Z10 F1000
G01 X87.356128 Y-70.304618 Z8.941176 F1000
G01 X87.178508 Y-70.304618 Z2.980392 F1000
G01 X87.000888 Y-70.304618 Z0.745098 F1000
G01 X86.823268 Y-70.304618 Z5.333333 F1000
G01 X86.645648 Y-70.304618 Z9.490196 F1000
G01 X86.468028 Y-70.304618 Z10 F1000
G01 X14.176732 Y-70.304618 Z10 F1000
G01 X13.999112 Y-70.304618 Z9.960784 F1000
G01 X13.821492 Y-70.304618 Z9.960784 F1000
G01 X13.643872 Y-70.304618 Z9.921569 F1000
G01 X13.466252 Y-70.304618 Z9.411765 F1000
G01 X13.288632 Y-70.304618 Z5.490196 F1000
G01 X13.111012 Y-70.304618 Z0.862745 F1000
G01 X12.933393 Y-70.304618 Z3.058824 F1000
G01 X12.755773 Y-70.304618 Z8.901961 F1000
G01 X12.578153 Y-70.304618 Z10 F1000
G01 X0.32238 Y-70.304618 Z10 F1000
G01 X0.32238 Y-70.482238 Z10 F1000
G01 X0.32238 Y-70.659858 Z10 F1000
G01 X0.32238 Y-70.837478 Z10 F1000
G01 X12.222913 Y-70.837478 Z10 F1000
G01 X12.400533 Y-70.837478 Z9.72549 F1000
G01 X12.578153 Y-70.837478 Z4.901961 F1000
G01 X12.755773 Y-70.837478 Z0.862745 F1000
G01 X12.933393 Y-70.837478 Z3.372549 F1000
G01 X13.111012 Y-70.837478 Z9.254902 F1000
G01 X13.288632 Y-70.837478 Z10 F1000
G01 X86.645648 Y-70.837478 Z10 F1000
G01 X86.823268 Y-70.837478 Z9.960784 F1000
G01 X87.000888 Y-70.837478 Z9.333333 F1000
G01 X87.178508 Y-70.837478 Z3.647059 F1000
G01 X87.356128 Y-70.837478 Z0.823529 F1000
G01 X87.533748 Y-70.837478 Z4.745098 F1000
G01 X87.711368 Y-70.837478 Z9.607843 F1000
G01 X87.888988 Y-70.837478 Z9.803922 F1000
G01 X88.066607 Y-70.837478 Z10 F1000
G01 X99.611901 Y-70.837478 Z10 F1000
G01 X99.611901 Y-71.015098 Z10 F1000
G01 X99.611901 Y-71.192718 Z10 F1000
G01 X99.611901 Y-71.370337 Z10 F1000
G01 X88.066607 Y-71.370337 Z10 F1000
G01 X87.888988 Y-71.370337 Z6.509804 F1000
G01 X87.711368 Y-71.370337 Z0.941176 F1000
G01 X87.533748 Y-71.370337 Z1.764706 F1000
G01 X87.356128 Y-71.370337 Z8.27451 F1000
G01 X87.178508 Y-71.370337 Z9.72549 F1000
G01 X87.000888 Y-71.370337 Z10 F1000
G01 X13.111012 Y-71.370337 Z10 F1000
G01 X12.933393 Y-71.370337 Z9.764706 F1000
G01 X12.755773 Y-71.370337 Z7.686275 F1000
G01 X12.578153 Y-71.370337 Z2.27451 F1000
G01 X12.400533 Y-71.370337 Z0.666667 F1000
G01 X12.222913 Y-71.370337 Z6.509804 F1000
G01 X12.045293 Y-71.370337 Z9.72549 F1000
G01 X11.867673 Y-71.370337 Z10 F1000
G01 X0.32238 Y-71.370337 Z10 F1000
G01 X0.32238 Y-71.547957 Z10 F1000
G01 X0.32238 Y-71.725577 Z10 F1000
G01 X0.32238 Y-71.903197 Z10 F1000
G01 X11.690053 Y-71.903197 Z10 F1000
G01 X11.867673 Y-71.903197 Z8.078431 F1000
G01 X12.045293 Y-71.903197 Z1.843137 F1000
G01 X12.222913 Y-71.903197 Z0.823529 F1000
G01 X12.400533 Y-71.903197 Z6.901961 F1000
G01 X12.578153 Y-71.903197 Z9.411765 F1000
G01 X12.755773 Y-71.903197 Z10 F1000
G01 X87.356128 Y-71.903197 Z10 F1000
G01 X87.533748 Y-71.903197 Z9.803922 F1000
G01 X87.711368 Y-71.903197 Z6.862745 F1000
G01 X87.888988 Y-71.903197 Z0.705882 F1000
G01 X88.066607 Y-71.903197 Z2 F1000
G01 X88.244227 Y-71.903197 Z8.235294 F1000
G01 X88.421847 Y-71.903197 Z9.803922 F1000
G01 X88.599467 Y-71.903197 Z9.803922 F1000
G01 X88.777087 Y-71.903197 Z10 F1000
G01 X99.611901 Y-71.903197 Z10 F1000
G01 X99.611901 Y-72.080817 Z10 F1000
G01 X99.611901 Y-72.258437 Z10 F1000
G01 X99.611901 Y-72.436057 Z10 F1000
G01 X88.777087 Y-72.436057 Z10 F1000
G01 X88.599467 Y-72.436057 Z8.823529 F1000
G01 X88.421847 Y-72.436057 Z3.294118 F1000
G01 X88.244227 Y-72.436057 Z0.705882 F1000
G01 X88.066607 Y-72.436057 Z4.862745 F1000
G01 X87.888988 Y-72.436057 Z10 F1000
G01 X12.400533 Y-72.436057 Z10 F1000
G01 X12.222913 Y-72.436057 Z9.607843 F1000
G01 X12.045293 Y-72.436057 Z5.019608 F1000
G01 X11.867673 Y-72.436057 Z0.745098 F1000
G01 X11.690053 Y-72.436057 Z3.098039 F1000
G01 X11.512433 Y-72.436057 Z9.529412 F1000
G01 X11.334813 Y-72.436057 Z9.960784 F1000
G01 X11.157194 Y-72.436057 Z10 F1000
G01 X0.32238 Y-72.436057 Z10 F1000
G01 X0.32238 Y-72.613677 Z10 F1000
G01 X0.32238 Y-72.791297 Z10 F1000
G01 X0.32238 Y-72.968917 Z10 F1000
G01 X10.624334 Y-72.968917 Z10 F1000
G01 X10.801954 Y-72.968917 Z9.921569 F1000
G01 X11.157194 Y-72.968917 Z9.921569 F1000
G01 X11.334813 Y-72.968917 Z5.254902 F1000
G01 X11.512433 Y-72.968917 Z0.705882 F1000
G01 X11.690053 Y-72.968917 Z3.019608 F1000
G01 X11.867673 Y-72.968917 Z9.294118 F1000
G01 X12.045293 Y-72.968917 Z9.921569 F1000
G01 X12.222913 Y-72.968917 Z10 F1000
G01 X88.066607 Y-72.968917 Z10 F1000
G01 X88.244227 Y-72.968917 Z8.666667 F1000
G01 X88.421847 Y-72.968917 Z3.058824 F1000
G01 X88.599467 Y-72.968917 Z0.627451 F1000
G01 X88.777087 Y-72.968917 Z5.294118 F1000
G01 X88.954707 Y-72.968917 Z9.803922 F1000
G01 X89.132327 Y-72.968917 Z10 F1000
G01 X99.611901 Y-72.968917 Z10 F1000
G01 X99.611901 Y-73.146536 Z10 F1000
G01 X99.611901 Y-73.324156 Z10 F1000
G01 X99.611901 Y-73.501776 Z10 F1000
G01 X89.487567 Y-73.501776 Z10 F1000
G01 X89.309947 Y-73.501776 Z9.843137 F1000
G01 X89.132327 Y-73.501776 Z6.823529 F1000
G01 X88.954707 Y-73.501776 Z1.176471 F1000
G01 X88.777087 Y-73.501776 Z1.45098 F1000
G01 X88.599467 Y-73.501776 Z7.764706 F1000
G01 X88.421847 Y-73.501776 Z9.882353 F1000
G01 X88.244227 Y-73.501776 Z10 F1000
G01 X11.867673 Y-73.501776 Z10 F1000
G01 X11.690053 Y-73.501776 Z9.882353 F1000
G01 X11.512433 Y-73.501776 Z7.607843 F1000
G01 X11.334813 Y-73.501776 Z1.686275 F1000
G01 X11.157194 Y-73.501776 Z1.568627 F1000
G01 X10.979574 Y-73.501776 Z6.862745 F1000
G01 X10.801954 Y-73.501776 Z9.529412 F1000
G01 X10.624334 Y-73.501776 Z10 F1000
G01 X0.32238 Y-73.501776 Z10 F1000
G01 X0.32238 Y-73.679396 Z10 F1000
G01 X0.32238 Y-73.857016 Z10 F1000
G01 X0.32238 Y-74.034636 Z10 F1000
G01 X10.446714 Y-74.034636 Z10 F1000
G01 X10.624334 Y-74.034636 Z8.235294 F1000
G01 X10.801954 Y-74.034636 Z2.784314 F1000
G01 X10.979574 Y-74.034636 Z0.901961 F1000
G01 X11.157194 Y-74.034636 Z6.078431 F1000
G01 X11.334813 Y-74.034636 Z9.764706 F1000
G01 X11.512433 Y-74.034636 Z10 F1000
G01 X88.777087 Y-74.034636 Z10 F1000
G01 X88.954707 Y-74.034636 Z5.921569 F1000
G01 X89.132327 Y-74.034636 Z0.941176 F1000
G01 X89.309947 Y-74.034636 Z2.705882 F1000
G01 X89.487567 Y-74.034636 Z8.509804 F1000
G01 X89.665187 Y-74.034636 Z10 F1000
G01 X99.611901 Y-74.034636 Z10 F1000
G01 X99.611901 Y-74.212256 Z10 F1000
G01 X99.611901 Y-74.389876 Z10 F1000
G01 X99.611901 Y-74.567496 Z10 F1000
G01 X90.020426 Y-74.567496 Z10 F1000
G01 X89.842806 Y-74.567496 Z9.764706 F1000
G01 X89.665187 Y-74.567496 Z3.45098 F1000
G01 X89.487567 Y-74.567496 Z0.627451 F1000
G01 X89.309947 Y-74.567496 Z4.352941 F1000
G01 X89.132327 Y-74.567496 Z9.176471 F1000
G01 X88.954707 Y-74.567496 Z9.882353 F1000
G01 X88.777087 Y-74.567496 Z10 F1000
G01 X11.334813 Y-74.567496 Z10 F1000
G01 X11.157194 Y-74.567496 Z9.921569 F1000
G01 X10.979574 Y-74.567496 Z8.941176 F1000
G01 X10.801954 Y-74.567496 Z4.352941 F1000
G01 X10.624334 Y-74.567496 Z0.784314 F1000
G01 X10.446714 Y-74.567496 Z4.196078 F1000
G01 X10.269094 Y-74.567496 Z9.294118 F1000
G01 X10.091474 Y-74.567496 Z10 F1000
G01 X0.32238 Y-74.567496 Z10 F1000
G01 X0.32238 Y-74.745115 Z10 F1000
G01 X0.32238 Y-74.922735 Z10 F1000
G01 X0.32238 Y-75.100355 Z10 F1000
G01 X9.736234 Y-75.100355 Z10 F1000
G01 X9.913854 Y-75.100355 Z9.764706 F1000
G01 X10.091474 Y-75.100355 Z6.235294 F1000
G01 X10.269094 Y-75.100355 Z0.588235 F1000
G01 X10.446714 Y-75.100355 Z2.509804 F1000
G01 X10.624334 Y-75.100355 Z8.27451 F1000
G01 X10.801954 Y-75.100355 Z10 F1000
G01 X89.309947 Y-75.100355 Z10 F1000
G01 X89.487567 Y-75.100355 Z8.784314 F1000
G01 X89.665187 Y-75.100355 Z2.313725 F1000
G01 X89.842806 Y-75.100355 Z0.588235 F1000
G01 X90.020426 Y-75.100355 Z5.764706 F1000
G01 X90.198046 Y-75.100355 Z9.921569 F1000
G01 X90.375666 Y-75.100355 Z9.921569 F1000
G01 X90.553286 Y-75.100355 Z9.960784 F1000
G01 X90.730906 Y-75.100355 Z10 F1000
G01 X99.611901 Y-75.100355 Z10 F1000
G01 X99.611901 Y-75.277975 Z10 F1000
G01 X99.611901 Y-75.455595 Z10 F1000
G01 X99.611901 Y-75.633215 Z10 F1000
G01 X90.730906 Y-75.633215 Z10 F1000
G01 X90.553286 Y-75.633215 Z9.882353 F1000
G01 X90.375666 Y-75.633215 Z7.45098 F1000
G01 X90.198046 Y-75.633215 Z1.176471 F1000
G01 X90.020426 Y-75.633215 Z0.941176 F1000
G01 X89.842806 Y-75.633215 Z7.490196 F1000
G01 X89.665187 Y-75.633215 Z9.45098 F1000
G01 X89.487567 Y-75.633215 Z10 F1000
G01 X10.624334 Y-75.633215 Z10 F1000
G01 X10.446714 Y-75.633215 Z9.960784 F1000
G01 X10.269094 Y-75.633215 Z6.862745 F1000
G01 X10.091474 Y-75.633215 Z1.333333 F1000
G01 X9.913854 Y-75.633215 Z1.686275 F1000
G01 X9.736234 Y-75.633215 Z7.490196 F1000
G01 X9.558615 Y-75.633215 Z9.607843 F1000
G01 X9.380995 Y-75.633215 Z9.882353 F1000
G01 X9.203375 Y-75.633215 Z10 F1000
G01 X0.32238 Y-75.633215 Z10 F1000
G01 X0.32238 Y-75.810835 Z10 F1000
G01 X0.32238 Y-75.988455 Z10 F1000
G01 X0.32238 Y-76.166075 Z10 F1000
G01 X9.203375 Y-76.166075 Z10 F1000
G01 X9.380995 Y-76.166075 Z8.588235 F1000
G01 X9.558615 Y-76.166075 Z2.392157 F1000
G01 X9.736234 Y-76.166075 Z0.54902 F1000
G01 X9.913854 Y-76.166075 Z5.098039 F1000
G01 X10.091474 Y-76.166075 Z9.960784 F1000
G01 X10.269094 Y-76.166075 Z10 F1000
G01 X89.487567 Y-76.166075 Z10 F1000
G01 X89.665187 Y-76.166075 Z9.921569 F1000
G01 X90.020426 Y-76.166075 Z9.921569 F1000
G01 X90.198046 Y-76.166075 Z5.568627 F1000
G01 X90.375666 Y-76.166075 Z0.745098 F1000
G01 X90.553286 Y-76.166075 Z2.352941 F1000
G01 X90.730906 Y-76.166075 Z8.980392 F1000
G01 X90.908526 Y-76.166075 Z9.921569 F1000
G01 X91.086146 Y-76.166075 Z10 F1000
G01 X99.611901 Y-76.166075 Z10 F1000
G01 X99.611901 Y-76.343694 Z10 F1000
G01 X99.611901 Y-76.521314 Z10 F1000
G01 X99.611901 Y-76.698934 Z10 F1000
G01 X91.441385 Y-76.698934 Z10 F1000
G01 X91.263766 Y-76.698934 Z9.882353 F1000
G01 X91.086146 Y-76.698934 Z9.803922 F1000
G01 X90.908526 Y-76.698934 Z4.470588 F1000
G01 X90.730906 Y-76.698934 Z0.784314 F1000
G01 X90.553286 Y-76.698934 Z3.607843 F1000
G01 X90.375666 Y-76.698934 Z9.529412 F1000
G01 X90.198046 Y-76.698934 Z9.882353 F1000
G01 X90.020426 Y-76.698934 Z9.921569 F1000
G01 X89.665187 Y-76.698934 Z9.921569 F1000
G01 X89.487567 Y-76.698934 Z10 F1000
G01 X9.913854 Y-76.698934 Z10 F1000
G01 X9.736234 Y-76.698934 Z9.372549 F1000
G01 X9.558615 Y-76.698934 Z3.568627 F1000
G01 X9.380995 Y-76.698934 Z0.705882 F1000
G01 X9.203375 Y-76.698934 Z4.235294 F1000
G01 X9.025755 Y-76.698934 Z9.882353 F1000
G01 X8.848135 Y-76.698934 Z10 F1000
G01 X0.32238 Y-76.698934 Z10 F1000
G01 X0.32238 Y-76.876554 Z10 F1000
G01 X0.32238 Y-77.054174 Z10 F1000
G01 X0.32238 Y-77.231794 Z10 F1000
G01 X8.670515 Y-77.231794 Z10 F1000
G01 X8.848135 Y-77.231794 Z6.627451 F1000
G01 X9.025755 Y-77.231794 Z1.098039 F1000
G01 X9.203375 Y-77.231794 Z1.843137 F1000
G01 X9.380995 Y-77.231794 Z8.431373 F1000
G01 X9.558615 Y-77.231794 Z9.803922 F1000
G01 X9.736234 Y-77.231794 Z10 F1000
G01 X90.375666 Y-77.231794 Z10 F1000
G01 X90.553286 Y-77.231794 Z9.803922 F1000
G01 X90.730906 Y-77.231794 Z8.666667 F1000
G01 X90.908526 Y-77.231794 Z1.921569 F1000
G01 X91.086146 Y-77.231794 Z0.588235 F1000
G01 X91.263766 Y-77.231794 Z6.784314 F1000
G01 X91.441385 Y-77.231794 Z10 F1000
G01 X99.611901 Y-77.231794 Z10 F1000
G01 X99.611901 Y-77.409414 Z10 F1000
G01 X99.611901 Y-77.587034 Z10 F1000
G01 X99.611901 Y-77.764654 Z10 F1000
G01 X92.507105 Y-77.764654 Z10 F1000
G01 X92.329485 Y-77.764654 Z9.960784 F1000
G01 X91.974245 Y-77.764654 Z9.960784 F1000
G01 X91.796625 Y-77.764654 Z9.921569 F1000
G01 X91.619005 Y-77.764654 Z7.764706 F1000
G01 X91.441385 Y-77.764654 Z1.72549 F1000
G01 X91.263766 Y-77.764654 Z1.019608 F1000
G01 X91.086146 Y-77.764654 Z7.098039 F1000
G01 X90.908526 Y-77.764654 Z9.843137 F1000
G01 X90.730906 Y-77.764654 Z9.843137 F1000
G01 X90.553286 Y-77.764654 Z9.960784 F1000
G01 X90.375666 Y-77.764654 Z10 F1000
G01 X9.380995 Y-77.764654 Z10 F1000
G01 X9.203375 Y-77.764654 Z9.254902 F1000
G01 X9.025755 Y-77.764654 Z6.823529 F1000
G01 X8.848135 Y-77.764654 Z1.176471 F1000
G01 X8.670515 Y-77.764654 Z2.196078 F1000
G01 X8.492895 Y-77.764654 Z7.215686 F1000
G01 X8.315275 Y-77.764654 Z10 F1000
G01 X0.32238 Y-77.764654 Z10 F1000
G01 X0.32238 Y-77.942274 Z10 F1000
G01 X0.32238 Y-78.119893 Z10 F1000
G01 X0.32238 Y-78.297513 Z10 F1000
G01 X7.960036 Y-78.297513 Z10 F1000
G01 X8.137655 Y-78.297513 Z8.431373 F1000
G01 X8.315275 Y-78.297513 Z3.215686 F1000
G01 X8.492895 Y-78.297513 Z0.784314 F1000
G01 X8.670515 Y-78.297513 Z4.901961 F1000
G01 X8.848135 Y-78.297513 Z9.529412 F1000
G01 X9.025755 Y-78.297513 Z10 F1000
G01 X90.908526 Y-78.297513 Z10 F1000
G01 X91.086146 Y-78.297513 Z9.960784 F1000
G01 X91.263766 Y-78.297513 Z9.960784 F1000
G01 X91.441385 Y-78.297513 Z5.098039 F1000
G01 X91.619005 Y-78.297513 Z0.666667 F1000
G01 X91.796625 Y-78.297513 Z3.215686 F1000
G01 X91.974245 Y-78.297513 Z9.137255 F1000
G01 X92.151865 Y-78.297513 Z9.568627 F1000
G01 X92.329485 Y-78.297513 Z9.921569 F1000
G01 X92.507105 Y-78.297513 Z10 F1000
G01 X99.611901 Y-78.297513 Z10 F1000
G01 X99.611901 Y-78.475133 Z10 F1000
G01 X99.611901 Y-78.652753 Z10 F1000
G01 X99.611901 Y-78.830373 Z10 F1000
G01 X92.507105 Y-78.830373 Z10 F1000
G01 X92.329485 Y-78.830373 Z9.803922 F1000
G01 X92.151865 Y-78.830373 Z5.137255 F1000
G01 X91.974245 Y-78.830373 Z0.54902 F1000
G01 X91.796625 Y-78.830373 Z3.333333 F1000
G01 X91.619005 Y-78.830373 Z8.627451 F1000
G01 X91.441385 Y-78.830373 Z9.803922 F1000
G01 X91.263766 Y-78.830373 Z9.960784 F1000
G01 X91.086146 Y-78.830373 Z9.960784 F1000
G01 X90.908526 Y-78.830373 Z10 F1000
G01 X8.670515 Y-78.830373 Z10 F1000
G01 X8.492895 Y-78.830373 Z8.784314 F1000
G01 X8.315275 Y-78.830373 Z3.254902 F1000
G01 X8.137655 Y-78.830373 Z0.588235 F1000
G01 X7.960036 Y-78.830373 Z4.784314 F1000
G01 X7.782416 Y-78.830373 Z9.176471 F1000
G01 X7.604796 Y-78.830373 Z10 F1000
G01 X0.32238 Y-78.830373 Z10 F1000
G01 X0.32238 Y-79.007993 Z10 F1000
G01 X0.32238 Y-79.185613 Z10 F1000
G01 X0.32238 Y-79.363233 Z10 F1000
G01 X6.716696 Y-79.363233 Z10 F1000
G01 X6.894316 Y-79.363233 Z9.960784 F1000
G01 X7.071936 Y-79.363233 Z9.882353 F1000
G01 X7.249556 Y-79.363233 Z9.843137 F1000
G01 X7.427176 Y-79.363233 Z9.607843 F1000
G01 X7.604796 Y-79.363233 Z6.823529 F1000
G01 X7.782416 Y-79.363233 Z0.784314 F1000
G01 X7.960036 Y-79.363233 Z2 F1000
G01 X8.137655 Y-79.363233 Z7.882353 F1000
G01 X8.315275 Y-79.363233 Z10 F1000
G01 X91.441385 Y-79.363233 Z10 F1000
G01 X91.619005 Y-79.363233 Z9.960784 F1000
G01 X91.796625 Y-79.363233 Z9.960784 F1000
G01 X91.974245 Y-79.363233 Z8.235294 F1000
G01 X92.151865 Y-79.363233 Z1.372549 F1000
G01 X92.329485 Y-79.363233 Z1.254902 F1000
G01 X92.507105 Y-79.363233 Z6.705882 F1000
G01 X92.684725 Y-79.363233 Z9.921569 F1000
G01 X92.862345 Y-79.363233 Z10 F1000
G01 X99.611901 Y-79.363233 Z10 F1000
G01 X99.611901 Y-79.540853 Z10 F1000
G01 X99.611901 Y-79.718472 Z10 F1000
G01 X99.611901 Y-79.896092 Z10 F1000
G01 X93.395204 Y-79.896092 Z10 F1000
G01 X93.217584 Y-79.896092 Z9.882353 F1000
G01 X93.039964 Y-79.896092 Z9.882353 F1000
G01 X92.862345 Y-79.896092 Z8.54902 F1000
G01 X92.684725 Y-79.896092 Z1.803922 F1000
G01 X92.507105 Y-79.896092 Z0.862745 F1000
G01 X92.329485 Y-79.896092 Z6.627451 F1000
G01 X92.151865 Y-79.896092 Z9.960784 F1000
G01 X91.974245 Y-79.896092 Z9.960784 F1000
G01 X91.796625 Y-79.896092 Z10 F1000
G01 X7.960036 Y-79.896092 Z10 F1000
G01 X7.782416 Y-79.896092 Z5.921569 F1000
G01 X7.604796 Y-79.896092 Z0.980392 F1000
G01 X7.427176 Y-79.896092 Z2.078431 F1000
G01 X7.249556 Y-79.896092 Z8.117647 F1000
G01 X7.071936 Y-79.896092 Z9.882353 F1000
G01 X6.894316 Y-79.896092 Z9.960784 F1000
G01 X6.716696 Y-79.896092 Z10 F1000
G01 X0.32238 Y-79.896092 Z10 F1000
G01 X0.32238 Y-80.073712 Z10 F1000
G01 X0.32238 Y-80.251332 Z10 F1000
G01 X0.32238 Y-80.428952 Z10 F1000
G01 X6.183837 Y-80.428952 Z10 F1000
G01 X6.361456 Y-80.428952 Z9.882353 F1000
G01 X6.716696 Y-80.428952 Z9.882353 F1000
G01 X6.894316 Y-80.428952 Z9.411765 F1000
G01 X7.071936 Y-80.428952 Z3.529412 F1000
G01 X7.249556 Y-80.428952 Z0.862745 F1000
G01 X7.427176 Y-80.428952 Z4.313725 F1000
G01 X7.604796 Y-80.428952 Z9.803922 F1000
G01 X7.782416 Y-80.428952 Z10 F1000
G01 X92.151865 Y-80.428952 Z10 F1000
G01 X92.329485 Y-80.428952 Z9.960784 F1000
G01 X92.507105 Y-80.428952 Z9.882353 F1000
G01 X92.684725 Y-80.428952 Z4.470588 F1000
G01 X92.862345 Y-80.428952 Z0.745098 F1000
G01 X93.039964 Y-80.428952 Z3.529412 F1000
G01 X93.217584 Y-80.428952 Z9.294118 F1000
G01 X93.395204 Y-80.428952 Z9.921569 F1000
G01 X93.572824 Y-80.428952 Z9.921569 F1000
G01 X93.750444 Y-80.428952 Z10 F1000
G01 X99.611901 Y-80.428952 Z10 F1000
G01 X99.611901 Y-80.606572 Z10 F1000
G01 X99.611901 Y-80.784192 Z10 F1000
G01 X99.611901 Y-80.961812 Z10 F1000
G01 X93.750444 Y-80.961812 Z10 F1000
G01 X93.572824 Y-80.961812 Z9.647059 F1000
G01 X93.395204 Y-80.961812 Z5.254902 F1000
G01 X93.217584 Y-80.961812 Z0.588235 F1000
G01 X93.039964 Y-80.961812 Z2.862745 F1000
G01 X92.862345 Y-80.961812 Z9.058824 F1000
G01 X92.684725 Y-80.961812 Z10 F1000
G01 X7.604796 Y-80.961812 Z10 F1000
G01 X7.427176 Y-80.961812 Z9.921569 F1000
G01 X7.249556 Y-80.961812 Z9.098039 F1000
G01 X7.071936 Y-80.961812 Z2.627451 F1000
G01 X6.894316 Y-80.961812 Z0.705882 F1000
G01 X6.716696 Y-80.961812 Z5.176471 F1000
G01 X6.539076 Y-80.961812 Z9.647059 F1000
G01 X6.361456 Y-80.961812 Z9.803922 F1000
G01 X6.183837 Y-80.961812 Z10 F1000
G01 X0.32238 Y-80.961812 Z10 F1000
G01 X0.32238 Y-81.139432 Z10 F1000
G01 X0.32238 Y-81.317052 Z10 F1000
G01 X0.32238 Y-81.494671 Z10 F1000
G01 X5.828597 Y-81.494671 Z10 F1000
G01 X6.006217 Y-81.494671 Z9.921569 F1000
G01 X6.183837 Y-81.494671 Z9.921569 F1000
G01 X6.361456 Y-81.494671 Z6.941176 F1000
G01 X6.539076 Y-81.494671 Z1.137255 F1000
G01 X6.716696 Y-81.494671 Z1.411765 F1000
G01 X6.894316 Y-81.494671 Z7.960784 F1000
G01 X7.071936 Y-81.494671 Z9.72549 F1000
G01 X7.249556 Y-81.494671 Z10 F1000
G01 X93.039964 Y-81.494671 Z10 F1000
G01 X93.217584 Y-81.494671 Z7.764706 F1000
G01 X93.395204 Y-81.494671 Z1.254902 F1000
G01 X93.572824 Y-81.494671 Z1.411765 F1000
G01 X93.750444 Y-81.494671 Z7.333333 F1000
G01 X93.928064 Y-81.494671 Z9.764706 F1000
G01 X94.105684 Y-81.494671 Z10 F1000
G01 X99.611901 Y-81.494671 Z10 F1000
G01 X99.611901 Y-81.672291 Z10 F1000
G01 X99.611901 Y-81.849911 Z10 F1000
G01 X99.611901 Y-82.027531 Z10 F1000
G01 X94.283304 Y-82.027531 Z10 F1000
G01 X94.105684 Y-82.027531 Z8.431373 F1000
G01 X93.928064 Y-82.027531 Z2.078431 F1000
G01 X93.750444 Y-82.027531 Z0.823529 F1000
G01 X93.572824 Y-82.027531 Z6.117647 F1000
G01 X93.395204 Y-82.027531 Z9.72549 F1000
G01 X93.217584 Y-82.027531 Z9.921569 F1000
G01 X93.039964 Y-82.027531 Z10 F1000
G01 X6.894316 Y-82.027531 Z10 F1000
G01 X6.716696 Y-82.027531 Z9.764706 F1000
G01 X6.539076 Y-82.027531 Z5.882353 F1000
G01 X6.361456 Y-82.027531 Z0.745098 F1000
G01 X6.183837 Y-82.027531 Z2.392157 F1000
G01 X6.006217 Y-82.027531 Z8.235294 F1000
G01 X5.828597 Y-82.027531 Z9.921569 F1000
G01 X5.650977 Y-82.027531 Z10 F1000
G01 X0.32238 Y-82.027531 Z10 F1000
G01 X0.32238 Y-82.205151 Z10 F1000
G01 X0.32238 Y-82.382771 Z10 F1000
G01 X0.32238 Y-82.560391 Z10 F1000
G01 X5.118117 Y-82.560391 Z10 F1000
G01 X5.295737 Y-82.560391 Z9.882353 F1000
G01 X5.473357 Y-82.560391 Z9.882353 F1000
G01 X5.650977 Y-82.560391 Z9.411765 F1000
G01 X5.828597 Y-82.560391 Z4.039216 F1000
G01 X6.006217 Y-82.560391 Z0.745098 F1000
G01 X6.183837 Y-82.560391 Z4 F1000
G01 X6.361456 Y-82.560391 Z9.333333 F1000
G01 X6.539076 Y-82.560391 Z9.803922 F1000
G01 X6.716696 Y-82.560391 Z10 F1000
G01 X93.217584 Y-82.560391 Z10 F1000
G01 X93.395204 Y-82.560391 Z9.843137 F1000
G01 X93.572824 Y-82.560391 Z9.843137 F1000
G01 X93.750444 Y-82.560391 Z9.607843 F1000
G01 X93.928064 Y-82.560391 Z3.803922 F1000
G01 X94.105684 Y-82.560391 Z0.823529 F1000
G01 X94.283304 Y-82.560391 Z4.039216 F1000
G01 X94.460924 Y-82.560391 Z9.490196 F1000
G01 X94.638544 Y-82.560391 Z9.803922 F1000
G01 X94.816163 Y-82.560391 Z9.921569 F1000
G01 X94.993783 Y-82.560391 Z10 F1000
G01 X99.611901 Y-82.560391 Z10 F1000
G01 X99.611901 Y-82.738011 Z10 F1000
G01 X99.611901 Y-82.915631 Z10 F1000
G01 X99.611901 Y-83.09325 Z10 F1000
G01 X94.993783 Y-83.09325 Z10 F1000
G01 X94.816163 Y-83.09325 Z9.882353 F1000
G01 X94.638544 Y-83.09325 Z5.686275 F1000
G01 X94.460924 Y-83.09325 Z0.823529 F1000
G01 X94.283304 Y-83.09325 Z2.156863 F1000
G01 X94.105684 Y-83.09325 Z7.960784 F1000
G01 X93.928064 Y-83.09325 Z9.921569 F1000
G01 X93.750444 Y-83.09325 Z9.921569 F1000
G01 X93.572824 Y-83.09325 Z9.960784 F1000
G01 X93.395204 Y-83.09325 Z9.960784 F1000
G01 X93.217584 Y-83.09325 Z10 F1000
G01 X6.539076 Y-83.09325 Z10 F1000
G01 X6.361456 Y-83.09325 Z9.882353 F1000
G01 X6.183837 Y-83.09325 Z9.843137 F1000
G01 X6.006217 Y-83.09325 Z8.54902 F1000
G01 X5.828597 Y-83.09325 Z2.196078 F1000
G01 X5.650977 Y-83.09325 Z0.588235 F1000
G01 X5.473357 Y-83.09325 Z5.960784 F1000
G01 X5.295737 Y-83.09325 Z9.607843 F1000
G01 X5.118117 Y-83.09325 Z10 F1000
G01 X0.32238 Y-83.09325 Z10 F1000
G01 X0.32238 Y-83.27087 Z10 F1000
G01 X0.32238 Y-83.44849 Z10 F1000
G01 X0.32238 Y-83.62611 Z10 F1000
G01 X4.940497 Y-83.62611 Z10 F1000
G01 X5.118117 Y-83.62611 Z7.568627 F1000
G01 X5.295737 Y-83.62611 Z1.568627 F1000
G01 X5.473357 Y-83.62611 Z0.705882 F1000
G01 X5.650977 Y-83.62611 Z0.627451 F1000
G01 X5.828597 Y-83.62611 Z2.196078 F1000
G01 X6.006217 Y-83.62611 Z8.745098 F1000
G01 X6.183837 Y-83.62611 Z9.843137 F1000
G01 X6.361456 Y-83.62611 Z10 F1000
G01 X93.928064 Y-83.62611 Z10 F1000
G01 X94.105684 Y-83.62611 Z8.823529 F1000
G01 X94.283304 Y-83.62611 Z2.156863 F1000
G01 X94.460924 Y-83.62611 Z0.54902 F1000
G01 X94.638544 Y-83.62611 Z0.509804 F1000
G01 X94.816163 Y-83.62611 Z1.45098 F1000
G01 X94.993783 Y-83.62611 Z7.686275 F1000
G01 X95.171403 Y-83.62611 Z9.960784 F1000
G01 X95.349023 Y-83.62611 Z10 F1000
G01 X99.611901 Y-83.62611 Z10 F1000
G01 X99.611901 Y-83.80373 Z10 F1000
G01 X99.611901 Y-83.98135 Z10 F1000
G01 X99.611901 Y-84.15897 Z10 F1000
G01 X94.993783 Y-84.15897 Z10 F1000
G01 X94.816163 Y-84.15897 Z9.72549 F1000
G01 X94.638544 Y-84.15897 Z5.686275 F1000
G01 X94.460924 Y-84.15897 Z1.137255 F1000
G01 X94.283304 Y-84.15897 Z1.921569 F1000
G01 X94.105684 Y-84.15897 Z8.823529 F1000
G01 X93.928064 Y-84.15897 Z10 F1000
G01 X6.361456 Y-84.15897 Z10 F1000
G01 X6.183837 Y-84.15897 Z9.607843 F1000
G01 X6.006217 Y-84.15897 Z8.745098 F1000
G01 X5.828597 Y-84.15897 Z2.117647 F1000
G01 X5.650977 Y-84.15897 Z0.627451 F1000
G01 X5.473357 Y-84.15897 Z5.843137 F1000
G01 X5.295737 Y-84.15897 Z9.490196 F1000
G01 X5.118117 Y-84.15897 Z10 F1000
G01 X0.32238 Y-84.15897 Z10 F1000
G01 X0.32238 Y-84.33659 Z10 F1000
G01 X0.32238 Y-84.51421 Z10 F1000
G01 X0.32238 Y-84.691829 Z10 F1000
G01 X5.650977 Y-84.691829 Z10 F1000
G01 X5.828597 Y-84.691829 Z3.647059 F1000
G01 X6.006217 Y-84.691829 Z0.666667 F1000
G01 X6.183837 Y-84.691829 Z3.803922 F1000
G01 X6.361456 Y-84.691829 Z9.686275 F1000
G01 X6.539076 Y-84.691829 Z9.803922 F1000
G01 X6.716696 Y-84.691829 Z9.803922 F1000
G01 X6.894316 Y-84.691829 Z10 F1000
G01 X93.572824 Y-84.691829 Z10 F1000
G01 X93.750444 Y-84.691829 Z9.686275 F1000
G01 X93.928064 Y-84.691829 Z3.764706 F1000
G01 X94.105684 Y-84.691829 Z0.470588 F1000
G01 X94.283304 Y-84.691829 Z3.921569 F1000
G01 X94.460924 Y-84.691829 Z9.607843 F1000
G01 X94.638544 Y-84.691829 Z9.960784 F1000
G01 X94.816163 Y-84.691829 Z9.960784 F1000
G01 X94.993783 Y-84.691829 Z10 F1000
G01 X99.611901 Y-84.691829 Z10 F1000
G01 X99.611901 Y-84.869449 Z10 F1000
G01 X99.611901 Y-85.047069 Z10 F1000
G01 X99.611901 Y-85.224689 Z10 F1000
G01 X94.638544 Y-85.224689 Z10 F1000
G01 X94.460924 Y-85.224689 Z9.921569 F1000
G01 X94.283304 Y-85.224689 Z9.803922 F1000
G01 X94.105684 Y-85.224689 Z8.705882 F1000
G01 X93.928064 Y-85.224689 Z2.078431 F1000
G01 X93.750444 Y-85.224689 Z0.705882 F1000
G01 X93.572824 Y-85.224689 Z6.156863 F1000
G01 X93.395204 Y-85.224689 Z9.254902 F1000
G01 X93.217584 Y-85.224689 Z9.960784 F1000
G01 X93.039964 Y-85.224689 Z10 F1000
G01 X6.894316 Y-85.224689 Z10 F1000
G01 X6.716696 Y-85.224689 Z9.607843 F1000
G01 X6.539076 Y-85.224689 Z5.529412 F1000
G01 X6.361456 Y-85.224689 Z0.941176 F1000
G01 X6.183837 Y-85.224689 Z2.313725 F1000
G01 X6.006217 Y-85.224689 Z8.352941 F1000
G01 X5.828597 Y-85.224689 Z10 F1000
G01 X0.32238 Y-85.224689 Z10 F1000
G01 X0.32238 Y-85.402309 Z10 F1000
G01 X0.32238 Y-85.579929 Z10 F1000
G01 X0.32238 Y-85.757549 Z10 F1000
G01 X5.828597 Y-85.757549 Z10 F1000
G01 X6.006217 Y-85.757549 Z9.921569 F1000
G01 X6.183837 Y-85.757549 Z9.921569 F1000
G01 X6.361456 Y-85.757549 Z6.980392 F1000
G01 X6.539076 Y-85.757549 Z1.45098 F1000
G01 X6.716696 Y-85.757549 Z1.529412 F1000
G01 X6.894316 Y-85.757549 Z7.45098 F1000
G01 X7.071936 Y-85.757549 Z9.921569 F1000
G01 X7.249556 Y-85.757549 Z10 F1000
G01 X93.039964 Y-85.757549 Z10 F1000
G01 X93.217584 Y-85.757549 Z7.490196 F1000
G01 X93.395204 Y-85.757549 Z1.529412 F1000
G01 X93.572824 Y-85.757549 Z1.058824 F1000
G01 X93.750444 Y-85.757549 Z7.137255 F1000
G01 X93.928064 Y-85.757549 Z9.882353 F1000
G01 X94.105684 Y-85.757549 Z10 F1000
G01 X99.611901 Y-85.757549 Z10 F1000
G01 X99.611901 Y-85.935169 Z10 F1000
G01 X99.611901 Y-86.112789 Z10 F1000
G01 X99.611901 Y-86.290409 Z10 F1000
G01 X93.928064 Y-86.290409 Z10 F1000
G01 X93.750444 Y-86.290409 Z9.960784 F1000
G01 X93.572824 Y-86.290409 Z9.960784 F1000
G01 X93.395204 Y-86.290409 Z5.490196 F1000
G01 X93.217584 Y-86.290409 Z0.588235 F1000
G01 X93.039964 Y-86.290409 Z2.901961 F1000
G01 X92.862345 Y-86.290409 Z8.588235 F1000
G01 X92.684725 Y-86.290409 Z9.803922 F1000
G01 X92.507105 Y-86.290409 Z9.960784 F1000
G01 X92.329485 Y-86.290409 Z10 F1000
G01 X7.427176 Y-86.290409 Z10 F1000
G01 X7.249556 Y-86.290409 Z8.235294 F1000
G01 X7.071936 Y-86.290409 Z2.941176 F1000
G01 X6.894316 Y-86.290409 Z0.588235 F1000
G01 X6.716696 Y-86.290409 Z5.960784 F1000
G01 X6.539076 Y-86.290409 Z9.411765 F1000
G01 X6.361456 Y-86.290409 Z9.882353 F1000
G01 X6.183837 Y-86.290409 Z10 F1000
G01 X0.32238 Y-86.290409 Z10 F1000
G01 X0.32238 Y-86.468028 Z10 F1000
G01 X0.32238 Y-86.645648 Z10 F1000
G01 X0.32238 Y-86.823268 Z10 F1000
G01 X6.361456 Y-86.823268 Z10 F1000
G01 X6.539076 Y-86.823268 Z9.960784 F1000
G01 X6.716696 Y-86.823268 Z9.607843 F1000
G01 X6.894316 Y-86.823268 Z9.254902 F1000
G01 X7.071936 Y-86.823268 Z3.921569 F1000
G01 X7.249556 Y-86.823268 Z0.705882 F1000
G01 X7.427176 Y-86.823268 Z4.235294 F1000
G01 X7.604796 Y-86.823268 Z10 F1000
G01 X92.329485 Y-86.823268 Z10 F1000
G01 X92.507105 Y-86.823268 Z9.333333 F1000
G01 X92.684725 Y-86.823268 Z4.901961 F1000
G01 X92.862345 Y-86.823268 Z0.588235 F1000
G01 X93.039964 Y-86.823268 Z4.117647 F1000
G01 X93.217584 Y-86.823268 Z8.941176 F1000
G01 X93.395204 Y-86.823268 Z9.960784 F1000
G01 X93.572824 Y-86.823268 Z9.960784 F1000
G01 X93.750444 Y-86.823268 Z10 F1000
G01 X99.611901 Y-86.823268 Z10 F1000
G01 X99.611901 Y-87.000888 Z10 F1000
G01 X99.611901 Y-87.178508 Z10 F1000
G01 X99.611901 Y-87.356128 Z10 F1000
G01 X93.217584 Y-87.356128 Z10 F1000
G01 X93.039964 Y-87.356128 Z9.529412 F1000
G01 X92.862345 Y-87.356128 Z8.352941 F1000
G01 X92.684725 Y-87.356128 Z2 F1000
G01 X92.507105 Y-87.356128 Z0.784314 F1000
G01 X92.329485 Y-87.356128 Z6.745098 F1000
G01 X92.151865 Y-87.356128 Z9.764706 F1000
G01 X91.974245 Y-87.356128 Z9.843137 F1000
G01 X91.796625 Y-87.356128 Z10 F1000
G01 X8.492895 Y-87.356128 Z10 F1000
G01 X8.315275 Y-87.356128 Z9.960784 F1000
G01 X8.137655 Y-87.356128 Z9.960784 F1000
G01 X7.960036 Y-87.356128 Z9.764706 F1000
G01 X7.782416 Y-87.356128 Z6.313725 F1000
G01 X7.604796 Y-87.356128 Z0.627451 F1000
G01 X7.427176 Y-87.356128 Z2.313725 F1000
G01 X7.249556 Y-87.356128 Z7.490196 F1000
G01 X7.071936 Y-87.356128 Z10 F1000
G01 X0.32238 Y-87.356128 Z10 F1000
G01 X0.32238 Y-87.533748 Z10 F1000
G01 X0.32238 Y-87.711368 Z10 F1000
G01 X0.32238 Y-87.888988 Z10 F1000
G01 X7.071936 Y-87.888988 Z10 F1000
G01 X7.249556 Y-87.888988 Z9.882353 F1000
G01 X7.427176 Y-87.888988 Z9.803922 F1000
G01 X7.604796 Y-87.888988 Z6.470588 F1000
G01 X7.782416 Y-87.888988 Z1.294118 F1000
G01 X7.960036 Y-87.888988 Z1.647059 F1000
G01 X8.137655 Y-87.888988 Z8.352941 F1000
G01 X8.315275 Y-87.888988 Z9.490196 F1000
G01 X8.492895 Y-87.888988 Z9.921569 F1000
G01 X8.670515 Y-87.888988 Z10 F1000
G01 X91.086146 Y-87.888988 Z10 F1000
G01 X91.263766 Y-87.888988 Z9.960784 F1000
G01 X91.796625 Y-87.888988 Z9.960784 F1000
G01 X91.974245 Y-87.888988 Z8.431373 F1000
G01 X92.151865 Y-87.888988 Z1.333333 F1000
G01 X92.329485 Y-87.888988 Z0.862745 F1000
G01 X92.507105 Y-87.888988 Z7.254902 F1000
G01 X92.684725 Y-87.888988 Z9.490196 F1000
G01 X92.862345 Y-87.888988 Z9.882353 F1000
G01 X93.039964 Y-87.888988 Z10 F1000
G01 X99.611901 Y-87.888988 Z10 F1000
G01 X99.611901 Y-88.066607 Z10 F1000
G01 X99.611901 Y-88.244227 Z10 F1000
G01 X99.611901 Y-88.421847 Z10 F1000
G01 X92.684725 Y-88.421847 Z10 F1000
G01 X92.507105 Y-88.421847 Z9.921569 F1000
G01 X92.329485 Y-88.421847 Z9.921569 F1000
G01 X92.151865 Y-88.421847 Z4.509804 F1000
G01 X91.974245 Y-88.421847 Z0.470588 F1000
G01 X91.796625 Y-88.421847 Z3.137255 F1000
G01 X91.619005 Y-88.421847 Z8.901961 F1000
G01 X91.441385 Y-88.421847 Z9.803922 F1000
G01 X91.263766 Y-88.421847 Z9.921569 F1000
G01 X91.086146 Y-88.421847 Z10 F1000
G01 X8.670515 Y-88.421847 Z10 F1000
G01 X8.492895 Y-88.421847 Z9.372549 F1000
G01 X8.315275 Y-88.421847 Z3.294118 F1000
G01 X8.137655 Y-88.421847 Z0.745098 F1000
G01 X7.960036 Y-88.421847 Z4.352941 F1000
G01 X7.782416 Y-88.421847 Z9.960784 F1000
G01 X7.604796 Y-88.421847 Z10 F1000
G01 X0.32238 Y-88.421847 Z10 F1000
G01 X0.32238 Y-88.599467 Z10 F1000
G01 X0.32238 Y-88.777087 Z10 F1000
G01 X0.32238 Y-88.954707 Z10 F1000
G01 X7.782416 Y-88.954707 Z10 F1000
G01 X7.960036 Y-88.954707 Z9.686275 F1000
G01 X8.137655 Y-88.954707 Z8.941176 F1000
G01 X8.315275 Y-88.954707 Z3.333333 F1000
G01 X8.492895 Y-88.954707 Z0.666667 F1000
G01 X8.670515 Y-88.954707 Z5.058824 F1000
G01 X8.848135 Y-88.954707 Z10 F1000
G01 X91.086146 Y-88.954707 Z10 F1000
G01 X91.263766 Y-88.954707 Z9.411765 F1000
G01 X91.441385 Y-88.954707 Z4.941176 F1000
G01 X91.619005 Y-88.954707 Z0.509804 F1000
G01 X91.796625 Y-88.954707 Z2.901961 F1000
G01 X91.974245 Y-88.954707 Z9.098039 F1000
G01 X92.151865 Y-88.954707 Z9.960784 F1000
G01 X92.329485 Y-88.954707 Z10 F1000
G01 X99.611901 Y-88.954707 Z10 F1000
G01 X99.611901 Y-89.132327 Z10 F1000
G01 X99.611901 Y-89.309947 Z10 F1000
G01 X99.611901 Y-89.487567 Z10 F1000
G01 X92.329485 Y-89.487567 Z10 F1000
G01 X92.151865 Y-89.487567 Z9.960784 F1000
G01 X91.974245 Y-89.487567 Z9.921569 F1000
G01 X91.796625 Y-89.487567 Z9.803922 F1000
G01 X91.619005 Y-89.487567 Z8.352941 F1000
G01 X91.441385 Y-89.487567 Z1.803922 F1000
G01 X91.263766 Y-89.487567 Z1.058824 F1000
G01 X91.086146 Y-89.487567 Z6.941176 F1000
G01 X90.908526 Y-89.487567 Z9.882353 F1000
G01 X90.730906 Y-89.487567 Z10 F1000
G01 X9.736234 Y-89.487567 Z10 F1000
G01 X9.558615 Y-89.487567 Z9.882353 F1000
G01 X9.380995 Y-89.487567 Z9.843137 F1000
G01 X9.203375 Y-89.487567 Z9.803922 F1000
G01 X9.025755 Y-89.487567 Z6.705882 F1000
G01 X8.848135 Y-89.487567 Z0.980392 F1000
G01 X8.670515 Y-89.487567 Z1.72549 F1000
G01 X8.492895 Y-89.487567 Z7.647059 F1000
G01 X8.315275 Y-89.487567 Z10 F1000
G01 X0.32238 Y-89.487567 Z10 F1000
G01 X0.32238 Y-89.665187 Z10 F1000
G01 X0.32238 Y-89.842806 Z10 F1000
G01 X0.32238 Y-90.020426 Z10 F1000
G01 X8.492895 Y-90.020426 Z10 F1000
G01 X8.670515 Y-90.020426 Z8.901961 F1000
G01 X8.848135 Y-90.020426 Z7.058824 F1000
G01 X9.025755 Y-90.020426 Z0.705882 F1000
G01 X9.203375 Y-90.020426 Z2.392157 F1000
G01 X9.380995 Y-90.020426 Z8.156863 F1000
G01 X9.558615 Y-90.020426 Z9.882353 F1000
G01 X9.736234 Y-90.020426 Z9.960784 F1000
G01 X9.913854 Y-90.020426 Z10 F1000
G01 X90.375666 Y-90.020426 Z10 F1000
G01 X90.553286 Y-90.020426 Z9.72549 F1000
G01 X90.730906 Y-90.020426 Z8.54902 F1000
G01 X90.908526 Y-90.020426 Z1.921569 F1000
G01 X91.086146 Y-90.020426 Z1.019608 F1000
G01 X91.263766 Y-90.020426 Z5.803922 F1000
G01 X91.441385 Y-90.020426 Z10 F1000
G01 X99.611901 Y-90.020426 Z10 F1000
G01 X99.611901 Y-90.198046 Z10 F1000
G01 X99.611901 Y-90.375666 Z10 F1000
G01 X99.611901 Y-90.553286 Z10 F1000
G01 X91.263766 Y-90.553286 Z10 F1000
G01 X91.086146 Y-90.553286 Z9.647059 F1000
G01 X90.908526 Y-90.553286 Z4.784314 F1000
G01 X90.730906 Y-90.553286 Z0.745098 F1000
G01 X90.553286 Y-90.553286 Z4.313725 F1000
G01 X90.375666 Y-90.553286 Z8.705882 F1000
G01 X90.198046 Y-90.553286 Z10 F1000
G01 X10.091474 Y-90.553286 Z10 F1000
G01 X9.913854 Y-90.553286 Z9.882353 F1000
G01 X9.736234 Y-90.553286 Z8.784314 F1000
G01 X9.558615 Y-90.553286 Z3.803922 F1000
G01 X9.380995 Y-90.553286 Z0.54902 F1000
G01 X9.203375 Y-90.553286 Z4.941176 F1000
G01 X9.025755 Y-90.553286 Z9.137255 F1000
G01 X8.848135 Y-90.553286 Z9.960784 F1000
G01 X8.670515 Y-90.553286 Z10 F1000
G01 X0.32238 Y-90.553286 Z10 F1000
G01 X0.32238 Y-90.730906 Z10 F1000
G01 X0.32238 Y-90.908526 Z10 F1000
G01 X0.32238 Y-91.086146 Z10 F1000
G01 X9.025755 Y-91.086146 Z10 F1000
G01 X9.203375 Y-91.086146 Z9.568627 F1000
G01 X9.380995 Y-91.086146 Z8.745098 F1000
G01 X9.558615 Y-91.086146 Z2.862745 F1000
G01 X9.736234 Y-91.086146 Z1.058824 F1000
G01 X9.913854 Y-91.086146 Z5.058824 F1000
G01 X10.091474 Y-91.086146 Z9.960784 F1000
G01 X10.269094 Y-91.086146 Z10 F1000
G01 X89.487567 Y-91.086146 Z10 F1000
G01 X89.665187 Y-91.086146 Z9.960784 F1000
G01 X89.842806 Y-91.086146 Z9.843137 F1000
G01 X90.020426 Y-91.086146 Z9.843137 F1000
G01 X90.198046 Y-91.086146 Z5.333333 F1000
G01 X90.375666 Y-91.086146 Z0.666667 F1000
G01 X90.553286 Y-91.086146 Z2.823529 F1000
G01 X90.730906 Y-91.086146 Z8.509804 F1000
G01 X90.908526 Y-91.086146 Z10 F1000
G01 X99.611901 Y-91.086146 Z10 F1000
G01 X99.611901 Y-91.263766 Z10 F1000
G01 X99.611901 Y-91.441385 Z10 F1000
G01 X99.611901 Y-91.619005 Z10 F1000
G01 X90.908526 Y-91.619005 Z10 F1000
G01 X90.730906 Y-91.619005 Z9.686275 F1000
G01 X90.553286 Y-91.619005 Z9.686275 F1000
G01 X90.375666 Y-91.619005 Z7.019608 F1000
G01 X90.198046 Y-91.619005 Z1.647059 F1000
G01 X90.020426 Y-91.619005 Z1.215686 F1000
G01 X89.842806 Y-91.619005 Z7.137255 F1000
G01 X89.665187 Y-91.619005 Z9.960784 F1000
G01 X89.487567 Y-91.619005 Z10 F1000
G01 X10.446714 Y-91.619005 Z10 F1000
G01 X10.269094 Y-91.619005 Z7.058824 F1000
G01 X10.091474 Y-91.619005 Z1.137255 F1000
G01 X9.913854 Y-91.619005 Z1.607843 F1000
G01 X9.736234 Y-91.619005 Z7.215686 F1000
G01 X9.558615 Y-91.619005 Z9.72549 F1000
G01 X9.380995 Y-91.619005 Z9.843137 F1000
G01 X9.203375 Y-91.619005 Z9.960784 F1000
G01 X9.025755 Y-91.619005 Z10 F1000
G01 X0.32238 Y-91.619005 Z10 F1000
G01 X0.32238 Y-91.796625 Z10 F1000
G01 X0.32238 Y-91.974245 Z10 F1000
G01 X0.32238 Y-92.151865 Z10 F1000
G01 X9.736234 Y-92.151865 Z10 F1000
G01 X9.913854 Y-92.151865 Z9.843137 F1000
G01 X10.091474 Y-92.151865 Z5.921569 F1000
G01 X10.269094 Y-92.151865 Z0.54902 F1000
G01 X10.446714 Y-92.151865 Z2.862745 F1000
G01 X10.624334 Y-92.151865 Z8.196078 F1000
G01 X10.801954 Y-92.151865 Z10 F1000
G01 X89.309947 Y-92.151865 Z10 F1000
G01 X89.487567 Y-92.151865 Z8.784314 F1000
G01 X89.665187 Y-92.151865 Z2.588235 F1000
G01 X89.842806 Y-92.151865 Z0.666667 F1000
G01 X90.020426 Y-92.151865 Z5.686275 F1000
G01 X90.198046 Y-92.151865 Z9.882353 F1000
G01 X90.375666 Y-92.151865 Z9.960784 F1000
G01 X90.553286 Y-92.151865 Z10 F1000
G01 X99.611901 Y-92.151865 Z10 F1000
G01 X99.611901 Y-92.329485 Z10 F1000
G01 X99.611901 Y-92.507105 Z10 F1000
G01 X99.611901 Y-92.684725 Z10 F1000
G01 X90.375666 Y-92.684725 Z10 F1000
G01 X90.198046 Y-92.684725 Z9.960784 F1000
G01 X90.020426 Y-92.684725 Z9.882353 F1000
G01 X89.842806 Y-92.684725 Z9.411765 F1000
G01 X89.665187 Y-92.684725 Z4.392157 F1000
G01 X89.487567 Y-92.684725 Z0.666667 F1000
G01 X89.309947 Y-92.684725 Z4.27451 F1000
G01 X89.132327 Y-92.684725 Z9.647059 F1000
G01 X88.954707 Y-92.684725 Z9.843137 F1000
G01 X88.777087 Y-92.684725 Z10 F1000
G01 X11.157194 Y-92.684725 Z10 F1000
G01 X10.979574 Y-92.684725 Z9.607843 F1000
G01 X10.801954 Y-92.684725 Z4.156863 F1000
G01 X10.624334 Y-92.684725 Z0.588235 F1000
G01 X10.446714 Y-92.684725 Z3.686275 F1000
G01 X10.269094 Y-92.684725 Z9.254902 F1000
G01 X10.091474 Y-92.684725 Z10 F1000
G01 X0.32238 Y-92.684725 Z10 F1000
G01 X0.32238 Y-92.862345 Z10 F1000
G01 X0.32238 Y-93.039964 Z10 F1000
G01 X0.32238 Y-93.217584 Z10 F1000
G01 X10.091474 Y-93.217584 Z10 F1000
G01 X10.269094 Y-93.217584 Z9.882353 F1000
G01 X10.446714 Y-93.217584 Z9.72549 F1000
G01 X10.624334 Y-93.217584 Z9.137255 F1000
G01 X10.801954 Y-93.217584 Z2.078431 F1000
G01 X10.979574 Y-93.217584 Z0.54902 F1000
G01 X11.157194 Y-93.217584 Z6.235294 F1000
G01 X11.334813 Y-93.217584 Z9.607843 F1000
G01 X11.512433 Y-93.217584 Z10 F1000
G01 X88.066607 Y-93.217584 Z10 F1000
G01 X88.244227 Y-93.217584 Z9.960784 F1000
G01 X88.599467 Y-93.217584 Z9.960784 F1000
G01 X88.777087 Y-93.217584 Z9.568627 F1000
G01 X88.954707 Y-93.217584 Z6.313725 F1000
G01 X89.132327 Y-93.217584 Z0.509804 F1000
G01 X89.309947 Y-93.217584 Z1.921569 F1000
G01 X89.487567 Y-93.217584 Z8.666667 F1000
G01 X89.665187 Y-93.217584 Z9.960784 F1000
G01 X89.842806 Y-93.217584 Z10 F1000
G01 X99.611901 Y-93.217584 Z10 F1000
G01 X99.611901 Y-93.395204 Z10 F1000
G01 X99.611901 Y-93.572824 Z10 F1000
G01 X99.611901 Y-93.750444 Z10 F1000
G01 X89.487567 Y-93.750444 Z10 F1000
G01 X89.309947 Y-93.750444 Z9.803922 F1000
G01 X89.132327 Y-93.750444 Z6.980392 F1000
G01 X88.954707 Y-93.750444 Z1.45098 F1000
G01 X88.777087 Y-93.750444 Z1.490196 F1000
G01 X88.599467 Y-93.750444 Z7.647059 F1000
G01 X88.421847 Y-93.750444 Z9.803922 F1000
G01 X88.244227 Y-93.750444 Z9.843137 F1000
G01 X88.066607 Y-93.750444 Z10 F1000
G01 X11.690053 Y-93.750444 Z10 F1000
G01 X11.512433 Y-93.750444 Z7.45098 F1000
G01 X11.334813 Y-93.750444 Z1.647059 F1000
G01 X11.157194 Y-93.750444 Z1.176471 F1000
G01 X10.979574 Y-93.750444 Z7.176471 F1000
G01 X10.801954 Y-93.750444 Z9.568627 F1000
G01 X10.624334 Y-93.750444 Z9.921569 F1000
G01 X10.446714 Y-93.750444 Z10 F1000
G01 X0.32238 Y-93.750444 Z10 F1000
G01 X0.32238 Y-93.928064 Z10 F1000
G01 X0.32238 Y-94.105684 Z10 F1000
G01 X0.32238 Y-94.283304 Z10 F1000
G01 X10.801954 Y-94.283304 Z10 F1000
G01 X10.979574 Y-94.283304 Z9.921569 F1000
G01 X11.157194 Y-94.283304 Z9.921569 F1000
G01 X11.334813 Y-94.283304 Z5.411765 F1000
G01 X11.512433 Y-94.283304 Z0.823529 F1000
G01 X11.690053 Y-94.283304 Z3.490196 F1000
G01 X11.867673 Y-94.283304 Z8.901961 F1000
G01 X12.045293 Y-94.283304 Z9.764706 F1000
G01 X12.222913 Y-94.283304 Z10 F1000
G01 X88.066607 Y-94.283304 Z10 F1000
G01 X88.244227 Y-94.283304 Z9.098039 F1000
G01 X88.421847 Y-94.283304 Z3.098039 F1000
G01 X88.599467 Y-94.283304 Z0.588235 F1000
G01 X88.777087 Y-94.283304 Z5.176471 F1000
G01 X88.954707 Y-94.283304 Z9.686275 F1000
G01 X89.132327 Y-94.283304 Z10 F1000
G01 X99.611901 Y-94.283304 Z10 F1000
G01 X99.611901 Y-94.460924 Z10 F1000
G01 X99.611901 Y-94.638544 Z10 F1000
G01 X99.611901 Y-94.816163 Z10 F1000
G01 X88.954707 Y-94.816163 Z10 F1000
G01 X88.777087 Y-94.816163 Z9.843137 F1000
G01 X88.599467 Y-94.816163 Z9.843137 F1000
G01 X88.421847 Y-94.816163 Z2.54902 F1000
G01 X88.244227 Y-94.816163 Z0.666667 F1000
G01 X88.066607 Y-94.816163 Z4.901961 F1000
G01 X87.888988 Y-94.816163 Z9.490196 F1000
G01 X87.711368 Y-94.816163 Z10 F1000
G01 X12.755773 Y-94.816163 Z10 F1000
G01 X12.578153 Y-94.816163 Z9.960784 F1000
G01 X12.400533 Y-94.816163 Z9.960784 F1000
G01 X12.222913 Y-94.816163 Z9.411765 F1000
G01 X12.045293 Y-94.816163 Z4.784314 F1000
G01 X11.867673 Y-94.816163 Z0.784314 F1000
G01 X11.690053 Y-94.816163 Z3.686275 F1000
G01 X11.512433 Y-94.816163 Z9.098039 F1000
G01 X11.334813 Y-94.816163 Z9.960784 F1000
G01 X11.157194 Y-94.816163 Z10 F1000
G01 X0.32238 Y-94.816163 Z10 F1000
G01 X0.32238 Y-94.993783 Z10 F1000
G01 X0.32238 Y-95.171403 Z10 F1000
G01 X0.32238 Y-95.349023 Z10 F1000
G01 X11.157194 Y-95.349023 Z10 F1000
G01 X11.334813 Y-95.349023 Z9.960784 F1000
G01 X11.512433 Y-95.349023 Z9.764706 F1000
G01 X11.690053 Y-95.349023 Z9.686275 F1000
G01 X11.867673 Y-95.349023 Z8.039216 F1000
G01 X12.045293 Y-95.349023 Z2.196078 F1000
G01 X12.222913 Y-95.349023 Z0.784314 F1000
G01 X12.400533 Y-95.349023 Z6.156863 F1000
G01 X12.578153 Y-95.349023 Z9.960784 F1000
G01 X12.755773 Y-95.349023 Z9.960784 F1000
G01 X12.933393 Y-95.349023 Z10 F1000
G01 X87.356128 Y-95.349023 Z10 F1000
G01 X87.533748 Y-95.349023 Z9.843137 F1000
G01 X87.711368 Y-95.349023 Z6.431373 F1000
G01 X87.888988 Y-95.349023 Z1.176471 F1000
G01 X88.066607 Y-95.349023 Z1.843137 F1000
G01 X88.244227 Y-95.349023 Z8.235294 F1000
G01 X88.421847 Y-95.349023 Z9.921569 F1000
G01 X88.599467 Y-95.349023 Z9.921569 F1000
G01 X88.777087 Y-95.349023 Z10 F1000
G01 X99.611901 Y-95.349023 Z10 F1000
G01 X99.611901 Y-95.526643 Z10 F1000
G01 X99.611901 Y-95.704263 Z10 F1000
G01 X99.611901 Y-95.881883 Z10 F1000
G01 X88.599467 Y-95.881883 Z10 F1000
G01 X88.421847 Y-95.881883 Z9.960784 F1000
G01 X88.244227 Y-95.881883 Z9.960784 F1000
G01 X88.066607 Y-95.881883 Z9.882353 F1000
G01 X87.888988 Y-95.881883 Z6.078431 F1000
G01 X87.711368 Y-95.881883 Z1.215686 F1000
G01 X87.533748 Y-95.881883 Z1.411765 F1000
G01 X87.356128 Y-95.881883 Z8.392157 F1000
G01 X87.178508 Y-95.881883 Z9.803922 F1000
G01 X87.000888 Y-95.881883 Z9.803922 F1000
G01 X86.823268 Y-95.881883 Z9.921569 F1000
G01 X86.645648 Y-95.881883 Z10 F1000
G01 X13.111012 Y-95.881883 Z10 F1000
G01 X12.933393 Y-95.881883 Z9.803922 F1000
G01 X12.755773 Y-95.881883 Z8.196078 F1000
G01 X12.578153 Y-95.881883 Z1.843137 F1000
G01 X12.400533 Y-95.881883 Z1.058824 F1000
G01 X12.222913 Y-95.881883 Z6.117647 F1000
G01 X12.045293 Y-95.881883 Z9.843137 F1000
G01 X11.867673 Y-95.881883 Z10 F1000
G01 X0.32238 Y-95.881883 Z10 F1000
G01 X0.32238 Y-96.059503 Z10 F1000
G01 X0.32238 Y-96.237123 Z10 F1000
G01 X0.32238 Y-96.414742 Z10 F1000
G01 X12.045293 Y-96.414742 Z10 F1000
G01 X12.222913 Y-96.414742 Z9.960784 F1000
G01 X12.400533 Y-96.414742 Z9.72549 F1000
G01 X12.578153 Y-96.414742 Z4.666667 F1000
G01 X12.755773 Y-96.414742 Z0.745098 F1000
G01 X12.933393 Y-96.414742 Z3.686275 F1000
G01 X13.111012 Y-96.414742 Z9.058824 F1000
G01 X13.288632 Y-96.414742 Z10 F1000
G01 X86.645648 Y-96.414742 Z10 F1000
G01 X86.823268 Y-96.414742 Z9.72549 F1000
G01 X87.000888 Y-96.414742 Z9.372549 F1000
G01 X87.178508 Y-96.414742 Z3.058824 F1000
G01 X87.356128 Y-96.414742 Z0.745098 F1000
G01 X87.533748 Y-96.414742 Z5.019608 F1000
G01 X87.711368 Y-96.414742 Z9.490196 F1000
G01 X87.888988 Y-96.414742 Z10 F1000
G01 X99.611901 Y-96.414742 Z10 F1000
G01 X99.611901 Y-96.592362 Z10 F1000
G01 X99.611901 Y-96.769982 Z10 F1000
G01 X99.611901 Y-96.947602 Z10 F1000
G01 X87.711368 Y-96.947602 Z10 F1000
G01 X87.533748 Y-96.947602 Z9.882353 F1000
G01 X87.356128 Y-96.947602 Z9.45098 F1000
G01 X87.178508 Y-96.947602 Z2.980392 F1000
G01 X87.000888 Y-96.947602 Z0.745098 F1000
G01 X86.823268 Y-96.947602 Z5.372549 F1000
G01 X86.645648 Y-96.947602 Z9.882353 F1000
G01 X86.468028 Y-96.947602 Z10 F1000
G01 X13.643872 Y-96.947602 Z10 F1000
G01 X13.466252 Y-96.947602 Z9.882353 F1000
G01 X13.288632 Y-96.947602 Z5.254902 F1000
G01 X13.111012 Y-96.947602 Z0.745098 F1000
G01 X12.933393 Y-96.947602 Z3.490196 F1000
G01 X12.755773 Y-96.947602 Z9.019608 F1000
G01 X12.578153 Y-96.947602 Z10 F1000
G01 X0.32238 Y-96.947602 Z10 F1000
G01 X0.32238 Y-97.125222 Z10 F1000
G01 X0.32238 Y-97.302842 Z10 F1000
G01 X0.32238 Y-97.480462 Z10 F1000
G01 X12.755773 Y-97.480462 Z10 F1000
G01 X12.933393 Y-97.480462 Z9.72549 F1000
G01 X13.111012 Y-97.480462 Z7.607843 F1000
G01 X13.288632 Y-97.480462 Z1.568627 F1000
G01 X13.466252 Y-97.480462 Z1.411765 F1000
G01 X13.643872 Y-97.480462 Z6.588235 F1000
G01 X13.821492 Y-97.480462 Z9.803922 F1000
G01 X13.999112 Y-97.480462 Z10 F1000
G01 X86.290409 Y-97.480462 Z10 F1000
G01 X86.468028 Y-97.480462 Z7.137255 F1000
G01 X86.645648 Y-97.480462 Z0.862745 F1000
G01 X86.823268 Y-97.480462 Z1.254902 F1000
G01 X87.000888 Y-97.480462 Z8.078431 F1000
G01 X87.178508 Y-97.480462 Z9.803922 F1000
G01 X87.356128 Y-97.480462 Z9.960784 F1000
G01 X87.533748 Y-97.480462 Z10 F1000
G01 X99.611901 Y-97.480462 Z10 F1000
G01 X99.611901 Y-97.658082 Z10 F1000
G01 X99.611901 Y-97.835702 Z10 F1000
G01 X99.611901 Y-98.013321 Z10 F1000
G01 X87.356128 Y-98.013321 Z10 F1000
G01 X87.178508 Y-98.013321 Z9.960784 F1000
G01 X86.823268 Y-98.013321 Z9.960784 F1000
G01 X86.645648 Y-98.013321 Z5.960784 F1000
G01 X86.468028 Y-98.013321 Z0.588235 F1000
G01 X86.290409 Y-98.013321 Z2.666667 F1000
G01 X86.112789 Y-98.013321 Z8.352941 F1000
G01 X85.935169 Y-98.013321 Z9.882353 F1000
G01 X85.757549 Y-98.013321 Z10 F1000
G01 X14.176732 Y-98.013321 Z10 F1000
G01 X13.999112 Y-98.013321 Z8.823529 F1000
G01 X13.821492 Y-98.013321 Z2.117647 F1000
G01 X13.643872 Y-98.013321 Z0.941176 F1000
G01 X13.466252 Y-98.013321 Z5.803922 F1000
G01 X13.288632 Y-98.013321 Z9.960784 F1000
G01 X13.111012 Y-98.013321 Z10 F1000
G01 X0.32238 Y-98.013321 Z10 F1000
G01 X0.32238 Y-98.190941 Z10 F1000
G01 X0.32238 Y-98.368561 Z10 F1000
G01 X0.32238 Y-98.546181 Z10 F1000
G01 X13.466252 Y-98.546181 Z10 F1000
G01 X13.643872 Y-98.546181 Z9.568627 F1000
G01 X13.821492 Y-98.546181 Z3.647059 F1000
G01 X13.999112 Y-98.546181 Z0.745098 F1000
G01 X14.176732 Y-98.546181 Z4.27451 F1000
G01 X14.354352 Y-98.546181 Z9.529412 F1000
G01 X14.531972 Y-98.546181 Z9.72549 F1000
G01 X14.709591 Y-98.546181 Z10 F1000
G01 X85.224689 Y-98.546181 Z10 F1000
G01 X85.402309 Y-98.546181 Z9.960784 F1000
G01 X85.579929 Y-98.546181 Z9.921569 F1000
G01 X85.757549 Y-98.546181 Z9.294118 F1000
G01 X85.935169 Y-98.546181 Z4.039216 F1000
G01 X86.112789 Y-98.546181 Z0.509804 F1000
G01 X86.290409 Y-98.546181 Z4.705882 F1000
G01 X86.468028 Y-98.546181 Z8.823529 F1000
G01 X86.645648 Y-98.546181 Z10 F1000
G01 X99.611901 Y-98.546181 Z10 F1000
G01 X99.611901 Y-98.723801 Z10 F1000
G01 X99.611901 Y-98.901421 Z10 F1000
G01 X99.611901 Y-99.079041 Z10 F1000
G01 X86.468028 Y-99.079041 Z10 F1000
G01 X86.290409 Y-99.079041 Z9.72549 F1000
G01 X86.112789 Y-99.079041 Z8.901961 F1000
G01 X85.935169 Y-99.079041 Z2.823529 F1000
G01 X85.757549 Y-99.079041 Z0.588235 F1000
G01 X85.579929 Y-99.079041 Z5.686275 F1000
G01 X85.402309 Y-99.079041 Z9.411765 F1000
G01 X85.224689 Y-99.079041 Z10 F1000
G01 X14.887211 Y-99.079041 Z10 F1000
G01 X14.709591 Y-99.079041 Z9.215686 F1000
G01 X14.531972 Y-99.079041 Z5.647059 F1000
G01 X14.354352 Y-99.079041 Z0.941176 F1000
G01 X14.176732 Y-99.079041 Z2.627451 F1000
G01 X13.999112 Y-99.079041 Z8.666667 F1000
G01 X13.821492 Y-99.079041 Z9.882353 F1000
G01 X13.643872 Y-99.079041 Z9.882353 F1000
G01 X13.466252 Y-99.079041 Z10 F1000
G01 X0.32238 Y-99.079041 Z10 F1000
G01 X0.32238 Y-99.256661 Z10 F1000
G01 X0.32238 Y-99.434281 Z10 F1000
G01 X0.32238 Y-99.611901 Z10 F1000
G01 X13.466252 Y-99.611901 Z10 F1000
G01 X13.643872 Y-99.611901 Z9.921569 F1000
G01 X14.176732 Y-99.611901 Z9.921569 F1000
G01 X14.354352 Y-99.611901 Z6.823529 F1000
G01 X14.531972 Y-99.611901 Z1.72549 F1000
G01 X14.709591 Y-99.611901 Z2.117647 F1000
G01 X14.887211 Y-99.611901 Z6.862745 F1000
G01 X15.064831 Y-99.611901 Z9.960784 F1000
G01 X15.242451 Y-99.611901 Z9.960784 F1000
G01 X15.420071 Y-99.611901 Z10 F1000
G01 X84.869449 Y-99.611901 Z10 F1000
G01 X85.047069 Y-99.611901 Z9.254902 F1000
G01 X85.224689 Y-99.611901 Z7.490196 F1000
G01 X85.402309 Y-99.611901 Z1.647059 F1000
G01 X85.579929 Y-99.611901 Z1.72549 F1000
G01 X85.757549 Y-99.611901 Z6.980392 F1000
G01 X85.935169 Y-99.611901 Z9.921569 F1000
G01 X86.290409 Y-99.611901 Z9.921569 F1000
G01 X86.468028 Y-99.611901 Z10 F1000
G01 X99.611901 Y-99.611901 Z10 F1000
G01 X99.611901 Y-99.78952 Z10 F1000
G01 X99.611901 Y-99.96714 Z10 F1000
G01 X99.611901 Y-100.14476 Z10 F1000
G01 X85.757549 Y-100.14476 Z10 F1000
G01 X85.579929 Y-100.14476 Z9.411765 F1000
G01 X85.402309 Y-100.14476 Z5.960784 F1000
G01 X85.224689 Y-100.14476 Z0.588235 F1000
G01 X85.047069 Y-100.14476 Z2.666667 F1000
G01 X84.869449 Y-100.14476 Z8.862745 F1000
G01 X84.691829 Y-100.14476 Z9.529412 F1000
G01 X84.51421 Y-100.14476 Z10 F1000
G01 X15.420071 Y-100.14476 Z10 F1000
G01 X15.242451 Y-100.14476 Z8.431373 F1000
G01 X15.064831 Y-100.14476 Z2.784314 F1000
G01 X14.887211 Y-100.14476 Z0.588235 F1000
G01 X14.709591 Y-100.14476 Z5.490196 F1000
G01 X14.531972 Y-100.14476 Z9.529412 F1000
G01 X14.354352 Y-100.14476 Z9.72549 F1000
G01 X14.176732 Y-100.14476 Z10 F1000
G01 X0.32238 Y-100.14476 Z10 F1000
G01 X0.32238 Y-100.32238 Z10 F1000
G01 X0.32238 Y-100.5 Z10 F1000
G01 X0.32238 Y-100.67762 Z10 F1000
G01 X14.176732 Y-100.67762 Z10 F1000
G01 X14.354352 Y-100.67762 Z9.960784 F1000
G01 X14.531972 Y-100.67762 Z9.960784 F1000
G01 X14.709591 Y-100.67762 Z9.882353 F1000
G01 X14.887211 Y-100.67762 Z9.45098 F1000
G01 X15.064831 Y-100.67762 Z3.882353 F1000
G01 X15.242451 Y-100.67762 Z0.509804 F1000
G01 X15.420071 Y-100.67762 Z4.470588 F1000
G01 X15.597691 Y-100.67762 Z9.333333 F1000
G01 X15.775311 Y-100.67762 Z10 F1000
G01 X84.33659 Y-100.67762 Z10 F1000
G01 X84.51421 Y-100.67762 Z9.686275 F1000
G01 X84.691829 Y-100.67762 Z4.470588 F1000
G01 X84.869449 Y-100.67762 Z0.784314 F1000
G01 X85.047069 Y-100.67762 Z3.490196 F1000
G01 X85.224689 Y-100.67762 Z9.647059 F1000
G01 X85.402309 Y-100.67762 Z9.803922 F1000
G01 X85.579929 Y-100.67762 Z10 F1000
G01 X99.611901 Y-100.67762 Z10 F1000
G01 X99.611901 Y-100.85524 Z10 F1000
G01 X99.611901 Y-101.03286 Z10 F1000
G01 X99.611901 Y-101.21048 Z10 F1000
G01 X85.224689 Y-101.21048 Z10 F1000
G01 X85.047069 Y-101.21048 Z9.803922 F1000
G01 X84.869449 Y-101.21048 Z8.54902 F1000
G01 X84.691829 Y-101.21048 Z2.156863 F1000
G01 X84.51421 Y-101.21048 Z0.784314 F1000
G01 X84.33659 Y-101.21048 Z6.588235 F1000
G01 X84.15897 Y-101.21048 Z9.843137 F1000
G01 X83.98135 Y-101.21048 Z9.843137 F1000
G01 X83.80373 Y-101.21048 Z9.960784 F1000
G01 X83.62611 Y-101.21048 Z10 F1000
G01 X16.308171 Y-101.21048 Z10 F1000
G01 X16.130551 Y-101.21048 Z9.921569 F1000
G01 X15.952931 Y-101.21048 Z9.647059 F1000
G01 X15.775311 Y-101.21048 Z6.470588 F1000
G01 X15.597691 Y-101.21048 Z0.588235 F1000
G01 X15.420071 Y-101.21048 Z1.686275 F1000
G01 X15.242451 Y-101.21048 Z8.627451 F1000
G01 X15.064831 Y-101.21048 Z10 F1000
G01 X0.32238 Y-101.21048 Z10 F1000
G01 X0.32238 Y-101.388099 Z10 F1000
G01 X0.32238 Y-101.565719 Z10 F1000
G01 X0.32238 Y-101.743339 Z10 F1000
G01 X15.242451 Y-101.743339 Z10 F1000
G01 X15.420071 Y-101.743339 Z9.803922 F1000
G01 X15.597691 Y-101.743339 Z6.980392 F1000
G01 X15.775311 Y-101.743339 Z1.098039 F1000
G01 X15.952931 Y-101.743339 Z1.411765 F1000
G01 X16.130551 Y-101.743339 Z7.764706 F1000
G01 X16.308171 Y-101.743339 Z9.921569 F1000
G01 X16.48579 Y-101.743339 Z10 F1000
G01 X83.62611 Y-101.743339 Z10 F1000
G01 X83.80373 Y-101.743339 Z9.803922 F1000
G01 X83.98135 Y-101.743339 Z8.156863 F1000
G01 X84.15897 Y-101.743339 Z1.372549 F1000
G01 X84.33659 Y-101.743339 Z1.176471 F1000
G01 X84.51421 Y-101.743339 Z6.823529 F1000
G01 X84.691829 Y-101.743339 Z10 F1000
G01 X99.611901 Y-101.743339 Z10 F1000
G01 X99.611901 Y-101.920959 Z10 F1000
G01 X99.611901 Y-102.098579 Z10 F1000
G01 X99.611901 Y-102.276199 Z10 F1000
G01 X84.691829 Y-102.276199 Z10 F1000
G01 X84.51421 Y-102.276199 Z9.921569 F1000
G01 X84.33659 Y-102.276199 Z9.607843 F1000
G01 X84.15897 Y-102.276199 Z5.686275 F1000
G01 X83.98135 Y-102.276199 Z0.823529 F1000
G01 X83.80373 Y-102.276199 Z3.098039 F1000
G01 X83.62611 Y-102.276199 Z9.490196 F1000
G01 X83.44849 Y-102.276199 Z9.882353 F1000
G01 X83.27087 Y-102.276199 Z9.960784 F1000
G01 X83.09325 Y-102.276199 Z10 F1000
G01 X16.84103 Y-102.276199 Z10 F1000
G01 X16.66341 Y-102.276199 Z9.921569 F1000
G01 X16.48579 Y-102.276199 Z9.45098 F1000
G01 X16.308171 Y-102.276199 Z2.392157 F1000
G01 X16.130551 Y-102.276199 Z0.745098 F1000
G01 X15.952931 Y-102.276199 Z5.215686 F1000
G01 X15.775311 Y-102.276199 Z9.529412 F1000
G01 X15.597691 Y-102.276199 Z9.960784 F1000
G01 X15.420071 Y-102.276199 Z10 F1000
G01 X0.32238 Y-102.276199 Z10 F1000
G01 X0.32238 Y-102.453819 Z10 F1000
G01 X0.32238 Y-102.631439 Z10 F1000
G01 X0.32238 Y-102.809059 Z10 F1000
G01 X15.597691 Y-102.809059 Z10 F1000
G01 X15.775311 Y-102.809059 Z9.960784 F1000
G01 X15.952931 Y-102.809059 Z9.960784 F1000
G01 X16.130551 Y-102.809059 Z9.215686 F1000
G01 X16.308171 Y-102.809059 Z2.980392 F1000
G01 X16.48579 Y-102.809059 Z0.54902 F1000
G01 X16.66341 Y-102.809059 Z4.901961 F1000
G01 X16.84103 Y-102.809059 Z9.803922 F1000
G01 X17.01865 Y-102.809059 Z9.921569 F1000
G01 X17.19627 Y-102.809059 Z10 F1000
G01 X82.915631 Y-102.809059 Z10 F1000
G01 X83.09325 Y-102.809059 Z9.882353 F1000
G01 X83.27087 Y-102.809059 Z9.882353 F1000
G01 X83.44849 Y-102.809059 Z4.941176 F1000
G01 X83.62611 Y-102.809059 Z0.509804 F1000
G01 X83.80373 Y-102.809059 Z3.607843 F1000
G01 X83.98135 Y-102.809059 Z9.019608 F1000
G01 X84.15897 Y-102.809059 Z9.882353 F1000
G01 X84.33659 Y-102.809059 Z10 F1000
G01 X99.611901 Y-102.809059 Z10 F1000
G01 X99.611901 Y-102.986679 Z10 F1000
G01 X99.611901 Y-103.164298 Z10 F1000
G01 X99.611901 Y-103.341918 Z10 F1000
G01 X84.15897 Y-103.341918 Z10 F1000
G01 X83.98135 Y-103.341918 Z9.960784 F1000
G01 X83.80373 Y-103.341918 Z9.764706 F1000
G01 X83.62611 Y-103.341918 Z8.156863 F1000
G01 X83.44849 Y-103.341918 Z1.647059 F1000
G01 X83.27087 Y-103.341918 Z1.058824 F1000
G01 X83.09325 Y-103.341918 Z6.509804 F1000
G01 X82.915631 Y-103.341918 Z9.764706 F1000
G01 X82.738011 Y-103.341918 Z9.882353 F1000
G01 X82.560391 Y-103.341918 Z9.882353 F1000
G01 X82.382771 Y-103.341918 Z10 F1000
G01 X17.72913 Y-103.341918 Z10 F1000
G01 X17.55151 Y-103.341918 Z9.960784 F1000
G01 X17.37389 Y-103.341918 Z9.921569 F1000
G01 X17.19627 Y-103.341918 Z9.333333 F1000
G01 X17.01865 Y-103.341918 Z6.470588 F1000
G01 X16.84103 Y-103.341918 Z1.254902 F1000
G01 X16.66341 Y-103.341918 Z1.72549 F1000
G01 X16.48579 Y-103.341918 Z8.078431 F1000
G01 X16.308171 Y-103.341918 Z9.803922 F1000
G01 X16.130551 Y-103.341918 Z10 F1000
G01 X0.32238 Y-103.341918 Z10 F1000
G01 X0.32238 Y-103.519538 Z10 F1000
G01 X0.32238 Y-103.697158 Z10 F1000
G01 X0.32238 Y-103.874778 Z10 F1000
G01 X16.130551 Y-103.874778 Z10 F1000
G01 X16.308171 Y-103.874778 Z9.960784 F1000
G01 X16.66341 Y-103.874778 Z9.960784 F1000
G01 X16.84103 Y-103.874778 Z6.156863 F1000
G01 X17.01865 Y-103.874778 Z1.254902 F1000
G01 X17.19627 Y-103.874778 Z2.392157 F1000
G01 X17.37389 Y-103.874778 Z7.921569 F1000
G01 X17.55151 Y-103.874778 Z9.921569 F1000
G01 X17.72913 Y-103.874778 Z10 F1000
G01 X82.382771 Y-103.874778 Z10 F1000
G01 X82.560391 Y-103.874778 Z9.843137 F1000
G01 X82.738011 Y-103.874778 Z8.117647 F1000
G01 X82.915631 Y-103.874778 Z2.392157 F1000
G01 X83.09325 Y-103.874778 Z1.137255 F1000
G01 X83.27087 Y-103.874778 Z6.117647 F1000
G01 X83.44849 Y-103.874778 Z9.960784 F1000
G01 X83.62611 Y-103.874778 Z9.960784 F1000
G01 X83.80373 Y-103.874778 Z10 F1000
G01 X99.611901 Y-103.874778 Z10 F1000
G01 X99.611901 Y-104.052398 Z10 F1000
G01 X99.611901 Y-104.230018 Z10 F1000
G01 X99.611901 Y-104.407638 Z10 F1000
G01 X83.80373 Y-104.407638 Z10 F1000
G01 X83.62611 Y-104.407638 Z9.960784 F1000
G01 X83.44849 Y-104.407638 Z9.960784 F1000
G01 X83.27087 Y-104.407638 Z9.882353 F1000
G01 X83.09325 Y-104.407638 Z9.058824 F1000
G01 X82.915631 Y-104.407638 Z4.980392 F1000
G01 X82.738011 Y-104.407638 Z0.509804 F1000
G01 X82.560391 Y-104.407638 Z3.529412 F1000
G01 X82.382771 Y-104.407638 Z9.333333 F1000
G01 X82.205151 Y-104.407638 Z9.921569 F1000
G01 X82.027531 Y-104.407638 Z10 F1000
G01 X18.439609 Y-104.407638 Z10 F1000
G01 X18.261989 Y-104.407638 Z9.960784 F1000
G01 X17.90675 Y-104.407638 Z9.960784 F1000
G01 X17.72913 Y-104.407638 Z9.137255 F1000
G01 X17.55151 Y-104.407638 Z3.607843 F1000
G01 X17.37389 Y-104.407638 Z0.588235 F1000
G01 X17.19627 Y-104.407638 Z5.058824 F1000
G01 X17.01865 Y-104.407638 Z9.372549 F1000
G01 X16.84103 Y-104.407638 Z9.882353 F1000
G01 X16.66341 Y-104.407638 Z10 F1000
G01 X0.32238 Y-104.407638 Z10 F1000
G01 X0.32238 Y-104.585258 Z10 F1000
G01 X0.32238 Y-104.762877 Z10 F1000
G01 X0.32238 Y-104.940497 Z10 F1000
G01 X17.19627 Y-104.940497 Z10 F1000
G01 X17.37389 Y-104.940497 Z8.901961 F1000
G01 X17.55151 Y-104.940497 Z3.490196 F1000
G01 X17.72913 Y-104.940497 Z0.745098 F1000
G01 X17.90675 Y-104.940497 Z5.45098 F1000
G01 X18.084369 Y-104.940497 Z9.803922 F1000
G01 X18.261989 Y-104.940497 Z9.803922 F1000
G01 X18.439609 Y-104.940497 Z10 F1000
G01 X82.027531 Y-104.940497 Z10 F1000
G01 X82.205151 Y-104.940497 Z6.039216 F1000
G01 X82.382771 Y-104.940497 Z0.431373 F1000
G01 X82.560391 Y-104.940497 Z3.215686 F1000
G01 X82.738011 Y-104.940497 Z9.098039 F1000
G01 X82.915631 Y-104.940497 Z10 F1000
G01 X99.611901 Y-104.940497 Z10 F1000
G01 X99.611901 Y-105.118117 Z10 F1000
G01 X99.611901 Y-105.295737 Z10 F1000
G01 X99.611901 Y-105.473357 Z10 F1000
G01 X82.915631 Y-105.473357 Z10 F1000
G01 X82.738011 Y-105.473357 Z9.921569 F1000
G01 X82.560391 Y-105.473357 Z9.921569 F1000
G01 X82.382771 Y-105.473357 Z7.058824 F1000
G01 X82.205151 Y-105.473357 Z1.882353 F1000
G01 X82.027531 Y-105.473357 Z0.509804 F1000
G01 X81.849911 Y-105.473357 Z7.529412 F1000
G01 X81.672291 Y-105.473357 Z9.764706 F1000
G01 X81.494671 Y-105.473357 Z10 F1000
G01 X18.439609 Y-105.473357 Z10 F1000
G01 X18.261989 Y-105.473357 Z6.941176 F1000
G01 X18.084369 Y-105.473357 Z1.137255 F1000
G01 X17.90675 Y-105.473357 Z1.254902 F1000
G01 X17.72913 Y-105.473357 Z7.921569 F1000
G01 X17.55151 Y-105.473357 Z9.882353 F1000
G01 X17.37389 Y-105.473357 Z9.882353 F1000
G01 X17.19627 Y-105.473357 Z10 F1000
G01 X0.32238 Y-105.473357 Z10 F1000
G01 X0.32238 Y-105.650977 Z10 F1000
G01 X0.32238 Y-105.828597 Z10 F1000
G01 X0.32238 Y-106.006217 Z10 F1000
G01 X17.37389 Y-106.006217 Z10 F1000
G01 X17.55151 Y-106.006217 Z9.960784 F1000
G01 X17.72913 Y-106.006217 Z9.960784 F1000
G01 X17.90675 Y-106.006217 Z9.72549 F1000
G01 X18.084369 Y-106.006217 Z6.078431 F1000
G01 X18.261989 Y-106.006217 Z0.705882 F1000
G01 X18.439609 Y-106.006217 Z2.117647 F1000
G01 X18.617229 Y-106.006217 Z9.058824 F1000
G01 X18.794849 Y-106.006217 Z9.72549 F1000
G01 X18.972469 Y-106.006217 Z10 F1000
G01 X81.317052 Y-106.006217 Z10 F1000
G01 X81.494671 Y-106.006217 Z8.627451 F1000
G01 X81.672291 Y-106.006217 Z2.235294 F1000
G01 X81.849911 Y-106.006217 Z0.627451 F1000
G01 X82.027531 Y-106.006217 Z6.431373 F1000
G01 X82.205151 Y-106.006217 Z9.098039 F1000
G01 X82.382771 Y-106.006217 Z10 F1000
G01 X99.611901 Y-106.006217 Z10 F1000
G01 X99.611901 Y-106.183837 Z10 F1000
G01 X99.611901 Y-106.361456 Z10 F1000
G01 X99.611901 Y-106.539076 Z10 F1000
G01 X82.205151 Y-106.539076 Z10 F1000
G01 X82.027531 Y-106.539076 Z9.921569 F1000
G01 X81.849911 Y-106.539076 Z9.882353 F1000
G01 X81.672291 Y-106.539076 Z3.764706 F1000
G01 X81.494671 Y-106.539076 Z0.431373 F1000
G01 X81.317052 Y-106.539076 Z4.039216 F1000
G01 X81.139432 Y-106.539076 Z9.333333 F1000
G01 X80.961812 Y-106.539076 Z10 F1000
G01 X19.327709 Y-106.539076 Z10 F1000
G01 X19.150089 Y-106.539076 Z9.960784 F1000
G01 X18.972469 Y-106.539076 Z9.215686 F1000
G01 X18.794849 Y-106.539076 Z4.078431 F1000
G01 X18.617229 Y-106.539076 Z0.745098 F1000
G01 X18.439609 Y-106.539076 Z4.196078 F1000
G01 X18.261989 Y-106.539076 Z9.411765 F1000
G01 X18.084369 Y-106.539076 Z9.803922 F1000
G01 X17.90675 Y-106.539076 Z10 F1000
G01 X0.32238 Y-106.539076 Z10 F1000
G01 X0.32238 Y-106.716696 Z10 F1000
G01 X0.32238 Y-106.894316 Z10 F1000
G01 X0.32238 Y-107.071936 Z10 F1000
G01 X18.439609 Y-107.071936 Z10 F1000
G01 X18.617229 Y-107.071936 Z8.27451 F1000
G01 X18.794849 Y-107.071936 Z2.588235 F1000
G01 X18.972469 Y-107.071936 Z0.901961 F1000
G01 X19.150089 Y-107.071936 Z5.647059 F1000
G01 X19.327709 Y-107.071936 Z10 F1000
G01 X80.251332 Y-107.071936 Z10 F1000
G01 X80.428952 Y-107.071936 Z9.921569 F1000
G01 X80.784192 Y-107.071936 Z9.921569 F1000
G01 X80.961812 Y-107.071936 Z5.882353 F1000
G01 X81.139432 Y-107.071936 Z0.666667 F1000
G01 X81.317052 Y-107.071936 Z2.54902 F1000
G01 X81.494671 Y-107.071936 Z8.941176 F1000
G01 X81.672291 Y-107.071936 Z9.843137 F1000
G01 X81.849911 Y-107.071936 Z9.921569 F1000
G01 X82.027531 Y-107.071936 Z10 F1000
G01 X99.611901 Y-107.071936 Z10 F1000
G01 X99.611901 Y-107.249556 Z10 F1000
G01 X99.611901 Y-107.427176 Z10 F1000
G01 X99.611901 Y-107.604796 Z10 F1000
G01 X81.317052 Y-107.604796 Z10 F1000
G01 X81.139432 Y-107.604796 Z6.901961 F1000
G01 X80.961812 Y-107.604796 Z1.333333 F1000
G01 X80.784192 Y-107.604796 Z1.843137 F1000
G01 X80.606572 Y-107.604796 Z7.607843 F1000
G01 X80.428952 Y-107.604796 Z9.686275 F1000
G01 X80.251332 Y-107.604796 Z10 F1000
G01 X19.682948 Y-107.604796 Z10 F1000
G01 X19.505329 Y-107.604796 Z7.333333 F1000
G01 X19.327709 Y-107.604796 Z1.372549 F1000
G01 X19.150089 Y-107.604796 Z1.294118 F1000
G01 X18.972469 Y-107.604796 Z7.254902 F1000
G01 X18.794849 Y-107.604796 Z9.843137 F1000
G01 X18.617229 Y-107.604796 Z10 F1000
G01 X0.32238 Y-107.604796 Z10 F1000
G01 X0.32238 Y-107.782416 Z10 F1000
G01 X0.32238 Y-107.960036 Z10 F1000
G01 X0.32238 Y-108.137655 Z10 F1000
G01 X18.617229 Y-108.137655 Z10 F1000
G01 X18.794849 Y-108.137655 Z9.960784 F1000
G01 X19.150089 Y-108.137655 Z9.960784 F1000
G01 X19.327709 Y-108.137655 Z5.607843 F1000
G01 X19.505329 Y-108.137655 Z0.705882 F1000
G01 X19.682948 Y-108.137655 Z3.176471 F1000
G01 X19.860568 Y-108.137655 Z8.54902 F1000
G01 X20.038188 Y-108.137655 Z9.921569 F1000
G01 X20.215808 Y-108.137655 Z10 F1000
G01 X79.896092 Y-108.137655 Z10 F1000
G01 X80.073712 Y-108.137655 Z9.960784 F1000
G01 X80.251332 Y-108.137655 Z8.666667 F1000
G01 X80.428952 Y-108.137655 Z3.019608 F1000
G01 X80.606572 Y-108.137655 Z0.784314 F1000
G01 X80.784192 Y-108.137655 Z5.529412 F1000
G01 X80.961812 Y-108.137655 Z9.372549 F1000
G01 X81.139432 Y-108.137655 Z10 F1000
G01 X99.611901 Y-108.137655 Z10 F1000
G01 X99.611901 Y-108.315275 Z10 F1000
G01 X99.611901 Y-108.492895 Z10 F1000
G01 X99.611901 Y-108.670515 Z10 F1000
G01 X80.961812 Y-108.670515 Z10 F1000
G01 X80.784192 Y-108.670515 Z9.882353 F1000
G01 X80.606572 Y-108.670515 Z8.941176 F1000
G01 X80.428952 Y-108.670515 Z3.960784 F1000
G01 X80.251332 Y-108.670515 Z0.784314 F1000
G01 X80.073712 Y-108.670515 Z4.431373 F1000
G01 X79.896092 Y-108.670515 Z9.411765 F1000
G01 X79.718472 Y-108.670515 Z9.882353 F1000
G01 X79.540853 Y-108.670515 Z10 F1000
G01 X20.215808 Y-108.670515 Z10 F1000
G01 X20.038188 Y-108.670515 Z4.313725 F1000
G01 X19.860568 Y-108.670515 Z0.823529 F1000
G01 X19.682948 Y-108.670515 Z3.921569 F1000
G01 X19.505329 Y-108.670515 Z9.137255 F1000
G01 X19.327709 Y-108.670515 Z9.960784 F1000
G01 X19.150089 Y-108.670515 Z10 F1000
G01 X0.32238 Y-108.670515 Z10 F1000
G01 X0.32238 Y-108.848135 Z10 F1000
G01 X0.32238 Y-109.025755 Z10 F1000
G01 X0.32238 Y-109.203375 Z10 F1000
G01 X19.682948 Y-109.203375 Z10 F1000
G01 X19.860568 Y-109.203375 Z8.627451 F1000
G01 X20.038188 Y-109.203375 Z1.686275 F1000
G01 X20.215808 Y-109.203375 Z0.392157 F1000
G01 X20.393428 Y-109.203375 Z6.156863 F1000
G01 X20.571048 Y-109.203375 Z10 F1000
G01 X79.007993 Y-109.203375 Z10 F1000
G01 X79.185613 Y-109.203375 Z9.960784 F1000
G01 X79.363233 Y-109.203375 Z9.960784 F1000
G01 X79.540853 Y-109.203375 Z9.882353 F1000
G01 X79.718472 Y-109.203375 Z6.470588 F1000
G01 X79.896092 Y-109.203375 Z0.666667 F1000
G01 X80.073712 Y-109.203375 Z2.117647 F1000
G01 X80.251332 Y-109.203375 Z8.078431 F1000
G01 X80.428952 Y-109.203375 Z10 F1000
G01 X99.611901 Y-109.203375 Z10 F1000
G01 X99.611901 Y-109.380995 Z10 F1000
G01 X99.611901 Y-109.558615 Z10 F1000
G01 X99.611901 Y-109.736234 Z10 F1000
G01 X80.251332 Y-109.736234 Z10 F1000
G01 X80.073712 Y-109.736234 Z9.960784 F1000
G01 X79.896092 Y-109.736234 Z6.235294 F1000
G01 X79.718472 Y-109.736234 Z0.745098 F1000
G01 X79.540853 Y-109.736234 Z2.156863 F1000
G01 X79.363233 Y-109.736234 Z7.960784 F1000
G01 X79.185613 Y-109.736234 Z9.72549 F1000
G01 X79.007993 Y-109.736234 Z9.921569 F1000
G01 X78.830373 Y-109.736234 Z10 F1000
G01 X21.281528 Y-109.736234 Z10 F1000
G01 X21.103908 Y-109.736234 Z9.921569 F1000
G01 X20.926288 Y-109.736234 Z9.647059 F1000
G01 X20.748668 Y-109.736234 Z7.882353 F1000
G01 X20.571048 Y-109.736234 Z1.647059 F1000
G01 X20.393428 Y-109.736234 Z0.862745 F1000
G01 X20.215808 Y-109.736234 Z7.019608 F1000
G01 X20.038188 Y-109.736234 Z9.568627 F1000
G01 X19.860568 Y-109.736234 Z10 F1000
G01 X0.32238 Y-109.736234 Z10 F1000
G01 X0.32238 Y-109.913854 Z10 F1000
G01 X0.32238 Y-110.091474 Z10 F1000
G01 X0.32238 Y-110.269094 Z10 F1000
G01 X19.860568 Y-110.269094 Z10 F1000
G01 X20.038188 Y-110.269094 Z9.921569 F1000
G01 X20.215808 Y-110.269094 Z9.72549 F1000
G01 X20.393428 Y-110.269094 Z9.72549 F1000
G01 X20.571048 Y-110.269094 Z5.215686 F1000
G01 X20.748668 Y-110.269094 Z0.627451 F1000
G01 X20.926288 Y-110.269094 Z3.294118 F1000
G01 X21.103908 Y-110.269094 Z9.019608 F1000
G01 X21.281528 Y-110.269094 Z10 F1000
G01 X78.830373 Y-110.269094 Z10 F1000
G01 X79.007993 Y-110.269094 Z8.666667 F1000
G01 X79.185613 Y-110.269094 Z2.862745 F1000
G01 X79.363233 Y-110.269094 Z0.588235 F1000
G01 X79.540853 Y-110.269094 Z4.823529 F1000
G01 X79.718472 Y-110.269094 Z9.764706 F1000
G01 X79.896092 Y-110.269094 Z10 F1000
G01 X99.611901 Y-110.269094 Z10 F1000
G01 X99.611901 Y-110.446714 Z10 F1000
G01 X99.611901 Y-110.624334 Z10 F1000
G01 X99.611901 Y-110.801954 Z10 F1000
G01 X79.718472 Y-110.801954 Z10 F1000
G01 X79.540853 Y-110.801954 Z9.960784 F1000
G01 X79.363233 Y-110.801954 Z9.058824 F1000
G01 X79.185613 Y-110.801954 Z3.490196 F1000
G01 X79.007993 Y-110.801954 Z0.745098 F1000
G01 X78.830373 Y-110.801954 Z5.098039 F1000
G01 X78.652753 Y-110.801954 Z9.607843 F1000
G01 X78.475133 Y-110.801954 Z9.921569 F1000
G01 X78.297513 Y-110.801954 Z9.960784 F1000
G01 X78.119893 Y-110.801954 Z9.960784 F1000
G01 X77.942274 Y-110.801954 Z10 F1000
G01 X21.636767 Y-110.801954 Z10 F1000
G01 X21.459147 Y-110.801954 Z9.882353 F1000
G01 X21.281528 Y-110.801954 Z4.627451 F1000
G01 X21.103908 Y-110.801954 Z0.627451 F1000
G01 X20.926288 Y-110.801954 Z3.411765 F1000
G01 X20.748668 Y-110.801954 Z9.176471 F1000
G01 X20.571048 Y-110.801954 Z9.72549 F1000
G01 X20.393428 Y-110.801954 Z9.882353 F1000
G01 X20.215808 Y-110.801954 Z9.882353 F1000
G01 X20.038188 Y-110.801954 Z9.921569 F1000
G01 X19.860568 Y-110.801954 Z10 F1000
G01 X0.32238 Y-110.801954 Z10 F1000
G01 X0.32238 Y-110.979574 Z10 F1000
G01 X0.32238 Y-111.157194 Z10 F1000
G01 X0.32238 Y-111.334813 Z10 F1000
G01 X20.748668 Y-111.334813 Z10 F1000
G01 X20.926288 Y-111.334813 Z9.960784 F1000
G01 X21.103908 Y-111.334813 Z7.333333 F1000
G01 X21.281528 Y-111.334813 Z2.078431 F1000
G01 X21.459147 Y-111.334813 Z0.823529 F1000
G01 X21.636767 Y-111.334813 Z6.784314 F1000
G01 X21.814387 Y-111.334813 Z9.843137 F1000
G01 X21.992007 Y-111.334813 Z9.843137 F1000
G01 X22.169627 Y-111.334813 Z10 F1000
G01 X77.942274 Y-111.334813 Z10 F1000
G01 X78.119893 Y-111.334813 Z9.960784 F1000
G01 X78.297513 Y-111.334813 Z9.607843 F1000
G01 X78.475133 Y-111.334813 Z7.058824 F1000
G01 X78.652753 Y-111.334813 Z1.058824 F1000
G01 X78.830373 Y-111.334813 Z0.862745 F1000
G01 X79.007993 Y-111.334813 Z8.431373 F1000
G01 X79.185613 Y-111.334813 Z9.803922 F1000
G01 X79.363233 Y-111.334813 Z10 F1000
G01 X99.611901 Y-111.334813 Z10 F1000
G01 X99.611901 Y-111.512433 Z10 F1000
G01 X99.611901 Y-111.690053 Z10 F1000
G01 X99.611901 Y-111.867673 Z10 F1000
G01 X79.363233 Y-111.867673 Z10 F1000
G01 X79.185613 Y-111.867673 Z9.921569 F1000
G01 X79.007993 Y-111.867673 Z9.882353 F1000
G01 X78.830373 Y-111.867673 Z9.45098 F1000
G01 X78.652753 Y-111.867673 Z6.313725 F1000
G01 X78.475133 Y-111.867673 Z0.745098 F1000
G01 X78.297513 Y-111.867673 Z2.27451 F1000
G01 X78.119893 Y-111.867673 Z7.960784 F1000
G01 X77.942274 Y-111.867673 Z9.921569 F1000
G01 X77.764654 Y-111.867673 Z9.960784 F1000
G01 X77.587034 Y-111.867673 Z9.960784 F1000
G01 X77.409414 Y-111.867673 Z10 F1000
G01 X22.702487 Y-111.867673 Z10 F1000
G01 X22.524867 Y-111.867673 Z9.960784 F1000
G01 X22.169627 Y-111.867673 Z9.960784 F1000
G01 X21.992007 Y-111.867673 Z8.313725 F1000
G01 X21.814387 Y-111.867673 Z2.078431 F1000
G01 X21.636767 Y-111.867673 Z0.862745 F1000
G01 X21.459147 Y-111.867673 Z6.196078 F1000
G01 X21.281528 Y-111.867673 Z10 F1000
G01 X0.32238 Y-111.867673 Z10 F1000
G01 X0.32238 Y-112.045293 Z10 F1000
G01 X0.32238 Y-112.222913 Z10 F1000
G01 X0.32238 Y-112.400533 Z10 F1000
G01 X21.459147 Y-112.400533 Z10 F1000
G01 X21.636767 Y-112.400533 Z9.568627 F1000
G01 X21.814387 Y-112.400533 Z4.54902 F1000
G01 X21.992007 Y-112.400533 Z0.627451 F1000
G01 X22.169627 Y-112.400533 Z3.843137 F1000
G01 X22.347247 Y-112.400533 Z9.490196 F1000
G01 X22.524867 Y-112.400533 Z9.72549 F1000
G01 X22.702487 Y-112.400533 Z10 F1000
G01 X77.409414 Y-112.400533 Z10 F1000
G01 X77.587034 Y-112.400533 Z9.960784 F1000
G01 X77.764654 Y-112.400533 Z8.941176 F1000
G01 X77.942274 Y-112.400533 Z3.803922 F1000
G01 X78.119893 Y-112.400533 Z0.823529 F1000
G01 X78.297513 Y-112.400533 Z4.392157 F1000
G01 X78.475133 Y-112.400533 Z9.607843 F1000
G01 X78.652753 Y-112.400533 Z9.921569 F1000
G01 X78.830373 Y-112.400533 Z9.921569 F1000
G01 X79.007993 Y-112.400533 Z10 F1000
G01 X99.611901 Y-112.400533 Z10 F1000
G01 X99.611901 Y-112.578153 Z10 F1000
G01 X99.611901 Y-112.755773 Z10 F1000
G01 X99.611901 Y-112.933393 Z10 F1000
G01 X78.652753 Y-112.933393 Z10 F1000
G01 X78.475133 Y-112.933393 Z9.960784 F1000
G01 X78.297513 Y-112.933393 Z9.960784 F1000
G01 X78.119893 Y-112.933393 Z8.392157 F1000
G01 X77.942274 Y-112.933393 Z3.019608 F1000
G01 X77.764654 Y-112.933393 Z0.666667 F1000
G01 X77.587034 Y-112.933393 Z5.333333 F1000
G01 X77.409414 Y-112.933393 Z9.254902 F1000
G01 X77.231794 Y-112.933393 Z10 F1000
G01 X22.880107 Y-112.933393 Z10 F1000
G01 X22.702487 Y-112.933393 Z9.960784 F1000
G01 X22.524867 Y-112.933393 Z5.490196 F1000
G01 X22.347247 Y-112.933393 Z0.588235 F1000
G01 X22.169627 Y-112.933393 Z2.666667 F1000
G01 X21.992007 Y-112.933393 Z8.627451 F1000
G01 X21.814387 Y-112.933393 Z10 F1000
G01 X0.32238 Y-112.933393 Z10 F1000
G01 X0.32238 Y-113.111012 Z10 F1000
G01 X0.32238 Y-113.288632 Z10 F1000
G01 X0.32238 Y-113.466252 Z10 F1000
G01 X22.169627 Y-113.466252 Z10 F1000
G01 X22.347247 Y-113.466252 Z7.803922 F1000
G01 X22.524867 Y-113.466252 Z1.333333 F1000
G01 X22.702487 Y-113.466252 Z1.45098 F1000
G01 X22.880107 Y-113.466252 Z6.980392 F1000
G01 X23.057726 Y-113.466252 Z9.921569 F1000
G01 X23.235346 Y-113.466252 Z9.960784 F1000
G01 X23.412966 Y-113.466252 Z10 F1000
G01 X76.521314 Y-113.466252 Z10 F1000
G01 X76.698934 Y-113.466252 Z9.960784 F1000
G01 X77.054174 Y-113.466252 Z9.960784 F1000
G01 X77.231794 Y-113.466252 Z7.372549 F1000
G01 X77.409414 Y-113.466252 Z1.254902 F1000
G01 X77.587034 Y-113.466252 Z1.568627 F1000
G01 X77.764654 Y-113.466252 Z7.607843 F1000
G01 X77.942274 Y-113.466252 Z9.960784 F1000
G01 X78.119893 Y-113.466252 Z10 F1000
G01 X99.611901 Y-113.466252 Z10 F1000
G01 X99.611901 Y-113.643872 Z10 F1000
G01 X99.611901 Y-113.821492 Z10 F1000
G01 X99.611901 Y-113.999112 Z10 F1000
G01 X77.942274 Y-113.999112 Z10 F1000
G01 X77.764654 Y-113.999112 Z9.843137 F1000
G01 X77.587034 Y-113.999112 Z9.843137 F1000
G01 X77.409414 Y-113.999112 Z5.72549 F1000
G01 X77.231794 Y-113.999112 Z0.941176 F1000
G01 X77.054174 Y-113.999112 Z2.470588 F1000
G01 X76.876554 Y-113.999112 Z8.705882 F1000
G01 X76.698934 Y-113.999112 Z9.921569 F1000
G01 X76.521314 Y-113.999112 Z10 F1000
G01 X23.412966 Y-113.999112 Z10 F1000
G01 X23.235346 Y-113.999112 Z8.705882 F1000
G01 X23.057726 Y-113.999112 Z2.941176 F1000
G01 X22.880107 Y-113.999112 Z0.941176 F1000
G01 X22.702487 Y-113.999112 Z6.039216 F1000
G01 X22.524867 Y-113.999112 Z9.764706 F1000
G01 X22.347247 Y-113.999112 Z9.882353 F1000
G01 X22.169627 Y-113.999112 Z10 F1000
G01 X0.32238 Y-113.999112 Z10 F1000
G01 X0.32238 Y-114.176732 Z10 F1000
G01 X0.32238 Y-114.354352 Z10 F1000
G01 X0.32238 Y-114.531972 Z10 F1000
G01 X22.524867 Y-114.531972 Z10 F1000
G01 X22.702487 Y-114.531972 Z9.960784 F1000
G01 X22.880107 Y-114.531972 Z9.686275 F1000
G01 X23.057726 Y-114.531972 Z3.882353 F1000
G01 X23.235346 Y-114.531972 Z0.666667 F1000
G01 X23.412966 Y-114.531972 Z4.27451 F1000
G01 X23.590586 Y-114.531972 Z9.568627 F1000
G01 X23.768206 Y-114.531972 Z9.72549 F1000
G01 X23.945826 Y-114.531972 Z9.921569 F1000
G01 X24.123446 Y-114.531972 Z10 F1000
G01 X76.343694 Y-114.531972 Z10 F1000
G01 X76.521314 Y-114.531972 Z9.45098 F1000
G01 X76.698934 Y-114.531972 Z4.509804 F1000
G01 X76.876554 Y-114.531972 Z0.745098 F1000
G01 X77.054174 Y-114.531972 Z3.72549 F1000
G01 X77.231794 Y-114.531972 Z9.490196 F1000
G01 X77.409414 Y-114.531972 Z10 F1000
G01 X99.611901 Y-114.531972 Z10 F1000
G01 X99.611901 Y-114.709591 Z10 F1000
G01 X99.611901 Y-114.887211 Z10 F1000
G01 X99.611901 Y-115.064831 Z10 F1000
G01 X77.231794 Y-115.064831 Z10 F1000
G01 X77.054174 Y-115.064831 Z9.921569 F1000
G01 X76.876554 Y-115.064831 Z8.823529 F1000
G01 X76.698934 Y-115.064831 Z2.431373 F1000
G01 X76.521314 Y-115.064831 Z0.745098 F1000
G01 X76.343694 Y-115.064831 Z5.647059 F1000
G01 X76.166075 Y-115.064831 Z10 F1000
G01 X24.123446 Y-115.064831 Z10 F1000
G01 X23.945826 Y-115.064831 Z9.607843 F1000
G01 X23.768206 Y-115.064831 Z5.843137 F1000
G01 X23.590586 Y-115.064831 Z0.666667 F1000
G01 X23.412966 Y-115.064831 Z2.588235 F1000
G01 X23.235346 Y-115.064831 Z8.431373 F1000
G01 X23.057726 Y-115.064831 Z9.960784 F1000
G01 X22.880107 Y-115.064831 Z10 F1000
G01 X0.32238 Y-115.064831 Z10 F1000
G01 X0.32238 Y-115.242451 Z10 F1000
G01 X0.32238 Y-115.420071 Z10 F1000
G01 X0.32238 Y-115.597691 Z10 F1000
G01 X23.412966 Y-115.597691 Z10 F1000
G01 X23.590586 Y-115.597691 Z7.411765 F1000
G01 X23.768206 Y-115.597691 Z0.941176 F1000
G01 X23.945826 Y-115.597691 Z1.686275 F1000
G01 X24.123446 Y-115.597691 Z7.411765 F1000
G01 X24.301066 Y-115.597691 Z10 F1000
G01 X75.633215 Y-115.597691 Z10 F1000
G01 X75.810835 Y-115.597691 Z9.882353 F1000
G01 X75.988455 Y-115.597691 Z7.333333 F1000
G01 X76.166075 Y-115.597691 Z1.294118 F1000
G01 X76.343694 Y-115.597691 Z1.019608 F1000
G01 X76.521314 Y-115.597691 Z7.803922 F1000
G01 X76.698934 Y-115.597691 Z9.72549 F1000
G01 X76.876554 Y-115.597691 Z10 F1000
G01 X99.611901 Y-115.597691 Z10 F1000
G01 X99.611901 Y-115.775311 Z10 F1000
G01 X99.611901 Y-115.952931 Z10 F1000
G01 X99.611901 Y-116.130551 Z10 F1000
G01 X76.521314 Y-116.130551 Z10 F1000
G01 X76.343694 Y-116.130551 Z9.568627 F1000
G01 X76.166075 Y-116.130551 Z5.647059 F1000
G01 X75.988455 Y-116.130551 Z0.705882 F1000
G01 X75.810835 Y-116.130551 Z3.058824 F1000
G01 X75.633215 Y-116.130551 Z8.352941 F1000
G01 X75.455595 Y-116.130551 Z9.882353 F1000
G01 X75.277975 Y-116.130551 Z10 F1000
G01 X25.011545 Y-116.130551 Z10 F1000
G01 X24.833925 Y-116.130551 Z9.921569 F1000
G01 X24.656306 Y-116.130551 Z9.921569 F1000
G01 X24.478686 Y-116.130551 Z8.745098 F1000
G01 X24.301066 Y-116.130551 Z3.058824 F1000
G01 X24.123446 Y-116.130551 Z0.941176 F1000
G01 X23.945826 Y-116.130551 Z5.215686 F1000
G01 X23.768206 Y-116.130551 Z9.764706 F1000
G01 X23.590586 Y-116.130551 Z9.764706 F1000
G01 X23.412966 Y-116.130551 Z10 F1000
G01 X0.32238 Y-116.130551 Z10 F1000
G01 X0.32238 Y-116.308171 Z10 F1000
G01 X0.32238 Y-116.48579 Z10 F1000
G01 X0.32238 Y-116.66341 Z10 F1000
G01 X23.945826 Y-116.66341 Z10 F1000
G01 X24.123446 Y-116.66341 Z9.333333 F1000
G01 X24.301066 Y-116.66341 Z3.45098 F1000
G01 X24.478686 Y-116.66341 Z0.588235 F1000
G01 X24.656306 Y-116.66341 Z4.862745 F1000
G01 X24.833925 Y-116.66341 Z9.372549 F1000
G01 X25.011545 Y-116.66341 Z10 F1000
G01 X74.567496 Y-116.66341 Z10 F1000
G01 X74.745115 Y-116.66341 Z9.960784 F1000
G01 X75.100355 Y-116.66341 Z9.960784 F1000
G01 X75.277975 Y-116.66341 Z9.686275 F1000
G01 X75.455595 Y-116.66341 Z4.431373 F1000
G01 X75.633215 Y-116.66341 Z0.705882 F1000
G01 X75.810835 Y-116.66341 Z3.647059 F1000
G01 X75.988455 Y-116.66341 Z9.254902 F1000
G01 X76.166075 Y-116.66341 Z9.607843 F1000
G01 X76.343694 Y-116.66341 Z9.803922 F1000
G01 X76.521314 Y-116.66341 Z10 F1000
G01 X99.611901 Y-116.66341 Z10 F1000
G01 X99.611901 Y-116.84103 Z10 F1000
G01 X99.611901 Y-117.01865 Z10 F1000
G01 X99.611901 Y-117.19627 Z10 F1000
G01 X76.166075 Y-117.19627 Z10 F1000
G01 X75.988455 Y-117.19627 Z9.960784 F1000
G01 X75.810835 Y-117.19627 Z9.960784 F1000
G01 X75.633215 Y-117.19627 Z7.686275 F1000
G01 X75.455595 Y-117.19627 Z2.392157 F1000
G01 X75.277975 Y-117.19627 Z0.784314 F1000
G01 X75.100355 Y-117.19627 Z6.392157 F1000
G01 X74.922735 Y-117.19627 Z9.921569 F1000
G01 X74.745115 Y-117.19627 Z9.921569 F1000
G01 X74.567496 Y-117.19627 Z10 F1000
G01 X25.189165 Y-117.19627 Z10 F1000
G01 X25.011545 Y-117.19627 Z6.27451 F1000
G01 X24.833925 Y-117.19627 Z1.254902 F1000
G01 X24.656306 Y-117.19627 Z2.039216 F1000
G01 X24.478686 Y-117.19627 Z7.764706 F1000
G01 X24.301066 Y-117.19627 Z9.803922 F1000
G01 X24.123446 Y-117.19627 Z10 F1000
G01 X0.32238 Y-117.19627 Z10 F1000
G01 X0.32238 Y-117.37389 Z10 F1000
G01 X0.32238 Y-117.55151 Z10 F1000
G01 X0.32238 Y-117.72913 Z10 F1000
G01 X24.656306 Y-117.72913 Z10 F1000
G01 X24.833925 Y-117.72913 Z6.54902 F1000
G01 X25.011545 Y-117.72913 Z1.019608 F1000
G01 X25.189165 Y-117.72913 Z1.647059 F1000
G01 X25.366785 Y-117.72913 Z8.156863 F1000
G01 X25.544405 Y-117.72913 Z9.960784 F1000
G01 X25.722025 Y-117.72913 Z10 F1000
G01 X74.567496 Y-117.72913 Z10 F1000
G01 X74.745115 Y-117.72913 Z7.882353 F1000
G01 X74.922735 Y-117.72913 Z2.078431 F1000
G01 X75.100355 Y-117.72913 Z1.176471 F1000
G01 X75.277975 Y-117.72913 Z6.941176 F1000
G01 X75.455595 Y-117.72913 Z9.607843 F1000
G01 X75.633215 Y-117.72913 Z9.843137 F1000
G01 X75.810835 Y-117.72913 Z10 F1000
G01 X99.611901 Y-117.72913 Z10 F1000
G01 X99.611901 Y-117.90675 Z10 F1000
G01 X99.611901 Y-118.084369 Z10 F1000
G01 X99.611901 Y-118.261989 Z10 F1000
G01 X75.277975 Y-118.261989 Z10 F1000
G01 X75.100355 Y-118.261989 Z9.294118 F1000
G01 X74.922735 Y-118.261989 Z4.745098 F1000
G01 X74.745115 Y-118.261989 Z0.705882 F1000
G01 X74.567496 Y-118.261989 Z3.411765 F1000
G01 X74.389876 Y-118.261989 Z9.294118 F1000
G01 X74.212256 Y-118.261989 Z10 F1000
G01 X26.077265 Y-118.261989 Z10 F1000
G01 X25.899645 Y-118.261989 Z9.568627 F1000
G01 X25.722025 Y-118.261989 Z8.745098 F1000
G01 X25.544405 Y-118.261989 Z3.803922 F1000
G01 X25.366785 Y-118.261989 Z0.627451 F1000
G01 X25.189165 Y-118.261989 Z4.156863 F1000
G01 X25.011545 Y-118.261989 Z9.72549 F1000
G01 X24.833925 Y-118.261989 Z9.960784 F1000
G01 X24.656306 Y-118.261989 Z10 F1000
G01 X0.32238 Y-118.261989 Z10 F1000
G01 X0.32238 Y-118.439609 Z10 F1000
G01 X0.32238 Y-118.617229 Z10 F1000
G01 X0.32238 Y-118.794849 Z10 F1000
G01 X25.011545 Y-118.794849 Z10 F1000
G01 X25.189165 Y-118.794849 Z9.921569 F1000
G01 X25.366785 Y-118.794849 Z9.411765 F1000
G01 X25.544405 Y-118.794849 Z2.823529 F1000
G01 X25.722025 Y-118.794849 Z0.666667 F1000
G01 X25.899645 Y-118.794849 Z5.45098 F1000
G01 X26.077265 Y-118.794849 Z9.803922 F1000
G01 X26.254885 Y-118.794849 Z9.803922 F1000
G01 X26.432504 Y-118.794849 Z10 F1000
G01 X73.857016 Y-118.794849 Z10 F1000
G01 X74.034636 Y-118.794849 Z9.764706 F1000
G01 X74.212256 Y-118.794849 Z5.137255 F1000
G01 X74.389876 Y-118.794849 Z0.588235 F1000
G01 X74.567496 Y-118.794849 Z3.176471 F1000
G01 X74.745115 Y-118.794849 Z9.294118 F1000
G01 X74.922735 Y-118.794849 Z9.843137 F1000
G01 X75.100355 Y-118.794849 Z9.960784 F1000
G01 X75.277975 Y-118.794849 Z10 F1000
G01 X99.611901 Y-118.794849 Z10 F1000
G01 X99.611901 Y-118.972469 Z10 F1000
G01 X99.611901 Y-119.150089 Z10 F1000
G01 X99.611901 Y-119.327709 Z10 F1000
G01 X74.745115 Y-119.327709 Z10 F1000
G01 X74.567496 Y-119.327709 Z9.960784 F1000
G01 X74.389876 Y-119.327709 Z8.313725 F1000
G01 X74.212256 Y-119.327709 Z1.294118 F1000
G01 X74.034636 Y-119.327709 Z1.098039 F1000
G01 X73.857016 Y-119.327709 Z6.705882 F1000
G01 X73.679396 Y-119.327709 Z9.72549 F1000
G01 X73.501776 Y-119.327709 Z10 F1000
G01 X26.787744 Y-119.327709 Z10 F1000
G01 X26.610124 Y-119.327709 Z9.960784 F1000
G01 X26.432504 Y-119.327709 Z9.921569 F1000
G01 X26.254885 Y-119.327709 Z6.27451 F1000
G01 X26.077265 Y-119.327709 Z1.098039 F1000
G01 X25.899645 Y-119.327709 Z1.843137 F1000
G01 X25.722025 Y-119.327709 Z7.607843 F1000
G01 X25.544405 Y-119.327709 Z10 F1000
G01 X0.32238 Y-119.327709 Z10 F1000
G01 X0.32238 Y-119.505329 Z10 F1000
G01 X0.32238 Y-119.682948 Z10 F1000
G01 X0.32238 Y-119.860568 Z10 F1000
G01 X25.544405 Y-119.860568 Z10 F1000
G01 X25.722025 Y-119.860568 Z9.960784 F1000
G01 X25.899645 Y-119.860568 Z9.960784 F1000
G01 X26.077265 Y-119.860568 Z6.352941 F1000
G01 X26.254885 Y-119.860568 Z0.745098 F1000
G01 X26.432504 Y-119.860568 Z2.117647 F1000
G01 X26.610124 Y-119.860568 Z8.235294 F1000
G01 X26.787744 Y-119.860568 Z10 F1000
G01 X73.146536 Y-119.860568 Z10 F1000
G01 X73.324156 Y-119.860568 Z9.529412 F1000
G01 X73.501776 Y-119.860568 Z8.666667 F1000
G01 X73.679396 Y-119.860568 Z2.039216 F1000
G01 X73.857016 Y-119.860568 Z1.058824 F1000
G01 X74.034636 Y-119.860568 Z6.313725 F1000
G01 X74.212256 Y-119.860568 Z9.764706 F1000
G01 X74.389876 Y-119.860568 Z10 F1000
G01 X99.611901 Y-119.860568 Z10 F1000
G01 X99.611901 Y-120.038188 Z10 F1000
G01 X99.611901 Y-120.215808 Z10 F1000
G01 X99.611901 Y-120.393428 Z10 F1000
G01 X74.034636 Y-120.393428 Z10 F1000
G01 X73.857016 Y-120.393428 Z9.568627 F1000
G01 X73.679396 Y-120.393428 Z4.392157 F1000
G01 X73.501776 Y-120.393428 Z0.588235 F1000
G01 X73.324156 Y-120.393428 Z4.27451 F1000
G01 X73.146536 Y-120.393428 Z8.901961 F1000
G01 X72.968917 Y-120.393428 Z10 F1000
G01 X27.498224 Y-120.393428 Z10 F1000
G01 X27.320604 Y-120.393428 Z9.921569 F1000
G01 X27.142984 Y-120.393428 Z9.921569 F1000
G01 X26.965364 Y-120.393428 Z8.941176 F1000
G01 X26.787744 Y-120.393428 Z4.313725 F1000
G01 X26.610124 Y-120.393428 Z0.666667 F1000
G01 X26.432504 Y-120.393428 Z4.196078 F1000
G01 X26.254885 Y-120.393428 Z9.490196 F1000
G01 X26.077265 Y-120.393428 Z10 F1000
G01 X0.32238 Y-120.393428 Z10 F1000
G01 X0.32238 Y-120.571048 Z10 F1000
G01 X0.32238 Y-120.748668 Z10 F1000
G01 X0.32238 Y-120.926288 Z10 F1000
G01 X26.077265 Y-120.926288 Z10 F1000
G01 X26.254885 Y-120.926288 Z9.921569 F1000
G01 X26.432504 Y-120.926288 Z9.921569 F1000
G01 X26.610124 Y-120.926288 Z8.666667 F1000
G01 X26.787744 Y-120.926288 Z2.705882 F1000
G01 X26.965364 Y-120.926288 Z1.019608 F1000
G01 X27.142984 Y-120.926288 Z5.333333 F1000
G01 X27.320604 Y-120.926288 Z9.607843 F1000
G01 X27.498224 Y-120.926288 Z10 F1000
G01 X72.436057 Y-120.926288 Z10 F1000
G01 X72.613677 Y-120.926288 Z9.882353 F1000
G01 X72.791297 Y-120.926288 Z9.764706 F1000
G01 X72.968917 Y-120.926288 Z5.372549 F1000
G01 X73.146536 Y-120.926288 Z0.862745 F1000
G01 X73.324156 Y-120.926288 Z3.098039 F1000
G01 X73.501776 Y-120.926288 Z8.862745 F1000
G01 X73.679396 Y-120.926288 Z10 F1000
G01 X99.611901 Y-120.926288 Z10 F1000
G01 X99.611901 Y-121.103908 Z10 F1000
G01 X99.611901 Y-121.281528 Z10 F1000
G01 X99.611901 Y-121.459147 Z10 F1000
G01 X73.679396 Y-121.459147 Z10 F1000
G01 X73.501776 Y-121.459147 Z9.960784 F1000
G01 X73.324156 Y-121.459147 Z9.764706 F1000
G01 X73.146536 Y-121.459147 Z7.098039 F1000
G01 X72.968917 Y-121.459147 Z1.72549 F1000
G01 X72.791297 Y-121.459147 Z1.686275 F1000
G01 X72.613677 Y-121.459147 Z6.980392 F1000
G01 X72.436057 Y-121.459147 Z10 F1000
G01 X27.853464 Y-121.459147 Z10 F1000
G01 X27.675844 Y-121.459147 Z9.72549 F1000
G01 X27.498224 Y-121.459147 Z7.72549 F1000
G01 X27.320604 Y-121.459147 Z1.058824 F1000
G01 X27.142984 Y-121.459147 Z1.529412 F1000
G01 X26.965364 Y-121.459147 Z7.529412 F1000
G01 X26.787744 Y-121.459147 Z9.882353 F1000
G01 X26.610124 Y-121.459147 Z10 F1000
G01 X0.32238 Y-121.459147 Z10 F1000
G01 X0.32238 Y-121.636767 Z10 F1000
G01 X0.32238 Y-121.814387 Z10 F1000
G01 X0.32238 Y-121.992007 Z10 F1000
G01 X26.965364 Y-121.992007 Z10 F1000
G01 X27.142984 Y-121.992007 Z9.843137 F1000
G01 X27.320604 Y-121.992007 Z5.647059 F1000
G01 X27.498224 Y-121.992007 Z0.980392 F1000
G01 X27.675844 Y-121.992007 Z2.235294 F1000
G01 X27.853464 Y-121.992007 Z8.862745 F1000
G01 X28.031083 Y-121.992007 Z9.764706 F1000
G01 X28.208703 Y-121.992007 Z10 F1000
G01 X71.725577 Y-121.992007 Z10 F1000
G01 X71.903197 Y-121.992007 Z9.921569 F1000
G01 X72.080817 Y-121.992007 Z9.686275 F1000
G01 X72.258437 Y-121.992007 Z9.333333 F1000
G01 X72.436057 Y-121.992007 Z2.313725 F1000
G01 X72.613677 Y-121.992007 Z0.54902 F1000
G01 X72.791297 Y-121.992007 Z6.039216 F1000
G01 X72.968917 Y-121.992007 Z9.882353 F1000
G01 X73.146536 Y-121.992007 Z9.882353 F1000
G01 X73.324156 Y-121.992007 Z10 F1000
G01 X99.611901 Y-121.992007 Z10 F1000
G01 X99.611901 Y-122.169627 Z10 F1000
G01 X99.611901 Y-122.347247 Z10 F1000
G01 X99.611901 Y-122.524867 Z10 F1000
G01 X72.968917 Y-122.524867 Z10 F1000
G01 X72.791297 Y-122.524867 Z9.803922 F1000
G01 X72.613677 Y-122.524867 Z9.72549 F1000
G01 X72.436057 Y-122.524867 Z3.960784 F1000
G01 X72.258437 Y-122.524867 Z0.745098 F1000
G01 X72.080817 Y-122.524867 Z4 F1000
G01 X71.903197 Y-122.524867 Z9.647059 F1000
G01 X71.725577 Y-122.524867 Z10 F1000
G01 X28.741563 Y-122.524867 Z10 F1000
G01 X28.563943 Y-122.524867 Z9.960784 F1000
G01 X28.386323 Y-122.524867 Z9.72549 F1000
G01 X28.208703 Y-122.524867 Z9.098039 F1000
G01 X28.031083 Y-122.524867 Z4.745098 F1000
G01 X27.853464 Y-122.524867 Z0.588235 F1000
G01 X27.675844 Y-122.524867 Z3.647059 F1000
G01 X27.498224 Y-122.524867 Z9.607843 F1000
G01 X27.320604 Y-122.524867 Z9.960784 F1000
G01 X27.142984 Y-122.524867 Z9.960784 F1000
G01 X26.965364 Y-122.524867 Z10 F1000
G01 X0.32238 Y-122.524867 Z10 F1000
G01 X0.32238 Y-122.702487 Z10 F1000
G01 X0.32238 Y-122.880107 Z10 F1000
G01 X0.32238 Y-123.057726 Z10 F1000
G01 X27.675844 Y-123.057726 Z10 F1000
G01 X27.853464 Y-123.057726 Z8.431373 F1000
G01 X28.031083 Y-123.057726 Z2.078431 F1000
G01 X28.208703 Y-123.057726 Z0.980392 F1000
G01 X28.386323 Y-123.057726 Z6.078431 F1000
G01 X28.563943 Y-123.057726 Z9.921569 F1000
G01 X28.741563 Y-123.057726 Z10 F1000
G01 X71.015098 Y-123.057726 Z10 F1000
G01 X71.192718 Y-123.057726 Z9.960784 F1000
G01 X71.547957 Y-123.057726 Z9.960784 F1000
G01 X71.725577 Y-123.057726 Z5.843137 F1000
G01 X71.903197 Y-123.057726 Z0.784314 F1000
G01 X72.080817 Y-123.057726 Z2.156863 F1000
G01 X72.258437 Y-123.057726 Z8.470588 F1000
G01 X72.436057 Y-123.057726 Z10 F1000
G01 X99.611901 Y-123.057726 Z10 F1000
G01 X99.611901 Y-123.235346 Z10 F1000
G01 X99.611901 Y-123.412966 Z10 F1000
G01 X99.611901 Y-123.590586 Z10 F1000
G01 X72.436057 Y-123.590586 Z10 F1000
G01 X72.258437 Y-123.590586 Z9.960784 F1000
G01 X72.080817 Y-123.590586 Z9.960784 F1000
G01 X71.903197 Y-123.590586 Z6.980392 F1000
G01 X71.725577 Y-123.590586 Z0.705882 F1000
G01 X71.547957 Y-123.590586 Z1.294118 F1000
G01 X71.370337 Y-123.590586 Z8.117647 F1000
G01 X71.192718 Y-123.590586 Z9.882353 F1000
G01 X71.015098 Y-123.590586 Z9.882353 F1000
G01 X70.837478 Y-123.590586 Z10 F1000
G01 X29.274423 Y-123.590586 Z10 F1000
G01 X29.096803 Y-123.590586 Z9.843137 F1000
G01 X28.919183 Y-123.590586 Z9.843137 F1000
G01 X28.741563 Y-123.590586 Z8.117647 F1000
G01 X28.563943 Y-123.590586 Z1.137255 F1000
G01 X28.386323 Y-123.590586 Z1.215686 F1000
G01 X28.208703 Y-123.590586 Z7.372549 F1000
G01 X28.031083 Y-123.590586 Z9.647059 F1000
G01 X27.853464 Y-123.590586 Z10 F1000
G01 X0.32238 Y-123.590586 Z10 F1000
G01 X0.32238 Y-123.768206 Z10 F1000
G01 X0.32238 Y-123.945826 Z10 F1000
G01 X0.32238 Y-124.123446 Z10 F1000
G01 X27.853464 Y-124.123446 Z10 F1000
G01 X28.031083 Y-124.123446 Z9.960784 F1000
G01 X28.208703 Y-124.123446 Z9.960784 F1000
G01 X28.386323 Y-124.123446 Z9.490196 F1000
G01 X28.563943 Y-124.123446 Z5.647059 F1000
G01 X28.741563 Y-124.123446 Z0.470588 F1000
G01 X28.919183 Y-124.123446 Z3.411765 F1000
G01 X29.096803 Y-124.123446 Z9.176471 F1000
G01 X29.274423 Y-124.123446 Z9.803922 F1000
G01 X29.452043 Y-124.123446 Z10 F1000
G01 X70.659858 Y-124.123446 Z10 F1000
G01 X70.837478 Y-124.123446 Z9.803922 F1000
G01 X71.015098 Y-124.123446 Z9.215686 F1000
G01 X71.192718 Y-124.123446 Z3.176471 F1000
G01 X71.370337 Y-124.123446 Z0.54902 F1000
G01 X71.547957 Y-124.123446 Z5.137255 F1000
G01 X71.725577 Y-124.123446 Z9.921569 F1000
G01 X71.903197 Y-124.123446 Z9.921569 F1000
G01 X72.080817 Y-124.123446 Z9.960784 F1000
G01 X72.258437 Y-124.123446 Z10 F1000
G01 X99.611901 Y-124.123446 Z10 F1000
G01 X99.611901 Y-124.301066 Z10 F1000
G01 X99.611901 Y-124.478686 Z10 F1000
G01 X99.611901 Y-124.656306 Z10 F1000
G01 X71.725577 Y-124.656306 Z10 F1000
G01 X71.547957 Y-124.656306 Z9.843137 F1000
G01 X71.370337 Y-124.656306 Z9.843137 F1000
G01 X71.192718 Y-124.656306 Z3.137255 F1000
G01 X71.015098 Y-124.656306 Z0.588235 F1000
G01 X70.837478 Y-124.656306 Z5.411765 F1000
G01 X70.659858 Y-124.656306 Z9.176471 F1000
G01 X70.482238 Y-124.656306 Z9.921569 F1000
G01 X70.304618 Y-124.656306 Z10 F1000
G01 X29.807282 Y-124.656306 Z10 F1000
G01 X29.629663 Y-124.656306 Z9.803922 F1000
G01 X29.452043 Y-124.656306 Z9.176471 F1000
G01 X29.274423 Y-124.656306 Z4.862745 F1000
G01 X29.096803 Y-124.656306 Z0.588235 F1000
G01 X28.919183 Y-124.656306 Z3.294118 F1000
G01 X28.741563 Y-124.656306 Z9.372549 F1000
G01 X28.563943 Y-124.656306 Z9.921569 F1000
G01 X28.386323 Y-124.656306 Z10 F1000
G01 X0.32238 Y-124.656306 Z10 F1000
G01 X0.32238 Y-124.833925 Z10 F1000
G01 X0.32238 Y-125.011545 Z10 F1000
G01 X0.32238 Y-125.189165 Z10 F1000
G01 X28.741563 Y-125.189165 Z10 F1000
G01 X28.919183 Y-125.189165 Z9.960784 F1000
G01 X29.096803 Y-125.189165 Z7.882353 F1000
G01 X29.274423 Y-125.189165 Z2.431373 F1000
G01 X29.452043 Y-125.189165 Z1.333333 F1000
G01 X29.629663 Y-125.189165 Z6.470588 F1000
G01 X29.807282 Y-125.189165 Z9.921569 F1000
G01 X29.984902 Y-125.189165 Z10 F1000
G01 X70.126998 Y-125.189165 Z10 F1000
G01 X70.304618 Y-125.189165 Z9.960784 F1000
G01 X70.482238 Y-125.189165 Z6.392157 F1000
G01 X70.659858 Y-125.189165 Z1.568627 F1000
G01 X70.837478 Y-125.189165 Z2.078431 F1000
G01 X71.015098 Y-125.189165 Z8.117647 F1000
G01 X71.192718 Y-125.189165 Z9.882353 F1000
G01 X71.370337 Y-125.189165 Z10 F1000
G01 X99.611901 Y-125.189165 Z10 F1000
G01 X99.611901 Y-125.366785 Z10 F1000
G01 X99.611901 Y-125.544405 Z10 F1000
G01 X99.611901 Y-125.722025 Z10 F1000
G01 X71.370337 Y-125.722025 Z10 F1000
G01 X71.192718 Y-125.722025 Z9.960784 F1000
G01 X71.015098 Y-125.722025 Z9.960784 F1000
G01 X70.837478 Y-125.722025 Z9.921569 F1000
G01 X70.659858 Y-125.722025 Z6.509804 F1000
G01 X70.482238 Y-125.722025 Z1.019608 F1000
G01 X70.304618 Y-125.722025 Z1.921569 F1000
G01 X70.126998 Y-125.722025 Z8.27451 F1000
G01 X69.949378 Y-125.722025 Z9.803922 F1000
G01 X69.771758 Y-125.722025 Z10 F1000
G01 X30.162522 Y-125.722025 Z10 F1000
G01 X29.984902 Y-125.722025 Z7.882353 F1000
G01 X29.807282 Y-125.722025 Z2.313725 F1000
G01 X29.629663 Y-125.722025 Z1.529412 F1000
G01 X29.452043 Y-125.722025 Z6.470588 F1000
G01 X29.274423 Y-125.722025 Z9.176471 F1000
G01 X29.096803 Y-125.722025 Z10 F1000
G01 X0.32238 Y-125.722025 Z10 F1000
G01 X0.32238 Y-125.899645 Z10 F1000
G01 X0.32238 Y-126.077265 Z10 F1000
G01 X0.32238 Y-126.254885 Z10 F1000
G01 X29.452043 Y-126.254885 Z10 F1000
G01 X29.629663 Y-126.254885 Z9.411765 F1000
G01 X29.807282 Y-126.254885 Z4.705882 F1000
G01 X29.984902 Y-126.254885 Z0.784314 F1000
G01 X30.162522 Y-126.254885 Z3.254902 F1000
G01 X30.340142 Y-126.254885 Z9.176471 F1000
G01 X30.517762 Y-126.254885 Z10 F1000
G01 X69.416519 Y-126.254885 Z10 F1000
G01 X69.594139 Y-126.254885 Z9.960784 F1000
G01 X69.771758 Y-126.254885 Z8.941176 F1000
G01 X69.949378 Y-126.254885 Z3.921569 F1000
G01 X70.126998 Y-126.254885 Z0.509804 F1000
G01 X70.304618 Y-126.254885 Z4.54902 F1000
G01 X70.482238 Y-126.254885 Z9.764706 F1000
G01 X70.659858 Y-126.254885 Z10 F1000
G01 X99.611901 Y-126.254885 Z10 F1000
G01 X99.611901 Y-126.432504 Z10 F1000
G01 X99.611901 Y-126.610124 Z10 F1000
G01 X99.611901 Y-126.787744 Z10 F1000
G01 X70.659858 Y-126.787744 Z10 F1000
G01 X70.482238 Y-126.787744 Z9.960784 F1000
G01 X70.304618 Y-126.787744 Z9.843137 F1000
G01 X70.126998 Y-126.787744 Z8.823529 F1000
G01 X69.949378 Y-126.787744 Z3.215686 F1000
G01 X69.771758 Y-126.787744 Z0.745098 F1000
G01 X69.594139 Y-126.787744 Z5.411765 F1000
G01 X69.416519 Y-126.787744 Z10 F1000
G01 X31.050622 Y-126.787744 Z10 F1000
G01 X30.873002 Y-126.787744 Z9.960784 F1000
G01 X30.695382 Y-126.787744 Z9.843137 F1000
G01 X30.517762 Y-126.787744 Z5.372549 F1000
G01 X30.340142 Y-126.787744 Z0.862745 F1000
G01 X30.162522 Y-126.787744 Z2.745098 F1000
G01 X29.984902 Y-126.787744 Z8.941176 F1000
G01 X29.807282 Y-126.787744 Z10 F1000
G01 X0.32238 Y-126.787744 Z10 F1000
G01 X0.32238 Y-126.965364 Z10 F1000
G01 X0.32238 Y-127.142984 Z10 F1000
G01 X0.32238 Y-127.320604 Z10 F1000
G01 X30.162522 Y-127.320604 Z10 F1000
G01 X30.340142 Y-127.320604 Z7.921569 F1000
G01 X30.517762 Y-127.320604 Z1.411765 F1000
G01 X30.695382 Y-127.320604 Z0.941176 F1000
G01 X30.873002 Y-127.320604 Z6.980392 F1000
G01 X31.050622 Y-127.320604 Z9.647059 F1000
G01 X31.228242 Y-127.320604 Z10 F1000
G01 X68.528419 Y-127.320604 Z10 F1000
G01 X68.706039 Y-127.320604 Z9.921569 F1000
G01 X69.061279 Y-127.320604 Z9.921569 F1000
G01 X69.238899 Y-127.320604 Z7.176471 F1000
G01 X69.416519 Y-127.320604 Z0.941176 F1000
G01 X69.594139 Y-127.320604 Z1.254902 F1000
G01 X69.771758 Y-127.320604 Z7.764706 F1000
G01 X69.949378 Y-127.320604 Z10 F1000
G01 X99.611901 Y-127.320604 Z10 F1000
G01 X99.611901 Y-127.498224 Z10 F1000
G01 X99.611901 Y-127.675844 Z10 F1000
G01 X99.611901 Y-127.853464 Z10 F1000
G01 X69.594139 Y-127.853464 Z10 F1000
G01 X69.416519 Y-127.853464 Z6.196078 F1000
G01 X69.238899 Y-127.853464 Z0.54902 F1000
G01 X69.061279 Y-127.853464 Z2.313725 F1000
G01 X68.883659 Y-127.853464 Z8.666667 F1000
G01 X68.706039 Y-127.853464 Z9.764706 F1000
G01 X68.528419 Y-127.853464 Z9.882353 F1000
G01 X68.350799 Y-127.853464 Z9.960784 F1000
G01 X68.173179 Y-127.853464 Z9.960784 F1000
G01 X67.99556 Y-127.853464 Z10 F1000
G01 X31.583481 Y-127.853464 Z10 F1000
G01 X31.405861 Y-127.853464 Z9.803922 F1000
G01 X31.228242 Y-127.853464 Z8.313725 F1000
G01 X31.050622 Y-127.853464 Z2.666667 F1000
G01 X30.873002 Y-127.853464 Z0.745098 F1000
G01 X30.695382 Y-127.853464 Z6.352941 F1000
G01 X30.517762 Y-127.853464 Z9.333333 F1000
G01 X30.340142 Y-127.853464 Z9.764706 F1000
G01 X30.162522 Y-127.853464 Z10 F1000
G01 X0.32238 Y-127.853464 Z10 F1000
G01 X0.32238 Y-128.031083 Z10 F1000
G01 X0.32238 Y-128.208703 Z10 F1000
G01 X0.32238 Y-128.386323 Z10 F1000
G01 X30.517762 Y-128.386323 Z10 F1000
G01 X30.695382 Y-128.386323 Z9.882353 F1000
G01 X30.873002 Y-128.386323 Z9.72549 F1000
G01 X31.050622 Y-128.386323 Z4.509804 F1000
G01 X31.228242 Y-128.386323 Z0.588235 F1000
G01 X31.405861 Y-128.386323 Z3.882353 F1000
G01 X31.583481 Y-128.386323 Z9.647059 F1000
G01 X31.761101 Y-128.386323 Z9.960784 F1000
G01 X31.938721 Y-128.386323 Z10 F1000
G01 X67.99556 Y-128.386323 Z10 F1000
G01 X68.173179 Y-128.386323 Z9.960784 F1000
G01 X68.350799 Y-128.386323 Z9.960784 F1000
G01 X68.528419 Y-128.386323 Z9.411765 F1000
G01 X68.706039 Y-128.386323 Z4 F1000
G01 X68.883659 Y-128.386323 Z0.627451 F1000
G01 X69.061279 Y-128.386323 Z4.27451 F1000
G01 X69.238899 Y-128.386323 Z9.72549 F1000
G01 X69.416519 Y-128.386323 Z9.921569 F1000
G01 X69.594139 Y-128.386323 Z10 F1000
G01 X99.611901 Y-128.386323 Z10 F1000
G01 X99.611901 Y-128.563943 Z10 F1000
G01 X99.611901 Y-128.741563 Z10 F1000
G01 X99.611901 Y-128.919183 Z10 F1000
G01 X69.771758 Y-128.919183 Z10 F1000
G01 X69.594139 Y-128.919183 Z9.960784 F1000
G01 X69.416519 Y-128.919183 Z9.960784 F1000
G01 X69.238899 Y-128.919183 Z9.921569 F1000
G01 X69.061279 Y-128.919183 Z9.921569 F1000
G01 X68.883659 Y-128.919183 Z8.509804 F1000
G01 X68.706039 Y-128.919183 Z2.705882 F1000
G01 X68.528419 Y-128.919183 Z0.745098 F1000
G01 X68.350799 Y-128.919183 Z5.45098 F1000
G01 X68.173179 Y-128.919183 Z9.647059 F1000
G01 X67.99556 Y-128.919183 Z9.960784 F1000
G01 X67.81794 Y-128.919183 Z9.960784 F1000
G01 X67.64032 Y-128.919183 Z10 F1000
G01 X32.116341 Y-128.919183 Z10 F1000
G01 X31.938721 Y-128.919183 Z9.607843 F1000
G01 X31.761101 Y-128.919183 Z5.607843 F1000
G01 X31.583481 Y-128.919183 Z0.627451 F1000
G01 X31.405861 Y-128.919183 Z2.784314 F1000
G01 X31.228242 Y-128.919183 Z8.784314 F1000
G01 X31.050622 Y-128.919183 Z9.960784 F1000
G01 X30.873002 Y-128.919183 Z10 F1000
G01 X0.32238 Y-128.919183 Z10 F1000
G01 X0.32238 Y-129.096803 Z10 F1000
G01 X0.32238 Y-129.274423 Z10 F1000
G01 X0.32238 Y-129.452043 Z10 F1000
G01 X31.405861 Y-129.452043 Z10 F1000
G01 X31.583481 Y-129.452043 Z7.490196 F1000
G01 X31.761101 Y-129.452043 Z1.647059 F1000
G01 X31.938721 Y-129.452043 Z1.803922 F1000
G01 X32.116341 Y-129.452043 Z7.176471 F1000
G01 X32.293961 Y-129.452043 Z9.843137 F1000
G01 X32.471581 Y-129.452043 Z10 F1000
G01 X67.64032 Y-129.452043 Z10 F1000
G01 X67.81794 Y-129.452043 Z9.647059 F1000
G01 X67.99556 Y-129.452043 Z7.294118 F1000
G01 X68.173179 Y-129.452043 Z1.411765 F1000
G01 X68.350799 Y-129.452043 Z1.803922 F1000
G01 X68.528419 Y-129.452043 Z7.254902 F1000
G01 X68.706039 Y-129.452043 Z9.921569 F1000
G01 X68.883659 Y-129.452043 Z9.921569 F1000
G01 X69.061279 Y-129.452043 Z10 F1000
G01 X99.611901 Y-129.452043 Z10 F1000
G01 X99.611901 Y-129.629663 Z10 F1000
G01 X99.611901 Y-129.807282 Z10 F1000
G01 X99.611901 Y-129.984902 Z10 F1000
G01 X68.883659 Y-129.984902 Z10 F1000
G01 X68.706039 Y-129.984902 Z9.960784 F1000
G01 X68.528419 Y-129.984902 Z9.960784 F1000
G01 X68.350799 Y-129.984902 Z9.333333 F1000
G01 X68.173179 Y-129.984902 Z5.764706 F1000
G01 X67.99556 Y-129.984902 Z0.745098 F1000
G01 X67.81794 Y-129.984902 Z2.156863 F1000
G01 X67.64032 Y-129.984902 Z9.372549 F1000
G01 X67.4627 Y-129.984902 Z9.843137 F1000
G01 X67.28508 Y-129.984902 Z9.921569 F1000
G01 X67.10746 Y-129.984902 Z10 F1000
G01 X32.649201 Y-129.984902 Z10 F1000
G01 X32.471581 Y-129.984902 Z8.196078 F1000
G01 X32.293961 Y-129.984902 Z3.176471 F1000
G01 X32.116341 Y-129.984902 Z0.627451 F1000
G01 X31.938721 Y-129.984902 Z5.921569 F1000
G01 X31.761101 Y-129.984902 Z9.254902 F1000
G01 X31.583481 Y-129.984902 Z10 F1000
G01 X0.32238 Y-129.984902 Z10 F1000
G01 X0.32238 Y-130.162522 Z10 F1000
G01 X0.32238 Y-130.340142 Z10 F1000
G01 X0.32238 Y-130.517762 Z10 F1000
G01 X31.938721 Y-130.517762 Z10 F1000
G01 X32.116341 Y-130.517762 Z9.568627 F1000
G01 X32.293961 Y-130.517762 Z3.843137 F1000
G01 X32.471581 Y-130.517762 Z0.54902 F1000
G01 X32.649201 Y-130.517762 Z4.705882 F1000
G01 X32.826821 Y-130.517762 Z9.411765 F1000
G01 X33.00444 Y-130.517762 Z10 F1000
G01 X67.10746 Y-130.517762 Z10 F1000
G01 X67.28508 Y-130.517762 Z9.72549 F1000
G01 X67.4627 Y-130.517762 Z4 F1000
G01 X67.64032 Y-130.517762 Z0.431373 F1000
G01 X67.81794 Y-130.517762 Z3.843137 F1000
G01 X67.99556 Y-130.517762 Z9.176471 F1000
G01 X68.173179 Y-130.517762 Z9.882353 F1000
G01 X68.350799 Y-130.517762 Z9.882353 F1000
G01 X68.528419 Y-130.517762 Z10 F1000
G01 X99.611901 Y-130.517762 Z10 F1000
G01 X99.611901 Y-130.695382 Z10 F1000
G01 X99.611901 Y-130.873002 Z10 F1000
G01 X99.611901 Y-131.050622 Z10 F1000
G01 X68.173179 Y-131.050622 Z10 F1000
G01 X67.99556 Y-131.050622 Z9.960784 F1000
G01 X67.81794 Y-131.050622 Z9.882353 F1000
G01 X67.64032 Y-131.050622 Z8.352941 F1000
G01 X67.4627 Y-131.050622 Z2.039216 F1000
G01 X67.28508 Y-131.050622 Z0.862745 F1000
G01 X67.10746 Y-131.050622 Z6.705882 F1000
G01 X66.92984 Y-131.050622 Z9.647059 F1000
G01 X66.75222 Y-131.050622 Z10 F1000
G01 X33.35968 Y-131.050622 Z10 F1000
G01 X33.18206 Y-131.050622 Z9.960784 F1000
G01 X33.00444 Y-131.050622 Z5.921569 F1000
G01 X32.826821 Y-131.050622 Z0.784314 F1000
G01 X32.649201 Y-131.050622 Z2.27451 F1000
G01 X32.471581 Y-131.050622 Z8.235294 F1000
G01 X32.293961 Y-131.050622 Z9.960784 F1000
G01 X32.116341 Y-131.050622 Z9.960784 F1000
G01 X31.938721 Y-131.050622 Z10 F1000
G01 X0.32238 Y-131.050622 Z10 F1000
G01 X0.32238 Y-131.228242 Z10 F1000
G01 X0.32238 Y-131.405861 Z10 F1000
G01 X0.32238 Y-131.583481 Z10 F1000
G01 X32.649201 Y-131.583481 Z10 F1000
G01 X32.826821 Y-131.583481 Z7.294118 F1000
G01 X33.00444 Y-131.583481 Z0.862745 F1000
G01 X33.18206 Y-131.583481 Z1.882353 F1000
G01 X33.35968 Y-131.583481 Z7.843137 F1000
G01 X33.5373 Y-131.583481 Z9.921569 F1000
G01 X33.71492 Y-131.583481 Z10 F1000
G01 X66.5746 Y-131.583481 Z10 F1000
G01 X66.75222 Y-131.583481 Z7.72549 F1000
G01 X66.92984 Y-131.583481 Z1.45098 F1000
G01 X67.10746 Y-131.583481 Z0.823529 F1000
G01 X67.28508 Y-131.583481 Z7.098039 F1000
G01 X67.4627 Y-131.583481 Z9.960784 F1000
G01 X67.64032 Y-131.583481 Z10 F1000
G01 X99.611901 Y-131.583481 Z10 F1000
G01 X99.611901 Y-131.761101 Z10 F1000
G01 X99.611901 Y-131.938721 Z10 F1000
G01 X99.611901 Y-132.116341 Z10 F1000
G01 X67.10746 Y-132.116341 Z10 F1000
G01 X66.92984 Y-132.116341 Z5.176471 F1000
G01 X66.75222 Y-132.116341 Z0.705882 F1000
G01 X66.5746 Y-132.116341 Z3.098039 F1000
G01 X66.39698 Y-132.116341 Z9.098039 F1000
G01 X66.219361 Y-132.116341 Z10 F1000
G01 X33.89254 Y-132.116341 Z10 F1000
G01 X33.71492 Y-132.116341 Z9.137255 F1000
G01 X33.5373 Y-132.116341 Z3.411765 F1000
G01 X33.35968 Y-132.116341 Z1.019608 F1000
G01 X33.18206 Y-132.116341 Z5.215686 F1000
G01 X33.00444 Y-132.116341 Z9.843137 F1000
G01 X32.826821 Y-132.116341 Z9.921569 F1000
G01 X32.649201 Y-132.116341 Z10 F1000
G01 X0.32238 Y-132.116341 Z10 F1000
G01 X0.32238 Y-132.293961 Z10 F1000
G01 X0.32238 Y-132.471581 Z10 F1000
G01 X0.32238 Y-132.649201 Z10 F1000
G01 X33.00444 Y-132.649201 Z10 F1000
G01 X33.18206 Y-132.649201 Z9.960784 F1000
G01 X33.35968 Y-132.649201 Z9.098039 F1000
G01 X33.5373 Y-132.649201 Z3.72549 F1000
G01 X33.71492 Y-132.649201 Z0.823529 F1000
G01 X33.89254 Y-132.649201 Z4.470588 F1000
G01 X34.07016 Y-132.649201 Z9.843137 F1000
G01 X34.24778 Y-132.649201 Z9.882353 F1000
G01 X34.4254 Y-132.649201 Z10 F1000
G01 X66.041741 Y-132.649201 Z10 F1000
G01 X66.219361 Y-132.649201 Z4.705882 F1000
G01 X66.39698 Y-132.649201 Z0.941176 F1000
G01 X66.5746 Y-132.649201 Z3.843137 F1000
G01 X66.75222 Y-132.649201 Z8.901961 F1000
G01 X66.92984 Y-132.649201 Z10 F1000
G01 X99.611901 Y-132.649201 Z10 F1000
G01 X99.611901 Y-132.826821 Z10 F1000
G01 X99.611901 Y-133.00444 Z10 F1000
G01 X99.611901 Y-133.18206 Z10 F1000
G01 X66.5746 Y-133.18206 Z10 F1000
G01 X66.39698 Y-133.18206 Z8.117647 F1000
G01 X66.219361 Y-133.18206 Z1.45098 F1000
G01 X66.041741 Y-133.18206 Z1.058824 F1000
G01 X65.864121 Y-133.18206 Z6.666667 F1000
G01 X65.686501 Y-133.18206 Z9.843137 F1000
G01 X65.508881 Y-133.18206 Z10 F1000
G01 X34.780639 Y-133.18206 Z10 F1000
G01 X34.60302 Y-133.18206 Z9.960784 F1000
G01 X34.4254 Y-133.18206 Z9.647059 F1000
G01 X34.24778 Y-133.18206 Z6.666667 F1000
G01 X34.07016 Y-133.18206 Z0.980392 F1000
G01 X33.89254 Y-133.18206 Z1.607843 F1000
G01 X33.71492 Y-133.18206 Z8.117647 F1000
G01 X33.5373 Y-133.18206 Z9.960784 F1000
G01 X33.35968 Y-133.18206 Z10 F1000
G01 X0.32238 Y-133.18206 Z10 F1000
G01 X0.32238 Y-133.35968 Z10 F1000
G01 X0.32238 Y-133.5373 Z10 F1000
G01 X0.32238 Y-133.71492 Z10 F1000
G01 X33.35968 Y-133.71492 Z10 F1000
G01 X33.5373 Y-133.71492 Z9.960784 F1000
G01 X33.71492 Y-133.71492 Z9.921569 F1000
G01 X33.89254 Y-133.71492 Z9.921569 F1000
G01 X34.07016 Y-133.71492 Z5.960784 F1000
G01 X34.24778 Y-133.71492 Z1.411765 F1000
G01 X34.4254 Y-133.71492 Z2.352941 F1000
G01 X34.60302 Y-133.71492 Z8 F1000
G01 X34.780639 Y-133.71492 Z9.764706 F1000
G01 X34.958259 Y-133.71492 Z9.921569 F1000
G01 X35.135879 Y-133.71492 Z9.960784 F1000
G01 X35.313499 Y-133.71492 Z10 F1000
G01 X64.976021 Y-133.71492 Z10 F1000
G01 X65.153641 Y-133.71492 Z9.803922 F1000
G01 X65.331261 Y-133.71492 Z9.72549 F1000
G01 X65.508881 Y-133.71492 Z7.72549 F1000
G01 X65.686501 Y-133.71492 Z2.352941 F1000
G01 X65.864121 Y-133.71492 Z1.372549 F1000
G01 X66.041741 Y-133.71492 Z5.921569 F1000
G01 X66.219361 Y-133.71492 Z10 F1000
G01 X99.611901 Y-133.71492 Z10 F1000
G01 X99.611901 Y-133.89254 Z10 F1000
G01 X99.611901 Y-134.07016 Z10 F1000
G01 X99.611901 Y-134.24778 Z10 F1000
G01 X66.041741 Y-134.24778 Z10 F1000
G01 X65.864121 Y-134.24778 Z9.098039 F1000
G01 X65.686501 Y-134.24778 Z4.705882 F1000
G01 X65.508881 Y-134.24778 Z0.470588 F1000
G01 X65.331261 Y-134.24778 Z3.098039 F1000
G01 X65.153641 Y-134.24778 Z9.647059 F1000
G01 X64.976021 Y-134.24778 Z9.843137 F1000
G01 X64.798401 Y-134.24778 Z10 F1000
G01 X35.313499 Y-134.24778 Z10 F1000
G01 X35.135879 Y-134.24778 Z9.960784 F1000
G01 X34.958259 Y-134.24778 Z9.372549 F1000
G01 X34.780639 Y-134.24778 Z3.529412 F1000
G01 X34.60302 Y-134.24778 Z0.705882 F1000
G01 X34.4254 Y-134.24778 Z4.823529 F1000
G01 X34.24778 Y-134.24778 Z9.176471 F1000
G01 X34.07016 Y-134.24778 Z10 F1000
G01 X0.32238 Y-134.24778 Z10 F1000
G01 X0.32238 Y-134.4254 Z10 F1000
G01 X0.32238 Y-134.60302 Z10 F1000
G01 X0.32238 Y-134.780639 Z10 F1000
G01 X34.4254 Y-134.780639 Z10 F1000
G01 X34.60302 Y-134.780639 Z8.980392 F1000
G01 X34.780639 Y-134.780639 Z2.823529 F1000
G01 X34.958259 Y-134.780639 Z0.745098 F1000
G01 X35.135879 Y-134.780639 Z5.72549 F1000
G01 X35.313499 Y-134.780639 Z9.098039 F1000
G01 X35.491119 Y-134.780639 Z9.960784 F1000
G01 X35.668739 Y-134.780639 Z9.960784 F1000
G01 X35.846359 Y-134.780639 Z10 F1000
G01 X64.265542 Y-134.780639 Z10 F1000
G01 X64.443162 Y-134.780639 Z9.921569 F1000
G01 X64.620782 Y-134.780639 Z9.921569 F1000
G01 X64.798401 Y-134.780639 Z9.72549 F1000
G01 X64.976021 Y-134.780639 Z5.411765 F1000
G01 X65.153641 Y-134.780639 Z1.254902 F1000
G01 X65.331261 Y-134.780639 Z2.980392 F1000
G01 X65.508881 Y-134.780639 Z8.941176 F1000
G01 X65.686501 Y-134.780639 Z10 F1000
G01 X99.611901 Y-134.780639 Z10 F1000
G01 X99.611901 Y-134.958259 Z10 F1000
G01 X99.611901 Y-135.135879 Z10 F1000
G01 X99.611901 Y-135.313499 Z10 F1000
G01 X65.508881 Y-135.313499 Z10 F1000
G01 X65.331261 Y-135.313499 Z9.72549 F1000
G01 X65.153641 Y-135.313499 Z7.921569 F1000
G01 X64.976021 Y-135.313499 Z1.058824 F1000
G01 X64.798401 Y-135.313499 Z0.823529 F1000
G01 X64.620782 Y-135.313499 Z7.490196 F1000
G01 X64.443162 Y-135.313499 Z9.647059 F1000
G01 X64.265542 Y-135.313499 Z9.960784 F1000
G01 X64.087922 Y-135.313499 Z10 F1000
G01 X36.023979 Y-135.313499 Z10 F1000
G01 X35.846359 Y-135.313499 Z9.882353 F1000
G01 X35.668739 Y-135.313499 Z9.803922 F1000
G01 X35.491119 Y-135.313499 Z7.607843 F1000
G01 X35.313499 Y-135.313499 Z0.745098 F1000
G01 X35.135879 Y-135.313499 Z1.254902 F1000
G01 X34.958259 Y-135.313499 Z7.843137 F1000
G01 X34.780639 Y-135.313499 Z9.568627 F1000
G01 X34.60302 Y-135.313499 Z9.882353 F1000
G01 X34.4254 Y-135.313499 Z10 F1000
G01 X0.32238 Y-135.313499 Z10 F1000
G01 X0.32238 Y-135.491119 Z10 F1000
G01 X0.32238 Y-135.668739 Z10 F1000
G01 X0.32238 Y-135.846359 Z10 F1000
G01 X34.4254 Y-135.846359 Z10 F1000
G01 X34.60302 Y-135.846359 Z9.960784 F1000
G01 X34.958259 Y-135.846359 Z9.960784 F1000
G01 X35.135879 Y-135.846359 Z9.686275 F1000
G01 X35.313499 Y-135.846359 Z6 F1000
G01 X35.491119 Y-135.846359 Z0.627451 F1000
G01 X35.668739 Y-135.846359 Z2.470588 F1000
G01 X35.846359 Y-135.846359 Z8.431373 F1000
G01 X36.023979 Y-135.846359 Z9.803922 F1000
G01 X36.201599 Y-135.846359 Z10 F1000
G01 X63.732682 Y-135.846359 Z10 F1000
G01 X63.910302 Y-135.846359 Z9.960784 F1000
G01 X64.087922 Y-135.846359 Z9.921569 F1000
G01 X64.265542 Y-135.846359 Z8.54902 F1000
G01 X64.443162 Y-135.846359 Z2 F1000
G01 X64.620782 Y-135.846359 Z0.980392 F1000
G01 X64.798401 Y-135.846359 Z5.490196 F1000
G01 X64.976021 Y-135.846359 Z9.607843 F1000
G01 X65.153641 Y-135.846359 Z10 F1000
G01 X99.611901 Y-135.846359 Z10 F1000
G01 X99.611901 Y-136.023979 Z10 F1000
G01 X99.611901 Y-136.201599 Z10 F1000
G01 X99.611901 Y-136.379218 Z10 F1000
G01 X64.798401 Y-136.379218 Z10 F1000
G01 X64.620782 Y-136.379218 Z9.294118 F1000
G01 X64.443162 Y-136.379218 Z4.039216 F1000
G01 X64.265542 Y-136.379218 Z0.470588 F1000
G01 X64.087922 Y-136.379218 Z4.313725 F1000
G01 X63.910302 Y-136.379218 Z9.333333 F1000
G01 X63.732682 Y-136.379218 Z10 F1000
G01 X36.912078 Y-136.379218 Z10 F1000
G01 X36.734458 Y-136.379218 Z9.921569 F1000
G01 X36.556838 Y-136.379218 Z9.921569 F1000
G01 X36.379218 Y-136.379218 Z9.803922 F1000
G01 X36.201599 Y-136.379218 Z9.686275 F1000
G01 X36.023979 Y-136.379218 Z4 F1000
G01 X35.846359 Y-136.379218 Z0.784314 F1000
G01 X35.668739 Y-136.379218 Z4.431373 F1000
G01 X35.491119 Y-136.379218 Z9.45098 F1000
G01 X35.313499 Y-136.379218 Z9.921569 F1000
G01 X35.135879 Y-136.379218 Z9.960784 F1000
G01 X34.958259 Y-136.379218 Z9.960784 F1000
G01 X34.780639 Y-136.379218 Z10 F1000
G01 X0.32238 Y-136.379218 Z10 F1000
G01 X0.32238 Y-136.556838 Z10 F1000
G01 X0.32238 Y-136.734458 Z10 F1000
G01 X0.32238 Y-136.912078 Z10 F1000
G01 X35.491119 Y-136.912078 Z10 F1000
G01 X35.668739 Y-136.912078 Z9.45098 F1000
G01 X35.846359 Y-136.912078 Z8.901961 F1000
G01 X36.023979 Y-136.912078 Z2.352941 F1000
G01 X36.201599 Y-136.912078 Z0.784314 F1000
G01 X36.379218 Y-136.912078 Z5.960784 F1000
G01 X36.556838 Y-136.912078 Z9.882353 F1000
G01 X36.734458 Y-136.912078 Z9.882353 F1000
G01 X36.912078 Y-136.912078 Z10 F1000
G01 X63.199822 Y-136.912078 Z10 F1000
G01 X63.377442 Y-136.912078 Z9.921569 F1000
G01 X63.555062 Y-136.912078 Z9.803922 F1000
G01 X63.732682 Y-136.912078 Z6.27451 F1000
G01 X63.910302 Y-136.912078 Z0.666667 F1000
G01 X64.087922 Y-136.912078 Z2.862745 F1000
G01 X64.265542 Y-136.912078 Z8.431373 F1000
G01 X64.443162 Y-136.912078 Z9.960784 F1000
G01 X64.620782 Y-136.912078 Z10 F1000
G01 X99.611901 Y-136.912078 Z10 F1000
G01 X99.611901 Y-137.089698 Z10 F1000
G01 X99.611901 Y-137.267318 Z10 F1000
G01 X99.611901 Y-137.444938 Z10 F1000
G01 X64.265542 Y-137.444938 Z10 F1000
G01 X64.087922 Y-137.444938 Z9.72549 F1000
G01 X63.910302 Y-137.444938 Z7.254902 F1000
G01 X63.732682 Y-137.444938 Z1.45098 F1000
G01 X63.555062 Y-137.444938 Z1.176471 F1000
G01 X63.377442 Y-137.444938 Z7.686275 F1000
G01 X63.199822 Y-137.444938 Z9.921569 F1000
G01 X63.022202 Y-137.444938 Z10 F1000
G01 X36.912078 Y-137.444938 Z10 F1000
G01 X36.734458 Y-137.444938 Z7.176471 F1000
G01 X36.556838 Y-137.444938 Z1.72549 F1000
G01 X36.379218 Y-137.444938 Z1.058824 F1000
G01 X36.201599 Y-137.444938 Z7.45098 F1000
G01 X36.023979 Y-137.444938 Z9.764706 F1000
G01 X35.846359 Y-137.444938 Z9.960784 F1000
G01 X35.668739 Y-137.444938 Z9.960784 F1000
G01 X35.491119 Y-137.444938 Z10 F1000
G01 X0.32238 Y-137.444938 Z10 F1000
G01 X0.32238 Y-137.622558 Z10 F1000
G01 X0.32238 Y-137.800178 Z10 F1000
G01 X0.32238 Y-137.977798 Z10 F1000
G01 X36.201599 Y-137.977798 Z10 F1000
G01 X36.379218 Y-137.977798 Z9.647059 F1000
G01 X36.556838 Y-137.977798 Z5.254902 F1000
G01 X36.734458 Y-137.977798 Z0.862745 F1000
G01 X36.912078 Y-137.977798 Z3.254902 F1000
G01 X37.089698 Y-137.977798 Z8.745098 F1000
G01 X37.267318 Y-137.977798 Z9.568627 F1000
G01 X37.444938 Y-137.977798 Z10 F1000
G01 X62.666963 Y-137.977798 Z10 F1000
G01 X62.844583 Y-137.977798 Z9.686275 F1000
G01 X63.022202 Y-137.977798 Z8.470588 F1000
G01 X63.199822 Y-137.977798 Z3.058824 F1000
G01 X63.377442 Y-137.977798 Z0.784314 F1000
G01 X63.555062 Y-137.977798 Z5.372549 F1000
G01 X63.732682 Y-137.977798 Z9.921569 F1000
G01 X63.910302 Y-137.977798 Z9.921569 F1000
G01 X64.087922 Y-137.977798 Z10 F1000
G01 X99.611901 Y-137.977798 Z10 F1000
G01 X99.611901 Y-138.155417 Z10 F1000
G01 X99.611901 Y-138.333037 Z10 F1000
G01 X99.611901 Y-138.510657 Z10 F1000
G01 X63.555062 Y-138.510657 Z10 F1000
G01 X63.377442 Y-138.510657 Z8.862745 F1000
G01 X63.199822 Y-138.510657 Z3.72549 F1000
G01 X63.022202 Y-138.510657 Z0.627451 F1000
G01 X62.844583 Y-138.510657 Z4.705882 F1000
G01 X62.666963 Y-138.510657 Z9.372549 F1000
G01 X62.489343 Y-138.510657 Z10 F1000
G01 X37.622558 Y-138.510657 Z10 F1000
G01 X37.444938 Y-138.510657 Z9.490196 F1000
G01 X37.267318 Y-138.510657 Z4.784314 F1000
G01 X37.089698 Y-138.510657 Z0.784314 F1000
G01 X36.912078 Y-138.510657 Z3.882353 F1000
G01 X36.734458 Y-138.510657 Z8.666667 F1000
G01 X36.556838 Y-138.510657 Z9.921569 F1000
G01 X36.379218 Y-138.510657 Z10 F1000
G01 X0.32238 Y-138.510657 Z10 F1000
G01 X0.32238 Y-138.688277 Z10 F1000
G01 X0.32238 Y-138.865897 Z10 F1000
G01 X0.32238 Y-139.043517 Z10 F1000
G01 X36.734458 Y-139.043517 Z10 F1000
G01 X36.912078 Y-139.043517 Z9.882353 F1000
G01 X37.089698 Y-139.043517 Z8.078431 F1000
G01 X37.267318 Y-139.043517 Z2.039216 F1000
G01 X37.444938 Y-139.043517 Z0.980392 F1000
G01 X37.622558 Y-139.043517 Z6.156863 F1000
G01 X37.800178 Y-139.043517 Z10 F1000
G01 X61.068384 Y-139.043517 Z10 F1000
G01 X61.246004 Y-139.043517 Z9.960784 F1000
G01 X61.956483 Y-139.043517 Z9.960784 F1000
G01 X62.134103 Y-139.043517 Z9.921569 F1000
G01 X62.311723 Y-139.043517 Z9.921569 F1000
G01 X62.489343 Y-139.043517 Z6.627451 F1000
G01 X62.666963 Y-139.043517 Z0.666667 F1000
G01 X62.844583 Y-139.043517 Z1.960784 F1000
G01 X63.022202 Y-139.043517 Z8.156863 F1000
G01 X63.199822 Y-139.043517 Z9.882353 F1000
G01 X63.377442 Y-139.043517 Z9.960784 F1000
G01 X63.555062 Y-139.043517 Z10 F1000
G01 X99.611901 Y-139.043517 Z10 F1000
G01 X99.611901 Y-139.221137 Z10 F1000
G01 X99.611901 Y-139.398757 Z10 F1000
G01 X99.611901 Y-139.576377 Z10 F1000
G01 X63.022202 Y-139.576377 Z10 F1000
G01 X62.844583 Y-139.576377 Z9.490196 F1000
G01 X62.666963 Y-139.576377 Z6.823529 F1000
G01 X62.489343 Y-139.576377 Z1.058824 F1000
G01 X62.311723 Y-139.576377 Z1.45098 F1000
G01 X62.134103 Y-139.576377 Z8.27451 F1000
G01 X61.956483 Y-139.576377 Z9.490196 F1000
G01 X61.778863 Y-139.576377 Z9.843137 F1000
G01 X61.601243 Y-139.576377 Z9.960784 F1000
G01 X61.246004 Y-139.576377 Z9.960784 F1000
G01 X61.068384 Y-139.576377 Z10 F1000
G01 X38.333037 Y-139.576377 Z10 F1000
G01 X38.155417 Y-139.576377 Z9.803922 F1000
G01 X37.977798 Y-139.576377 Z8.156863 F1000
G01 X37.800178 Y-139.576377 Z1.72549 F1000
G01 X37.622558 Y-139.576377 Z1.176471 F1000
G01 X37.444938 Y-139.576377 Z6.431373 F1000
G01 X37.267318 Y-139.576377 Z10 F1000
G01 X0.32238 Y-139.576377 Z10 F1000
G01 X0.32238 Y-139.753996 Z10 F1000
G01 X0.32238 Y-139.931616 Z10 F1000
G01 X0.32238 Y-140.109236 Z10 F1000
G01 X37.267318 Y-140.109236 Z10 F1000
G01 X37.444938 Y-140.109236 Z9.960784 F1000
G01 X37.622558 Y-140.109236 Z9.72549 F1000
G01 X37.800178 Y-140.109236 Z4.941176 F1000
G01 X37.977798 Y-140.109236 Z0.509804 F1000
G01 X38.155417 Y-140.109236 Z2.862745 F1000
G01 X38.333037 Y-140.109236 Z9.490196 F1000
G01 X38.510657 Y-140.109236 Z9.803922 F1000
G01 X38.688277 Y-140.109236 Z10 F1000
G01 X61.068384 Y-140.109236 Z10 F1000
G01 X61.246004 Y-140.109236 Z9.960784 F1000
G01 X61.423623 Y-140.109236 Z9.921569 F1000
G01 X61.601243 Y-140.109236 Z9.607843 F1000
G01 X61.778863 Y-140.109236 Z9.607843 F1000
G01 X61.956483 Y-140.109236 Z3.058824 F1000
G01 X62.134103 Y-140.109236 Z0.705882 F1000
G01 X62.311723 Y-140.109236 Z5.333333 F1000
G01 X62.489343 Y-140.109236 Z9.411765 F1000
G01 X62.666963 Y-140.109236 Z10 F1000
G01 X99.611901 Y-140.109236 Z10 F1000
G01 X99.611901 Y-140.286856 Z10 F1000
G01 X99.611901 Y-140.464476 Z10 F1000
G01 X99.611901 Y-140.642096 Z10 F1000
G01 X62.489343 Y-140.642096 Z10 F1000
G01 X62.311723 Y-140.642096 Z9.921569 F1000
G01 X62.134103 Y-140.642096 Z8.901961 F1000
G01 X61.956483 Y-140.642096 Z3.137255 F1000
G01 X61.778863 Y-140.642096 Z0.666667 F1000
G01 X61.601243 Y-140.642096 Z4.627451 F1000
G01 X61.423623 Y-140.642096 Z9.843137 F1000
G01 X61.246004 Y-140.642096 Z9.960784 F1000
G01 X61.068384 Y-140.642096 Z10 F1000
G01 X39.221137 Y-140.642096 Z10 F1000
G01 X39.043517 Y-140.642096 Z9.960784 F1000
G01 X38.865897 Y-140.642096 Z9.72549 F1000
G01 X38.688277 Y-140.642096 Z9.529412 F1000
G01 X38.510657 Y-140.642096 Z5.098039 F1000
G01 X38.333037 Y-140.642096 Z0.784314 F1000
G01 X38.155417 Y-140.642096 Z3.019608 F1000
G01 X37.977798 Y-140.642096 Z9.254902 F1000
G01 X37.800178 Y-140.642096 Z9.921569 F1000
G01 X37.622558 Y-140.642096 Z9.921569 F1000
G01 X37.444938 Y-140.642096 Z10 F1000
G01 X0.32238 Y-140.642096 Z10 F1000
G01 X0.32238 Y-140.819716 Z10 F1000
G01 X0.32238 Y-140.997336 Z10 F1000
G01 X0.32238 Y-141.174956 Z10 F1000
G01 X38.155417 Y-141.174956 Z10 F1000
G01 X38.333037 Y-141.174956 Z7.568627 F1000
G01 X38.510657 Y-141.174956 Z1.686275 F1000
G01 X38.688277 Y-141.174956 Z0.784314 F1000
G01 X38.865897 Y-141.174956 Z7.019608 F1000
G01 X39.043517 Y-141.174956 Z9.843137 F1000
G01 X39.221137 Y-141.174956 Z10 F1000
G01 X61.068384 Y-141.174956 Z10 F1000
G01 X61.246004 Y-141.174956 Z6.470588 F1000
G01 X61.423623 Y-141.174956 Z1.098039 F1000
G01 X61.601243 Y-141.174956 Z1.803922 F1000
G01 X61.778863 Y-141.174956 Z7.803922 F1000
G01 X61.956483 Y-141.174956 Z10 F1000
G01 X99.611901 Y-141.174956 Z10 F1000
G01 X99.611901 Y-141.352575 Z10 F1000
G01 X99.611901 Y-141.530195 Z10 F1000
G01 X99.611901 Y-141.707815 Z10 F1000
G01 X61.778863 Y-141.707815 Z10 F1000
G01 X61.601243 Y-141.707815 Z9.686275 F1000
G01 X61.423623 Y-141.707815 Z6.509804 F1000
G01 X61.246004 Y-141.707815 Z0.745098 F1000
G01 X61.068384 Y-141.707815 Z2.078431 F1000
G01 X60.890764 Y-141.707815 Z7.803922 F1000
G01 X60.713144 Y-141.707815 Z10 F1000
G01 X39.576377 Y-141.707815 Z10 F1000
G01 X39.398757 Y-141.707815 Z9.882353 F1000
G01 X39.221137 Y-141.707815 Z7.882353 F1000
G01 X39.043517 Y-141.707815 Z1.960784 F1000
G01 X38.865897 Y-141.707815 Z0.705882 F1000
G01 X38.688277 Y-141.707815 Z6.588235 F1000
G01 X38.510657 Y-141.707815 Z9.921569 F1000
G01 X38.333037 Y-141.707815 Z10 F1000
G01 X0.32238 Y-141.707815 Z10 F1000
G01 X0.32238 Y-141.885435 Z10 F1000
G01 X0.32238 Y-142.063055 Z10 F1000
G01 X0.32238 Y-142.240675 Z10 F1000
G01 X38.688277 Y-142.240675 Z10 F1000
G01 X38.865897 Y-142.240675 Z9.607843 F1000
G01 X39.043517 Y-142.240675 Z4.784314 F1000
G01 X39.221137 Y-142.240675 Z0.588235 F1000
G01 X39.398757 Y-142.240675 Z4 F1000
G01 X39.576377 Y-142.240675 Z8.823529 F1000
G01 X39.753996 Y-142.240675 Z10 F1000
G01 X60.180284 Y-142.240675 Z10 F1000
G01 X60.357904 Y-142.240675 Z9.490196 F1000
G01 X60.535524 Y-142.240675 Z9.490196 F1000
G01 X60.713144 Y-142.240675 Z3.764706 F1000
G01 X60.890764 Y-142.240675 Z0.509804 F1000
G01 X61.068384 Y-142.240675 Z4.705882 F1000
G01 X61.246004 Y-142.240675 Z9.764706 F1000
G01 X61.423623 Y-142.240675 Z9.764706 F1000
G01 X61.601243 Y-142.240675 Z10 F1000
G01 X99.611901 Y-142.240675 Z10 F1000
G01 X99.611901 Y-142.418295 Z10 F1000
G01 X99.611901 Y-142.595915 Z10 F1000
G01 X99.611901 Y-142.773535 Z10 F1000
G01 X61.423623 Y-142.773535 Z10 F1000
G01 X61.246004 Y-142.773535 Z9.882353 F1000
G01 X61.068384 Y-142.773535 Z9.843137 F1000
G01 X60.890764 Y-142.773535 Z7.921569 F1000
G01 X60.713144 Y-142.773535 Z3.137255 F1000
G01 X60.535524 Y-142.773535 Z0.745098 F1000
G01 X60.357904 Y-142.773535 Z5.686275 F1000
G01 X60.180284 Y-142.773535 Z9.803922 F1000
G01 X60.002664 Y-142.773535 Z10 F1000
G01 X40.109236 Y-142.773535 Z10 F1000
G01 X39.931616 Y-142.773535 Z9.607843 F1000
G01 X39.753996 Y-142.773535 Z5.647059 F1000
G01 X39.576377 Y-142.773535 Z0.666667 F1000
G01 X39.398757 Y-142.773535 Z2.705882 F1000
G01 X39.221137 Y-142.773535 Z8.862745 F1000
G01 X39.043517 Y-142.773535 Z10 F1000
G01 X0.32238 Y-142.773535 Z10 F1000
G01 X0.32238 Y-142.951155 Z10 F1000
G01 X0.32238 Y-143.128774 Z10 F1000
G01 X0.32238 Y-143.306394 Z10 F1000
G01 X39.221137 Y-143.306394 Z10 F1000
G01 X39.398757 Y-143.306394 Z9.764706 F1000
G01 X39.576377 Y-143.306394 Z7.960784 F1000
G01 X39.753996 Y-143.306394 Z1.176471 F1000
G01 X39.931616 Y-143.306394 Z1.294118 F1000
G01 X40.109236 Y-143.306394 Z7.529412 F1000
G01 X40.286856 Y-143.306394 Z9.960784 F1000
G01 X40.464476 Y-143.306394 Z9.960784 F1000
G01 X40.642096 Y-143.306394 Z10 F1000
G01 X59.647425 Y-143.306394 Z10 F1000
G01 X59.825044 Y-143.306394 Z9.607843 F1000
G01 X60.002664 Y-143.306394 Z8.156863 F1000
G01 X60.180284 Y-143.306394 Z0.862745 F1000
G01 X60.357904 Y-143.306394 Z1.529412 F1000
G01 X60.535524 Y-143.306394 Z7.647059 F1000
G01 X60.713144 Y-143.306394 Z9.607843 F1000
G01 X60.890764 Y-143.306394 Z10 F1000
G01 X99.611901 Y-143.306394 Z10 F1000
G01 X99.611901 Y-143.484014 Z10 F1000
G01 X99.611901 Y-143.661634 Z10 F1000
G01 X99.611901 Y-143.839254 Z10 F1000
G01 X60.890764 Y-143.839254 Z10 F1000
G01 X60.713144 Y-143.839254 Z9.960784 F1000
G01 X60.535524 Y-143.839254 Z9.921569 F1000
G01 X60.357904 Y-143.839254 Z9.882353 F1000
G01 X60.180284 Y-143.839254 Z5.607843 F1000
G01 X60.002664 Y-143.839254 Z0.862745 F1000
G01 X59.825044 Y-143.839254 Z2.509804 F1000
G01 X59.647425 Y-143.839254 Z8.705882 F1000
G01 X59.469805 Y-143.839254 Z10 F1000
G01 X40.642096 Y-143.839254 Z10 F1000
G01 X40.464476 Y-143.839254 Z8.039216 F1000
G01 X40.286856 Y-143.839254 Z2.666667 F1000
G01 X40.109236 Y-143.839254 Z0.666667 F1000
G01 X39.931616 Y-143.839254 Z5.843137 F1000
G01 X39.753996 Y-143.839254 Z10 F1000
G01 X0.32238 Y-143.839254 Z10 F1000
G01 X0.32238 Y-144.016874 Z10 F1000
G01 X0.32238 Y-144.194494 Z10 F1000
G01 X0.32238 Y-144.372114 Z10 F1000
G01 X39.931616 Y-144.372114 Z10 F1000
G01 X40.109236 Y-144.372114 Z9.294118 F1000
G01 X40.286856 Y-144.372114 Z3.607843 F1000
G01 X40.464476 Y-144.372114 Z0.705882 F1000
G01 X40.642096 Y-144.372114 Z4 F1000
G01 X40.819716 Y-144.372114 Z9.254902 F1000
G01 X40.997336 Y-144.372114 Z10 F1000
G01 X58.936945 Y-144.372114 Z10 F1000
G01 X59.114565 Y-144.372114 Z9.882353 F1000
G01 X59.292185 Y-144.372114 Z9.45098 F1000
G01 X59.469805 Y-144.372114 Z4.352941 F1000
G01 X59.647425 Y-144.372114 Z0.705882 F1000
G01 X59.825044 Y-144.372114 Z4.196078 F1000
G01 X60.002664 Y-144.372114 Z9.176471 F1000
G01 X60.180284 Y-144.372114 Z10 F1000
G01 X99.611901 Y-144.372114 Z10 F1000
G01 X99.611901 Y-144.549734 Z10 F1000
G01 X99.611901 Y-144.727353 Z10 F1000
G01 X99.611901 Y-144.904973 Z10 F1000
G01 X59.825044 Y-144.904973 Z10 F1000
G01 X59.647425 Y-144.904973 Z8.431373 F1000
G01 X59.469805 Y-144.904973 Z2.470588 F1000
G01 X59.292185 Y-144.904973 Z0.627451 F1000
G01 X59.114565 Y-144.904973 Z5.411765 F1000
G01 X58.936945 Y-144.904973 Z10 F1000
G01 X41.352575 Y-144.904973 Z10 F1000
G01 X41.174956 Y-144.904973 Z9.764706 F1000
G01 X40.997336 Y-144.904973 Z6.156863 F1000
G01 X40.819716 Y-144.904973 Z0.627451 F1000
G01 X40.642096 Y-144.904973 Z2.117647 F1000
G01 X40.464476 Y-144.904973 Z8.666667 F1000
G01 X40.286856 Y-144.904973 Z9.921569 F1000
G01 X40.109236 Y-144.904973 Z9.921569 F1000
G01 X39.931616 Y-144.904973 Z10 F1000
G01 X0.32238 Y-144.904973 Z10 F1000
G01 X0.32238 Y-145.082593 Z10 F1000
G01 X0.32238 Y-145.260213 Z10 F1000
G01 X0.32238 Y-145.437833 Z10 F1000
G01 X40.642096 Y-145.437833 Z10 F1000
G01 X40.819716 Y-145.437833 Z7.019608 F1000
G01 X40.997336 Y-145.437833 Z1.254902 F1000
G01 X41.174956 Y-145.437833 Z1.098039 F1000
G01 X41.352575 Y-145.437833 Z8 F1000
G01 X41.530195 Y-145.437833 Z9.764706 F1000
G01 X41.707815 Y-145.437833 Z9.921569 F1000
G01 X41.885435 Y-145.437833 Z10 F1000
G01 X58.404085 Y-145.437833 Z10 F1000
G01 X58.581705 Y-145.437833 Z9.607843 F1000
G01 X58.759325 Y-145.437833 Z7.490196 F1000
G01 X58.936945 Y-145.437833 Z2 F1000
G01 X59.114565 Y-145.437833 Z0.784314 F1000
G01 X59.292185 Y-145.437833 Z7.843137 F1000
G01 X59.469805 Y-145.437833 Z9.607843 F1000
G01 X59.647425 Y-145.437833 Z10 F1000
G01 X99.611901 Y-145.437833 Z10 F1000
G01 X99.611901 Y-145.615453 Z10 F1000
G01 X99.611901 Y-145.793073 Z10 F1000
G01 X99.611901 Y-145.970693 Z10 F1000
G01 X59.292185 Y-145.970693 Z10 F1000
G01 X59.114565 Y-145.970693 Z9.686275 F1000
G01 X58.936945 Y-145.970693 Z5.45098 F1000
G01 X58.759325 Y-145.970693 Z0.823529 F1000
G01 X58.581705 Y-145.970693 Z3.490196 F1000
G01 X58.404085 Y-145.970693 Z8.039216 F1000
G01 X58.226465 Y-145.970693 Z9.921569 F1000
G01 X58.048845 Y-145.970693 Z9.921569 F1000
G01 X57.871226 Y-145.970693 Z10 F1000
G01 X42.063055 Y-145.970693 Z10 F1000
G01 X41.885435 Y-145.970693 Z9.921569 F1000
G01 X41.707815 Y-145.970693 Z8.941176 F1000
G01 X41.530195 Y-145.970693 Z2.941176 F1000
G01 X41.352575 Y-145.970693 Z0.627451 F1000
G01 X41.174956 Y-145.970693 Z5.529412 F1000
G01 X40.997336 Y-145.970693 Z9.960784 F1000
G01 X40.819716 Y-145.970693 Z10 F1000
G01 X0.32238 Y-145.970693 Z10 F1000
G01 X0.32238 Y-146.148313 Z10 F1000
G01 X0.32238 Y-146.325933 Z10 F1000
G01 X0.32238 Y-146.503552 Z10 F1000
G01 X41.174956 Y-146.503552 Z10 F1000
G01 X41.352575 Y-146.503552 Z8.980392 F1000
G01 X41.530195 Y-146.503552 Z3.647059 F1000
G01 X41.707815 Y-146.503552 Z0.627451 F1000
G01 X41.885435 Y-146.503552 Z4.745098 F1000
G01 X42.063055 Y-146.503552 Z9.647059 F1000
G01 X42.240675 Y-146.503552 Z9.921569 F1000
G01 X42.418295 Y-146.503552 Z9.921569 F1000
G01 X42.595915 Y-146.503552 Z9.960784 F1000
G01 X42.773535 Y-146.503552 Z9.960784 F1000
G01 X42.951155 Y-146.503552 Z10 F1000
G01 X57.693606 Y-146.503552 Z10 F1000
G01 X57.871226 Y-146.503552 Z9.607843 F1000
G01 X58.048845 Y-146.503552 Z9.490196 F1000
G01 X58.226465 Y-146.503552 Z4.705882 F1000
G01 X58.404085 Y-146.503552 Z0.54902 F1000
G01 X58.581705 Y-146.503552 Z3.686275 F1000
G01 X58.759325 Y-146.503552 Z9.568627 F1000
G01 X58.936945 Y-146.503552 Z9.568627 F1000
G01 X59.114565 Y-146.503552 Z10 F1000
G01 X99.611901 Y-146.503552 Z10 F1000
G01 X99.611901 Y-146.681172 Z10 F1000
G01 X99.611901 Y-146.858792 Z10 F1000
G01 X99.611901 Y-147.036412 Z10 F1000
G01 X58.581705 Y-147.036412 Z10 F1000
G01 X58.404085 Y-147.036412 Z7.764706 F1000
G01 X58.226465 Y-147.036412 Z1.882353 F1000
G01 X58.048845 Y-147.036412 Z0.784314 F1000
G01 X57.871226 Y-147.036412 Z6.509804 F1000
G01 X57.693606 Y-147.036412 Z10 F1000
G01 X42.951155 Y-147.036412 Z10 F1000
G01 X42.773535 Y-147.036412 Z9.960784 F1000
G01 X42.595915 Y-147.036412 Z9.960784 F1000
G01 X42.418295 Y-147.036412 Z9.921569 F1000
G01 X42.240675 Y-147.036412 Z6.745098 F1000
G01 X42.063055 Y-147.036412 Z0.705882 F1000
G01 X41.885435 Y-147.036412 Z2.27451 F1000
G01 X41.707815 Y-147.036412 Z7.843137 F1000
G01 X41.530195 Y-147.036412 Z9.803922 F1000
G01 X41.352575 Y-147.036412 Z9.803922 F1000
G01 X41.174956 Y-147.036412 Z10 F1000
G01 X0.32238 Y-147.036412 Z10 F1000
G01 X0.32238 Y-147.214032 Z10 F1000
G01 X0.32238 Y-147.391652 Z10 F1000
G01 X0.32238 Y-147.569272 Z10 F1000
G01 X41.530195 Y-147.569272 Z10 F1000
G01 X41.707815 Y-147.569272 Z9.960784 F1000
G01 X41.885435 Y-147.569272 Z9.803922 F1000
G01 X42.063055 Y-147.569272 Z6.509804 F1000
G01 X42.240675 Y-147.569272 Z0.784314 F1000
G01 X42.418295 Y-147.569272 Z2.039216 F1000
G01 X42.595915 Y-147.569272 Z8.196078 F1000
G01 X42.773535 Y-147.569272 Z9.960784 F1000
G01 X42.951155 Y-147.569272 Z9.960784 F1000
G01 X43.128774 Y-147.569272 Z10 F1000
G01 X56.983126 Y-147.569272 Z10 F1000
G01 X57.160746 Y-147.569272 Z9.921569 F1000
G01 X57.338366 Y-147.569272 Z9.843137 F1000
G01 X57.515986 Y-147.569272 Z8.039216 F1000
G01 X57.693606 Y-147.569272 Z2.196078 F1000
G01 X57.871226 Y-147.569272 Z0.862745 F1000
G01 X58.048845 Y-147.569272 Z6.431373 F1000
G01 X58.226465 Y-147.569272 Z10 F1000
G01 X99.611901 Y-147.569272 Z10 F1000
G01 X99.611901 Y-147.746892 Z10 F1000
G01 X99.611901 Y-147.924512 Z10 F1000
G01 X99.611901 Y-148.102131 Z10 F1000
G01 X58.226465 Y-148.102131 Z10 F1000
G01 X58.048845 Y-148.102131 Z9.960784 F1000
G01 X57.871226 Y-148.102131 Z9.647059 F1000
G01 X57.693606 Y-148.102131 Z4.745098 F1000
G01 X57.515986 Y-148.102131 Z0.54902 F1000
G01 X57.338366 Y-148.102131 Z3.294118 F1000
G01 X57.160746 Y-148.102131 Z9.333333 F1000
G01 X56.983126 Y-148.102131 Z9.882353 F1000
G01 X56.805506 Y-148.102131 Z10 F1000
G01 X43.128774 Y-148.102131 Z10 F1000
G01 X42.951155 Y-148.102131 Z9.411765 F1000
G01 X42.773535 Y-148.102131 Z2.784314 F1000
G01 X42.595915 Y-148.102131 Z0.470588 F1000
G01 X42.418295 Y-148.102131 Z4.941176 F1000
G01 X42.240675 Y-148.102131 Z9.647059 F1000
G01 X42.063055 Y-148.102131 Z10 F1000
G01 X0.32238 Y-148.102131 Z10 F1000
G01 X0.32238 Y-148.279751 Z10 F1000
G01 X0.32238 Y-148.457371 Z10 F1000
G01 X0.32238 Y-148.634991 Z10 F1000
G01 X42.418295 Y-148.634991 Z10 F1000
G01 X42.595915 Y-148.634991 Z9.411765 F1000
G01 X42.773535 Y-148.634991 Z2.627451 F1000
G01 X42.951155 Y-148.634991 Z0.470588 F1000
G01 X43.128774 Y-148.634991 Z5.254902 F1000
G01 X43.306394 Y-148.634991 Z9.921569 F1000
G01 X43.484014 Y-148.634991 Z10 F1000
G01 X56.627886 Y-148.634991 Z10 F1000
G01 X56.805506 Y-148.634991 Z9.607843 F1000
G01 X56.983126 Y-148.634991 Z5.411765 F1000
G01 X57.160746 Y-148.634991 Z0.54902 F1000
G01 X57.338366 Y-148.634991 Z2.588235 F1000
G01 X57.515986 Y-148.634991 Z9.529412 F1000
G01 X57.693606 Y-148.634991 Z9.960784 F1000
G01 X58.048845 Y-148.634991 Z9.960784 F1000
G01 X58.226465 Y-148.634991 Z10 F1000
G01 X99.611901 Y-148.634991 Z10 F1000
G01 X99.611901 Y-148.812611 Z10 F1000
G01 X99.611901 Y-148.990231 Z10 F1000
G01 X99.611901 Y-149.167851 Z10 F1000
G01 X57.338366 Y-149.167851 Z10 F1000
G01 X57.160746 Y-149.167851 Z7.568627 F1000
G01 X56.983126 Y-149.167851 Z1.45098 F1000
G01 X56.805506 Y-149.167851 Z1.019608 F1000
G01 X56.627886 Y-149.167851 Z6.588235 F1000
G01 X56.450266 Y-149.167851 Z9.921569 F1000
G01 X56.272647 Y-149.167851 Z9.960784 F1000
G01 X56.095027 Y-149.167851 Z10 F1000
G01 X43.661634 Y-149.167851 Z10 F1000
G01 X43.484014 Y-149.167851 Z6.823529 F1000
G01 X43.306394 Y-149.167851 Z1.176471 F1000
G01 X43.128774 Y-149.167851 Z1.647059 F1000
G01 X42.951155 Y-149.167851 Z8.156863 F1000
G01 X42.773535 Y-149.167851 Z9.45098 F1000
G01 X42.595915 Y-149.167851 Z9.882353 F1000
G01 X42.418295 Y-149.167851 Z10 F1000
G01 X0.32238 Y-149.167851 Z10 F1000
G01 X0.32238 Y-149.345471 Z10 F1000
G01 X0.32238 Y-149.523091 Z10 F1000
G01 X0.32238 Y-149.70071 Z10 F1000
G01 X42.595915 Y-149.70071 Z10 F1000
G01 X42.773535 Y-149.70071 Z9.921569 F1000
G01 X42.951155 Y-149.70071 Z9.882353 F1000
G01 X43.128774 Y-149.70071 Z9.686275 F1000
G01 X43.306394 Y-149.70071 Z6.627451 F1000
G01 X43.484014 Y-149.70071 Z0.588235 F1000
G01 X43.661634 Y-149.70071 Z2.235294 F1000
G01 X43.839254 Y-149.70071 Z8.235294 F1000
G01 X44.016874 Y-149.70071 Z10 F1000
G01 X56.095027 Y-149.70071 Z10 F1000
G01 X56.272647 Y-149.70071 Z8.078431 F1000
G01 X56.450266 Y-149.70071 Z2.431373 F1000
G01 X56.627886 Y-149.70071 Z0.784314 F1000
G01 X56.805506 Y-149.70071 Z6.54902 F1000
G01 X56.983126 Y-149.70071 Z9.607843 F1000
G01 X57.160746 Y-149.70071 Z9.921569 F1000
G01 X57.338366 Y-149.70071 Z10 F1000
G01 X99.611901 Y-149.70071 Z10 F1000
G01 X99.611901 Y-149.87833 Z10 F1000
G01 X99.611901 Y-150.05595 Z10 F1000
G01 X99.611901 Y-150.23357 Z10 F1000
G01 X56.805506 Y-150.23357 Z10 F1000
G01 X56.627886 Y-150.23357 Z9.72549 F1000
G01 X56.450266 Y-150.23357 Z4.470588 F1000
G01 X56.272647 Y-150.23357 Z0.588235 F1000
G01 X56.095027 Y-150.23357 Z4.235294 F1000
G01 X55.917407 Y-150.23357 Z8.901961 F1000
G01 X55.739787 Y-150.23357 Z9.686275 F1000
G01 X55.562167 Y-150.23357 Z10 F1000
G01 X44.372114 Y-150.23357 Z10 F1000
G01 X44.194494 Y-150.23357 Z8.901961 F1000
G01 X44.016874 Y-150.23357 Z3.960784 F1000
G01 X43.839254 Y-150.23357 Z0.54902 F1000
G01 X43.661634 Y-150.23357 Z3.960784 F1000
G01 X43.484014 Y-150.23357 Z9.529412 F1000
G01 X43.306394 Y-150.23357 Z9.72549 F1000
G01 X43.128774 Y-150.23357 Z10 F1000
G01 X0.32238 Y-150.23357 Z10 F1000
G01 X0.32238 Y-150.41119 Z10 F1000
G01 X0.32238 Y-150.58881 Z10 F1000
G01 X0.32238 Y-150.76643 Z10 F1000
G01 X43.128774 Y-150.76643 Z10 F1000
G01 X43.306394 Y-150.76643 Z9.921569 F1000
G01 X43.661634 Y-150.76643 Z9.921569 F1000
G01 X43.839254 Y-150.76643 Z8.705882 F1000
G01 X44.016874 Y-150.76643 Z2.705882 F1000
G01 X44.194494 Y-150.76643 Z0.745098 F1000
G01 X44.372114 Y-150.76643 Z5.686275 F1000
G01 X44.549734 Y-150.76643 Z10 F1000
G01 X55.206927 Y-150.76643 Z10 F1000
G01 X55.384547 Y-150.76643 Z9.960784 F1000
G01 X55.562167 Y-150.76643 Z9.764706 F1000
G01 X55.739787 Y-150.76643 Z5.686275 F1000
G01 X55.917407 Y-150.76643 Z0.901961 F1000
G01 X56.095027 Y-150.76643 Z2.823529 F1000
G01 X56.272647 Y-150.76643 Z8.666667 F1000
G01 X56.450266 Y-150.76643 Z9.960784 F1000
G01 X56.627886 Y-150.76643 Z10 F1000
G01 X99.611901 Y-150.76643 Z10 F1000
G01 X99.611901 Y-150.94405 Z10 F1000
G01 X99.611901 Y-151.12167 Z10 F1000
G01 X99.611901 Y-151.29929 Z10 F1000
G01 X56.627886 Y-151.29929 Z10 F1000
G01 X56.450266 Y-151.29929 Z9.960784 F1000
G01 X56.272647 Y-151.29929 Z9.960784 F1000
G01 X56.095027 Y-151.29929 Z9.882353 F1000
G01 X55.917407 Y-151.29929 Z7.372549 F1000
G01 X55.739787 Y-151.29929 Z1.568627 F1000
G01 X55.562167 Y-151.29929 Z1.490196 F1000
G01 X55.384547 Y-151.29929 Z7.411765 F1000
G01 X55.206927 Y-151.29929 Z9.764706 F1000
G01 X55.029307 Y-151.29929 Z10 F1000
G01 X45.437833 Y-151.29929 Z10 F1000
G01 X45.260213 Y-151.29929 Z9.882353 F1000
G01 X45.082593 Y-151.29929 Z9.882353 F1000
G01 X44.904973 Y-151.29929 Z9.803922 F1000
G01 X44.727353 Y-151.29929 Z7.647059 F1000
G01 X44.549734 Y-151.29929 Z1.333333 F1000
G01 X44.372114 Y-151.29929 Z1.490196 F1000
G01 X44.194494 Y-151.29929 Z7.176471 F1000
G01 X44.016874 Y-151.29929 Z9.960784 F1000
G01 X43.839254 Y-151.29929 Z10 F1000
G01 X0.32238 Y-151.29929 Z10 F1000
G01 X0.32238 Y-151.476909 Z10 F1000
G01 X0.32238 Y-151.654529 Z10 F1000
G01 X0.32238 Y-151.832149 Z10 F1000
G01 X44.372114 Y-151.832149 Z10 F1000
G01 X44.549734 Y-151.832149 Z5.764706 F1000
G01 X44.727353 Y-151.832149 Z0.745098 F1000
G01 X44.904973 Y-151.832149 Z2.27451 F1000
G01 X45.082593 Y-151.832149 Z9.215686 F1000
G01 X45.260213 Y-151.832149 Z9.764706 F1000
G01 X45.437833 Y-151.832149 Z10 F1000
G01 X54.851687 Y-151.832149 Z10 F1000
G01 X55.029307 Y-151.832149 Z8.352941 F1000
G01 X55.206927 Y-151.832149 Z2.784314 F1000
G01 X55.384547 Y-151.832149 Z0.941176 F1000
G01 X55.562167 Y-151.832149 Z5.647059 F1000
G01 X55.739787 Y-151.832149 Z9.960784 F1000
G01 X55.917407 Y-151.832149 Z9.960784 F1000
G01 X56.095027 Y-151.832149 Z10 F1000
G01 X99.611901 Y-151.832149 Z10 F1000
G01 X99.611901 Y-152.009769 Z10 F1000
G01 X99.611901 Y-152.187389 Z10 F1000
G01 X99.611901 Y-152.365009 Z10 F1000
G01 X55.562167 Y-152.365009 Z10 F1000
G01 X55.384547 Y-152.365009 Z9.176471 F1000
G01 X55.206927 Y-152.365009 Z4.078431 F1000
G01 X55.029307 Y-152.365009 Z0.941176 F1000
G01 X54.851687 Y-152.365009 Z4.705882 F1000
G01 X54.674067 Y-152.365009 Z9.294118 F1000
G01 X54.496448 Y-152.365009 Z9.843137 F1000
G01 X54.318828 Y-152.365009 Z9.960784 F1000
G01 X54.141208 Y-152.365009 Z10 F1000
G01 X46.148313 Y-152.365009 Z10 F1000
G01 X45.970693 Y-152.365009 Z9.960784 F1000
G01 X45.615453 Y-152.365009 Z9.960784 F1000
G01 X45.437833 Y-152.365009 Z9.45098 F1000
G01 X45.260213 Y-152.365009 Z4.470588 F1000
G01 X45.082593 Y-152.365009 Z0.705882 F1000
G01 X44.904973 Y-152.365009 Z3.647059 F1000
G01 X44.727353 Y-152.365009 Z9.411765 F1000
G01 X44.549734 Y-152.365009 Z9.960784 F1000
G01 X44.372114 Y-152.365009 Z10 F1000
G01 X0.32238 Y-152.365009 Z10 F1000
G01 X0.32238 Y-152.542629 Z10 F1000
G01 X0.32238 Y-152.720249 Z10 F1000
G01 X0.32238 Y-152.897869 Z10 F1000
G01 X44.727353 Y-152.897869 Z10 F1000
G01 X44.904973 Y-152.897869 Z9.960784 F1000
G01 X45.082593 Y-152.897869 Z8.627451 F1000
G01 X45.260213 Y-152.897869 Z2.431373 F1000
G01 X45.437833 Y-152.897869 Z0.823529 F1000
G01 X45.615453 Y-152.897869 Z6.509804 F1000
G01 X45.793073 Y-152.897869 Z9.882353 F1000
G01 X45.970693 Y-152.897869 Z9.921569 F1000
G01 X46.148313 Y-152.897869 Z9.960784 F1000
G01 X46.325933 Y-152.897869 Z10 F1000
G01 X54.141208 Y-152.897869 Z10 F1000
G01 X54.318828 Y-152.897869 Z9.960784 F1000
G01 X54.496448 Y-152.897869 Z6.156863 F1000
G01 X54.674067 Y-152.897869 Z0.745098 F1000
G01 X54.851687 Y-152.897869 Z1.843137 F1000
G01 X55.029307 Y-152.897869 Z8.54902 F1000
G01 X55.206927 Y-152.897869 Z10 F1000
G01 X99.611901 Y-152.897869 Z10 F1000
G01 X99.611901 Y-153.075488 Z10 F1000
G01 X99.611901 Y-153.253108 Z10 F1000
G01 X99.611901 Y-153.430728 Z10 F1000
G01 X55.206927 Y-153.430728 Z10 F1000
G01 X55.029307 Y-153.430728 Z9.921569 F1000
G01 X54.851687 Y-153.430728 Z9.803922 F1000
G01 X54.674067 Y-153.430728 Z7.058824 F1000
G01 X54.496448 Y-153.430728 Z0.745098 F1000
G01 X54.318828 Y-153.430728 Z1.647059 F1000
G01 X54.141208 Y-153.430728 Z8.313725 F1000
G01 X53.963588 Y-153.430728 Z9.764706 F1000
G01 X53.785968 Y-153.430728 Z9.960784 F1000
G01 X53.608348 Y-153.430728 Z9.960784 F1000
G01 X53.430728 Y-153.430728 Z10 F1000
G01 X46.325933 Y-153.430728 Z10 F1000
G01 X46.148313 Y-153.430728 Z9.372549 F1000
G01 X45.970693 Y-153.430728 Z8.078431 F1000
G01 X45.793073 Y-153.430728 Z1.764706 F1000
G01 X45.615453 Y-153.430728 Z0.980392 F1000
G01 X45.437833 Y-153.430728 Z7.372549 F1000
G01 X45.260213 Y-153.430728 Z9.960784 F1000
G01 X45.082593 Y-153.430728 Z10 F1000
G01 X0.32238 Y-153.430728 Z10 F1000
G01 X0.32238 Y-153.608348 Z10 F1000
G01 X0.32238 Y-153.785968 Z10 F1000
G01 X0.32238 Y-153.963588 Z10 F1000
G01 X45.260213 Y-153.963588 Z10 F1000
G01 X45.437833 Y-153.963588 Z9.921569 F1000
G01 X45.615453 Y-153.963588 Z9.333333 F1000
G01 X45.793073 Y-153.963588 Z5.45098 F1000
G01 X45.970693 Y-153.963588 Z0.666667 F1000
G01 X46.148313 Y-153.963588 Z3.019608 F1000
G01 X46.325933 Y-153.963588 Z8.901961 F1000
G01 X46.503552 Y-153.963588 Z9.921569 F1000
G01 X46.681172 Y-153.963588 Z10 F1000
G01 X53.253108 Y-153.963588 Z10 F1000
G01 X53.430728 Y-153.963588 Z9.803922 F1000
G01 X53.608348 Y-153.963588 Z9.803922 F1000
G01 X53.785968 Y-153.963588 Z9.098039 F1000
G01 X53.963588 Y-153.963588 Z2.941176 F1000
G01 X54.141208 Y-153.963588 Z0.745098 F1000
G01 X54.318828 Y-153.963588 Z5.098039 F1000
G01 X54.496448 Y-153.963588 Z9.45098 F1000
G01 X54.674067 Y-153.963588 Z9.960784 F1000
G01 X54.851687 Y-153.963588 Z10 F1000
G01 X99.611901 Y-153.963588 Z10 F1000
G01 X99.611901 Y-154.141208 Z10 F1000
G01 X99.611901 Y-154.318828 Z10 F1000
G01 X99.611901 Y-154.496448 Z10 F1000
G01 X54.674067 Y-154.496448 Z10 F1000
G01 X54.496448 Y-154.496448 Z9.960784 F1000
G01 X54.318828 Y-154.496448 Z9.843137 F1000
G01 X54.141208 Y-154.496448 Z9.568627 F1000
G01 X53.963588 Y-154.496448 Z3.058824 F1000
G01 X53.785968 Y-154.496448 Z0.588235 F1000
G01 X53.608348 Y-154.496448 Z4.980392 F1000
G01 X53.430728 Y-154.496448 Z9.058824 F1000
G01 X53.253108 Y-154.496448 Z9.921569 F1000
G01 X53.075488 Y-154.496448 Z10 F1000
G01 X47.214032 Y-154.496448 Z10 F1000
G01 X47.036412 Y-154.496448 Z9.882353 F1000
G01 X46.858792 Y-154.496448 Z9.882353 F1000
G01 X46.681172 Y-154.496448 Z9.176471 F1000
G01 X46.503552 Y-154.496448 Z4.823529 F1000
G01 X46.325933 Y-154.496448 Z0.823529 F1000
G01 X46.148313 Y-154.496448 Z3.568627 F1000
G01 X45.970693 Y-154.496448 Z8.823529 F1000
G01 X45.793073 Y-154.496448 Z10 F1000
G01 X0.32238 Y-154.496448 Z10 F1000
G01 X0.32238 Y-154.674067 Z10 F1000
G01 X0.32238 Y-154.851687 Z10 F1000
G01 X0.32238 Y-155.029307 Z10 F1000
G01 X45.970693 Y-155.029307 Z10 F1000
G01 X46.148313 Y-155.029307 Z9.843137 F1000
G01 X46.325933 Y-155.029307 Z7.882353 F1000
G01 X46.503552 Y-155.029307 Z2.235294 F1000
G01 X46.681172 Y-155.029307 Z1.490196 F1000
G01 X46.858792 Y-155.029307 Z6 F1000
G01 X47.036412 Y-155.029307 Z9.803922 F1000
G01 X47.214032 Y-155.029307 Z9.960784 F1000
G01 X47.391652 Y-155.029307 Z10 F1000
G01 X53.075488 Y-155.029307 Z10 F1000
G01 X53.253108 Y-155.029307 Z6.156863 F1000
G01 X53.430728 Y-155.029307 Z1.411765 F1000
G01 X53.608348 Y-155.029307 Z2.313725 F1000
G01 X53.785968 Y-155.029307 Z7.960784 F1000
G01 X53.963588 Y-155.029307 Z10 F1000
G01 X99.611901 Y-155.029307 Z10 F1000
G01 X99.611901 Y-155.206927 Z10 F1000
G01 X99.611901 Y-155.384547 Z10 F1000
G01 X99.611901 Y-155.562167 Z10 F1000
G01 X53.963588 Y-155.562167 Z10 F1000
G01 X53.785968 Y-155.562167 Z9.647059 F1000
G01 X53.608348 Y-155.562167 Z9.568627 F1000
G01 X53.430728 Y-155.562167 Z6.392157 F1000
G01 X53.253108 Y-155.562167 Z0.823529 F1000
G01 X53.075488 Y-155.562167 Z2.078431 F1000
G01 X52.897869 Y-155.562167 Z7.882353 F1000
G01 X52.720249 Y-155.562167 Z10 F1000
G01 X47.391652 Y-155.562167 Z10 F1000
G01 X47.214032 Y-155.562167 Z8.313725 F1000
G01 X47.036412 Y-155.562167 Z1.529412 F1000
G01 X46.858792 Y-155.562167 Z0.823529 F1000
G01 X46.681172 Y-155.562167 Z6.627451 F1000
G01 X46.503552 Y-155.562167 Z9.490196 F1000
G01 X46.325933 Y-155.562167 Z9.921569 F1000
G01 X46.148313 Y-155.562167 Z9.960784 F1000
G01 X45.970693 Y-155.562167 Z10 F1000
G01 X0.32238 Y-155.562167 Z10 F1000
G01 X0.32238 Y-155.739787 Z10 F1000
G01 X0.32238 Y-155.917407 Z10 F1000
G01 X0.32238 Y-156.095027 Z10 F1000
G01 X46.503552 Y-156.095027 Z10 F1000
G01 X46.681172 Y-156.095027 Z9.843137 F1000
G01 X46.858792 Y-156.095027 Z9.843137 F1000
G01 X47.036412 Y-156.095027 Z4.509804 F1000
G01 X47.214032 Y-156.095027 Z0.588235 F1000
G01 X47.391652 Y-156.095027 Z3.686275 F1000
G01 X47.569272 Y-156.095027 Z9.215686 F1000
G01 X47.746892 Y-156.095027 Z9.764706 F1000
G01 X47.924512 Y-156.095027 Z10 F1000
G01 X52.187389 Y-156.095027 Z10 F1000
G01 X52.365009 Y-156.095027 Z9.686275 F1000
G01 X52.542629 Y-156.095027 Z8.784314 F1000
G01 X52.720249 Y-156.095027 Z3.72549 F1000
G01 X52.897869 Y-156.095027 Z0.784314 F1000
G01 X53.075488 Y-156.095027 Z4.627451 F1000
G01 X53.253108 Y-156.095027 Z9.803922 F1000
G01 X53.608348 Y-156.095027 Z9.803922 F1000
G01 X53.785968 Y-156.095027 Z9.843137 F1000
G01 X53.963588 Y-156.095027 Z10 F1000
G01 X99.611901 Y-156.095027 Z10 F1000
G01 X99.611901 Y-156.272647 Z10 F1000
G01 X99.611901 Y-156.450266 Z10 F1000
G01 X99.611901 Y-156.627886 Z10 F1000
G01 X53.608348 Y-156.627886 Z10 F1000
G01 X53.430728 Y-156.627886 Z9.921569 F1000
G01 X53.075488 Y-156.627886 Z9.921569 F1000
G01 X52.897869 Y-156.627886 Z8.862745 F1000
G01 X52.720249 Y-156.627886 Z2.666667 F1000
G01 X52.542629 Y-156.627886 Z0.666667 F1000
G01 X52.365009 Y-156.627886 Z5.607843 F1000
G01 X52.187389 Y-156.627886 Z9.803922 F1000
G01 X52.009769 Y-156.627886 Z10 F1000
G01 X48.102131 Y-156.627886 Z10 F1000
G01 X47.924512 Y-156.627886 Z9.764706 F1000
G01 X47.746892 Y-156.627886 Z5.490196 F1000
G01 X47.569272 Y-156.627886 Z0.862745 F1000
G01 X47.391652 Y-156.627886 Z2.862745 F1000
G01 X47.214032 Y-156.627886 Z8.941176 F1000
G01 X47.036412 Y-156.627886 Z9.882353 F1000
G01 X46.858792 Y-156.627886 Z10 F1000
G01 X0.32238 Y-156.627886 Z10 F1000
G01 X0.32238 Y-156.805506 Z10 F1000
G01 X0.32238 Y-156.983126 Z10 F1000
G01 X0.32238 Y-157.160746 Z10 F1000
G01 X46.858792 Y-157.160746 Z10 F1000
G01 X47.036412 Y-157.160746 Z9.960784 F1000
G01 X47.391652 Y-157.160746 Z9.960784 F1000
G01 X47.569272 Y-157.160746 Z7.647059 F1000
G01 X47.746892 Y-157.160746 Z1.686275 F1000
G01 X47.924512 Y-157.160746 Z1.058824 F1000
G01 X48.102131 Y-157.160746 Z7.254902 F1000
G01 X48.279751 Y-157.160746 Z9.960784 F1000
G01 X48.457371 Y-157.160746 Z10 F1000
G01 X51.654529 Y-157.160746 Z10 F1000
G01 X51.832149 Y-157.160746 Z9.803922 F1000
G01 X52.009769 Y-157.160746 Z7.333333 F1000
G01 X52.187389 Y-157.160746 Z0.627451 F1000
G01 X52.365009 Y-157.160746 Z1.647059 F1000
G01 X52.542629 Y-157.160746 Z7.686275 F1000
G01 X52.720249 Y-157.160746 Z10 F1000
G01 X99.611901 Y-157.160746 Z10 F1000
G01 X99.611901 Y-157.338366 Z10 F1000
G01 X99.611901 Y-157.515986 Z10 F1000
G01 X99.611901 Y-157.693606 Z10 F1000
G01 X52.720249 Y-157.693606 Z10 F1000
G01 X52.542629 Y-157.693606 Z9.960784 F1000
G01 X52.365009 Y-157.693606 Z9.921569 F1000
G01 X52.187389 Y-157.693606 Z6 F1000
G01 X52.009769 Y-157.693606 Z1.019608 F1000
G01 X51.832149 Y-157.693606 Z2.156863 F1000
G01 X51.654529 Y-157.693606 Z8.627451 F1000
G01 X51.476909 Y-157.693606 Z9.921569 F1000
G01 X51.29929 Y-157.693606 Z9.921569 F1000
G01 X51.12167 Y-157.693606 Z10 F1000
G01 X48.634991 Y-157.693606 Z10 F1000
G01 X48.457371 Y-157.693606 Z8.54902 F1000
G01 X48.279751 Y-157.693606 Z2.627451 F1000
G01 X48.102131 Y-157.693606 Z0.588235 F1000
G01 X47.924512 Y-157.693606 Z5.72549 F1000
G01 X47.746892 Y-157.693606 Z9.568627 F1000
G01 X47.569272 Y-157.693606 Z10 F1000
G01 X0.32238 Y-157.693606 Z10 F1000
G01 X0.32238 Y-157.871226 Z10 F1000
G01 X0.32238 Y-158.048845 Z10 F1000
G01 X0.32238 Y-158.226465 Z10 F1000
G01 X47.924512 Y-158.226465 Z10 F1000
G01 X48.102131 Y-158.226465 Z9.490196 F1000
G01 X48.279751 Y-158.226465 Z4.627451 F1000
G01 X48.457371 Y-158.226465 Z0.54902 F1000
G01 X48.634991 Y-158.226465 Z3.960784 F1000
G01 X48.812611 Y-158.226465 Z9.607843 F1000
G01 X48.990231 Y-158.226465 Z9.882353 F1000
G01 X49.167851 Y-158.226465 Z9.882353 F1000
G01 X49.345471 Y-158.226465 Z10 F1000
G01 X50.76643 Y-158.226465 Z10 F1000
G01 X50.94405 Y-158.226465 Z9.882353 F1000
G01 X51.12167 Y-158.226465 Z9.882353 F1000
G01 X51.29929 Y-158.226465 Z9.333333 F1000
G01 X51.476909 Y-158.226465 Z3.921569 F1000
G01 X51.654529 Y-158.226465 Z0.54902 F1000
G01 X51.832149 Y-158.226465 Z4.156863 F1000
G01 X52.009769 Y-158.226465 Z9.529412 F1000
G01 X52.187389 Y-158.226465 Z9.960784 F1000
G01 X52.365009 Y-158.226465 Z9.960784 F1000
G01 X52.542629 Y-158.226465 Z10 F1000
G01 X99.611901 Y-158.226465 Z10 F1000
G01 X99.611901 Y-158.404085 Z10 F1000
G01 X99.611901 Y-158.581705 Z10 F1000
G01 X99.611901 Y-158.759325 Z10 F1000
G01 X52.542629 Y-158.759325 Z10 F1000
G01 X52.365009 Y-158.759325 Z9.960784 F1000
G01 X52.187389 Y-158.759325 Z9.960784 F1000
G01 X52.009769 Y-158.759325 Z9.921569 F1000
G01 X51.832149 Y-158.759325 Z9.921569 F1000
G01 X51.654529 Y-158.759325 Z9.058824 F1000
G01 X51.476909 Y-158.759325 Z1.843137 F1000
G01 X51.29929 Y-158.759325 Z0.431373 F1000
G01 X51.12167 Y-158.759325 Z6 F1000
G01 X50.94405 Y-158.759325 Z9.333333 F1000
G01 X50.76643 Y-158.759325 Z10 F1000
G01 X49.345471 Y-158.759325 Z10 F1000
G01 X49.167851 Y-158.759325 Z9.372549 F1000
G01 X48.990231 Y-158.759325 Z6 F1000
G01 X48.812611 Y-158.759325 Z0.392157 F1000
G01 X48.634991 Y-158.759325 Z2.509804 F1000
G01 X48.457371 Y-158.759325 Z8.392157 F1000
G01 X48.279751 Y-158.759325 Z9.921569 F1000
G01 X48.102131 Y-158.759325 Z10 F1000
G01 X0.32238 Y-158.759325 Z10 F1000
G01 X0.32238 Y-158.936945 Z10 F1000
G01 X0.32238 Y-159.114565 Z10 F1000
G01 X0.32238 Y-159.292185 Z10 F1000
G01 X48.457371 Y-159.292185 Z10 F1000
G01 X48.634991 Y-159.292185 Z9.960784 F1000
G01 X48.812611 Y-159.292185 Z7.098039 F1000
G01 X48.990231 Y-159.292185 Z1.686275 F1000
G01 X49.167851 Y-159.292185 Z1.764706 F1000
G01 X49.345471 Y-159.292185 Z7.294118 F1000
G01 X49.523091 Y-159.292185 Z9.843137 F1000
G01 X49.70071 Y-159.292185 Z10 F1000
G01 X50.58881 Y-159.292185 Z10 F1000
G01 X50.76643 Y-159.292185 Z6.784314 F1000
G01 X50.94405 Y-159.292185 Z2.117647 F1000
G01 X51.12167 Y-159.292185 Z1.411765 F1000
G01 X51.29929 Y-159.292185 Z7.372549 F1000
G01 X51.476909 Y-159.292185 Z9.72549 F1000
G01 X51.654529 Y-159.292185 Z9.764706 F1000
G01 X51.832149 Y-159.292185 Z9.921569 F1000
G01 X52.009769 Y-159.292185 Z10 F1000
G01 X99.611901 Y-159.292185 Z10 F1000
G01 X99.611901 Y-159.469805 Z10 F1000
G01 X99.611901 Y-159.647425 Z10 F1000
G01 X99.611901 Y-159.825044 Z10 F1000
G01 X51.29929 Y-159.825044 Z10 F1000
G01 X51.12167 Y-159.825044 Z9.490196 F1000
G01 X50.94405 Y-159.825044 Z5.529412 F1000
G01 X50.76643 Y-159.825044 Z0.784314 F1000
G01 X50.58881 Y-159.825044 Z2.784314 F1000
G01 X49.70071 Y-159.825044 Z2.784314 F1000
G01 X49.523091 Y-159.825044 Z2.588235 F1000
G01 X49.345471 Y-159.825044 Z0.588235 F1000
G01 X49.167851 Y-159.825044 Z5.372549 F1000
G01 X48.990231 Y-159.825044 Z9.568627 F1000
G01 X48.812611 Y-159.825044 Z10 F1000
G01 X0.32238 Y-159.825044 Z10 F1000
G01 X0.32238 Y-160.002664 Z10 F1000
G01 X0.32238 Y-160.180284 Z10 F1000
G01 X0.32238 Y-160.357904 Z10 F1000
G01 X49.167851 Y-160.357904 Z10 F1000
G01 X49.345471 Y-160.357904 Z9.45098 F1000
G01 X49.523091 Y-160.357904 Z3.529412 F1000
G01 X49.70071 Y-160.357904 Z0.431373 F1000
G01 X50.41119 Y-160.357904 Z0.431373 F1000
G01 X50.58881 Y-160.357904 Z4 F1000
G01 X50.76643 Y-160.357904 Z9.45098 F1000
G01 X50.94405 Y-160.357904 Z10 F1000
G01 X99.611901 Y-160.357904 Z10 F1000
G01 X99.611901 Y-160.535524 Z10 F1000
G01 X99.611901 Y-160.713144 Z10 F1000
G01 X99.611901 Y-160.890764 Z10 F1000
G01 X50.76643 Y-160.890764 Z10 F1000
G01 X50.58881 Y-160.890764 Z9.843137 F1000
G01 X50.41119 Y-160.890764 Z8.27451 F1000
G01 X50.23357 Y-160.890764 Z2.509804 F1000
G01 X50.05595 Y-160.890764 Z0.745098 F1000
G01 X49.87833 Y-160.890764 Z2.235294 F1000
G01 X49.70071 Y-160.890764 Z8.509804 F1000
G01 X49.523091 Y-160.890764 Z9.843137 F1000
G01 X49.345471 Y-160.890764 Z9.843137 F1000
G01 X49.167851 Y-160.890764 Z10 F1000
G01 X0.32238 Y-160.890764 Z10 F1000
G01 X0.32238 Y-161.068384 Z10 F1000
G01 X0.32238 Y-161.246004 Z10 F1000
G01 X0.32238 Y-161.423623 Z10 F1000
G01 X49.70071 Y-161.423623 Z10 F1000
G01 X49.87833 Y-161.423623 Z9.529412 F1000
G01 X50.05595 Y-161.423623 Z7.058824 F1000
G01 X50.23357 Y-161.423623 Z9.686275 F1000
G01 X50.41119 Y-161.423623 Z10 F1000
G01 X99.611901 Y-161.423623 Z10 F1000
G01 X99.611901 Y-161.601243 Z10 F1000
G01 X99.611901 Y-161.778863 Z10 F1000
G01 X99.611901 Y-161.956483 Z10 F1000
G01 X0.32238 Y-161.956483 Z10 F1000
G01 X0.32238 Y-162.134103 Z10 F1000
G01 X0.32238 Y-162.311723 Z10 F1000
G01 X0.32238 Y-162.489343 Z10 F1000
G01 X99.611901 Y-162.489343 Z10 F1000
G01 X99.611901 Y-162.666963 Z10 F1000
G01 X99.611901 Y-162.844583 Z10 F1000
G01 X99.611901 Y-163.022202 Z10 F1000
G01 X0.32238 Y-163.022202 Z10 F1000
G01 X0.32238 Y-163.199822 Z10 F1000
G01 X0.32238 Y-163.377442 Z10 F1000
G01 X0.32238 Y-163.555062 Z10 F1000
G01 X99.611901 Y-163.555062 Z10 F1000
G01 X99.611901 Y-163.732682 Z10 F1000
G01 X99.611901 Y-163.910302 Z10 F1000
G01 X99.611901 Y-164.087922 Z10 F1000
G01 X0.32238 Y-164.087922 Z10 F1000
G01 X0.32238 Y-164.265542 Z10 F1000
G01 X0.32238 Y-164.443162 Z10 F1000
G01 X0.32238 Y-164.620782 Z10 F1000
G01 X99.611901 Y-164.620782 Z10 F1000
G01 X99.611901 Y-164.798401 Z10 F1000
G01 X99.611901 Y-164.976021 Z10 F1000
G01 X99.611901 Y-165.153641 Z10 F1000
G01 X0.32238 Y-165.153641 Z10 F1000
G01 X0.32238 Y-165.331261 Z10 F1000
G01 X0.32238 Y-165.508881 Z10 F1000
G01 X0.32238 Y-165.686501 Z10 F1000
G01 X99.611901 Y-165.686501 Z10 F1000
G01 X99.611901 Y-165.864121 Z10 F1000

G00 Z10 (EOP take Z up)
G00 X0 Y0 (Move to home)
(Generated in 1.63 sec.)
